event_id,event_name,event_type,date_from,date_to,day_index,region_code,region_name,pollutant,value_mean,value_min,value_max,value_stdev,sample_count,no_data_count,data_mask_valid_count,unit,source,aggregation_interval,quality_status
spar_fire_2025,SPAR/BTC fire,industrial_fire,2025-12-01T00:00:00Z,2025-12-02T00:00:00Z,1,SI031,Pomurska,NO2,99.76694582292113,43.01417720853351,166.9689081609249,29.57920318493685,128,92,36,µmol/m²,Sentinel Hub Statistical API / Sentinel-5P,P1D,partial
spar_fire_2025,SPAR/BTC fire,industrial_fire,2025-12-02T00:00:00Z,2025-12-03T00:00:00Z,2,SI031,Pomurska,NO2,,,,,128,128,0,µmol/m²,Sentinel Hub Statistical API / Sentinel-5P,P1D,missing
spar_fire_2025,SPAR/BTC fire,industrial_fire,2025-12-03T00:00:00Z,2025-12-04T00:00:00Z,3,SI031,Pomurska,NO2,,,,,128,128,0,µmol/m²,Sentinel Hub Statistical API / Sentinel-5P,P1D,missing
spar_fire_2025,SPAR/BTC fire,industrial_fire,2025-12-04T00:00:00Z,2025-12-05T00:00:00Z,4,SI031,Pomurska,NO2,,,,,128,128,0,µmol/m²,Sentinel Hub Statistical API / Sentinel-5P,P1D,missing
spar_fire_2025,SPAR/BTC fire,industrial_fire,2025-12-05T00:00:00Z,2025-12-06T00:00:00Z,5,SI031,Pomurska,NO2,,,,,128,128,0,µmol/m²,Sentinel Hub Statistical API / Sentinel-5P,P1D,missing
spar_fire_2025,SPAR/BTC fire,industrial_fire,2025-12-06T00:00:00Z,2025-12-07T00:00:00Z,6,SI031,Pomurska,NO2,,,,,128,128,0,µmol/m²,Sentinel Hub Statistical API / Sentinel-5P,P1D,missing
spar_fire_2025,SPAR/BTC fire,industrial_fire,2025-12-07T00:00:00Z,2025-12-08T00:00:00Z,7,SI031,Pomurska,NO2,32.064129459581345,-25.306913812528364,63.828148995526135,15.733374634287811,128,51,77,µmol/m²,Sentinel Hub Statistical API / Sentinel-5P,P1D,good
spar_fire_2025,SPAR/BTC fire,industrial_fire,2025-12-08T00:00:00Z,2025-12-09T00:00:00Z,8,SI031,Pomurska,NO2,,,,,128,128,0,µmol/m²,Sentinel Hub Statistical API / Sentinel-5P,P1D,missing
spar_fire_2025,SPAR/BTC fire,industrial_fire,2025-12-09T00:00:00Z,2025-12-10T00:00:00Z,9,SI031,Pomurska,NO2,76.58253110776059,10.999546248058323,121.08592636650428,29.194160571057203,128,96,32,µmol/m²,Sentinel Hub Statistical API / Sentinel-5P,P1D,partial
spar_fire_2025,SPAR/BTC fire,industrial_fire,2025-12-10T00:00:00Z,2025-12-11T00:00:00Z,10,SI031,Pomurska,NO2,70.3272741832604,40.994440496433526,102.03866986557841,19.805538553141556,128,100,28,µmol/m²,Sentinel Hub Statistical API / Sentinel-5P,P1D,partial
spar_fire_2025,SPAR/BTC fire,industrial_fire,2025-12-11T00:00:00Z,2025-12-12T00:00:00Z,11,SI031,Pomurska,NO2,73.79118337334282,24.31322354823351,110.77048839069903,18.716970540127726,128,46,82,µmol/m²,Sentinel Hub Statistical API / Sentinel-5P,P1D,good
spar_fire_2025,SPAR/BTC fire,industrial_fire,2025-12-12T00:00:00Z,2025-12-13T00:00:00Z,12,SI031,Pomurska,NO2,89.23315700241533,33.95873136469163,133.30523506738245,21.4590261971186,128,46,82,µmol/m²,Sentinel Hub Statistical API / Sentinel-5P,P1D,good
spar_fire_2025,SPAR/BTC fire,industrial_fire,2025-12-13T00:00:00Z,2025-12-14T00:00:00Z,13,SI031,Pomurska,NO2,,,,,128,128,0,µmol/m²,Sentinel Hub Statistical API / Sentinel-5P,P1D,missing
spar_fire_2025,SPAR/BTC fire,industrial_fire,2025-12-14T00:00:00Z,2025-12-15T00:00:00Z,14,SI031,Pomurska,NO2,,,,,128,128,0,µmol/m²,Sentinel Hub Statistical API / Sentinel-5P,P1D,missing
spar_fire_2025,SPAR/BTC fire,industrial_fire,2025-12-15T00:00:00Z,2025-12-16T00:00:00Z,15,SI031,Pomurska,NO2,,,,,128,128,0,µmol/m²,Sentinel Hub Statistical API / Sentinel-5P,P1D,missing
spar_fire_2025,SPAR/BTC fire,industrial_fire,2025-12-16T00:00:00Z,2025-12-17T00:00:00Z,16,SI031,Pomurska,NO2,,,,,128,128,0,µmol/m²,Sentinel Hub Statistical API / Sentinel-5P,P1D,missing
spar_fire_2025,SPAR/BTC fire,industrial_fire,2025-12-17T00:00:00Z,2025-12-18T00:00:00Z,17,SI031,Pomurska,NO2,,,,,128,128,0,µmol/m²,Sentinel Hub Statistical API / Sentinel-5P,P1D,missing
spar_fire_2025,SPAR/BTC fire,industrial_fire,2025-12-18T00:00:00Z,2025-12-19T00:00:00Z,18,SI031,Pomurska,NO2,56.64692313681977,49.61981176165864,63.51186311803758,5.672565403931901,128,125,3,µmol/m²,Sentinel Hub Statistical API / Sentinel-5P,P1D,partial
spar_fire_2025,SPAR/BTC fire,industrial_fire,2025-12-19T00:00:00Z,2025-12-20T00:00:00Z,19,SI031,Pomurska,NO2,,,,,128,128,0,µmol/m²,Sentinel Hub Statistical API / Sentinel-5P,P1D,missing
spar_fire_2025,SPAR/BTC fire,industrial_fire,2025-12-20T00:00:00Z,2025-12-21T00:00:00Z,20,SI031,Pomurska,NO2,,,,,128,128,0,µmol/m²,Sentinel Hub Statistical API / Sentinel-5P,P1D,missing
spar_fire_2025,SPAR/BTC fire,industrial_fire,2025-12-21T00:00:00Z,2025-12-22T00:00:00Z,21,SI031,Pomurska,NO2,,,,,128,128,0,µmol/m²,Sentinel Hub Statistical API / Sentinel-5P,P1D,missing
spar_fire_2025,SPAR/BTC fire,industrial_fire,2025-12-22T00:00:00Z,2025-12-23T00:00:00Z,22,SI031,Pomurska,NO2,,,,,128,128,0,µmol/m²,Sentinel Hub Statistical API / Sentinel-5P,P1D,missing
spar_fire_2025,SPAR/BTC fire,industrial_fire,2025-12-23T00:00:00Z,2025-12-24T00:00:00Z,23,SI031,Pomurska,NO2,,,,,128,128,0,µmol/m²,Sentinel Hub Statistical API / Sentinel-5P,P1D,missing
spar_fire_2025,SPAR/BTC fire,industrial_fire,2025-12-24T00:00:00Z,2025-12-25T00:00:00Z,24,SI031,Pomurska,NO2,,,,,128,128,0,µmol/m²,Sentinel Hub Statistical API / Sentinel-5P,P1D,missing
spar_fire_2025,SPAR/BTC fire,industrial_fire,2025-12-25T00:00:00Z,2025-12-26T00:00:00Z,25,SI031,Pomurska,NO2,,,,,128,128,0,µmol/m²,Sentinel Hub Statistical API / Sentinel-5P,P1D,missing
spar_fire_2025,SPAR/BTC fire,industrial_fire,2025-12-26T00:00:00Z,2025-12-27T00:00:00Z,26,SI031,Pomurska,NO2,,,,,128,128,0,µmol/m²,Sentinel Hub Statistical API / Sentinel-5P,P1D,missing
spar_fire_2025,SPAR/BTC fire,industrial_fire,2025-12-27T00:00:00Z,2025-12-28T00:00:00Z,27,SI031,Pomurska,NO2,44.71021247809404,8.606329174654093,74.76661266991869,14.019422592455575,128,74,54,µmol/m²,Sentinel Hub Statistical API / Sentinel-5P,P1D,partial
spar_fire_2025,SPAR/BTC fire,industrial_fire,2025-12-28T00:00:00Z,2025-12-29T00:00:00Z,28,SI031,Pomurska,NO2,58.065730746947295,15.996172805898823,93.26153667643666,15.438576297079377,128,52,76,µmol/m²,Sentinel Hub Statistical API / Sentinel-5P,P1D,good
spar_fire_2025,SPAR/BTC fire,industrial_fire,2025-12-29T00:00:00Z,2025-12-30T00:00:00Z,29,SI031,Pomurska,NO2,65.9189408080155,18.861393982660957,97.73397323442623,20.46779724447116,128,106,22,µmol/m²,Sentinel Hub Statistical API / Sentinel-5P,P1D,partial
spar_fire_2025,SPAR/BTC fire,industrial_fire,2025-12-30T00:00:00Z,2025-12-31T00:00:00Z,30,SI031,Pomurska,NO2,62.24107486169878,22.557649572263472,101.73029295401648,17.88928786445815,128,72,56,µmol/m²,Sentinel Hub Statistical API / Sentinel-5P,P1D,partial
spar_fire_2025,SPAR/BTC fire,industrial_fire,2025-12-31T00:00:00Z,2026-01-01T00:00:00Z,31,SI031,Pomurska,NO2,22.194432716560176,-14.70390816393774,57.77771002613008,15.948762771303677,128,48,80,µmol/m²,Sentinel Hub Statistical API / Sentinel-5P,P1D,good
spar_fire_2025,SPAR/BTC fire,industrial_fire,2025-12-01T00:00:00Z,2025-12-02T00:00:00Z,1,SI032,Podravska,NO2,98.21216081036255,61.45966472104192,144.45261331275105,32.69120865358426,180,175,5,µmol/m²,Sentinel Hub Statistical API / Sentinel-5P,P1D,partial
spar_fire_2025,SPAR/BTC fire,industrial_fire,2025-12-02T00:00:00Z,2025-12-03T00:00:00Z,2,SI032,Podravska,NO2,40.83428818072813,30.915420211385936,59.9349477852229,13.509557564324336,180,177,3,µmol/m²,Sentinel Hub Statistical API / Sentinel-5P,P1D,partial
spar_fire_2025,SPAR/BTC fire,industrial_fire,2025-12-03T00:00:00Z,2025-12-04T00:00:00Z,3,SI032,Podravska,NO2,30.137895009829663,28.575159376487136,31.70063064317219,1.562735633342526,180,176,4,µmol/m²,Sentinel Hub Statistical API / Sentinel-5P,P1D,partial
spar_fire_2025,SPAR/BTC fire,industrial_fire,2025-12-04T00:00:00Z,2025-12-05T00:00:00Z,4,SI032,Podravska,NO2,,,,,180,180,0,µmol/m²,Sentinel Hub Statistical API / Sentinel-5P,P1D,missing
spar_fire_2025,SPAR/BTC fire,industrial_fire,2025-12-05T00:00:00Z,2025-12-06T00:00:00Z,5,SI032,Podravska,NO2,,,,,180,180,0,µmol/m²,Sentinel Hub Statistical API / Sentinel-5P,P1D,missing
spar_fire_2025,SPAR/BTC fire,industrial_fire,2025-12-06T00:00:00Z,2025-12-07T00:00:00Z,6,SI032,Podravska,NO2,,,,,180,180,0,µmol/m²,Sentinel Hub Statistical API / Sentinel-5P,P1D,missing
spar_fire_2025,SPAR/BTC fire,industrial_fire,2025-12-07T00:00:00Z,2025-12-08T00:00:00Z,7,SI032,Podravska,NO2,29.499292334413656,-33.02782715763897,69.60052269278094,19.849343386919948,180,59,121,µmol/m²,Sentinel Hub Statistical API / Sentinel-5P,P1D,good
spar_fire_2025,SPAR/BTC fire,industrial_fire,2025-12-08T00:00:00Z,2025-12-09T00:00:00Z,8,SI032,Podravska,NO2,,,,,180,180,0,µmol/m²,Sentinel Hub Statistical API / Sentinel-5P,P1D,missing
spar_fire_2025,SPAR/BTC fire,industrial_fire,2025-12-09T00:00:00Z,2025-12-10T00:00:00Z,9,SI032,Podravska,NO2,47.06429212676864,10.578088222246151,121.08592636650428,19.641897701271738,180,68,112,µmol/m²,Sentinel Hub Statistical API / Sentinel-5P,P1D,good
spar_fire_2025,SPAR/BTC fire,industrial_fire,2025-12-10T00:00:00Z,2025-12-11T00:00:00Z,10,SI032,Podravska,NO2,73.02349801225716,32.70431989221834,113.09082037769258,18.39075914332798,180,53,127,µmol/m²,Sentinel Hub Statistical API / Sentinel-5P,P1D,good
spar_fire_2025,SPAR/BTC fire,industrial_fire,2025-12-11T00:00:00Z,2025-12-12T00:00:00Z,11,SI032,Podravska,NO2,65.80075702267155,-2.6043023808597354,113.33158909110352,19.93576528713788,180,52,128,µmol/m²,Sentinel Hub Statistical API / Sentinel-5P,P1D,good
spar_fire_2025,SPAR/BTC fire,industrial_fire,2025-12-12T00:00:00Z,2025-12-13T00:00:00Z,12,SI032,Podravska,NO2,71.75365153955228,8.917018931242637,131.90050958655775,23.414154194770237,180,52,128,µmol/m²,Sentinel Hub Statistical API / Sentinel-5P,P1D,good
spar_fire_2025,SPAR/BTC fire,industrial_fire,2025-12-13T00:00:00Z,2025-12-14T00:00:00Z,13,SI032,Podravska,NO2,75.07370005028368,22.86928975081537,123.0126217706129,21.8065782811258,180,125,55,µmol/m²,Sentinel Hub Statistical API / Sentinel-5P,P1D,partial
spar_fire_2025,SPAR/BTC fire,industrial_fire,2025-12-14T00:00:00Z,2025-12-15T00:00:00Z,14,SI032,Podravska,NO2,44.6157583527648,21.225620002951473,56.01788870990276,12.58783573552337,180,158,22,µmol/m²,Sentinel Hub Statistical API / Sentinel-5P,P1D,partial
spar_fire_2025,SPAR/BTC fire,industrial_fire,2025-12-15T00:00:00Z,2025-12-16T00:00:00Z,15,SI032,Podravska,NO2,35.80078077902727,17.79162084858399,61.05009379098192,13.781461541303386,180,164,16,µmol/m²,Sentinel Hub Statistical API / Sentinel-5P,P1D,partial
spar_fire_2025,SPAR/BTC fire,industrial_fire,2025-12-16T00:00:00Z,2025-12-17T00:00:00Z,16,SI032,Podravska,NO2,,,,,180,180,0,µmol/m²,Sentinel Hub Statistical API / Sentinel-5P,P1D,missing
spar_fire_2025,SPAR/BTC fire,industrial_fire,2025-12-17T00:00:00Z,2025-12-18T00:00:00Z,17,SI032,Podravska,NO2,,,,,180,180,0,µmol/m²,Sentinel Hub Statistical API / Sentinel-5P,P1D,missing
spar_fire_2025,SPAR/BTC fire,industrial_fire,2025-12-18T00:00:00Z,2025-12-19T00:00:00Z,18,SI032,Podravska,NO2,50.55471780685144,6.277455668168841,82.78487075585872,14.695828900508024,180,69,111,µmol/m²,Sentinel Hub Statistical API / Sentinel-5P,P1D,good
spar_fire_2025,SPAR/BTC fire,industrial_fire,2025-12-19T00:00:00Z,2025-12-20T00:00:00Z,19,SI032,Podravska,NO2,56.84737122981066,21.06487772834953,83.53253360837698,12.070837816851519,180,143,37,µmol/m²,Sentinel Hub Statistical API / Sentinel-5P,P1D,partial
spar_fire_2025,SPAR/BTC fire,industrial_fire,2025-12-20T00:00:00Z,2025-12-21T00:00:00Z,20,SI032,Podravska,NO2,58.8271179003641,35.037690395256504,78.77295865910128,14.097709220797958,180,155,25,µmol/m²,Sentinel Hub Statistical API / Sentinel-5P,P1D,partial
spar_fire_2025,SPAR/BTC fire,industrial_fire,2025-12-21T00:00:00Z,2025-12-22T00:00:00Z,21,SI032,Podravska,NO2,60.404534249553556,29.86851723107975,96.22107609175146,19.621304938464103,180,162,18,µmol/m²,Sentinel Hub Statistical API / Sentinel-5P,P1D,partial
spar_fire_2025,SPAR/BTC fire,industrial_fire,2025-12-22T00:00:00Z,2025-12-23T00:00:00Z,22,SI032,Podravska,NO2,,,,,180,180,0,µmol/m²,Sentinel Hub Statistical API / Sentinel-5P,P1D,missing
spar_fire_2025,SPAR/BTC fire,industrial_fire,2025-12-23T00:00:00Z,2025-12-24T00:00:00Z,23,SI032,Podravska,NO2,,,,,180,180,0,µmol/m²,Sentinel Hub Statistical API / Sentinel-5P,P1D,missing
spar_fire_2025,SPAR/BTC fire,industrial_fire,2025-12-24T00:00:00Z,2025-12-25T00:00:00Z,24,SI032,Podravska,NO2,,,,,180,180,0,µmol/m²,Sentinel Hub Statistical API / Sentinel-5P,P1D,missing
spar_fire_2025,SPAR/BTC fire,industrial_fire,2025-12-25T00:00:00Z,2025-12-26T00:00:00Z,25,SI032,Podravska,NO2,,,,,180,180,0,µmol/m²,Sentinel Hub Statistical API / Sentinel-5P,P1D,missing
spar_fire_2025,SPAR/BTC fire,industrial_fire,2025-12-26T00:00:00Z,2025-12-27T00:00:00Z,26,SI032,Podravska,NO2,31.912144550005905,20.557570678647608,43.2667184213642,11.354573871358298,180,176,4,µmol/m²,Sentinel Hub Statistical API / Sentinel-5P,P1D,partial
spar_fire_2025,SPAR/BTC fire,industrial_fire,2025-12-27T00:00:00Z,2025-12-28T00:00:00Z,27,SI032,Podravska,NO2,30.78127398301869,-4.574860213324428,57.68762275693007,12.913590603087847,180,89,91,µmol/m²,Sentinel Hub Statistical API / Sentinel-5P,P1D,good
spar_fire_2025,SPAR/BTC fire,industrial_fire,2025-12-28T00:00:00Z,2025-12-29T00:00:00Z,28,SI032,Podravska,NO2,43.884974982893716,14.517881027131807,71.49823068175465,11.34068133648234,180,83,97,µmol/m²,Sentinel Hub Statistical API / Sentinel-5P,P1D,good
spar_fire_2025,SPAR/BTC fire,industrial_fire,2025-12-29T00:00:00Z,2025-12-30T00:00:00Z,29,SI032,Podravska,NO2,56.76229371410474,15.24289109511301,121.88506661914289,21.730214036654445,180,85,95,µmol/m²,Sentinel Hub Statistical API / Sentinel-5P,P1D,good
spar_fire_2025,SPAR/BTC fire,industrial_fire,2025-12-30T00:00:00Z,2025-12-31T00:00:00Z,30,SI032,Podravska,NO2,,,,,180,180,0,µmol/m²,Sentinel Hub Statistical API / Sentinel-5P,P1D,missing
spar_fire_2025,SPAR/BTC fire,industrial_fire,2025-12-31T00:00:00Z,2026-01-01T00:00:00Z,31,SI032,Podravska,NO2,24.514740981264644,-11.007804459950421,77.01955473748967,15.383412353237095,180,76,104,µmol/m²,Sentinel Hub Statistical API / Sentinel-5P,P1D,good
spar_fire_2025,SPAR/BTC fire,industrial_fire,2025-12-01T00:00:00Z,2025-12-02T00:00:00Z,1,SI033,Koroška,NO2,20.150748241576366,20.150748241576366,20.150748241576366,0.0,75,74,1,µmol/m²,Sentinel Hub Statistical API / Sentinel-5P,P1D,partial
spar_fire_2025,SPAR/BTC fire,industrial_fire,2025-12-02T00:00:00Z,2025-12-03T00:00:00Z,2,SI033,Koroška,NO2,52.210700439238934,20.95824856951367,104.78582407813519,18.064808115292397,75,31,44,µmol/m²,Sentinel Hub Statistical API / Sentinel-5P,P1D,good
spar_fire_2025,SPAR/BTC fire,industrial_fire,2025-12-03T00:00:00Z,2025-12-04T00:00:00Z,3,SI033,Koroška,NO2,79.74756325976077,16.48392208153382,147.34826982021332,43.80123681331314,75,42,33,µmol/m²,Sentinel Hub Statistical API / Sentinel-5P,P1D,partial
spar_fire_2025,SPAR/BTC fire,industrial_fire,2025-12-04T00:00:00Z,2025-12-05T00:00:00Z,4,SI033,Koroška,NO2,,,,,75,75,0,µmol/m²,Sentinel Hub Statistical API / Sentinel-5P,P1D,missing
spar_fire_2025,SPAR/BTC fire,industrial_fire,2025-12-05T00:00:00Z,2025-12-06T00:00:00Z,5,SI033,Koroška,NO2,30.034816518309526,23.03652581758797,37.03310721903108,6.9982907007215545,75,73,2,µmol/m²,Sentinel Hub Statistical API / Sentinel-5P,P1D,partial
spar_fire_2025,SPAR/BTC fire,industrial_fire,2025-12-06T00:00:00Z,2025-12-07T00:00:00Z,6,SI033,Koroška,NO2,,,,,75,75,0,µmol/m²,Sentinel Hub Statistical API / Sentinel-5P,P1D,missing
spar_fire_2025,SPAR/BTC fire,industrial_fire,2025-12-07T00:00:00Z,2025-12-08T00:00:00Z,7,SI033,Koroška,NO2,16.731743171151592,-7.932471817184705,42.72325895726681,12.772137135905659,75,47,28,µmol/m²,Sentinel Hub Statistical API / Sentinel-5P,P1D,partial
spar_fire_2025,SPAR/BTC fire,industrial_fire,2025-12-08T00:00:00Z,2025-12-09T00:00:00Z,8,SI033,Koroška,NO2,33.14332291295243,-13.784370821667835,76.45427831448615,20.49959845998325,75,48,27,µmol/m²,Sentinel Hub Statistical API / Sentinel-5P,P1D,partial
spar_fire_2025,SPAR/BTC fire,industrial_fire,2025-12-09T00:00:00Z,2025-12-10T00:00:00Z,9,SI033,Koroška,NO2,26.83097078167917,13.185295756557025,49.67132190358825,11.281076270006533,75,36,39,µmol/m²,Sentinel Hub Statistical API / Sentinel-5P,P1D,good
spar_fire_2025,SPAR/BTC fire,industrial_fire,2025-12-10T00:00:00Z,2025-12-11T00:00:00Z,10,SI033,Koroška,NO2,50.93381386949771,14.868232938169967,88.82950351107866,20.087716226082872,75,18,57,µmol/m²,Sentinel Hub Statistical API / Sentinel-5P,P1D,good
spar_fire_2025,SPAR/BTC fire,industrial_fire,2025-12-11T00:00:00Z,2025-12-12T00:00:00Z,11,SI033,Koroška,NO2,42.15217108060682,10.26381414703792,97.41962276166305,20.66412149187241,75,29,46,µmol/m²,Sentinel Hub Statistical API / Sentinel-5P,P1D,good
spar_fire_2025,SPAR/BTC fire,industrial_fire,2025-12-12T00:00:00Z,2025-12-13T00:00:00Z,12,SI033,Koroška,NO2,50.05344421858482,10.718263183662202,104.1439754772,22.74702568445144,75,33,42,µmol/m²,Sentinel Hub Statistical API / Sentinel-5P,P1D,good
spar_fire_2025,SPAR/BTC fire,industrial_fire,2025-12-13T00:00:00Z,2025-12-14T00:00:00Z,13,SI033,Koroška,NO2,50.807340532908434,24.065378966042772,96.9482134678401,21.06003767542143,75,62,13,µmol/m²,Sentinel Hub Statistical API / Sentinel-5P,P1D,partial
spar_fire_2025,SPAR/BTC fire,industrial_fire,2025-12-14T00:00:00Z,2025-12-15T00:00:00Z,14,SI033,Koroška,NO2,43.925253521592815,13.82592563459184,77.66301860101521,15.977299956580962,75,23,52,µmol/m²,Sentinel Hub Statistical API / Sentinel-5P,P1D,good
spar_fire_2025,SPAR/BTC fire,industrial_fire,2025-12-15T00:00:00Z,2025-12-16T00:00:00Z,15,SI033,Koroška,NO2,39.58218274049244,-1.031686224450823,80.64034045673907,16.7945704276475,75,21,54,µmol/m²,Sentinel Hub Statistical API / Sentinel-5P,P1D,good
spar_fire_2025,SPAR/BTC fire,industrial_fire,2025-12-16T00:00:00Z,2025-12-17T00:00:00Z,16,SI033,Koroška,NO2,,,,,75,75,0,µmol/m²,Sentinel Hub Statistical API / Sentinel-5P,P1D,missing
spar_fire_2025,SPAR/BTC fire,industrial_fire,2025-12-17T00:00:00Z,2025-12-18T00:00:00Z,17,SI033,Koroška,NO2,,,,,75,75,0,µmol/m²,Sentinel Hub Statistical API / Sentinel-5P,P1D,missing
spar_fire_2025,SPAR/BTC fire,industrial_fire,2025-12-18T00:00:00Z,2025-12-19T00:00:00Z,18,SI033,Koroška,NO2,41.98531984190501,6.277455668168841,58.27535278513096,12.005051820471673,75,46,29,µmol/m²,Sentinel Hub Statistical API / Sentinel-5P,P1D,partial
spar_fire_2025,SPAR/BTC fire,industrial_fire,2025-12-19T00:00:00Z,2025-12-20T00:00:00Z,19,SI033,Koroška,NO2,41.95126975587457,17.21536500554066,68.6933271936141,12.097721591205916,75,17,58,µmol/m²,Sentinel Hub Statistical API / Sentinel-5P,P1D,good
spar_fire_2025,SPAR/BTC fire,industrial_fire,2025-12-20T00:00:00Z,2025-12-21T00:00:00Z,20,SI033,Koroška,NO2,53.37370025286377,17.130943888332695,106.64263390935957,19.788504023427503,75,31,44,µmol/m²,Sentinel Hub Statistical API / Sentinel-5P,P1D,good
spar_fire_2025,SPAR/BTC fire,industrial_fire,2025-12-21T00:00:00Z,2025-12-22T00:00:00Z,21,SI033,Koroška,NO2,49.38315893620408,19.674316718010232,78.49634857848287,17.025293463197485,75,45,30,µmol/m²,Sentinel Hub Statistical API / Sentinel-5P,P1D,partial
spar_fire_2025,SPAR/BTC fire,industrial_fire,2025-12-22T00:00:00Z,2025-12-23T00:00:00Z,22,SI033,Koroška,NO2,17.37416278047022,10.584388292045332,25.169298169203103,5.4317610409738295,75,66,9,µmol/m²,Sentinel Hub Statistical API / Sentinel-5P,P1D,partial
spar_fire_2025,SPAR/BTC fire,industrial_fire,2025-12-23T00:00:00Z,2025-12-24T00:00:00Z,23,SI033,Koroška,NO2,,,,,75,75,0,µmol/m²,Sentinel Hub Statistical API / Sentinel-5P,P1D,missing
spar_fire_2025,SPAR/BTC fire,industrial_fire,2025-12-24T00:00:00Z,2025-12-25T00:00:00Z,24,SI033,Koroška,NO2,,,,,75,75,0,µmol/m²,Sentinel Hub Statistical API / Sentinel-5P,P1D,missing
spar_fire_2025,SPAR/BTC fire,industrial_fire,2025-12-25T00:00:00Z,2025-12-26T00:00:00Z,25,SI033,Koroška,NO2,,,,,75,75,0,µmol/m²,Sentinel Hub Statistical API / Sentinel-5P,P1D,missing
spar_fire_2025,SPAR/BTC fire,industrial_fire,2025-12-26T00:00:00Z,2025-12-27T00:00:00Z,26,SI033,Koroška,NO2,22.220081436072096,11.307618478895165,46.57492900150828,12.25321375821149,75,64,11,µmol/m²,Sentinel Hub Statistical API / Sentinel-5P,P1D,partial
spar_fire_2025,SPAR/BTC fire,industrial_fire,2025-12-27T00:00:00Z,2025-12-28T00:00:00Z,27,SI033,Koroška,NO2,18.393669348832756,0.5470483870340104,48.528458137298,9.720400267981436,75,17,58,µmol/m²,Sentinel Hub Statistical API / Sentinel-5P,P1D,good
spar_fire_2025,SPAR/BTC fire,industrial_fire,2025-12-28T00:00:00Z,2025-12-29T00:00:00Z,28,SI033,Koroška,NO2,29.677991111193,7.962051313370466,45.856580982217565,8.462535559734768,75,18,57,µmol/m²,Sentinel Hub Statistical API / Sentinel-5P,P1D,good
spar_fire_2025,SPAR/BTC fire,industrial_fire,2025-12-29T00:00:00Z,2025-12-30T00:00:00Z,29,SI033,Koroška,NO2,31.44632689127011,8.197870556614362,63.74345684889704,11.853512306997274,75,16,59,µmol/m²,Sentinel Hub Statistical API / Sentinel-5P,P1D,good
spar_fire_2025,SPAR/BTC fire,industrial_fire,2025-12-30T00:00:00Z,2025-12-31T00:00:00Z,30,SI033,Koroška,NO2,,,,,75,75,0,µmol/m²,Sentinel Hub Statistical API / Sentinel-5P,P1D,missing
spar_fire_2025,SPAR/BTC fire,industrial_fire,2025-12-31T00:00:00Z,2026-01-01T00:00:00Z,31,SI033,Koroška,NO2,6.098617237685131,-11.007804459950421,19.334665921633132,6.297345084654742,75,18,57,µmol/m²,Sentinel Hub Statistical API / Sentinel-5P,P1D,good
spar_fire_2025,SPAR/BTC fire,industrial_fire,2025-12-01T00:00:00Z,2025-12-02T00:00:00Z,1,SI034,Savinjska,NO2,62.45446818790394,11.246047506574541,112.09536023670807,26.209240156121915,225,177,48,µmol/m²,Sentinel Hub Statistical API / Sentinel-5P,P1D,partial
spar_fire_2025,SPAR/BTC fire,industrial_fire,2025-12-02T00:00:00Z,2025-12-03T00:00:00Z,2,SI034,Savinjska,NO2,61.98115123411159,14.617085980717093,152.28909614961594,31.790880665482167,225,192,33,µmol/m²,Sentinel Hub Statistical API / Sentinel-5P,P1D,partial
spar_fire_2025,SPAR/BTC fire,industrial_fire,2025-12-03T00:00:00Z,2025-12-04T00:00:00Z,3,SI034,Savinjska,NO2,46.98482734966092,16.48392208153382,135.78108337242156,32.36005052510629,225,205,20,µmol/m²,Sentinel Hub Statistical API / Sentinel-5P,P1D,partial
spar_fire_2025,SPAR/BTC fire,industrial_fire,2025-12-04T00:00:00Z,2025-12-05T00:00:00Z,4,SI034,Savinjska,NO2,,,,,225,225,0,µmol/m²,Sentinel Hub Statistical API / Sentinel-5P,P1D,missing
spar_fire_2025,SPAR/BTC fire,industrial_fire,2025-12-05T00:00:00Z,2025-12-06T00:00:00Z,5,SI034,Savinjska,NO2,51.17804394103587,16.189920643228106,142.25527411326766,38.85006257664525,225,210,15,µmol/m²,Sentinel Hub Statistical API / Sentinel-5P,P1D,partial
spar_fire_2025,SPAR/BTC fire,industrial_fire,2025-12-06T00:00:00Z,2025-12-07T00:00:00Z,6,SI034,Savinjska,NO2,,,,,225,225,0,µmol/m²,Sentinel Hub Statistical API / Sentinel-5P,P1D,missing
spar_fire_2025,SPAR/BTC fire,industrial_fire,2025-12-07T00:00:00Z,2025-12-08T00:00:00Z,7,SI034,Savinjska,NO2,31.252290451194987,-6.042173936293693,72.02216511359438,18.79568751201811,225,99,126,µmol/m²,Sentinel Hub Statistical API / Sentinel-5P,P1D,good
spar_fire_2025,SPAR/BTC fire,industrial_fire,2025-12-08T00:00:00Z,2025-12-09T00:00:00Z,8,SI034,Savinjska,NO2,47.59838527973567,14.198339158610906,88.96569488570094,21.85122684397616,225,174,51,µmol/m²,Sentinel Hub Statistical API / Sentinel-5P,P1D,partial
spar_fire_2025,SPAR/BTC fire,industrial_fire,2025-12-09T00:00:00Z,2025-12-10T00:00:00Z,9,SI034,Savinjska,NO2,34.1639284738236,9.512208634987473,88.32329331198707,13.872888857140259,225,118,107,µmol/m²,Sentinel Hub Statistical API / Sentinel-5P,P1D,partial
spar_fire_2025,SPAR/BTC fire,industrial_fire,2025-12-10T00:00:00Z,2025-12-11T00:00:00Z,10,SI034,Savinjska,NO2,55.60970065316188,8.210026862798259,116.60144082270563,21.122684266008527,225,89,136,µmol/m²,Sentinel Hub Statistical API / Sentinel-5P,P1D,good
spar_fire_2025,SPAR/BTC fire,industrial_fire,2025-12-11T00:00:00Z,2025-12-12T00:00:00Z,11,SI034,Savinjska,NO2,53.380828468739224,7.116678261809284,101.31815361091867,22.4426740089344,225,107,118,µmol/m²,Sentinel Hub Statistical API / Sentinel-5P,P1D,good
spar_fire_2025,SPAR/BTC fire,industrial_fire,2025-12-12T00:00:00Z,2025-12-13T00:00:00Z,12,SI034,Savinjska,NO2,55.720659149953036,-10.146726708626375,136.62638957612216,25.61878258287456,225,98,127,µmol/m²,Sentinel Hub Statistical API / Sentinel-5P,P1D,good
spar_fire_2025,SPAR/BTC fire,industrial_fire,2025-12-13T00:00:00Z,2025-12-14T00:00:00Z,13,SI034,Savinjska,NO2,55.3020561710582,32.100786484079435,84.18535435339436,13.192244528764176,225,165,60,µmol/m²,Sentinel Hub Statistical API / Sentinel-5P,P1D,partial
spar_fire_2025,SPAR/BTC fire,industrial_fire,2025-12-14T00:00:00Z,2025-12-15T00:00:00Z,14,SI034,Savinjska,NO2,40.41378389078529,11.579708370845765,67.8669530316256,16.357307433570135,225,167,58,µmol/m²,Sentinel Hub Statistical API / Sentinel-5P,P1D,partial
spar_fire_2025,SPAR/BTC fire,industrial_fire,2025-12-15T00:00:00Z,2025-12-16T00:00:00Z,15,SI034,Savinjska,NO2,37.592985239598434,7.127204753487604,81.87303319573402,19.69536961902407,225,145,80,µmol/m²,Sentinel Hub Statistical API / Sentinel-5P,P1D,partial
spar_fire_2025,SPAR/BTC fire,industrial_fire,2025-12-16T00:00:00Z,2025-12-17T00:00:00Z,16,SI034,Savinjska,NO2,,,,,225,225,0,µmol/m²,Sentinel Hub Statistical API / Sentinel-5P,P1D,missing
spar_fire_2025,SPAR/BTC fire,industrial_fire,2025-12-17T00:00:00Z,2025-12-18T00:00:00Z,17,SI034,Savinjska,NO2,,,,,225,225,0,µmol/m²,Sentinel Hub Statistical API / Sentinel-5P,P1D,missing
spar_fire_2025,SPAR/BTC fire,industrial_fire,2025-12-18T00:00:00Z,2025-12-19T00:00:00Z,18,SI034,Savinjska,NO2,45.077965674039966,9.507971299171913,87.08677341928706,13.220587217839652,225,119,106,µmol/m²,Sentinel Hub Statistical API / Sentinel-5P,P1D,partial
spar_fire_2025,SPAR/BTC fire,industrial_fire,2025-12-19T00:00:00Z,2025-12-20T00:00:00Z,19,SI034,Savinjska,NO2,44.04398796732832,17.21536500554066,70.45001984806731,12.145787668799706,225,90,135,µmol/m²,Sentinel Hub Statistical API / Sentinel-5P,P1D,good
spar_fire_2025,SPAR/BTC fire,industrial_fire,2025-12-20T00:00:00Z,2025-12-21T00:00:00Z,20,SI034,Savinjska,NO2,58.84728301680298,20.38416096183937,139.0459801768884,25.443945060358644,225,125,100,µmol/m²,Sentinel Hub Statistical API / Sentinel-5P,P1D,partial
spar_fire_2025,SPAR/BTC fire,industrial_fire,2025-12-21T00:00:00Z,2025-12-22T00:00:00Z,21,SI034,Savinjska,NO2,60.16879961277611,13.457615750667173,109.1162339434959,22.583250972130006,225,169,56,µmol/m²,Sentinel Hub Statistical API / Sentinel-5P,P1D,partial
spar_fire_2025,SPAR/BTC fire,industrial_fire,2025-12-22T00:00:00Z,2025-12-23T00:00:00Z,22,SI034,Savinjska,NO2,20.436810018509277,7.975095286383294,39.3811751564499,7.797280469168508,225,205,20,µmol/m²,Sentinel Hub Statistical API / Sentinel-5P,P1D,partial
spar_fire_2025,SPAR/BTC fire,industrial_fire,2025-12-23T00:00:00Z,2025-12-24T00:00:00Z,23,SI034,Savinjska,NO2,,,,,225,225,0,µmol/m²,Sentinel Hub Statistical API / Sentinel-5P,P1D,missing
spar_fire_2025,SPAR/BTC fire,industrial_fire,2025-12-24T00:00:00Z,2025-12-25T00:00:00Z,24,SI034,Savinjska,NO2,,,,,225,225,0,µmol/m²,Sentinel Hub Statistical API / Sentinel-5P,P1D,missing
spar_fire_2025,SPAR/BTC fire,industrial_fire,2025-12-25T00:00:00Z,2025-12-26T00:00:00Z,25,SI034,Savinjska,NO2,31.097366445465013,31.097366445465013,31.097366445465013,0.0,225,224,1,µmol/m²,Sentinel Hub Statistical API / Sentinel-5P,P1D,partial
spar_fire_2025,SPAR/BTC fire,industrial_fire,2025-12-26T00:00:00Z,2025-12-27T00:00:00Z,26,SI034,Savinjska,NO2,23.44613517379912,6.368521553667961,66.79287616861984,16.45464231427964,225,205,20,µmol/m²,Sentinel Hub Statistical API / Sentinel-5P,P1D,partial
spar_fire_2025,SPAR/BTC fire,industrial_fire,2025-12-27T00:00:00Z,2025-12-28T00:00:00Z,27,SI034,Savinjska,NO2,22.667467108974776,-3.245297648390988,58.100911701330915,11.319776818987828,225,89,136,µmol/m²,Sentinel Hub Statistical API / Sentinel-5P,P1D,good
spar_fire_2025,SPAR/BTC fire,industrial_fire,2025-12-28T00:00:00Z,2025-12-29T00:00:00Z,28,SI034,Savinjska,NO2,35.292267616276966,7.962051313370466,73.73712287517264,13.011291699703175,225,116,109,µmol/m²,Sentinel Hub Statistical API / Sentinel-5P,P1D,partial
spar_fire_2025,SPAR/BTC fire,industrial_fire,2025-12-29T00:00:00Z,2025-12-30T00:00:00Z,29,SI034,Savinjska,NO2,42.709300901656704,8.197870556614362,90.70615487871692,17.16749909621702,225,90,135,µmol/m²,Sentinel Hub Statistical API / Sentinel-5P,P1D,good
spar_fire_2025,SPAR/BTC fire,industrial_fire,2025-12-30T00:00:00Z,2025-12-31T00:00:00Z,30,SI034,Savinjska,NO2,,,,,225,225,0,µmol/m²,Sentinel Hub Statistical API / Sentinel-5P,P1D,missing
spar_fire_2025,SPAR/BTC fire,industrial_fire,2025-12-31T00:00:00Z,2026-01-01T00:00:00Z,31,SI034,Savinjska,NO2,16.853426303956113,-10.20067065837793,37.595345929730684,10.9587064007327,225,116,109,µmol/m²,Sentinel Hub Statistical API / Sentinel-5P,P1D,partial
spar_fire_2025,SPAR/BTC fire,industrial_fire,2025-12-01T00:00:00Z,2025-12-02T00:00:00Z,1,SI035,Zasavska,NO2,75.53255165004413,26.57761433511041,123.10918828006834,23.55999629649344,45,18,27,µmol/m²,Sentinel Hub Statistical API / Sentinel-5P,P1D,good
spar_fire_2025,SPAR/BTC fire,industrial_fire,2025-12-02T00:00:00Z,2025-12-03T00:00:00Z,2,SI035,Zasavska,NO2,,,,,45,45,0,µmol/m²,Sentinel Hub Statistical API / Sentinel-5P,P1D,missing
spar_fire_2025,SPAR/BTC fire,industrial_fire,2025-12-03T00:00:00Z,2025-12-04T00:00:00Z,3,SI035,Zasavska,NO2,,,,,45,45,0,µmol/m²,Sentinel Hub Statistical API / Sentinel-5P,P1D,missing
spar_fire_2025,SPAR/BTC fire,industrial_fire,2025-12-04T00:00:00Z,2025-12-05T00:00:00Z,4,SI035,Zasavska,NO2,,,,,45,45,0,µmol/m²,Sentinel Hub Statistical API / Sentinel-5P,P1D,missing
spar_fire_2025,SPAR/BTC fire,industrial_fire,2025-12-05T00:00:00Z,2025-12-06T00:00:00Z,5,SI035,Zasavska,NO2,154.74112296942621,130.2722521359101,179.20999380294234,24.46887083351612,45,41,4,µmol/m²,Sentinel Hub Statistical API / Sentinel-5P,P1D,partial
spar_fire_2025,SPAR/BTC fire,industrial_fire,2025-12-06T00:00:00Z,2025-12-07T00:00:00Z,6,SI035,Zasavska,NO2,,,,,45,45,0,µmol/m²,Sentinel Hub Statistical API / Sentinel-5P,P1D,missing
spar_fire_2025,SPAR/BTC fire,industrial_fire,2025-12-07T00:00:00Z,2025-12-08T00:00:00Z,7,SI035,Zasavska,NO2,34.33335493557226,-1.5760917904117377,63.342587964143604,16.89118238288721,45,27,18,µmol/m²,Sentinel Hub Statistical API / Sentinel-5P,P1D,partial
spar_fire_2025,SPAR/BTC fire,industrial_fire,2025-12-08T00:00:00Z,2025-12-09T00:00:00Z,8,SI035,Zasavska,NO2,60.78860585278433,26.496323698665947,98.13758515520021,20.32097340175123,45,10,35,µmol/m²,Sentinel Hub Statistical API / Sentinel-5P,P1D,good
spar_fire_2025,SPAR/BTC fire,industrial_fire,2025-12-09T00:00:00Z,2025-12-10T00:00:00Z,9,SI035,Zasavska,NO2,43.21713432935733,21.67653110518586,79.94283078005537,15.88300600340659,45,10,35,µmol/m²,Sentinel Hub Statistical API / Sentinel-5P,P1D,good
spar_fire_2025,SPAR/BTC fire,industrial_fire,2025-12-10T00:00:00Z,2025-12-11T00:00:00Z,10,SI035,Zasavska,NO2,55.545096880190876,20.89494591928087,82.50872633652762,15.153773921580477,45,10,35,µmol/m²,Sentinel Hub Statistical API / Sentinel-5P,P1D,good
spar_fire_2025,SPAR/BTC fire,industrial_fire,2025-12-11T00:00:00Z,2025-12-12T00:00:00Z,11,SI035,Zasavska,NO2,,,,,45,45,0,µmol/m²,Sentinel Hub Statistical API / Sentinel-5P,P1D,missing
spar_fire_2025,SPAR/BTC fire,industrial_fire,2025-12-12T00:00:00Z,2025-12-13T00:00:00Z,12,SI035,Zasavska,NO2,65.32610863359878,3.6396986615727656,136.62638957612216,27.28167928061151,45,20,25,µmol/m²,Sentinel Hub Statistical API / Sentinel-5P,P1D,good
spar_fire_2025,SPAR/BTC fire,industrial_fire,2025-12-13T00:00:00Z,2025-12-14T00:00:00Z,13,SI035,Zasavska,NO2,63.17464782302427,32.100786484079435,99.30346277542412,19.354849007277025,45,16,29,µmol/m²,Sentinel Hub Statistical API / Sentinel-5P,P1D,good
spar_fire_2025,SPAR/BTC fire,industrial_fire,2025-12-14T00:00:00Z,2025-12-15T00:00:00Z,14,SI035,Zasavska,NO2,50.311115046497434,50.311115046497434,50.311115046497434,0.0,45,43,2,µmol/m²,Sentinel Hub Statistical API / Sentinel-5P,P1D,partial
spar_fire_2025,SPAR/BTC fire,industrial_fire,2025-12-15T00:00:00Z,2025-12-16T00:00:00Z,15,SI035,Zasavska,NO2,47.05269923390546,23.652868549106643,76.83184230700135,15.8914789185796,45,18,27,µmol/m²,Sentinel Hub Statistical API / Sentinel-5P,P1D,good
spar_fire_2025,SPAR/BTC fire,industrial_fire,2025-12-16T00:00:00Z,2025-12-17T00:00:00Z,16,SI035,Zasavska,NO2,53.49988350644708,53.49988350644708,53.49988350644708,0.0,45,44,1,µmol/m²,Sentinel Hub Statistical API / Sentinel-5P,P1D,partial
spar_fire_2025,SPAR/BTC fire,industrial_fire,2025-12-17T00:00:00Z,2025-12-18T00:00:00Z,17,SI035,Zasavska,NO2,,,,,45,45,0,µmol/m²,Sentinel Hub Statistical API / Sentinel-5P,P1D,missing
spar_fire_2025,SPAR/BTC fire,industrial_fire,2025-12-18T00:00:00Z,2025-12-19T00:00:00Z,18,SI035,Zasavska,NO2,57.81950767413946,42.51741847838275,78.27141234884039,13.686394904141563,45,41,4,µmol/m²,Sentinel Hub Statistical API / Sentinel-5P,P1D,partial
spar_fire_2025,SPAR/BTC fire,industrial_fire,2025-12-19T00:00:00Z,2025-12-20T00:00:00Z,19,SI035,Zasavska,NO2,34.98527387689267,16.621488612145185,54.034233471611515,10.425324098367923,45,10,35,µmol/m²,Sentinel Hub Statistical API / Sentinel-5P,P1D,good
spar_fire_2025,SPAR/BTC fire,industrial_fire,2025-12-20T00:00:00Z,2025-12-21T00:00:00Z,20,SI035,Zasavska,NO2,56.05942836458174,55.63559170695953,56.27134669339284,0.29969777472010406,45,42,3,µmol/m²,Sentinel Hub Statistical API / Sentinel-5P,P1D,partial
spar_fire_2025,SPAR/BTC fire,industrial_fire,2025-12-21T00:00:00Z,2025-12-22T00:00:00Z,21,SI035,Zasavska,NO2,,,,,45,45,0,µmol/m²,Sentinel Hub Statistical API / Sentinel-5P,P1D,missing
spar_fire_2025,SPAR/BTC fire,industrial_fire,2025-12-22T00:00:00Z,2025-12-23T00:00:00Z,22,SI035,Zasavska,NO2,,,,,45,45,0,µmol/m²,Sentinel Hub Statistical API / Sentinel-5P,P1D,missing
spar_fire_2025,SPAR/BTC fire,industrial_fire,2025-12-23T00:00:00Z,2025-12-24T00:00:00Z,23,SI035,Zasavska,NO2,,,,,45,45,0,µmol/m²,Sentinel Hub Statistical API / Sentinel-5P,P1D,missing
spar_fire_2025,SPAR/BTC fire,industrial_fire,2025-12-24T00:00:00Z,2025-12-25T00:00:00Z,24,SI035,Zasavska,NO2,,,,,45,45,0,µmol/m²,Sentinel Hub Statistical API / Sentinel-5P,P1D,missing
spar_fire_2025,SPAR/BTC fire,industrial_fire,2025-12-25T00:00:00Z,2025-12-26T00:00:00Z,25,SI035,Zasavska,NO2,,,,,45,45,0,µmol/m²,Sentinel Hub Statistical API / Sentinel-5P,P1D,missing
spar_fire_2025,SPAR/BTC fire,industrial_fire,2025-12-26T00:00:00Z,2025-12-27T00:00:00Z,26,SI035,Zasavska,NO2,,,,,45,45,0,µmol/m²,Sentinel Hub Statistical API / Sentinel-5P,P1D,missing
spar_fire_2025,SPAR/BTC fire,industrial_fire,2025-12-27T00:00:00Z,2025-12-28T00:00:00Z,27,SI035,Zasavska,NO2,25.411450951651204,10.25468282023212,60.32470992067829,9.565612269613814,45,10,35,µmol/m²,Sentinel Hub Statistical API / Sentinel-5P,P1D,good
spar_fire_2025,SPAR/BTC fire,industrial_fire,2025-12-28T00:00:00Z,2025-12-29T00:00:00Z,28,SI035,Zasavska,NO2,34.383571346552344,24.393446437898092,44.8302089353092,5.743796476375082,45,33,12,µmol/m²,Sentinel Hub Statistical API / Sentinel-5P,P1D,partial
spar_fire_2025,SPAR/BTC fire,industrial_fire,2025-12-29T00:00:00Z,2025-12-30T00:00:00Z,29,SI035,Zasavska,NO2,35.95015735170039,12.394605619192589,68.22905561421067,11.715488045254551,45,10,35,µmol/m²,Sentinel Hub Statistical API / Sentinel-5P,P1D,good
spar_fire_2025,SPAR/BTC fire,industrial_fire,2025-12-30T00:00:00Z,2025-12-31T00:00:00Z,30,SI035,Zasavska,NO2,58.80586468265392,58.80586468265392,58.80586468265392,0.0,45,42,3,µmol/m²,Sentinel Hub Statistical API / Sentinel-5P,P1D,partial
spar_fire_2025,SPAR/BTC fire,industrial_fire,2025-12-31T00:00:00Z,2026-01-01T00:00:00Z,31,SI035,Zasavska,NO2,20.495772405411117,8.137631084537134,30.4786935885204,4.848645637889685,45,20,25,µmol/m²,Sentinel Hub Statistical API / Sentinel-5P,P1D,good
spar_fire_2025,SPAR/BTC fire,industrial_fire,2025-12-01T00:00:00Z,2025-12-02T00:00:00Z,1,SI036,Posavska,NO2,72.1884322081438,28.00658876367379,108.12694381456822,19.005961338025777,78,25,53,µmol/m²,Sentinel Hub Statistical API / Sentinel-5P,P1D,good
spar_fire_2025,SPAR/BTC fire,industrial_fire,2025-12-02T00:00:00Z,2025-12-03T00:00:00Z,2,SI036,Posavska,NO2,,,,,78,78,0,µmol/m²,Sentinel Hub Statistical API / Sentinel-5P,P1D,missing
spar_fire_2025,SPAR/BTC fire,industrial_fire,2025-12-03T00:00:00Z,2025-12-04T00:00:00Z,3,SI036,Posavska,NO2,,,,,78,78,0,µmol/m²,Sentinel Hub Statistical API / Sentinel-5P,P1D,missing
spar_fire_2025,SPAR/BTC fire,industrial_fire,2025-12-04T00:00:00Z,2025-12-05T00:00:00Z,4,SI036,Posavska,NO2,,,,,78,78,0,µmol/m²,Sentinel Hub Statistical API / Sentinel-5P,P1D,missing
spar_fire_2025,SPAR/BTC fire,industrial_fire,2025-12-05T00:00:00Z,2025-12-06T00:00:00Z,5,SI036,Posavska,NO2,166.95307567715645,166.95307567715645,166.95307567715645,0.0,78,76,2,µmol/m²,Sentinel Hub Statistical API / Sentinel-5P,P1D,partial
spar_fire_2025,SPAR/BTC fire,industrial_fire,2025-12-06T00:00:00Z,2025-12-07T00:00:00Z,6,SI036,Posavska,NO2,,,,,78,78,0,µmol/m²,Sentinel Hub Statistical API / Sentinel-5P,P1D,missing
spar_fire_2025,SPAR/BTC fire,industrial_fire,2025-12-07T00:00:00Z,2025-12-08T00:00:00Z,7,SI036,Posavska,NO2,27.977653645668468,0.24832030476318323,60.943271819269285,12.190438056011438,78,30,48,µmol/m²,Sentinel Hub Statistical API / Sentinel-5P,P1D,good
spar_fire_2025,SPAR/BTC fire,industrial_fire,2025-12-08T00:00:00Z,2025-12-09T00:00:00Z,8,SI036,Posavska,NO2,54.446366798052054,21.374218704295345,87.75221795076504,23.694544678355403,78,65,13,µmol/m²,Sentinel Hub Statistical API / Sentinel-5P,P1D,partial
spar_fire_2025,SPAR/BTC fire,industrial_fire,2025-12-09T00:00:00Z,2025-12-10T00:00:00Z,9,SI036,Posavska,NO2,36.84370656692569,1.859503527157358,104.0554852806963,19.919294015870484,78,21,57,µmol/m²,Sentinel Hub Statistical API / Sentinel-5P,P1D,good
spar_fire_2025,SPAR/BTC fire,industrial_fire,2025-12-10T00:00:00Z,2025-12-11T00:00:00Z,10,SI036,Posavska,NO2,58.46843829450506,13.771049452770967,95.72121052769944,20.349162188561184,78,19,59,µmol/m²,Sentinel Hub Statistical API / Sentinel-5P,P1D,good
spar_fire_2025,SPAR/BTC fire,industrial_fire,2025-12-11T00:00:00Z,2025-12-12T00:00:00Z,11,SI036,Posavska,NO2,64.63271310144007,29.160872145439498,116.95435387082398,21.164884276411218,78,39,39,µmol/m²,Sentinel Hub Statistical API / Sentinel-5P,P1D,good
spar_fire_2025,SPAR/BTC fire,industrial_fire,2025-12-12T00:00:00Z,2025-12-13T00:00:00Z,12,SI036,Posavska,NO2,53.35316518925292,2.4739408672758145,103.37367712054402,19.758263288208276,78,19,59,µmol/m²,Sentinel Hub Statistical API / Sentinel-5P,P1D,good
spar_fire_2025,SPAR/BTC fire,industrial_fire,2025-12-13T00:00:00Z,2025-12-14T00:00:00Z,13,SI036,Posavska,NO2,53.20186140194822,32.38443605368957,75.37404599133879,12.138969106843021,78,65,13,µmol/m²,Sentinel Hub Statistical API / Sentinel-5P,P1D,partial
spar_fire_2025,SPAR/BTC fire,industrial_fire,2025-12-14T00:00:00Z,2025-12-15T00:00:00Z,14,SI036,Posavska,NO2,,,,,78,78,0,µmol/m²,Sentinel Hub Statistical API / Sentinel-5P,P1D,missing
spar_fire_2025,SPAR/BTC fire,industrial_fire,2025-12-15T00:00:00Z,2025-12-16T00:00:00Z,15,SI036,Posavska,NO2,33.0661547195632,23.652868549106643,38.00355261773802,5.243515006255002,78,73,5,µmol/m²,Sentinel Hub Statistical API / Sentinel-5P,P1D,partial
spar_fire_2025,SPAR/BTC fire,industrial_fire,2025-12-16T00:00:00Z,2025-12-17T00:00:00Z,16,SI036,Posavska,NO2,74.72743163816631,74.72743163816631,74.72743163816631,0.0,78,77,1,µmol/m²,Sentinel Hub Statistical API / Sentinel-5P,P1D,partial
spar_fire_2025,SPAR/BTC fire,industrial_fire,2025-12-17T00:00:00Z,2025-12-18T00:00:00Z,17,SI036,Posavska,NO2,,,,,78,78,0,µmol/m²,Sentinel Hub Statistical API / Sentinel-5P,P1D,missing
spar_fire_2025,SPAR/BTC fire,industrial_fire,2025-12-18T00:00:00Z,2025-12-19T00:00:00Z,18,SI036,Posavska,NO2,49.50987266133876,27.560632588574663,80.99951082840562,13.767233677745896,78,31,47,µmol/m²,Sentinel Hub Statistical API / Sentinel-5P,P1D,good
spar_fire_2025,SPAR/BTC fire,industrial_fire,2025-12-19T00:00:00Z,2025-12-20T00:00:00Z,19,SI036,Posavska,NO2,37.66878617787339,25.509074475849047,55.099313613027334,7.9756423295188,78,19,59,µmol/m²,Sentinel Hub Statistical API / Sentinel-5P,P1D,good
spar_fire_2025,SPAR/BTC fire,industrial_fire,2025-12-20T00:00:00Z,2025-12-21T00:00:00Z,20,SI036,Posavska,NO2,52.593176709099986,40.711314795771614,76.33984932908788,13.995242984235633,78,69,9,µmol/m²,Sentinel Hub Statistical API / Sentinel-5P,P1D,partial
spar_fire_2025,SPAR/BTC fire,industrial_fire,2025-12-21T00:00:00Z,2025-12-22T00:00:00Z,21,SI036,Posavska,NO2,,,,,78,78,0,µmol/m²,Sentinel Hub Statistical API / Sentinel-5P,P1D,missing
spar_fire_2025,SPAR/BTC fire,industrial_fire,2025-12-22T00:00:00Z,2025-12-23T00:00:00Z,22,SI036,Posavska,NO2,,,,,78,78,0,µmol/m²,Sentinel Hub Statistical API / Sentinel-5P,P1D,missing
spar_fire_2025,SPAR/BTC fire,industrial_fire,2025-12-23T00:00:00Z,2025-12-24T00:00:00Z,23,SI036,Posavska,NO2,,,,,78,78,0,µmol/m²,Sentinel Hub Statistical API / Sentinel-5P,P1D,missing
spar_fire_2025,SPAR/BTC fire,industrial_fire,2025-12-24T00:00:00Z,2025-12-25T00:00:00Z,24,SI036,Posavska,NO2,,,,,78,78,0,µmol/m²,Sentinel Hub Statistical API / Sentinel-5P,P1D,missing
spar_fire_2025,SPAR/BTC fire,industrial_fire,2025-12-25T00:00:00Z,2025-12-26T00:00:00Z,25,SI036,Posavska,NO2,,,,,78,78,0,µmol/m²,Sentinel Hub Statistical API / Sentinel-5P,P1D,missing
spar_fire_2025,SPAR/BTC fire,industrial_fire,2025-12-26T00:00:00Z,2025-12-27T00:00:00Z,26,SI036,Posavska,NO2,,,,,78,78,0,µmol/m²,Sentinel Hub Statistical API / Sentinel-5P,P1D,missing
spar_fire_2025,SPAR/BTC fire,industrial_fire,2025-12-27T00:00:00Z,2025-12-28T00:00:00Z,27,SI036,Posavska,NO2,26.463548470309572,5.939834409218747,42.89939533919096,10.64137607714184,78,31,47,µmol/m²,Sentinel Hub Statistical API / Sentinel-5P,P1D,good
spar_fire_2025,SPAR/BTC fire,industrial_fire,2025-12-28T00:00:00Z,2025-12-29T00:00:00Z,28,SI036,Posavska,NO2,44.26386766816846,28.277507226448506,58.76542491023429,9.481742865718397,78,31,47,µmol/m²,Sentinel Hub Statistical API / Sentinel-5P,P1D,good
spar_fire_2025,SPAR/BTC fire,industrial_fire,2025-12-29T00:00:00Z,2025-12-30T00:00:00Z,29,SI036,Posavska,NO2,47.71766994053905,22.1006412175484,77.12150545557961,13.421279673883205,78,38,40,µmol/m²,Sentinel Hub Statistical API / Sentinel-5P,P1D,good
spar_fire_2025,SPAR/BTC fire,industrial_fire,2025-12-30T00:00:00Z,2025-12-31T00:00:00Z,30,SI036,Posavska,NO2,,,,,78,78,0,µmol/m²,Sentinel Hub Statistical API / Sentinel-5P,P1D,missing
spar_fire_2025,SPAR/BTC fire,industrial_fire,2025-12-31T00:00:00Z,2026-01-01T00:00:00Z,31,SI036,Posavska,NO2,26.06161287985742,7.548273515567416,44.912114390172064,10.284024405789799,78,53,25,µmol/m²,Sentinel Hub Statistical API / Sentinel-5P,P1D,partial
spar_fire_2025,SPAR/BTC fire,industrial_fire,2025-12-01T00:00:00Z,2025-12-02T00:00:00Z,1,SI037,Jugovzhodna Slovenija,NO2,71.624851989327,31.64310328429565,99.10299559123814,19.133407587672714,204,194,10,µmol/m²,Sentinel Hub Statistical API / Sentinel-5P,P1D,partial
spar_fire_2025,SPAR/BTC fire,industrial_fire,2025-12-02T00:00:00Z,2025-12-03T00:00:00Z,2,SI037,Jugovzhodna Slovenija,NO2,,,,,204,204,0,µmol/m²,Sentinel Hub Statistical API / Sentinel-5P,P1D,missing
spar_fire_2025,SPAR/BTC fire,industrial_fire,2025-12-03T00:00:00Z,2025-12-04T00:00:00Z,3,SI037,Jugovzhodna Slovenija,NO2,,,,,204,204,0,µmol/m²,Sentinel Hub Statistical API / Sentinel-5P,P1D,missing
spar_fire_2025,SPAR/BTC fire,industrial_fire,2025-12-04T00:00:00Z,2025-12-05T00:00:00Z,4,SI037,Jugovzhodna Slovenija,NO2,,,,,204,204,0,µmol/m²,Sentinel Hub Statistical API / Sentinel-5P,P1D,missing
spar_fire_2025,SPAR/BTC fire,industrial_fire,2025-12-05T00:00:00Z,2025-12-06T00:00:00Z,5,SI037,Jugovzhodna Slovenija,NO2,103.08809448490918,69.96586307650432,166.95307567715645,22.672000487385915,204,176,28,µmol/m²,Sentinel Hub Statistical API / Sentinel-5P,P1D,partial
spar_fire_2025,SPAR/BTC fire,industrial_fire,2025-12-06T00:00:00Z,2025-12-07T00:00:00Z,6,SI037,Jugovzhodna Slovenija,NO2,,,,,204,204,0,µmol/m²,Sentinel Hub Statistical API / Sentinel-5P,P1D,missing
spar_fire_2025,SPAR/BTC fire,industrial_fire,2025-12-07T00:00:00Z,2025-12-08T00:00:00Z,7,SI037,Jugovzhodna Slovenija,NO2,26.763902389896376,4.836942025576718,60.13338133925572,12.531136664486166,204,187,17,µmol/m²,Sentinel Hub Statistical API / Sentinel-5P,P1D,partial
spar_fire_2025,SPAR/BTC fire,industrial_fire,2025-12-08T00:00:00Z,2025-12-09T00:00:00Z,8,SI037,Jugovzhodna Slovenija,NO2,39.11399277678987,0.45913233748251514,73.06683255592361,16.80085335503424,204,74,130,µmol/m²,Sentinel Hub Statistical API / Sentinel-5P,P1D,good
spar_fire_2025,SPAR/BTC fire,industrial_fire,2025-12-09T00:00:00Z,2025-12-10T00:00:00Z,9,SI037,Jugovzhodna Slovenija,NO2,23.728559784296447,0.4510471853791387,59.76071406621486,11.017335984289126,204,53,151,µmol/m²,Sentinel Hub Statistical API / Sentinel-5P,P1D,good
spar_fire_2025,SPAR/BTC fire,industrial_fire,2025-12-10T00:00:00Z,2025-12-11T00:00:00Z,10,SI037,Jugovzhodna Slovenija,NO2,52.3682513793399,12.52284891961608,107.22126899054274,19.56700456344271,204,53,151,µmol/m²,Sentinel Hub Statistical API / Sentinel-5P,P1D,good
spar_fire_2025,SPAR/BTC fire,industrial_fire,2025-12-11T00:00:00Z,2025-12-12T00:00:00Z,11,SI037,Jugovzhodna Slovenija,NO2,52.19169632793227,19.26120057760272,99.69574603019282,17.05086048102577,204,133,71,µmol/m²,Sentinel Hub Statistical API / Sentinel-5P,P1D,partial
spar_fire_2025,SPAR/BTC fire,industrial_fire,2025-12-12T00:00:00Z,2025-12-13T00:00:00Z,12,SI037,Jugovzhodna Slovenija,NO2,43.001033089017334,5.846182830282487,103.37367712054402,19.411094451193932,204,106,98,µmol/m²,Sentinel Hub Statistical API / Sentinel-5P,P1D,partial
spar_fire_2025,SPAR/BTC fire,industrial_fire,2025-12-13T00:00:00Z,2025-12-14T00:00:00Z,13,SI037,Jugovzhodna Slovenija,NO2,41.97338985586948,14.614484825870022,99.30346277542412,16.417950063522323,204,150,54,µmol/m²,Sentinel Hub Statistical API / Sentinel-5P,P1D,partial
spar_fire_2025,SPAR/BTC fire,industrial_fire,2025-12-14T00:00:00Z,2025-12-15T00:00:00Z,14,SI037,Jugovzhodna Slovenija,NO2,26.85825620574178,20.87203574774321,44.845404772786424,5.931400964028728,204,178,26,µmol/m²,Sentinel Hub Statistical API / Sentinel-5P,P1D,partial
spar_fire_2025,SPAR/BTC fire,industrial_fire,2025-12-15T00:00:00Z,2025-12-16T00:00:00Z,15,SI037,Jugovzhodna Slovenija,NO2,20.632702122232637,-11.065739272453357,56.6142080060672,11.97713106438678,204,132,72,µmol/m²,Sentinel Hub Statistical API / Sentinel-5P,P1D,partial
spar_fire_2025,SPAR/BTC fire,industrial_fire,2025-12-16T00:00:00Z,2025-12-17T00:00:00Z,16,SI037,Jugovzhodna Slovenija,NO2,45.982408702608765,-7.456932053173659,78.2840870670043,25.346952899755077,204,192,12,µmol/m²,Sentinel Hub Statistical API / Sentinel-5P,P1D,partial
spar_fire_2025,SPAR/BTC fire,industrial_fire,2025-12-17T00:00:00Z,2025-12-18T00:00:00Z,17,SI037,Jugovzhodna Slovenija,NO2,100.0422053039074,86.8858041940257,113.1986064137891,13.156401109881699,204,202,2,µmol/m²,Sentinel Hub Statistical API / Sentinel-5P,P1D,partial
spar_fire_2025,SPAR/BTC fire,industrial_fire,2025-12-18T00:00:00Z,2025-12-19T00:00:00Z,18,SI037,Jugovzhodna Slovenija,NO2,36.81361524286331,13.32896590611199,74.6357036405243,12.44745232569495,204,104,100,µmol/m²,Sentinel Hub Statistical API / Sentinel-5P,P1D,partial
spar_fire_2025,SPAR/BTC fire,industrial_fire,2025-12-19T00:00:00Z,2025-12-20T00:00:00Z,19,SI037,Jugovzhodna Slovenija,NO2,33.91802972843824,16.81438516243361,58.88868327019736,9.980714572841633,204,101,103,µmol/m²,Sentinel Hub Statistical API / Sentinel-5P,P1D,good
spar_fire_2025,SPAR/BTC fire,industrial_fire,2025-12-20T00:00:00Z,2025-12-21T00:00:00Z,20,SI037,Jugovzhodna Slovenija,NO2,,,,,204,204,0,µmol/m²,Sentinel Hub Statistical API / Sentinel-5P,P1D,missing
spar_fire_2025,SPAR/BTC fire,industrial_fire,2025-12-21T00:00:00Z,2025-12-22T00:00:00Z,21,SI037,Jugovzhodna Slovenija,NO2,,,,,204,204,0,µmol/m²,Sentinel Hub Statistical API / Sentinel-5P,P1D,missing
spar_fire_2025,SPAR/BTC fire,industrial_fire,2025-12-22T00:00:00Z,2025-12-23T00:00:00Z,22,SI037,Jugovzhodna Slovenija,NO2,,,,,204,204,0,µmol/m²,Sentinel Hub Statistical API / Sentinel-5P,P1D,missing
spar_fire_2025,SPAR/BTC fire,industrial_fire,2025-12-23T00:00:00Z,2025-12-24T00:00:00Z,23,SI037,Jugovzhodna Slovenija,NO2,,,,,204,204,0,µmol/m²,Sentinel Hub Statistical API / Sentinel-5P,P1D,missing
spar_fire_2025,SPAR/BTC fire,industrial_fire,2025-12-24T00:00:00Z,2025-12-25T00:00:00Z,24,SI037,Jugovzhodna Slovenija,NO2,,,,,204,204,0,µmol/m²,Sentinel Hub Statistical API / Sentinel-5P,P1D,missing
spar_fire_2025,SPAR/BTC fire,industrial_fire,2025-12-25T00:00:00Z,2025-12-26T00:00:00Z,25,SI037,Jugovzhodna Slovenija,NO2,,,,,204,204,0,µmol/m²,Sentinel Hub Statistical API / Sentinel-5P,P1D,missing
spar_fire_2025,SPAR/BTC fire,industrial_fire,2025-12-26T00:00:00Z,2025-12-27T00:00:00Z,26,SI037,Jugovzhodna Slovenija,NO2,,,,,204,204,0,µmol/m²,Sentinel Hub Statistical API / Sentinel-5P,P1D,missing
spar_fire_2025,SPAR/BTC fire,industrial_fire,2025-12-27T00:00:00Z,2025-12-28T00:00:00Z,27,SI037,Jugovzhodna Slovenija,NO2,19.144162653729243,0.6170823780848878,50.36376023781486,10.012387828409434,204,88,116,µmol/m²,Sentinel Hub Statistical API / Sentinel-5P,P1D,good
spar_fire_2025,SPAR/BTC fire,industrial_fire,2025-12-28T00:00:00Z,2025-12-29T00:00:00Z,28,SI037,Jugovzhodna Slovenija,NO2,33.40115943454947,17.82817707862705,56.60050010192208,10.619657809658168,204,165,39,µmol/m²,Sentinel Hub Statistical API / Sentinel-5P,P1D,partial
spar_fire_2025,SPAR/BTC fire,industrial_fire,2025-12-29T00:00:00Z,2025-12-30T00:00:00Z,29,SI037,Jugovzhodna Slovenija,NO2,37.507817331480986,16.51617458264809,78.3238501753658,12.990330886341194,204,100,104,µmol/m²,Sentinel Hub Statistical API / Sentinel-5P,P1D,good
spar_fire_2025,SPAR/BTC fire,industrial_fire,2025-12-30T00:00:00Z,2025-12-31T00:00:00Z,30,SI037,Jugovzhodna Slovenija,NO2,55.25499060847021,33.51251143612899,102.169782621786,27.369990875601374,204,192,12,µmol/m²,Sentinel Hub Statistical API / Sentinel-5P,P1D,partial
spar_fire_2025,SPAR/BTC fire,industrial_fire,2025-12-31T00:00:00Z,2026-01-01T00:00:00Z,31,SI037,Jugovzhodna Slovenija,NO2,22.064623894598647,-1.4655287259301986,44.912114390172064,10.689660118576622,204,139,65,µmol/m²,Sentinel Hub Statistical API / Sentinel-5P,P1D,partial
spar_fire_2025,SPAR/BTC fire,industrial_fire,2025-12-01T00:00:00Z,2025-12-02T00:00:00Z,1,SI038,Primorsko-notranjska,NO2,,,,,88,88,0,µmol/m²,Sentinel Hub Statistical API / Sentinel-5P,P1D,missing
spar_fire_2025,SPAR/BTC fire,industrial_fire,2025-12-02T00:00:00Z,2025-12-03T00:00:00Z,2,SI038,Primorsko-notranjska,NO2,,,,,88,88,0,µmol/m²,Sentinel Hub Statistical API / Sentinel-5P,P1D,missing
spar_fire_2025,SPAR/BTC fire,industrial_fire,2025-12-03T00:00:00Z,2025-12-04T00:00:00Z,3,SI038,Primorsko-notranjska,NO2,56.56882785842754,56.56882785842754,56.56882785842754,0.0,88,87,1,µmol/m²,Sentinel Hub Statistical API / Sentinel-5P,P1D,partial
spar_fire_2025,SPAR/BTC fire,industrial_fire,2025-12-04T00:00:00Z,2025-12-05T00:00:00Z,4,SI038,Primorsko-notranjska,NO2,,,,,88,88,0,µmol/m²,Sentinel Hub Statistical API / Sentinel-5P,P1D,missing
spar_fire_2025,SPAR/BTC fire,industrial_fire,2025-12-05T00:00:00Z,2025-12-06T00:00:00Z,5,SI038,Primorsko-notranjska,NO2,42.16782040065014,17.29226642055437,70.31487621134147,13.928662328912154,88,55,33,µmol/m²,Sentinel Hub Statistical API / Sentinel-5P,P1D,partial
spar_fire_2025,SPAR/BTC fire,industrial_fire,2025-12-06T00:00:00Z,2025-12-07T00:00:00Z,6,SI038,Primorsko-notranjska,NO2,72.34315042016813,39.11910607712343,104.49832916492596,18.478056485165077,88,75,13,µmol/m²,Sentinel Hub Statistical API / Sentinel-5P,P1D,partial
spar_fire_2025,SPAR/BTC fire,industrial_fire,2025-12-07T00:00:00Z,2025-12-08T00:00:00Z,7,SI038,Primorsko-notranjska,NO2,22.56665752261492,-3.8381494960049167,53.413310524774715,13.961690805036802,88,36,52,µmol/m²,Sentinel Hub Statistical API / Sentinel-5P,P1D,good
spar_fire_2025,SPAR/BTC fire,industrial_fire,2025-12-08T00:00:00Z,2025-12-09T00:00:00Z,8,SI038,Primorsko-notranjska,NO2,42.38588617563775,2.2289768821792677,91.79732296615839,20.47117176953121,88,7,81,µmol/m²,Sentinel Hub Statistical API / Sentinel-5P,P1D,good
spar_fire_2025,SPAR/BTC fire,industrial_fire,2025-12-09T00:00:00Z,2025-12-10T00:00:00Z,9,SI038,Primorsko-notranjska,NO2,28.797460259615217,0.4510471853791387,61.22287595644593,17.032214499322684,88,7,81,µmol/m²,Sentinel Hub Statistical API / Sentinel-5P,P1D,good
spar_fire_2025,SPAR/BTC fire,industrial_fire,2025-12-10T00:00:00Z,2025-12-11T00:00:00Z,10,SI038,Primorsko-notranjska,NO2,56.11975126983355,1.4145272189125535,128.8415223825723,22.787439897797707,88,12,76,µmol/m²,Sentinel Hub Statistical API / Sentinel-5P,P1D,good
spar_fire_2025,SPAR/BTC fire,industrial_fire,2025-12-11T00:00:00Z,2025-12-12T00:00:00Z,11,SI038,Primorsko-notranjska,NO2,51.323958498667515,6.956452125450596,86.7452981765382,19.333219791539474,88,16,72,µmol/m²,Sentinel Hub Statistical API / Sentinel-5P,P1D,good
spar_fire_2025,SPAR/BTC fire,industrial_fire,2025-12-12T00:00:00Z,2025-12-13T00:00:00Z,12,SI038,Primorsko-notranjska,NO2,36.96671928992147,7.229634320538025,84.19236837653443,16.239386437862482,88,8,80,µmol/m²,Sentinel Hub Statistical API / Sentinel-5P,P1D,good
spar_fire_2025,SPAR/BTC fire,industrial_fire,2025-12-13T00:00:00Z,2025-12-14T00:00:00Z,13,SI038,Primorsko-notranjska,NO2,35.06020683617641,12.044994946336374,71.12012826837599,12.64587039252701,88,9,79,µmol/m²,Sentinel Hub Statistical API / Sentinel-5P,P1D,good
spar_fire_2025,SPAR/BTC fire,industrial_fire,2025-12-14T00:00:00Z,2025-12-15T00:00:00Z,14,SI038,Primorsko-notranjska,NO2,35.039948420489985,22.07716715929564,52.537292503984645,7.306911619998698,88,8,80,µmol/m²,Sentinel Hub Statistical API / Sentinel-5P,P1D,good
spar_fire_2025,SPAR/BTC fire,industrial_fire,2025-12-15T00:00:00Z,2025-12-16T00:00:00Z,15,SI038,Primorsko-notranjska,NO2,26.646446976995737,-1.2352186331554549,46.58216857933439,11.876966146254476,88,7,81,µmol/m²,Sentinel Hub Statistical API / Sentinel-5P,P1D,good
spar_fire_2025,SPAR/BTC fire,industrial_fire,2025-12-16T00:00:00Z,2025-12-17T00:00:00Z,16,SI038,Primorsko-notranjska,NO2,,,,,88,88,0,µmol/m²,Sentinel Hub Statistical API / Sentinel-5P,P1D,missing
spar_fire_2025,SPAR/BTC fire,industrial_fire,2025-12-17T00:00:00Z,2025-12-18T00:00:00Z,17,SI038,Primorsko-notranjska,NO2,,,,,88,88,0,µmol/m²,Sentinel Hub Statistical API / Sentinel-5P,P1D,missing
spar_fire_2025,SPAR/BTC fire,industrial_fire,2025-12-18T00:00:00Z,2025-12-19T00:00:00Z,18,SI038,Primorsko-notranjska,NO2,,,,,88,88,0,µmol/m²,Sentinel Hub Statistical API / Sentinel-5P,P1D,missing
spar_fire_2025,SPAR/BTC fire,industrial_fire,2025-12-19T00:00:00Z,2025-12-20T00:00:00Z,19,SI038,Primorsko-notranjska,NO2,26.051920031022746,22.966631149756722,29.13720891228877,3.085288881266025,88,80,8,µmol/m²,Sentinel Hub Statistical API / Sentinel-5P,P1D,partial
spar_fire_2025,SPAR/BTC fire,industrial_fire,2025-12-20T00:00:00Z,2025-12-21T00:00:00Z,20,SI038,Primorsko-notranjska,NO2,44.86930338316598,31.86332105542533,60.32344026607461,9.492537576708315,88,58,30,µmol/m²,Sentinel Hub Statistical API / Sentinel-5P,P1D,partial
spar_fire_2025,SPAR/BTC fire,industrial_fire,2025-12-21T00:00:00Z,2025-12-22T00:00:00Z,21,SI038,Primorsko-notranjska,NO2,40.512687142259765,13.059860066277906,75.38930367445573,14.76738936321666,88,47,41,µmol/m²,Sentinel Hub Statistical API / Sentinel-5P,P1D,partial
spar_fire_2025,SPAR/BTC fire,industrial_fire,2025-12-22T00:00:00Z,2025-12-23T00:00:00Z,22,SI038,Primorsko-notranjska,NO2,24.72623507488746,-13.636674339068122,68.65155592095107,15.994693231650736,88,62,26,µmol/m²,Sentinel Hub Statistical API / Sentinel-5P,P1D,partial
spar_fire_2025,SPAR/BTC fire,industrial_fire,2025-12-23T00:00:00Z,2025-12-24T00:00:00Z,23,SI038,Primorsko-notranjska,NO2,,,,,88,88,0,µmol/m²,Sentinel Hub Statistical API / Sentinel-5P,P1D,missing
spar_fire_2025,SPAR/BTC fire,industrial_fire,2025-12-24T00:00:00Z,2025-12-25T00:00:00Z,24,SI038,Primorsko-notranjska,NO2,,,,,88,88,0,µmol/m²,Sentinel Hub Statistical API / Sentinel-5P,P1D,missing
spar_fire_2025,SPAR/BTC fire,industrial_fire,2025-12-25T00:00:00Z,2025-12-26T00:00:00Z,25,SI038,Primorsko-notranjska,NO2,35.695688438863726,20.86129279632587,40.640486986376345,8.564642317484642,88,84,4,µmol/m²,Sentinel Hub Statistical API / Sentinel-5P,P1D,partial
spar_fire_2025,SPAR/BTC fire,industrial_fire,2025-12-26T00:00:00Z,2025-12-27T00:00:00Z,26,SI038,Primorsko-notranjska,NO2,36.513029044726856,21.255773390294053,60.278991441009566,9.624038614933465,88,60,28,µmol/m²,Sentinel Hub Statistical API / Sentinel-5P,P1D,partial
spar_fire_2025,SPAR/BTC fire,industrial_fire,2025-12-27T00:00:00Z,2025-12-28T00:00:00Z,27,SI038,Primorsko-notranjska,NO2,16.65440462473293,-26.81083424249664,84.48709559161216,16.18624252787257,88,7,81,µmol/m²,Sentinel Hub Statistical API / Sentinel-5P,P1D,good
spar_fire_2025,SPAR/BTC fire,industrial_fire,2025-12-28T00:00:00Z,2025-12-29T00:00:00Z,28,SI038,Primorsko-notranjska,NO2,31.346094359226605,2.2956896827963647,68.5154227539897,12.021455604179081,88,13,75,µmol/m²,Sentinel Hub Statistical API / Sentinel-5P,P1D,good
spar_fire_2025,SPAR/BTC fire,industrial_fire,2025-12-29T00:00:00Z,2025-12-30T00:00:00Z,29,SI038,Primorsko-notranjska,NO2,34.02180932057121,11.854767762997653,65.80807530554011,11.926904385752552,88,14,74,µmol/m²,Sentinel Hub Statistical API / Sentinel-5P,P1D,good
spar_fire_2025,SPAR/BTC fire,industrial_fire,2025-12-30T00:00:00Z,2025-12-31T00:00:00Z,30,SI038,Primorsko-notranjska,NO2,36.78801652065225,19.570279619074427,56.641285482328385,11.088895009191448,88,33,55,µmol/m²,Sentinel Hub Statistical API / Sentinel-5P,P1D,good
spar_fire_2025,SPAR/BTC fire,industrial_fire,2025-12-31T00:00:00Z,2026-01-01T00:00:00Z,31,SI038,Primorsko-notranjska,NO2,23.02369608642358,-13.865593246009666,47.58911018143408,12.596663585577693,88,31,57,µmol/m²,Sentinel Hub Statistical API / Sentinel-5P,P1D,good
spar_fire_2025,SPAR/BTC fire,industrial_fire,2025-12-01T00:00:00Z,2025-12-02T00:00:00Z,1,SI041,Osrednjeslovenska,NO2,85.77234144292059,-9.67987762123812,216.1080192308873,37.87153659329154,221,159,62,µmol/m²,Sentinel Hub Statistical API / Sentinel-5P,P1D,partial
spar_fire_2025,SPAR/BTC fire,industrial_fire,2025-12-02T00:00:00Z,2025-12-03T00:00:00Z,2,SI041,Osrednjeslovenska,NO2,74.6356563467998,41.82583870715462,92.15848695021123,18.50491420596962,221,216,5,µmol/m²,Sentinel Hub Statistical API / Sentinel-5P,P1D,partial
spar_fire_2025,SPAR/BTC fire,industrial_fire,2025-12-03T00:00:00Z,2025-12-04T00:00:00Z,3,SI041,Osrednjeslovenska,NO2,33.777920959567254,23.946613509906456,45.39689325611107,10.168066824523708,221,214,7,µmol/m²,Sentinel Hub Statistical API / Sentinel-5P,P1D,partial
spar_fire_2025,SPAR/BTC fire,industrial_fire,2025-12-04T00:00:00Z,2025-12-05T00:00:00Z,4,SI041,Osrednjeslovenska,NO2,,,,,221,221,0,µmol/m²,Sentinel Hub Statistical API / Sentinel-5P,P1D,missing
spar_fire_2025,SPAR/BTC fire,industrial_fire,2025-12-05T00:00:00Z,2025-12-06T00:00:00Z,5,SI041,Osrednjeslovenska,NO2,52.41513326836866,16.189920643228106,130.43556828051805,33.56154461418849,221,201,20,µmol/m²,Sentinel Hub Statistical API / Sentinel-5P,P1D,partial
spar_fire_2025,SPAR/BTC fire,industrial_fire,2025-12-06T00:00:00Z,2025-12-07T00:00:00Z,6,SI041,Osrednjeslovenska,NO2,,,,,221,221,0,µmol/m²,Sentinel Hub Statistical API / Sentinel-5P,P1D,missing
spar_fire_2025,SPAR/BTC fire,industrial_fire,2025-12-07T00:00:00Z,2025-12-08T00:00:00Z,7,SI041,Osrednjeslovenska,NO2,22.18256063315493,6.0120728448964655,47.28452768176794,13.526114951807859,221,201,20,µmol/m²,Sentinel Hub Statistical API / Sentinel-5P,P1D,partial
spar_fire_2025,SPAR/BTC fire,industrial_fire,2025-12-08T00:00:00Z,2025-12-09T00:00:00Z,8,SI041,Osrednjeslovenska,NO2,52.46376398505301,4.006605195172597,137.80409062746912,25.402124734419065,221,78,143,µmol/m²,Sentinel Hub Statistical API / Sentinel-5P,P1D,good
spar_fire_2025,SPAR/BTC fire,industrial_fire,2025-12-09T00:00:00Z,2025-12-10T00:00:00Z,9,SI041,Osrednjeslovenska,NO2,49.92869985434189,9.125816177402157,137.88467913400382,33.15256486188366,221,100,121,µmol/m²,Sentinel Hub Statistical API / Sentinel-5P,P1D,good
spar_fire_2025,SPAR/BTC fire,industrial_fire,2025-12-10T00:00:00Z,2025-12-11T00:00:00Z,10,SI041,Osrednjeslovenska,NO2,66.40979328698576,8.210026862798259,139.59503849036992,25.862603254433438,221,76,145,µmol/m²,Sentinel Hub Statistical API / Sentinel-5P,P1D,good
spar_fire_2025,SPAR/BTC fire,industrial_fire,2025-12-11T00:00:00Z,2025-12-12T00:00:00Z,11,SI041,Osrednjeslovenska,NO2,51.602666806300284,18.576165530248545,103.93396223662421,19.634455027613765,221,176,45,µmol/m²,Sentinel Hub Statistical API / Sentinel-5P,P1D,partial
spar_fire_2025,SPAR/BTC fire,industrial_fire,2025-12-12T00:00:00Z,2025-12-13T00:00:00Z,12,SI041,Osrednjeslovenska,NO2,50.86009745614969,3.6396986615727656,136.62638957612216,22.02297591176291,221,151,70,µmol/m²,Sentinel Hub Statistical API / Sentinel-5P,P1D,partial
spar_fire_2025,SPAR/BTC fire,industrial_fire,2025-12-13T00:00:00Z,2025-12-14T00:00:00Z,13,SI041,Osrednjeslovenska,NO2,54.595014759952214,29.30521259258967,81.47693006321788,12.525732031740652,221,168,53,µmol/m²,Sentinel Hub Statistical API / Sentinel-5P,P1D,partial
spar_fire_2025,SPAR/BTC fire,industrial_fire,2025-12-14T00:00:00Z,2025-12-15T00:00:00Z,14,SI041,Osrednjeslovenska,NO2,34.83443956332738,15.236036233545747,52.537292503984645,9.416082991457724,221,172,49,µmol/m²,Sentinel Hub Statistical API / Sentinel-5P,P1D,partial
spar_fire_2025,SPAR/BTC fire,industrial_fire,2025-12-15T00:00:00Z,2025-12-16T00:00:00Z,15,SI041,Osrednjeslovenska,NO2,35.032070616918716,2.5487424863968045,76.83184230700135,15.193444789365426,221,135,86,µmol/m²,Sentinel Hub Statistical API / Sentinel-5P,P1D,partial
spar_fire_2025,SPAR/BTC fire,industrial_fire,2025-12-16T00:00:00Z,2025-12-17T00:00:00Z,16,SI041,Osrednjeslovenska,NO2,,,,,221,221,0,µmol/m²,Sentinel Hub Statistical API / Sentinel-5P,P1D,missing
spar_fire_2025,SPAR/BTC fire,industrial_fire,2025-12-17T00:00:00Z,2025-12-18T00:00:00Z,17,SI041,Osrednjeslovenska,NO2,,,,,221,221,0,µmol/m²,Sentinel Hub Statistical API / Sentinel-5P,P1D,missing
spar_fire_2025,SPAR/BTC fire,industrial_fire,2025-12-18T00:00:00Z,2025-12-19T00:00:00Z,18,SI041,Osrednjeslovenska,NO2,52.20976183611331,30.50527084269561,124.33061783667654,28.47110674188918,221,203,18,µmol/m²,Sentinel Hub Statistical API / Sentinel-5P,P1D,partial
spar_fire_2025,SPAR/BTC fire,industrial_fire,2025-12-19T00:00:00Z,2025-12-20T00:00:00Z,19,SI041,Osrednjeslovenska,NO2,34.8263228160148,16.621488612145185,54.034233471611515,9.157694725887843,221,86,135,µmol/m²,Sentinel Hub Statistical API / Sentinel-5P,P1D,good
spar_fire_2025,SPAR/BTC fire,industrial_fire,2025-12-20T00:00:00Z,2025-12-21T00:00:00Z,20,SI041,Osrednjeslovenska,NO2,41.05586898125088,21.46799670299515,69.43003972992301,12.97164117167758,221,188,33,µmol/m²,Sentinel Hub Statistical API / Sentinel-5P,P1D,partial
spar_fire_2025,SPAR/BTC fire,industrial_fire,2025-12-21T00:00:00Z,2025-12-22T00:00:00Z,21,SI041,Osrednjeslovenska,NO2,36.05543838602898,13.457615750667173,56.17459464701824,13.419439770402091,221,209,12,µmol/m²,Sentinel Hub Statistical API / Sentinel-5P,P1D,partial
spar_fire_2025,SPAR/BTC fire,industrial_fire,2025-12-22T00:00:00Z,2025-12-23T00:00:00Z,22,SI041,Osrednjeslovenska,NO2,22.236342622570437,11.664353223750368,35.72846981114708,7.301055718429804,221,210,11,µmol/m²,Sentinel Hub Statistical API / Sentinel-5P,P1D,partial
spar_fire_2025,SPAR/BTC fire,industrial_fire,2025-12-23T00:00:00Z,2025-12-24T00:00:00Z,23,SI041,Osrednjeslovenska,NO2,,,,,221,221,0,µmol/m²,Sentinel Hub Statistical API / Sentinel-5P,P1D,missing
spar_fire_2025,SPAR/BTC fire,industrial_fire,2025-12-24T00:00:00Z,2025-12-25T00:00:00Z,24,SI041,Osrednjeslovenska,NO2,,,,,221,221,0,µmol/m²,Sentinel Hub Statistical API / Sentinel-5P,P1D,missing
spar_fire_2025,SPAR/BTC fire,industrial_fire,2025-12-25T00:00:00Z,2025-12-26T00:00:00Z,25,SI041,Osrednjeslovenska,NO2,31.097366445465013,31.097366445465013,31.097366445465013,0.0,221,220,1,µmol/m²,Sentinel Hub Statistical API / Sentinel-5P,P1D,partial
spar_fire_2025,SPAR/BTC fire,industrial_fire,2025-12-26T00:00:00Z,2025-12-27T00:00:00Z,26,SI041,Osrednjeslovenska,NO2,19.861000328091905,6.368521553667961,37.528006942011416,10.694705719347013,221,211,10,µmol/m²,Sentinel Hub Statistical API / Sentinel-5P,P1D,partial
spar_fire_2025,SPAR/BTC fire,industrial_fire,2025-12-27T00:00:00Z,2025-12-28T00:00:00Z,27,SI041,Osrednjeslovenska,NO2,18.264114845750907,-3.245297648390988,39.394464693032205,8.558962351546871,221,122,99,µmol/m²,Sentinel Hub Statistical API / Sentinel-5P,P1D,partial
spar_fire_2025,SPAR/BTC fire,industrial_fire,2025-12-28T00:00:00Z,2025-12-29T00:00:00Z,28,SI041,Osrednjeslovenska,NO2,32.34169986778095,13.8501691253623,48.23681229026988,8.314607562172172,221,176,45,µmol/m²,Sentinel Hub Statistical API / Sentinel-5P,P1D,partial
spar_fire_2025,SPAR/BTC fire,industrial_fire,2025-12-29T00:00:00Z,2025-12-30T00:00:00Z,29,SI041,Osrednjeslovenska,NO2,39.095918878203875,8.683266969455872,98.3341597020626,19.117801674368067,221,105,116,µmol/m²,Sentinel Hub Statistical API / Sentinel-5P,P1D,good
spar_fire_2025,SPAR/BTC fire,industrial_fire,2025-12-30T00:00:00Z,2025-12-31T00:00:00Z,30,SI041,Osrednjeslovenska,NO2,72.2261591783116,29.531853215303272,147.61919737793505,30.017304791389982,221,143,78,µmol/m²,Sentinel Hub Statistical API / Sentinel-5P,P1D,partial
spar_fire_2025,SPAR/BTC fire,industrial_fire,2025-12-31T00:00:00Z,2026-01-01T00:00:00Z,31,SI041,Osrednjeslovenska,NO2,27.6594247351815,-3.7528920984186698,75.45922562712803,15.232222505145785,221,94,127,µmol/m²,Sentinel Hub Statistical API / Sentinel-5P,P1D,good
spar_fire_2025,SPAR/BTC fire,industrial_fire,2025-12-01T00:00:00Z,2025-12-02T00:00:00Z,1,SI042,Gorenjska,NO2,39.085378808167434,-9.67987762123812,99.61385512724519,21.39610560554885,180,98,82,µmol/m²,Sentinel Hub Statistical API / Sentinel-5P,P1D,partial
spar_fire_2025,SPAR/BTC fire,industrial_fire,2025-12-02T00:00:00Z,2025-12-03T00:00:00Z,2,SI042,Gorenjska,NO2,45.29207366100639,16.644065908621997,92.15848695021123,22.05496439284132,180,147,33,µmol/m²,Sentinel Hub Statistical API / Sentinel-5P,P1D,partial
spar_fire_2025,SPAR/BTC fire,industrial_fire,2025-12-03T00:00:00Z,2025-12-04T00:00:00Z,3,SI042,Gorenjska,NO2,31.69033379890606,20.06593240366783,47.851568524492905,6.00387087945195,180,160,20,µmol/m²,Sentinel Hub Statistical API / Sentinel-5P,P1D,partial
spar_fire_2025,SPAR/BTC fire,industrial_fire,2025-12-04T00:00:00Z,2025-12-05T00:00:00Z,4,SI042,Gorenjska,NO2,,,,,180,180,0,µmol/m²,Sentinel Hub Statistical API / Sentinel-5P,P1D,missing
spar_fire_2025,SPAR/BTC fire,industrial_fire,2025-12-05T00:00:00Z,2025-12-06T00:00:00Z,5,SI042,Gorenjska,NO2,42.2890589106828,17.611257135285996,77.3151041357778,23.172543107395047,180,173,7,µmol/m²,Sentinel Hub Statistical API / Sentinel-5P,P1D,partial
spar_fire_2025,SPAR/BTC fire,industrial_fire,2025-12-06T00:00:00Z,2025-12-07T00:00:00Z,6,SI042,Gorenjska,NO2,,,,,180,180,0,µmol/m²,Sentinel Hub Statistical API / Sentinel-5P,P1D,missing
spar_fire_2025,SPAR/BTC fire,industrial_fire,2025-12-07T00:00:00Z,2025-12-08T00:00:00Z,7,SI042,Gorenjska,NO2,25.867948031645934,-0.309201283243965,63.21676482912153,15.76137431966561,180,155,25,µmol/m²,Sentinel Hub Statistical API / Sentinel-5P,P1D,partial
spar_fire_2025,SPAR/BTC fire,industrial_fire,2025-12-08T00:00:00Z,2025-12-09T00:00:00Z,8,SI042,Gorenjska,NO2,38.427668433003554,7.329448180826148,89.01114779291674,18.856012286145123,180,82,98,µmol/m²,Sentinel Hub Statistical API / Sentinel-5P,P1D,good
spar_fire_2025,SPAR/BTC fire,industrial_fire,2025-12-09T00:00:00Z,2025-12-10T00:00:00Z,9,SI042,Gorenjska,NO2,32.57169530408126,-2.564502892710152,109.01437781285495,26.815562782631467,180,124,56,µmol/m²,Sentinel Hub Statistical API / Sentinel-5P,P1D,partial
spar_fire_2025,SPAR/BTC fire,industrial_fire,2025-12-10T00:00:00Z,2025-12-11T00:00:00Z,10,SI042,Gorenjska,NO2,44.19222620815229,5.769368272012798,131.34023174643517,23.502907783511734,180,57,123,µmol/m²,Sentinel Hub Statistical API / Sentinel-5P,P1D,good
spar_fire_2025,SPAR/BTC fire,industrial_fire,2025-12-11T00:00:00Z,2025-12-12T00:00:00Z,11,SI042,Gorenjska,NO2,40.85407737322753,8.117538527585566,178.88857109937817,29.617693973644517,180,101,79,µmol/m²,Sentinel Hub Statistical API / Sentinel-5P,P1D,partial
spar_fire_2025,SPAR/BTC fire,industrial_fire,2025-12-12T00:00:00Z,2025-12-13T00:00:00Z,12,SI042,Gorenjska,NO2,39.91994591109243,-5.995678748149658,84.37192445853725,18.208234274298597,180,102,78,µmol/m²,Sentinel Hub Statistical API / Sentinel-5P,P1D,partial
spar_fire_2025,SPAR/BTC fire,industrial_fire,2025-12-13T00:00:00Z,2025-12-14T00:00:00Z,13,SI042,Gorenjska,NO2,46.68031278649296,20.325789591879584,79.542507592123,16.548190854008865,180,114,66,µmol/m²,Sentinel Hub Statistical API / Sentinel-5P,P1D,partial
spar_fire_2025,SPAR/BTC fire,industrial_fire,2025-12-14T00:00:00Z,2025-12-15T00:00:00Z,14,SI042,Gorenjska,NO2,29.8707059938292,7.011354682617821,59.158523072255775,13.552904868645845,180,73,107,µmol/m²,Sentinel Hub Statistical API / Sentinel-5P,P1D,good
spar_fire_2025,SPAR/BTC fire,industrial_fire,2025-12-15T00:00:00Z,2025-12-16T00:00:00Z,15,SI042,Gorenjska,NO2,21.461301728906523,-2.5049700980162015,63.25622234726325,13.695744735382114,180,69,111,µmol/m²,Sentinel Hub Statistical API / Sentinel-5P,P1D,good
spar_fire_2025,SPAR/BTC fire,industrial_fire,2025-12-16T00:00:00Z,2025-12-17T00:00:00Z,16,SI042,Gorenjska,NO2,26.945013814838603,26.945013814838603,26.945013814838603,0.0,180,179,1,µmol/m²,Sentinel Hub Statistical API / Sentinel-5P,P1D,partial
spar_fire_2025,SPAR/BTC fire,industrial_fire,2025-12-17T00:00:00Z,2025-12-18T00:00:00Z,17,SI042,Gorenjska,NO2,,,,,180,180,0,µmol/m²,Sentinel Hub Statistical API / Sentinel-5P,P1D,missing
spar_fire_2025,SPAR/BTC fire,industrial_fire,2025-12-18T00:00:00Z,2025-12-19T00:00:00Z,18,SI042,Gorenjska,NO2,38.01633749844768,11.037069270969369,81.75121911335737,18.414726930895377,180,148,32,µmol/m²,Sentinel Hub Statistical API / Sentinel-5P,P1D,partial
spar_fire_2025,SPAR/BTC fire,industrial_fire,2025-12-19T00:00:00Z,2025-12-20T00:00:00Z,19,SI042,Gorenjska,NO2,29.408262820405813,13.271187526697759,50.929222197737545,7.262819821963111,180,62,118,µmol/m²,Sentinel Hub Statistical API / Sentinel-5P,P1D,good
spar_fire_2025,SPAR/BTC fire,industrial_fire,2025-12-20T00:00:00Z,2025-12-21T00:00:00Z,20,SI042,Gorenjska,NO2,40.758513478067464,13.392983419180382,74.29462129948661,14.702152165657184,180,76,104,µmol/m²,Sentinel Hub Statistical API / Sentinel-5P,P1D,good
spar_fire_2025,SPAR/BTC fire,industrial_fire,2025-12-21T00:00:00Z,2025-12-22T00:00:00Z,21,SI042,Gorenjska,NO2,25.407067250299438,-0.5894771106795815,55.80416473094374,12.882582488043731,180,102,78,µmol/m²,Sentinel Hub Statistical API / Sentinel-5P,P1D,partial
spar_fire_2025,SPAR/BTC fire,industrial_fire,2025-12-22T00:00:00Z,2025-12-23T00:00:00Z,22,SI042,Gorenjska,NO2,14.865899975986743,2.7582209440879524,29.69390516227577,6.795320803388006,180,159,21,µmol/m²,Sentinel Hub Statistical API / Sentinel-5P,P1D,partial
spar_fire_2025,SPAR/BTC fire,industrial_fire,2025-12-23T00:00:00Z,2025-12-24T00:00:00Z,23,SI042,Gorenjska,NO2,,,,,180,180,0,µmol/m²,Sentinel Hub Statistical API / Sentinel-5P,P1D,missing
spar_fire_2025,SPAR/BTC fire,industrial_fire,2025-12-24T00:00:00Z,2025-12-25T00:00:00Z,24,SI042,Gorenjska,NO2,,,,,180,180,0,µmol/m²,Sentinel Hub Statistical API / Sentinel-5P,P1D,missing
spar_fire_2025,SPAR/BTC fire,industrial_fire,2025-12-25T00:00:00Z,2025-12-26T00:00:00Z,25,SI042,Gorenjska,NO2,13.436080128788793,7.213361186586553,18.63971738202963,4.085955853575282,180,171,9,µmol/m²,Sentinel Hub Statistical API / Sentinel-5P,P1D,partial
spar_fire_2025,SPAR/BTC fire,industrial_fire,2025-12-26T00:00:00Z,2025-12-27T00:00:00Z,26,SI042,Gorenjska,NO2,22.054206302376162,3.4643251183297252,47.72080137627199,10.21596057446215,180,108,72,µmol/m²,Sentinel Hub Statistical API / Sentinel-5P,P1D,partial
spar_fire_2025,SPAR/BTC fire,industrial_fire,2025-12-27T00:00:00Z,2025-12-28T00:00:00Z,27,SI042,Gorenjska,NO2,13.542991918622809,-11.718902896973304,44.94105087360367,10.818314684079414,180,65,115,µmol/m²,Sentinel Hub Statistical API / Sentinel-5P,P1D,good
spar_fire_2025,SPAR/BTC fire,industrial_fire,2025-12-28T00:00:00Z,2025-12-29T00:00:00Z,28,SI042,Gorenjska,NO2,28.129280838025196,0.8057938885031035,55.16846795217134,12.206295730220814,180,71,109,µmol/m²,Sentinel Hub Statistical API / Sentinel-5P,P1D,good
spar_fire_2025,SPAR/BTC fire,industrial_fire,2025-12-29T00:00:00Z,2025-12-30T00:00:00Z,29,SI042,Gorenjska,NO2,26.206160164128804,-2.2602123408432817,62.4843014520593,12.401116257912438,180,69,111,µmol/m²,Sentinel Hub Statistical API / Sentinel-5P,P1D,good
spar_fire_2025,SPAR/BTC fire,industrial_fire,2025-12-30T00:00:00Z,2025-12-31T00:00:00Z,30,SI042,Gorenjska,NO2,46.42897658229916,19.77249667106662,106.94486991269514,22.35416995138881,180,91,89,µmol/m²,Sentinel Hub Statistical API / Sentinel-5P,P1D,partial
spar_fire_2025,SPAR/BTC fire,industrial_fire,2025-12-31T00:00:00Z,2026-01-01T00:00:00Z,31,SI042,Gorenjska,NO2,13.596524794211751,-15.69324558658991,61.58308679005131,14.789576348595853,180,62,118,µmol/m²,Sentinel Hub Statistical API / Sentinel-5P,P1D,good
spar_fire_2025,SPAR/BTC fire,industrial_fire,2025-12-01T00:00:00Z,2025-12-02T00:00:00Z,1,SI043,Goriška,NO2,54.17041393229738,54.17041393229738,54.17041393229738,0.0,210,209,1,µmol/m²,Sentinel Hub Statistical API / Sentinel-5P,P1D,partial
spar_fire_2025,SPAR/BTC fire,industrial_fire,2025-12-02T00:00:00Z,2025-12-03T00:00:00Z,2,SI043,Goriška,NO2,37.51961048692465,20.789051632164046,55.413027439499274,13.105980304310817,210,203,7,µmol/m²,Sentinel Hub Statistical API / Sentinel-5P,P1D,partial
spar_fire_2025,SPAR/BTC fire,industrial_fire,2025-12-03T00:00:00Z,2025-12-04T00:00:00Z,3,SI043,Goriška,NO2,53.64495902742622,47.851568524492905,58.610679843695834,3.9507606244416955,210,192,18,µmol/m²,Sentinel Hub Statistical API / Sentinel-5P,P1D,partial
spar_fire_2025,SPAR/BTC fire,industrial_fire,2025-12-04T00:00:00Z,2025-12-05T00:00:00Z,4,SI043,Goriška,NO2,,,,,210,210,0,µmol/m²,Sentinel Hub Statistical API / Sentinel-5P,P1D,missing
spar_fire_2025,SPAR/BTC fire,industrial_fire,2025-12-05T00:00:00Z,2025-12-06T00:00:00Z,5,SI043,Goriška,NO2,,,,,210,210,0,µmol/m²,Sentinel Hub Statistical API / Sentinel-5P,P1D,missing
spar_fire_2025,SPAR/BTC fire,industrial_fire,2025-12-06T00:00:00Z,2025-12-07T00:00:00Z,6,SI043,Goriška,NO2,56.63696992996847,34.75209450698458,78.89136031735688,16.47780102653807,210,206,4,µmol/m²,Sentinel Hub Statistical API / Sentinel-5P,P1D,partial
spar_fire_2025,SPAR/BTC fire,industrial_fire,2025-12-07T00:00:00Z,2025-12-08T00:00:00Z,7,SI043,Goriška,NO2,32.02032858914604,-3.039409648408764,69.45049244677648,19.176343702088975,210,171,39,µmol/m²,Sentinel Hub Statistical API / Sentinel-5P,P1D,partial
spar_fire_2025,SPAR/BTC fire,industrial_fire,2025-12-08T00:00:00Z,2025-12-09T00:00:00Z,8,SI043,Goriška,NO2,43.1961211240481,-5.652897925756406,99.29762745741755,24.813400681660166,210,87,123,µmol/m²,Sentinel Hub Statistical API / Sentinel-5P,P1D,good
spar_fire_2025,SPAR/BTC fire,industrial_fire,2025-12-09T00:00:00Z,2025-12-10T00:00:00Z,9,SI043,Goriška,NO2,40.459722433060165,-2.564502892710152,104.25817163195461,23.591327337041143,210,95,115,µmol/m²,Sentinel Hub Statistical API / Sentinel-5P,P1D,good
spar_fire_2025,SPAR/BTC fire,industrial_fire,2025-12-10T00:00:00Z,2025-12-11T00:00:00Z,10,SI043,Goriška,NO2,51.97776329288515,6.090293936722446,147.24888023920357,26.289886284912566,210,115,95,µmol/m²,Sentinel Hub Statistical API / Sentinel-5P,P1D,partial
spar_fire_2025,SPAR/BTC fire,industrial_fire,2025-12-11T00:00:00Z,2025-12-12T00:00:00Z,11,SI043,Goriška,NO2,48.56975685352079,4.349522441771114,102.80677815899253,22.79600168361931,210,87,123,µmol/m²,Sentinel Hub Statistical API / Sentinel-5P,P1D,good
spar_fire_2025,SPAR/BTC fire,industrial_fire,2025-12-12T00:00:00Z,2025-12-13T00:00:00Z,12,SI043,Goriška,NO2,40.14373661545977,-5.231959676166298,92.13379235006869,19.7192058126707,210,92,118,µmol/m²,Sentinel Hub Statistical API / Sentinel-5P,P1D,good
spar_fire_2025,SPAR/BTC fire,industrial_fire,2025-12-13T00:00:00Z,2025-12-14T00:00:00Z,13,SI043,Goriška,NO2,38.909552960022765,9.214219971909188,77.9683978180401,14.887340336876434,210,120,90,µmol/m²,Sentinel Hub Statistical API / Sentinel-5P,P1D,partial
spar_fire_2025,SPAR/BTC fire,industrial_fire,2025-12-14T00:00:00Z,2025-12-15T00:00:00Z,14,SI043,Goriška,NO2,34.79794458716812,9.920905540639069,86.99796308064833,14.568051063654549,210,75,135,µmol/m²,Sentinel Hub Statistical API / Sentinel-5P,P1D,good
spar_fire_2025,SPAR/BTC fire,industrial_fire,2025-12-15T00:00:00Z,2025-12-16T00:00:00Z,15,SI043,Goriška,NO2,29.505374694439446,-3.4750453323795227,83.88355490751565,21.052680921875584,210,72,138,µmol/m²,Sentinel Hub Statistical API / Sentinel-5P,P1D,good
spar_fire_2025,SPAR/BTC fire,industrial_fire,2025-12-16T00:00:00Z,2025-12-17T00:00:00Z,16,SI043,Goriška,NO2,,,,,210,210,0,µmol/m²,Sentinel Hub Statistical API / Sentinel-5P,P1D,missing
spar_fire_2025,SPAR/BTC fire,industrial_fire,2025-12-17T00:00:00Z,2025-12-18T00:00:00Z,17,SI043,Goriška,NO2,,,,,210,210,0,µmol/m²,Sentinel Hub Statistical API / Sentinel-5P,P1D,missing
spar_fire_2025,SPAR/BTC fire,industrial_fire,2025-12-18T00:00:00Z,2025-12-19T00:00:00Z,18,SI043,Goriška,NO2,27.60195775408647,19.899613107554615,31.537740142084658,4.752249849216878,210,206,4,µmol/m²,Sentinel Hub Statistical API / Sentinel-5P,P1D,partial
spar_fire_2025,SPAR/BTC fire,industrial_fire,2025-12-19T00:00:00Z,2025-12-20T00:00:00Z,19,SI043,Goriška,NO2,27.290051741843808,13.271187526697759,43.13842873671092,7.188157017287911,210,163,47,µmol/m²,Sentinel Hub Statistical API / Sentinel-5P,P1D,partial
spar_fire_2025,SPAR/BTC fire,industrial_fire,2025-12-20T00:00:00Z,2025-12-21T00:00:00Z,20,SI043,Goriška,NO2,41.89155574003145,9.464310096518602,81.00259583443403,19.26299572465767,210,76,134,µmol/m²,Sentinel Hub Statistical API / Sentinel-5P,P1D,good
spar_fire_2025,SPAR/BTC fire,industrial_fire,2025-12-21T00:00:00Z,2025-12-22T00:00:00Z,21,SI043,Goriška,NO2,30.379032402875858,-18.229051420348696,70.99765934981406,15.584162520957987,210,101,109,µmol/m²,Sentinel Hub Statistical API / Sentinel-5P,P1D,good
spar_fire_2025,SPAR/BTC fire,industrial_fire,2025-12-22T00:00:00Z,2025-12-23T00:00:00Z,22,SI043,Goriška,NO2,22.781692422779358,-17.0722596521955,66.43406231887639,16.058219541487844,210,149,61,µmol/m²,Sentinel Hub Statistical API / Sentinel-5P,P1D,partial
spar_fire_2025,SPAR/BTC fire,industrial_fire,2025-12-23T00:00:00Z,2025-12-24T00:00:00Z,23,SI043,Goriška,NO2,,,,,210,210,0,µmol/m²,Sentinel Hub Statistical API / Sentinel-5P,P1D,missing
spar_fire_2025,SPAR/BTC fire,industrial_fire,2025-12-24T00:00:00Z,2025-12-25T00:00:00Z,24,SI043,Goriška,NO2,,,,,210,210,0,µmol/m²,Sentinel Hub Statistical API / Sentinel-5P,P1D,missing
spar_fire_2025,SPAR/BTC fire,industrial_fire,2025-12-25T00:00:00Z,2025-12-26T00:00:00Z,25,SI043,Goriška,NO2,17.33753137350983,7.213361186586553,23.715259885648265,5.898983855698178,210,191,19,µmol/m²,Sentinel Hub Statistical API / Sentinel-5P,P1D,partial
spar_fire_2025,SPAR/BTC fire,industrial_fire,2025-12-26T00:00:00Z,2025-12-27T00:00:00Z,26,SI043,Goriška,NO2,29.587624518092948,1.2600847867361153,68.62108421046287,14.04981726396544,210,106,104,µmol/m²,Sentinel Hub Statistical API / Sentinel-5P,P1D,partial
spar_fire_2025,SPAR/BTC fire,industrial_fire,2025-12-27T00:00:00Z,2025-12-28T00:00:00Z,27,SI043,Goriška,NO2,17.16748153964855,-32.08796260878444,78.13263073330745,17.525563438535134,210,69,141,µmol/m²,Sentinel Hub Statistical API / Sentinel-5P,P1D,good
spar_fire_2025,SPAR/BTC fire,industrial_fire,2025-12-28T00:00:00Z,2025-12-29T00:00:00Z,28,SI043,Goriška,NO2,29.172635197739474,-11.695817192958202,74.01176117127761,17.642928255455956,210,77,133,µmol/m²,Sentinel Hub Statistical API / Sentinel-5P,P1D,good
spar_fire_2025,SPAR/BTC fire,industrial_fire,2025-12-29T00:00:00Z,2025-12-30T00:00:00Z,29,SI043,Goriška,NO2,39.382845779842086,-0.476540265026415,95.36858124192804,22.61830785033913,210,113,97,µmol/m²,Sentinel Hub Statistical API / Sentinel-5P,P1D,partial
spar_fire_2025,SPAR/BTC fire,industrial_fire,2025-12-30T00:00:00Z,2025-12-31T00:00:00Z,30,SI043,Goriška,NO2,44.16769611295955,14.92013871029485,77.988144767005,17.415020349267902,210,94,116,µmol/m²,Sentinel Hub Statistical API / Sentinel-5P,P1D,good
spar_fire_2025,SPAR/BTC fire,industrial_fire,2025-12-31T00:00:00Z,2026-01-01T00:00:00Z,31,SI043,Goriška,NO2,21.893766522396167,-3.178819270033273,65.50524267368019,15.717144881309856,210,98,112,µmol/m²,Sentinel Hub Statistical API / Sentinel-5P,P1D,good
spar_fire_2025,SPAR/BTC fire,industrial_fire,2025-12-01T00:00:00Z,2025-12-02T00:00:00Z,1,SI044,Obalno-kraška,NO2,,,,,99,99,0,µmol/m²,Sentinel Hub Statistical API / Sentinel-5P,P1D,missing
spar_fire_2025,SPAR/BTC fire,industrial_fire,2025-12-02T00:00:00Z,2025-12-03T00:00:00Z,2,SI044,Obalno-kraška,NO2,,,,,99,99,0,µmol/m²,Sentinel Hub Statistical API / Sentinel-5P,P1D,missing
spar_fire_2025,SPAR/BTC fire,industrial_fire,2025-12-03T00:00:00Z,2025-12-04T00:00:00Z,3,SI044,Obalno-kraška,NO2,64.76344103301766,49.55914482707158,78.39091267669573,8.965438747730847,99,82,17,µmol/m²,Sentinel Hub Statistical API / Sentinel-5P,P1D,partial
spar_fire_2025,SPAR/BTC fire,industrial_fire,2025-12-04T00:00:00Z,2025-12-05T00:00:00Z,4,SI044,Obalno-kraška,NO2,,,,,99,99,0,µmol/m²,Sentinel Hub Statistical API / Sentinel-5P,P1D,missing
spar_fire_2025,SPAR/BTC fire,industrial_fire,2025-12-05T00:00:00Z,2025-12-06T00:00:00Z,5,SI044,Obalno-kraška,NO2,,,,,99,99,0,µmol/m²,Sentinel Hub Statistical API / Sentinel-5P,P1D,missing
spar_fire_2025,SPAR/BTC fire,industrial_fire,2025-12-06T00:00:00Z,2025-12-07T00:00:00Z,6,SI044,Obalno-kraška,NO2,83.22050016431605,40.447546780342236,124.01618005242199,19.978984292336875,99,79,20,µmol/m²,Sentinel Hub Statistical API / Sentinel-5P,P1D,partial
spar_fire_2025,SPAR/BTC fire,industrial_fire,2025-12-07T00:00:00Z,2025-12-08T00:00:00Z,7,SI044,Obalno-kraška,NO2,31.659008291171627,-15.827115930733271,74.88007395295426,17.36756824676308,99,49,50,µmol/m²,Sentinel Hub Statistical API / Sentinel-5P,P1D,good
spar_fire_2025,SPAR/BTC fire,industrial_fire,2025-12-08T00:00:00Z,2025-12-09T00:00:00Z,8,SI044,Obalno-kraška,NO2,61.13195677943835,13.18972044828115,127.87875311914831,25.605491100804308,99,21,78,µmol/m²,Sentinel Hub Statistical API / Sentinel-5P,P1D,good
spar_fire_2025,SPAR/BTC fire,industrial_fire,2025-12-09T00:00:00Z,2025-12-10T00:00:00Z,9,SI044,Obalno-kraška,NO2,64.17440109101173,16.838905139593408,124.73989045247436,25.437941016882178,99,21,78,µmol/m²,Sentinel Hub Statistical API / Sentinel-5P,P1D,good
spar_fire_2025,SPAR/BTC fire,industrial_fire,2025-12-10T00:00:00Z,2025-12-11T00:00:00Z,10,SI044,Obalno-kraška,NO2,139.09899592233288,58.503588661551476,237.78571630828083,43.45402629695563,99,71,28,µmol/m²,Sentinel Hub Statistical API / Sentinel-5P,P1D,partial
spar_fire_2025,SPAR/BTC fire,industrial_fire,2025-12-11T00:00:00Z,2025-12-12T00:00:00Z,11,SI044,Obalno-kraška,NO2,73.8225915176679,23.49083479202818,140.33104525879025,25.12267838868309,99,22,77,µmol/m²,Sentinel Hub Statistical API / Sentinel-5P,P1D,good
spar_fire_2025,SPAR/BTC fire,industrial_fire,2025-12-12T00:00:00Z,2025-12-13T00:00:00Z,12,SI044,Obalno-kraška,NO2,59.036598637855306,9.073848559637554,180.2094338927418,31.39413713194045,99,21,78,µmol/m²,Sentinel Hub Statistical API / Sentinel-5P,P1D,good
spar_fire_2025,SPAR/BTC fire,industrial_fire,2025-12-13T00:00:00Z,2025-12-14T00:00:00Z,13,SI044,Obalno-kraška,NO2,43.346946353374406,8.842825081956107,98.7227977020666,18.531822373574347,99,31,68,µmol/m²,Sentinel Hub Statistical API / Sentinel-5P,P1D,good
spar_fire_2025,SPAR/BTC fire,industrial_fire,2025-12-14T00:00:00Z,2025-12-15T00:00:00Z,14,SI044,Obalno-kraška,NO2,54.57102787868978,28.43423862941563,86.99796308064833,14.952366523471163,99,21,78,µmol/m²,Sentinel Hub Statistical API / Sentinel-5P,P1D,good
spar_fire_2025,SPAR/BTC fire,industrial_fire,2025-12-15T00:00:00Z,2025-12-16T00:00:00Z,15,SI044,Obalno-kraška,NO2,52.004190474690404,10.878970897465479,87.49476546654478,18.386326200497358,99,49,50,µmol/m²,Sentinel Hub Statistical API / Sentinel-5P,P1D,good
spar_fire_2025,SPAR/BTC fire,industrial_fire,2025-12-16T00:00:00Z,2025-12-17T00:00:00Z,16,SI044,Obalno-kraška,NO2,,,,,99,99,0,µmol/m²,Sentinel Hub Statistical API / Sentinel-5P,P1D,missing
spar_fire_2025,SPAR/BTC fire,industrial_fire,2025-12-17T00:00:00Z,2025-12-18T00:00:00Z,17,SI044,Obalno-kraška,NO2,,,,,99,99,0,µmol/m²,Sentinel Hub Statistical API / Sentinel-5P,P1D,missing
spar_fire_2025,SPAR/BTC fire,industrial_fire,2025-12-18T00:00:00Z,2025-12-19T00:00:00Z,18,SI044,Obalno-kraška,NO2,,,,,99,99,0,µmol/m²,Sentinel Hub Statistical API / Sentinel-5P,P1D,missing
spar_fire_2025,SPAR/BTC fire,industrial_fire,2025-12-19T00:00:00Z,2025-12-20T00:00:00Z,19,SI044,Obalno-kraška,NO2,,,,,99,99,0,µmol/m²,Sentinel Hub Statistical API / Sentinel-5P,P1D,missing
spar_fire_2025,SPAR/BTC fire,industrial_fire,2025-12-20T00:00:00Z,2025-12-21T00:00:00Z,20,SI044,Obalno-kraška,NO2,60.39531266045133,33.12341868877411,86.72889089211822,14.295820847144144,99,39,60,µmol/m²,Sentinel Hub Statistical API / Sentinel-5P,P1D,good
spar_fire_2025,SPAR/BTC fire,industrial_fire,2025-12-21T00:00:00Z,2025-12-22T00:00:00Z,21,SI044,Obalno-kraška,NO2,41.666460744566464,16.70945312071126,76.99613342992961,14.028659659672071,99,21,78,µmol/m²,Sentinel Hub Statistical API / Sentinel-5P,P1D,good
spar_fire_2025,SPAR/BTC fire,industrial_fire,2025-12-22T00:00:00Z,2025-12-23T00:00:00Z,22,SI044,Obalno-kraška,NO2,26.288335804785113,-16.23366551939398,65.19705493701622,16.341157106490524,99,41,58,µmol/m²,Sentinel Hub Statistical API / Sentinel-5P,P1D,good
spar_fire_2025,SPAR/BTC fire,industrial_fire,2025-12-23T00:00:00Z,2025-12-24T00:00:00Z,23,SI044,Obalno-kraška,NO2,,,,,99,99,0,µmol/m²,Sentinel Hub Statistical API / Sentinel-5P,P1D,missing
spar_fire_2025,SPAR/BTC fire,industrial_fire,2025-12-24T00:00:00Z,2025-12-25T00:00:00Z,24,SI044,Obalno-kraška,NO2,,,,,99,99,0,µmol/m²,Sentinel Hub Statistical API / Sentinel-5P,P1D,missing
spar_fire_2025,SPAR/BTC fire,industrial_fire,2025-12-25T00:00:00Z,2025-12-26T00:00:00Z,25,SI044,Obalno-kraška,NO2,24.2924043461777,-0.2401853578248847,51.748324040090665,14.862803080520374,99,70,29,µmol/m²,Sentinel Hub Statistical API / Sentinel-5P,P1D,partial
spar_fire_2025,SPAR/BTC fire,industrial_fire,2025-12-26T00:00:00Z,2025-12-27T00:00:00Z,26,SI044,Obalno-kraška,NO2,45.913319834451414,25.15757478249725,68.40627611381933,10.13894503367646,99,27,72,µmol/m²,Sentinel Hub Statistical API / Sentinel-5P,P1D,good
spar_fire_2025,SPAR/BTC fire,industrial_fire,2025-12-27T00:00:00Z,2025-12-28T00:00:00Z,27,SI044,Obalno-kraška,NO2,42.21782693874934,-17.135562302428298,121.90216511953622,30.61696451103793,99,21,78,µmol/m²,Sentinel Hub Statistical API / Sentinel-5P,P1D,good
spar_fire_2025,SPAR/BTC fire,industrial_fire,2025-12-28T00:00:00Z,2025-12-29T00:00:00Z,28,SI044,Obalno-kraška,NO2,40.678181573060684,-7.649691724509466,100.99950304720551,19.520350487231482,99,22,77,µmol/m²,Sentinel Hub Statistical API / Sentinel-5P,P1D,good
spar_fire_2025,SPAR/BTC fire,industrial_fire,2025-12-29T00:00:00Z,2025-12-30T00:00:00Z,29,SI044,Obalno-kraška,NO2,57.243999955452246,8.682311090524308,112.8126386902295,23.102731480892047,99,29,70,µmol/m²,Sentinel Hub Statistical API / Sentinel-5P,P1D,good
spar_fire_2025,SPAR/BTC fire,industrial_fire,2025-12-30T00:00:00Z,2025-12-31T00:00:00Z,30,SI044,Obalno-kraška,NO2,52.569513172784355,29.73635128000751,83.38739280588925,13.6883213383736,99,23,76,µmol/m²,Sentinel Hub Statistical API / Sentinel-5P,P1D,good
spar_fire_2025,SPAR/BTC fire,industrial_fire,2025-12-31T00:00:00Z,2026-01-01T00:00:00Z,31,SI044,Obalno-kraška,NO2,45.876287061502524,-1.6540135447939974,84.81300756102428,19.597856953389613,99,22,77,µmol/m²,Sentinel Hub Statistical API / Sentinel-5P,P1D,good
kras_fire_2022,Goriški Kras wildfire,wildfire,2022-07-01T00:00:00Z,2022-07-02T00:00:00Z,1,SI031,Pomurska,NO2,22.596998638707703,2.760613824648317,38.952097384026274,7.0075333998321065,128,46,82,µmol/m²,Sentinel Hub Statistical API / Sentinel-5P,P1D,good
kras_fire_2022,Goriški Kras wildfire,wildfire,2022-07-02T00:00:00Z,2022-07-03T00:00:00Z,2,SI031,Pomurska,NO2,23.763814912920836,3.3618139241298195,45.48260767478496,9.577939999328615,128,46,82,µmol/m²,Sentinel Hub Statistical API / Sentinel-5P,P1D,good
kras_fire_2022,Goriški Kras wildfire,wildfire,2022-07-03T00:00:00Z,2022-07-04T00:00:00Z,3,SI031,Pomurska,NO2,28.309154708395223,6.764592853869544,47.9724767501466,8.95212484041297,128,46,82,µmol/m²,Sentinel Hub Statistical API / Sentinel-5P,P1D,good
kras_fire_2022,Goriški Kras wildfire,wildfire,2022-07-04T00:00:00Z,2022-07-05T00:00:00Z,4,SI031,Pomurska,NO2,37.28000774572137,33.71034836163744,57.72084114141762,7.788026912169142,128,120,8,µmol/m²,Sentinel Hub Statistical API / Sentinel-5P,P1D,partial
kras_fire_2022,Goriški Kras wildfire,wildfire,2022-07-05T00:00:00Z,2022-07-06T00:00:00Z,5,SI031,Pomurska,NO2,29.225045831740964,24.650988052599132,50.46255682827905,8.684104020618172,128,121,7,µmol/m²,Sentinel Hub Statistical API / Sentinel-5P,P1D,partial
kras_fire_2022,Goriški Kras wildfire,wildfire,2022-07-06T00:00:00Z,2022-07-07T00:00:00Z,6,SI031,Pomurska,NO2,20.644487352886436,0.2205649991537939,41.15914271096699,8.313266871237746,128,72,56,µmol/m²,Sentinel Hub Statistical API / Sentinel-5P,P1D,partial
kras_fire_2022,Goriški Kras wildfire,wildfire,2022-07-07T00:00:00Z,2022-07-08T00:00:00Z,7,SI031,Pomurska,NO2,17.013110534337883,4.489880666369572,26.711239115684293,7.506838736140926,128,121,7,µmol/m²,Sentinel Hub Statistical API / Sentinel-5P,P1D,partial
kras_fire_2022,Goriški Kras wildfire,wildfire,2022-07-08T00:00:00Z,2022-07-09T00:00:00Z,8,SI031,Pomurska,NO2,22.436310928242168,-5.263628736429382,43.74358104541898,11.753554302997326,128,112,16,µmol/m²,Sentinel Hub Statistical API / Sentinel-5P,P1D,partial
kras_fire_2022,Goriški Kras wildfire,wildfire,2022-07-09T00:00:00Z,2022-07-10T00:00:00Z,9,SI031,Pomurska,NO2,16.946865097298218,-0.320354189398131,35.39797035045922,8.693671641308004,128,97,31,µmol/m²,Sentinel Hub Statistical API / Sentinel-5P,P1D,partial
kras_fire_2022,Goriški Kras wildfire,wildfire,2022-07-10T00:00:00Z,2022-07-11T00:00:00Z,10,SI031,Pomurska,NO2,24.152328800634372,2.3364768821920734,44.45897138793953,13.061727219344101,128,104,24,µmol/m²,Sentinel Hub Statistical API / Sentinel-5P,P1D,partial
kras_fire_2022,Goriški Kras wildfire,wildfire,2022-07-11T00:00:00Z,2022-07-12T00:00:00Z,11,SI031,Pomurska,NO2,28.085408395045736,-0.7789737992425216,46.988698159111664,11.086952014543344,128,86,42,µmol/m²,Sentinel Hub Statistical API / Sentinel-5P,P1D,partial
kras_fire_2022,Goriški Kras wildfire,wildfire,2022-07-12T00:00:00Z,2022-07-13T00:00:00Z,12,SI031,Pomurska,NO2,25.580419903483488,3.8491889426950365,41.4773567172233,9.223856071914957,128,73,55,µmol/m²,Sentinel Hub Statistical API / Sentinel-5P,P1D,partial
kras_fire_2022,Goriški Kras wildfire,wildfire,2022-07-13T00:00:00Z,2022-07-14T00:00:00Z,13,SI031,Pomurska,NO2,22.73982953123023,-5.798926849820418,44.5253390353173,9.828061220113067,128,46,82,µmol/m²,Sentinel Hub Statistical API / Sentinel-5P,P1D,good
kras_fire_2022,Goriški Kras wildfire,wildfire,2022-07-14T00:00:00Z,2022-07-15T00:00:00Z,14,SI031,Pomurska,NO2,13.315084434193112,-14.678988918603864,36.014243960380554,10.84208999524865,128,61,67,µmol/m²,Sentinel Hub Statistical API / Sentinel-5P,P1D,good
kras_fire_2022,Goriški Kras wildfire,wildfire,2022-07-15T00:00:00Z,2022-07-16T00:00:00Z,15,SI031,Pomurska,NO2,24.26799482577735,3.3803692076617153,36.88078504637815,8.075382505281151,128,88,40,µmol/m²,Sentinel Hub Statistical API / Sentinel-5P,P1D,partial
kras_fire_2022,Goriški Kras wildfire,wildfire,2022-07-16T00:00:00Z,2022-07-17T00:00:00Z,16,SI031,Pomurska,NO2,24.742125398396247,8.182507372112013,38.95762711181305,6.235121532571097,128,51,77,µmol/m²,Sentinel Hub Statistical API / Sentinel-5P,P1D,good
kras_fire_2022,Goriški Kras wildfire,wildfire,2022-07-17T00:00:00Z,2022-07-18T00:00:00Z,17,SI031,Pomurska,NO2,21.575413027415756,0.7687147558499419,40.06364179076627,8.701717965592907,128,46,82,µmol/m²,Sentinel Hub Statistical API / Sentinel-5P,P1D,good
kras_fire_2022,Goriški Kras wildfire,wildfire,2022-07-18T00:00:00Z,2022-07-19T00:00:00Z,18,SI031,Pomurska,NO2,25.83684378317607,6.191010015754728,43.64562119008042,8.461942143805278,128,46,82,µmol/m²,Sentinel Hub Statistical API / Sentinel-5P,P1D,good
kras_fire_2022,Goriški Kras wildfire,wildfire,2022-07-19T00:00:00Z,2022-07-20T00:00:00Z,19,SI031,Pomurska,NO2,21.096571943905097,-2.6937284474115586,37.93144060182385,8.679720307581789,128,46,82,µmol/m²,Sentinel Hub Statistical API / Sentinel-5P,P1D,good
kras_fire_2022,Goriški Kras wildfire,wildfire,2022-07-20T00:00:00Z,2022-07-21T00:00:00Z,20,SI031,Pomurska,NO2,26.7434255009703,8.725583938939963,42.67521944711916,8.636973834310231,128,46,82,µmol/m²,Sentinel Hub Statistical API / Sentinel-5P,P1D,good
kras_fire_2022,Goriški Kras wildfire,wildfire,2022-07-21T00:00:00Z,2022-07-22T00:00:00Z,21,SI031,Pomurska,NO2,20.552615036117135,4.671768238040386,31.907173251966015,6.301325009290519,128,46,82,µmol/m²,Sentinel Hub Statistical API / Sentinel-5P,P1D,good
kras_fire_2022,Goriški Kras wildfire,wildfire,2022-07-22T00:00:00Z,2022-07-23T00:00:00Z,22,SI031,Pomurska,NO2,20.810423149402887,6.6103352764912415,35.54943759809248,7.316136094931662,128,46,82,µmol/m²,Sentinel Hub Statistical API / Sentinel-5P,P1D,good
kras_fire_2022,Goriški Kras wildfire,wildfire,2022-07-23T00:00:00Z,2022-07-24T00:00:00Z,23,SI031,Pomurska,NO2,26.086393806575114,7.653075044800062,43.58151272754185,6.513113889761785,128,46,82,µmol/m²,Sentinel Hub Statistical API / Sentinel-5P,P1D,good
kras_fire_2022,Goriški Kras wildfire,wildfire,2022-07-24T00:00:00Z,2022-07-25T00:00:00Z,24,SI031,Pomurska,NO2,27.979006930157382,7.119095243979245,47.50863809022121,8.698463223798303,128,53,75,µmol/m²,Sentinel Hub Statistical API / Sentinel-5P,P1D,good
kras_fire_2022,Goriški Kras wildfire,wildfire,2022-07-25T00:00:00Z,2022-07-26T00:00:00Z,25,SI031,Pomurska,NO2,30.39210820666419,5.599840733339079,59.03903002035804,10.238021727005487,128,46,82,µmol/m²,Sentinel Hub Statistical API / Sentinel-5P,P1D,good
kras_fire_2022,Goriški Kras wildfire,wildfire,2022-07-26T00:00:00Z,2022-07-27T00:00:00Z,26,SI031,Pomurska,NO2,,,,,128,128,0,µmol/m²,Sentinel Hub Statistical API / Sentinel-5P,P1D,missing
kras_fire_2022,Goriški Kras wildfire,wildfire,2022-07-27T00:00:00Z,2022-07-28T00:00:00Z,27,SI031,Pomurska,NO2,11.43318058893783,11.43318058893783,11.43318058893783,0.0,128,126,2,µmol/m²,Sentinel Hub Statistical API / Sentinel-5P,P1D,partial
kras_fire_2022,Goriški Kras wildfire,wildfire,2022-07-28T00:00:00Z,2022-07-29T00:00:00Z,28,SI031,Pomurska,NO2,27.61924095954405,9.176841558655724,50.332066166447476,7.757478643243665,128,46,82,µmol/m²,Sentinel Hub Statistical API / Sentinel-5P,P1D,good
kras_fire_2022,Goriški Kras wildfire,wildfire,2022-07-29T00:00:00Z,2022-07-30T00:00:00Z,29,SI031,Pomurska,NO2,30.22143152833223,0.3732783397936146,58.69103915756568,10.444641592458,128,48,80,µmol/m²,Sentinel Hub Statistical API / Sentinel-5P,P1D,good
kras_fire_2022,Goriški Kras wildfire,wildfire,2022-07-30T00:00:00Z,2022-07-31T00:00:00Z,30,SI031,Pomurska,NO2,,,,,128,128,0,µmol/m²,Sentinel Hub Statistical API / Sentinel-5P,P1D,missing
kras_fire_2022,Goriški Kras wildfire,wildfire,2022-07-31T00:00:00Z,2022-08-01T00:00:00Z,31,SI031,Pomurska,NO2,24.258507272117466,11.871118658746127,44.61507705855183,7.804696610484622,128,51,77,µmol/m²,Sentinel Hub Statistical API / Sentinel-5P,P1D,good
kras_fire_2022,Goriški Kras wildfire,wildfire,2022-07-01T00:00:00Z,2022-07-02T00:00:00Z,1,SI032,Podravska,NO2,24.284042993372164,-6.147320164018311,46.0196788480971,7.970390566954415,180,52,128,µmol/m²,Sentinel Hub Statistical API / Sentinel-5P,P1D,good
kras_fire_2022,Goriški Kras wildfire,wildfire,2022-07-02T00:00:00Z,2022-07-03T00:00:00Z,2,SI032,Podravska,NO2,23.69457897638305,-2.1993844256940065,49.692029278958216,9.724788675732487,180,61,119,µmol/m²,Sentinel Hub Statistical API / Sentinel-5P,P1D,good
kras_fire_2022,Goriški Kras wildfire,wildfire,2022-07-03T00:00:00Z,2022-07-04T00:00:00Z,3,SI032,Podravska,NO2,24.486160217662697,2.1321334315871354,47.961584641598165,9.76992759160835,180,52,128,µmol/m²,Sentinel Hub Statistical API / Sentinel-5P,P1D,good
kras_fire_2022,Goriški Kras wildfire,wildfire,2022-07-04T00:00:00Z,2022-07-05T00:00:00Z,4,SI032,Podravska,NO2,32.838730627797005,13.364910955715459,57.046414440264925,10.758838781271761,180,132,48,µmol/m²,Sentinel Hub Statistical API / Sentinel-5P,P1D,partial
kras_fire_2022,Goriški Kras wildfire,wildfire,2022-07-05T00:00:00Z,2022-07-06T00:00:00Z,5,SI032,Podravska,NO2,25.777254332722567,7.998102773854043,41.585753933759406,10.92649832605046,180,149,31,µmol/m²,Sentinel Hub Statistical API / Sentinel-5P,P1D,partial
kras_fire_2022,Goriški Kras wildfire,wildfire,2022-07-06T00:00:00Z,2022-07-07T00:00:00Z,6,SI032,Podravska,NO2,21.90689183976247,1.5500731933570933,55.857984989415854,8.11954360089225,180,100,80,µmol/m²,Sentinel Hub Statistical API / Sentinel-5P,P1D,partial
kras_fire_2022,Goriški Kras wildfire,wildfire,2022-07-07T00:00:00Z,2022-07-08T00:00:00Z,7,SI032,Podravska,NO2,6.029049984590529,-7.84796429798007,21.435900634969585,9.176101385969625,180,172,8,µmol/m²,Sentinel Hub Statistical API / Sentinel-5P,P1D,partial
kras_fire_2022,Goriški Kras wildfire,wildfire,2022-07-08T00:00:00Z,2022-07-09T00:00:00Z,8,SI032,Podravska,NO2,23.97801600797239,3.9000692595436703,49.658483476378024,14.623133517643668,180,163,17,µmol/m²,Sentinel Hub Statistical API / Sentinel-5P,P1D,partial
kras_fire_2022,Goriški Kras wildfire,wildfire,2022-07-09T00:00:00Z,2022-07-10T00:00:00Z,9,SI032,Podravska,NO2,,,,,180,180,0,µmol/m²,Sentinel Hub Statistical API / Sentinel-5P,P1D,missing
kras_fire_2022,Goriški Kras wildfire,wildfire,2022-07-10T00:00:00Z,2022-07-11T00:00:00Z,10,SI032,Podravska,NO2,23.45488666530097,5.770916231995216,36.12773434724659,9.848022869028599,180,150,30,µmol/m²,Sentinel Hub Statistical API / Sentinel-5P,P1D,partial
kras_fire_2022,Goriški Kras wildfire,wildfire,2022-07-11T00:00:00Z,2022-07-12T00:00:00Z,11,SI032,Podravska,NO2,25.883356465783436,11.187802556378301,52.10707240621559,9.00011472564825,180,140,40,µmol/m²,Sentinel Hub Statistical API / Sentinel-5P,P1D,partial
kras_fire_2022,Goriški Kras wildfire,wildfire,2022-07-12T00:00:00Z,2022-07-13T00:00:00Z,12,SI032,Podravska,NO2,23.816233882219727,13.531501281249803,38.17384640569799,7.925953697460817,180,168,12,µmol/m²,Sentinel Hub Statistical API / Sentinel-5P,P1D,partial
kras_fire_2022,Goriški Kras wildfire,wildfire,2022-07-13T00:00:00Z,2022-07-14T00:00:00Z,13,SI032,Podravska,NO2,25.366269881033077,3.1765434869157616,56.10339212580584,10.105224316057912,180,52,128,µmol/m²,Sentinel Hub Statistical API / Sentinel-5P,P1D,good
kras_fire_2022,Goriški Kras wildfire,wildfire,2022-07-14T00:00:00Z,2022-07-15T00:00:00Z,14,SI032,Podravska,NO2,4.644648181139333,-22.188405637280084,26.522535335971043,12.868596529532198,180,154,26,µmol/m²,Sentinel Hub Statistical API / Sentinel-5P,P1D,partial
kras_fire_2022,Goriški Kras wildfire,wildfire,2022-07-15T00:00:00Z,2022-07-16T00:00:00Z,15,SI032,Podravska,NO2,23.79534173431283,3.3803692076617153,36.0677222488448,7.281511086151976,180,98,82,µmol/m²,Sentinel Hub Statistical API / Sentinel-5P,P1D,partial
kras_fire_2022,Goriški Kras wildfire,wildfire,2022-07-16T00:00:00Z,2022-07-17T00:00:00Z,16,SI032,Podravska,NO2,21.270849356369595,5.865854291187134,42.19712354824878,7.7734022538216925,180,60,120,µmol/m²,Sentinel Hub Statistical API / Sentinel-5P,P1D,good
kras_fire_2022,Goriški Kras wildfire,wildfire,2022-07-17T00:00:00Z,2022-07-18T00:00:00Z,17,SI032,Podravska,NO2,18.9997785132734,-3.2046582418843172,40.06364179076627,8.819834297730397,180,52,128,µmol/m²,Sentinel Hub Statistical API / Sentinel-5P,P1D,good
kras_fire_2022,Goriški Kras wildfire,wildfire,2022-07-18T00:00:00Z,2022-07-19T00:00:00Z,18,SI032,Podravska,NO2,22.860621956826648,-11.925901162612718,48.53355494560674,11.090194462284522,180,54,126,µmol/m²,Sentinel Hub Statistical API / Sentinel-5P,P1D,good
kras_fire_2022,Goriški Kras wildfire,wildfire,2022-07-19T00:00:00Z,2022-07-20T00:00:00Z,19,SI032,Podravska,NO2,21.706872940896464,0.5501503892446635,54.645035561406985,9.963571791467979,180,52,128,µmol/m²,Sentinel Hub Statistical API / Sentinel-5P,P1D,good
kras_fire_2022,Goriški Kras wildfire,wildfire,2022-07-20T00:00:00Z,2022-07-21T00:00:00Z,20,SI032,Podravska,NO2,23.857575108365843,4.745060323330108,47.55603731609881,8.580116949321885,180,52,128,µmol/m²,Sentinel Hub Statistical API / Sentinel-5P,P1D,good
kras_fire_2022,Goriški Kras wildfire,wildfire,2022-07-21T00:00:00Z,2022-07-22T00:00:00Z,21,SI032,Podravska,NO2,19.328973827725804,6.260826467041625,29.960610845591873,5.480362897572289,180,52,128,µmol/m²,Sentinel Hub Statistical API / Sentinel-5P,P1D,good
kras_fire_2022,Goriški Kras wildfire,wildfire,2022-07-22T00:00:00Z,2022-07-23T00:00:00Z,22,SI032,Podravska,NO2,19.88267449881675,2.1134335383976577,38.84963007294573,6.693250310045478,180,52,128,µmol/m²,Sentinel Hub Statistical API / Sentinel-5P,P1D,good
kras_fire_2022,Goriški Kras wildfire,wildfire,2022-07-23T00:00:00Z,2022-07-24T00:00:00Z,23,SI032,Podravska,NO2,26.201588152765854,3.3184601306857076,53.93082756199874,9.331907347135926,180,58,122,µmol/m²,Sentinel Hub Statistical API / Sentinel-5P,P1D,good
kras_fire_2022,Goriški Kras wildfire,wildfire,2022-07-24T00:00:00Z,2022-07-25T00:00:00Z,24,SI032,Podravska,NO2,27.506159148577517,-1.5431386373165878,47.28462954517454,9.753701412212964,180,70,110,µmol/m²,Sentinel Hub Statistical API / Sentinel-5P,P1D,good
kras_fire_2022,Goriški Kras wildfire,wildfire,2022-07-25T00:00:00Z,2022-07-26T00:00:00Z,25,SI032,Podravska,NO2,24.22836084459799,8.040110515139531,35.93891960917972,10.268233074835901,180,163,17,µmol/m²,Sentinel Hub Statistical API / Sentinel-5P,P1D,partial
kras_fire_2022,Goriški Kras wildfire,wildfire,2022-07-26T00:00:00Z,2022-07-27T00:00:00Z,26,SI032,Podravska,NO2,,,,,180,180,0,µmol/m²,Sentinel Hub Statistical API / Sentinel-5P,P1D,missing
kras_fire_2022,Goriški Kras wildfire,wildfire,2022-07-27T00:00:00Z,2022-07-28T00:00:00Z,27,SI032,Podravska,NO2,23.168675801975443,12.508236068242695,47.85999408341013,8.812990172012213,180,153,27,µmol/m²,Sentinel Hub Statistical API / Sentinel-5P,P1D,partial
kras_fire_2022,Goriški Kras wildfire,wildfire,2022-07-28T00:00:00Z,2022-07-29T00:00:00Z,28,SI032,Podravska,NO2,27.403541157077093,8.73584758664947,47.539619117742404,8.193511722345095,180,90,90,µmol/m²,Sentinel Hub Statistical API / Sentinel-5P,P1D,good
kras_fire_2022,Goriški Kras wildfire,wildfire,2022-07-29T00:00:00Z,2022-07-30T00:00:00Z,29,SI032,Podravska,NO2,36.32955291845131,6.366997240547789,60.26635310263373,11.295034934193646,180,72,108,µmol/m²,Sentinel Hub Statistical API / Sentinel-5P,P1D,good
kras_fire_2022,Goriški Kras wildfire,wildfire,2022-07-30T00:00:00Z,2022-07-31T00:00:00Z,30,SI032,Podravska,NO2,,,,,180,180,0,µmol/m²,Sentinel Hub Statistical API / Sentinel-5P,P1D,missing
kras_fire_2022,Goriški Kras wildfire,wildfire,2022-07-31T00:00:00Z,2022-08-01T00:00:00Z,31,SI032,Podravska,NO2,26.643327940509543,7.661055860808119,49.66461347066797,9.39005132467099,180,109,71,µmol/m²,Sentinel Hub Statistical API / Sentinel-5P,P1D,partial
kras_fire_2022,Goriški Kras wildfire,wildfire,2022-07-01T00:00:00Z,2022-07-02T00:00:00Z,1,SI033,Koroška,NO2,26.29019621736006,3.185385594406398,44.54094232642092,7.676418713888898,75,19,56,µmol/m²,Sentinel Hub Statistical API / Sentinel-5P,P1D,good
kras_fire_2022,Goriški Kras wildfire,wildfire,2022-07-02T00:00:00Z,2022-07-03T00:00:00Z,2,SI033,Koroška,NO2,17.12729628153747,-1.1718706218744046,41.80375253781676,8.922357645141881,75,22,53,µmol/m²,Sentinel Hub Statistical API / Sentinel-5P,P1D,good
kras_fire_2022,Goriški Kras wildfire,wildfire,2022-07-03T00:00:00Z,2022-07-04T00:00:00Z,3,SI033,Koroška,NO2,18.85075694305777,0.8315320201290888,45.37993299891241,9.240886858869311,75,16,59,µmol/m²,Sentinel Hub Statistical API / Sentinel-5P,P1D,good
kras_fire_2022,Goriški Kras wildfire,wildfire,2022-07-04T00:00:00Z,2022-07-05T00:00:00Z,4,SI033,Koroška,NO2,30.08917650257227,12.457748198357876,52.47122680884786,11.90702626734337,75,29,46,µmol/m²,Sentinel Hub Statistical API / Sentinel-5P,P1D,good
kras_fire_2022,Goriški Kras wildfire,wildfire,2022-07-05T00:00:00Z,2022-07-06T00:00:00Z,5,SI033,Koroška,NO2,18.161397364517477,6.617313374590594,41.24612678424455,7.64940944176377,75,56,19,µmol/m²,Sentinel Hub Statistical API / Sentinel-5P,P1D,partial
kras_fire_2022,Goriški Kras wildfire,wildfire,2022-07-06T00:00:00Z,2022-07-07T00:00:00Z,6,SI033,Koroška,NO2,16.088628903313904,-0.13915877161707613,28.507254683063366,8.897114079692216,75,60,15,µmol/m²,Sentinel Hub Statistical API / Sentinel-5P,P1D,partial
kras_fire_2022,Goriški Kras wildfire,wildfire,2022-07-07T00:00:00Z,2022-07-08T00:00:00Z,7,SI033,Koroška,NO2,,,,,75,75,0,µmol/m²,Sentinel Hub Statistical API / Sentinel-5P,P1D,missing
kras_fire_2022,Goriški Kras wildfire,wildfire,2022-07-08T00:00:00Z,2022-07-09T00:00:00Z,8,SI033,Koroška,NO2,22.169451536401223,-4.0391892071056645,47.613983042538166,14.125437183653121,75,46,29,µmol/m²,Sentinel Hub Statistical API / Sentinel-5P,P1D,partial
kras_fire_2022,Goriški Kras wildfire,wildfire,2022-07-09T00:00:00Z,2022-07-10T00:00:00Z,9,SI033,Koroška,NO2,,,,,75,75,0,µmol/m²,Sentinel Hub Statistical API / Sentinel-5P,P1D,missing
kras_fire_2022,Goriški Kras wildfire,wildfire,2022-07-10T00:00:00Z,2022-07-11T00:00:00Z,10,SI033,Koroška,NO2,,,,,75,75,0,µmol/m²,Sentinel Hub Statistical API / Sentinel-5P,P1D,missing
kras_fire_2022,Goriški Kras wildfire,wildfire,2022-07-11T00:00:00Z,2022-07-12T00:00:00Z,11,SI033,Koroška,NO2,24.343326610202592,23.213033273350447,26.603913283906877,1.598476166436242,75,72,3,µmol/m²,Sentinel Hub Statistical API / Sentinel-5P,P1D,partial
kras_fire_2022,Goriški Kras wildfire,wildfire,2022-07-12T00:00:00Z,2022-07-13T00:00:00Z,12,SI033,Koroška,NO2,,,,,75,75,0,µmol/m²,Sentinel Hub Statistical API / Sentinel-5P,P1D,missing
kras_fire_2022,Goriški Kras wildfire,wildfire,2022-07-13T00:00:00Z,2022-07-14T00:00:00Z,13,SI033,Koroška,NO2,20.385237545362266,-8.218483344535343,53.154675697442144,13.431006376107973,75,16,59,µmol/m²,Sentinel Hub Statistical API / Sentinel-5P,P1D,good
kras_fire_2022,Goriški Kras wildfire,wildfire,2022-07-14T00:00:00Z,2022-07-15T00:00:00Z,14,SI033,Koroška,NO2,,,,,75,75,0,µmol/m²,Sentinel Hub Statistical API / Sentinel-5P,P1D,missing
kras_fire_2022,Goriški Kras wildfire,wildfire,2022-07-15T00:00:00Z,2022-07-16T00:00:00Z,15,SI033,Koroška,NO2,,,,,75,75,0,µmol/m²,Sentinel Hub Statistical API / Sentinel-5P,P1D,missing
kras_fire_2022,Goriški Kras wildfire,wildfire,2022-07-16T00:00:00Z,2022-07-17T00:00:00Z,16,SI033,Koroška,NO2,19.68841335205386,4.796169378096238,39.676204323768616,9.239734772158624,75,29,46,µmol/m²,Sentinel Hub Statistical API / Sentinel-5P,P1D,good
kras_fire_2022,Goriški Kras wildfire,wildfire,2022-07-17T00:00:00Z,2022-07-18T00:00:00Z,17,SI033,Koroška,NO2,20.86081598409399,-1.162480998573301,38.80016811308451,9.171814587346184,75,16,59,µmol/m²,Sentinel Hub Statistical API / Sentinel-5P,P1D,good
kras_fire_2022,Goriški Kras wildfire,wildfire,2022-07-18T00:00:00Z,2022-07-19T00:00:00Z,18,SI033,Koroška,NO2,15.829410855582067,-8.007605174498167,42.73775266483426,12.850136702208276,75,26,49,µmol/m²,Sentinel Hub Statistical API / Sentinel-5P,P1D,good
kras_fire_2022,Goriški Kras wildfire,wildfire,2022-07-19T00:00:00Z,2022-07-20T00:00:00Z,19,SI033,Koroška,NO2,12.548536213624423,-12.391780728648882,36.39717397163622,11.66204499637038,75,17,58,µmol/m²,Sentinel Hub Statistical API / Sentinel-5P,P1D,good
kras_fire_2022,Goriški Kras wildfire,wildfire,2022-07-20T00:00:00Z,2022-07-21T00:00:00Z,20,SI033,Koroška,NO2,21.797548423958272,4.745060323330108,38.695299735991284,7.237697924377909,75,16,59,µmol/m²,Sentinel Hub Statistical API / Sentinel-5P,P1D,good
kras_fire_2022,Goriški Kras wildfire,wildfire,2022-07-21T00:00:00Z,2022-07-22T00:00:00Z,21,SI033,Koroška,NO2,15.754004272235704,4.891793196293293,30.27162529178895,5.801195664171582,75,16,59,µmol/m²,Sentinel Hub Statistical API / Sentinel-5P,P1D,good
kras_fire_2022,Goriški Kras wildfire,wildfire,2022-07-22T00:00:00Z,2022-07-23T00:00:00Z,22,SI033,Koroška,NO2,19.48930044166462,8.983474799606483,33.847081795101985,5.81864166028893,75,22,53,µmol/m²,Sentinel Hub Statistical API / Sentinel-5P,P1D,good
kras_fire_2022,Goriški Kras wildfire,wildfire,2022-07-23T00:00:00Z,2022-07-24T00:00:00Z,23,SI033,Koroška,NO2,17.89983747568369,0.32243269743048586,35.97949034883641,8.073377949375892,75,21,54,µmol/m²,Sentinel Hub Statistical API / Sentinel-5P,P1D,good
kras_fire_2022,Goriški Kras wildfire,wildfire,2022-07-24T00:00:00Z,2022-07-25T00:00:00Z,24,SI033,Koroška,NO2,19.54122295241437,6.440424840548076,32.90662061772309,8.367691165568992,75,54,21,µmol/m²,Sentinel Hub Statistical API / Sentinel-5P,P1D,partial
kras_fire_2022,Goriški Kras wildfire,wildfire,2022-07-25T00:00:00Z,2022-07-26T00:00:00Z,25,SI033,Koroška,NO2,26.993795846205366,9.48018077906454,41.46142237004824,7.764736454818338,75,19,56,µmol/m²,Sentinel Hub Statistical API / Sentinel-5P,P1D,good
kras_fire_2022,Goriški Kras wildfire,wildfire,2022-07-26T00:00:00Z,2022-07-27T00:00:00Z,26,SI033,Koroška,NO2,24.607458313270897,10.319899047317449,38.84418401867151,9.74633153584439,75,64,11,µmol/m²,Sentinel Hub Statistical API / Sentinel-5P,P1D,partial
kras_fire_2022,Goriški Kras wildfire,wildfire,2022-07-27T00:00:00Z,2022-07-28T00:00:00Z,27,SI033,Koroška,NO2,,,,,75,75,0,µmol/m²,Sentinel Hub Statistical API / Sentinel-5P,P1D,missing
kras_fire_2022,Goriški Kras wildfire,wildfire,2022-07-28T00:00:00Z,2022-07-29T00:00:00Z,28,SI033,Koroška,NO2,15.79541822138708,15.79541822138708,15.79541822138708,0.0,75,74,1,µmol/m²,Sentinel Hub Statistical API / Sentinel-5P,P1D,partial
kras_fire_2022,Goriški Kras wildfire,wildfire,2022-07-29T00:00:00Z,2022-07-30T00:00:00Z,29,SI033,Koroška,NO2,19.90007035601593,11.492132216517348,28.436370484996587,6.267342140175518,75,71,4,µmol/m²,Sentinel Hub Statistical API / Sentinel-5P,P1D,partial
kras_fire_2022,Goriški Kras wildfire,wildfire,2022-07-30T00:00:00Z,2022-07-31T00:00:00Z,30,SI033,Koroška,NO2,,,,,75,75,0,µmol/m²,Sentinel Hub Statistical API / Sentinel-5P,P1D,missing
kras_fire_2022,Goriški Kras wildfire,wildfire,2022-07-31T00:00:00Z,2022-08-01T00:00:00Z,31,SI033,Koroška,NO2,29.328413802431896,29.328413802431896,29.328413802431896,0.0,75,72,3,µmol/m²,Sentinel Hub Statistical API / Sentinel-5P,P1D,partial
kras_fire_2022,Goriški Kras wildfire,wildfire,2022-07-01T00:00:00Z,2022-07-02T00:00:00Z,1,SI034,Savinjska,NO2,24.169291621359765,3.185385594406398,43.46962668932974,7.010244617552883,225,89,136,µmol/m²,Sentinel Hub Statistical API / Sentinel-5P,P1D,good
kras_fire_2022,Goriški Kras wildfire,wildfire,2022-07-02T00:00:00Z,2022-07-03T00:00:00Z,2,SI034,Savinjska,NO2,19.899337745053653,-5.223943844612222,51.33280865265988,9.591835935112687,225,98,127,µmol/m²,Sentinel Hub Statistical API / Sentinel-5P,P1D,good
kras_fire_2022,Goriški Kras wildfire,wildfire,2022-07-03T00:00:00Z,2022-07-04T00:00:00Z,3,SI034,Savinjska,NO2,22.425168200849523,-3.1444783417100552,44.80513962334953,9.514023979155763,225,90,135,µmol/m²,Sentinel Hub Statistical API / Sentinel-5P,P1D,good
kras_fire_2022,Goriški Kras wildfire,wildfire,2022-07-04T00:00:00Z,2022-07-05T00:00:00Z,4,SI034,Savinjska,NO2,28.33436331327123,8.499169780407101,52.47122680884786,10.501630653516301,225,127,98,µmol/m²,Sentinel Hub Statistical API / Sentinel-5P,P1D,partial
kras_fire_2022,Goriški Kras wildfire,wildfire,2022-07-05T00:00:00Z,2022-07-06T00:00:00Z,5,SI034,Savinjska,NO2,23.508704321607684,6.617313374590594,37.97103272518143,10.03346080273483,225,180,45,µmol/m²,Sentinel Hub Statistical API / Sentinel-5P,P1D,partial
kras_fire_2022,Goriški Kras wildfire,wildfire,2022-07-06T00:00:00Z,2022-07-07T00:00:00Z,6,SI034,Savinjska,NO2,17.10215809484437,-3.151082864860655,37.46455695363693,8.01371473826408,225,167,58,µmol/m²,Sentinel Hub Statistical API / Sentinel-5P,P1D,partial
kras_fire_2022,Goriški Kras wildfire,wildfire,2022-07-07T00:00:00Z,2022-07-08T00:00:00Z,7,SI034,Savinjska,NO2,14.00389008850929,-4.062061634613201,31.56146703986451,9.658595297144851,225,202,23,µmol/m²,Sentinel Hub Statistical API / Sentinel-5P,P1D,partial
kras_fire_2022,Goriški Kras wildfire,wildfire,2022-07-08T00:00:00Z,2022-07-09T00:00:00Z,8,SI034,Savinjska,NO2,21.8824928619402,-2.287437837367179,38.70949876727536,10.7955752974188,225,190,35,µmol/m²,Sentinel Hub Statistical API / Sentinel-5P,P1D,partial
kras_fire_2022,Goriški Kras wildfire,wildfire,2022-07-09T00:00:00Z,2022-07-10T00:00:00Z,9,SI034,Savinjska,NO2,,,,,225,225,0,µmol/m²,Sentinel Hub Statistical API / Sentinel-5P,P1D,missing
kras_fire_2022,Goriški Kras wildfire,wildfire,2022-07-10T00:00:00Z,2022-07-11T00:00:00Z,10,SI034,Savinjska,NO2,19.82376722610622,11.050204193452373,29.971897674840875,7.756054417488319,225,218,7,µmol/m²,Sentinel Hub Statistical API / Sentinel-5P,P1D,partial
kras_fire_2022,Goriški Kras wildfire,wildfire,2022-07-11T00:00:00Z,2022-07-12T00:00:00Z,11,SI034,Savinjska,NO2,26.986036997792933,18.565700884209946,42.08192331134342,7.233213004848542,225,210,15,µmol/m²,Sentinel Hub Statistical API / Sentinel-5P,P1D,partial
kras_fire_2022,Goriški Kras wildfire,wildfire,2022-07-12T00:00:00Z,2022-07-13T00:00:00Z,12,SI034,Savinjska,NO2,12.362427696643863,12.362427696643863,12.362427696643863,0.0,225,224,1,µmol/m²,Sentinel Hub Statistical API / Sentinel-5P,P1D,partial
kras_fire_2022,Goriški Kras wildfire,wildfire,2022-07-13T00:00:00Z,2022-07-14T00:00:00Z,13,SI034,Savinjska,NO2,21.205171919672562,-11.078291208832525,51.77686034585349,11.525006078849204,225,89,136,µmol/m²,Sentinel Hub Statistical API / Sentinel-5P,P1D,good
kras_fire_2022,Goriški Kras wildfire,wildfire,2022-07-14T00:00:00Z,2022-07-15T00:00:00Z,14,SI034,Savinjska,NO2,7.910437954221138,-9.491900527791586,36.10590647440404,13.010158708680192,225,194,31,µmol/m²,Sentinel Hub Statistical API / Sentinel-5P,P1D,partial
kras_fire_2022,Goriški Kras wildfire,wildfire,2022-07-15T00:00:00Z,2022-07-16T00:00:00Z,15,SI034,Savinjska,NO2,20.15137336760139,9.398948350280989,33.06852886453271,6.101796774438137,225,177,48,µmol/m²,Sentinel Hub Statistical API / Sentinel-5P,P1D,partial
kras_fire_2022,Goriški Kras wildfire,wildfire,2022-07-16T00:00:00Z,2022-07-17T00:00:00Z,16,SI034,Savinjska,NO2,18.370344290675494,4.480720235733315,31.99416460120119,6.686142739929085,225,108,117,µmol/m²,Sentinel Hub Statistical API / Sentinel-5P,P1D,good
kras_fire_2022,Goriški Kras wildfire,wildfire,2022-07-17T00:00:00Z,2022-07-18T00:00:00Z,17,SI034,Savinjska,NO2,22.78072878382127,-4.177331447863253,46.26365262083709,9.41718669900671,225,94,131,µmol/m²,Sentinel Hub Statistical API / Sentinel-5P,P1D,good
kras_fire_2022,Goriški Kras wildfire,wildfire,2022-07-18T00:00:00Z,2022-07-19T00:00:00Z,18,SI034,Savinjska,NO2,17.50466490152245,-12.381495253066532,46.243396354839206,11.991861246925087,225,101,124,µmol/m²,Sentinel Hub Statistical API / Sentinel-5P,P1D,good
kras_fire_2022,Goriški Kras wildfire,wildfire,2022-07-19T00:00:00Z,2022-07-20T00:00:00Z,19,SI034,Savinjska,NO2,19.010168086076774,-12.391780728648882,42.10549741401337,10.028484833262665,225,89,136,µmol/m²,Sentinel Hub Statistical API / Sentinel-5P,P1D,good
kras_fire_2022,Goriški Kras wildfire,wildfire,2022-07-20T00:00:00Z,2022-07-21T00:00:00Z,20,SI034,Savinjska,NO2,21.64830038964283,1.7940833458851557,47.55603731609881,9.024938111448948,225,89,136,µmol/m²,Sentinel Hub Statistical API / Sentinel-5P,P1D,good
kras_fire_2022,Goriški Kras wildfire,wildfire,2022-07-21T00:00:00Z,2022-07-22T00:00:00Z,21,SI034,Savinjska,NO2,15.671864857037074,-1.1291758710285649,33.65589145687409,8.207719436835976,225,89,136,µmol/m²,Sentinel Hub Statistical API / Sentinel-5P,P1D,good
kras_fire_2022,Goriški Kras wildfire,wildfire,2022-07-22T00:00:00Z,2022-07-23T00:00:00Z,22,SI034,Savinjska,NO2,20.01467419958116,-0.6470777975664532,35.56758019840345,7.279114102313835,225,94,131,µmol/m²,Sentinel Hub Statistical API / Sentinel-5P,P1D,good
kras_fire_2022,Goriški Kras wildfire,wildfire,2022-07-23T00:00:00Z,2022-07-24T00:00:00Z,23,SI034,Savinjska,NO2,18.99068527304883,-9.031552508531604,49.39706195727922,11.014953330017029,225,103,122,µmol/m²,Sentinel Hub Statistical API / Sentinel-5P,P1D,good
kras_fire_2022,Goriški Kras wildfire,wildfire,2022-07-24T00:00:00Z,2022-07-25T00:00:00Z,24,SI034,Savinjska,NO2,22.084105351574845,-5.759279702033382,45.047374442219734,10.178160318217975,225,127,98,µmol/m²,Sentinel Hub Statistical API / Sentinel-5P,P1D,partial
kras_fire_2022,Goriški Kras wildfire,wildfire,2022-07-25T00:00:00Z,2022-07-26T00:00:00Z,25,SI034,Savinjska,NO2,28.573869144565837,7.651742635061964,46.931116230553016,7.64345396414992,225,113,112,µmol/m²,Sentinel Hub Statistical API / Sentinel-5P,P1D,partial
kras_fire_2022,Goriški Kras wildfire,wildfire,2022-07-26T00:00:00Z,2022-07-27T00:00:00Z,26,SI034,Savinjska,NO2,23.39501106689568,10.319899047317449,32.124968129210174,6.3019584129708175,225,205,20,µmol/m²,Sentinel Hub Statistical API / Sentinel-5P,P1D,partial
kras_fire_2022,Goriški Kras wildfire,wildfire,2022-07-27T00:00:00Z,2022-07-28T00:00:00Z,27,SI034,Savinjska,NO2,21.086443439344297,-4.028989678772632,42.15204535285011,9.588632793481711,225,181,44,µmol/m²,Sentinel Hub Statistical API / Sentinel-5P,P1D,partial
kras_fire_2022,Goriški Kras wildfire,wildfire,2022-07-28T00:00:00Z,2022-07-29T00:00:00Z,28,SI034,Savinjska,NO2,23.64750434658274,-1.1277576277279877,68.89896758366376,12.980871099049798,225,184,41,µmol/m²,Sentinel Hub Statistical API / Sentinel-5P,P1D,partial
kras_fire_2022,Goriški Kras wildfire,wildfire,2022-07-29T00:00:00Z,2022-07-30T00:00:00Z,29,SI034,Savinjska,NO2,30.206620353796843,-9.323227459390182,60.51340824342333,13.499584848853162,225,144,81,µmol/m²,Sentinel Hub Statistical API / Sentinel-5P,P1D,partial
kras_fire_2022,Goriški Kras wildfire,wildfire,2022-07-30T00:00:00Z,2022-07-31T00:00:00Z,30,SI034,Savinjska,NO2,,,,,225,225,0,µmol/m²,Sentinel Hub Statistical API / Sentinel-5P,P1D,missing
kras_fire_2022,Goriški Kras wildfire,wildfire,2022-07-31T00:00:00Z,2022-08-01T00:00:00Z,31,SI034,Savinjska,NO2,17.763922109484806,7.347259725065669,32.43791070417501,7.777172016571855,225,190,35,µmol/m²,Sentinel Hub Statistical API / Sentinel-5P,P1D,partial
kras_fire_2022,Goriški Kras wildfire,wildfire,2022-07-01T00:00:00Z,2022-07-02T00:00:00Z,1,SI035,Zasavska,NO2,22.266214961876226,8.720807272766251,42.49071207595989,7.016993144270485,45,10,35,µmol/m²,Sentinel Hub Statistical API / Sentinel-5P,P1D,good
kras_fire_2022,Goriški Kras wildfire,wildfire,2022-07-02T00:00:00Z,2022-07-03T00:00:00Z,2,SI035,Zasavska,NO2,17.71280221873894,-7.279958481376525,40.85926411789842,9.520087156164264,45,14,31,µmol/m²,Sentinel Hub Statistical API / Sentinel-5P,P1D,good
kras_fire_2022,Goriški Kras wildfire,wildfire,2022-07-03T00:00:00Z,2022-07-04T00:00:00Z,3,SI035,Zasavska,NO2,25.278221531672383,-3.1444783417100552,49.97411815566011,12.719421090789805,45,10,35,µmol/m²,Sentinel Hub Statistical API / Sentinel-5P,P1D,good
kras_fire_2022,Goriški Kras wildfire,wildfire,2022-07-04T00:00:00Z,2022-07-05T00:00:00Z,4,SI035,Zasavska,NO2,31.940201221335556,17.221153029822744,39.62320988648571,7.707239266933725,45,23,22,µmol/m²,Sentinel Hub Statistical API / Sentinel-5P,P1D,partial
kras_fire_2022,Goriški Kras wildfire,wildfire,2022-07-05T00:00:00Z,2022-07-06T00:00:00Z,5,SI035,Zasavska,NO2,27.1687713056626,13.333151400729548,47.03284503193572,9.048181033138768,45,18,27,µmol/m²,Sentinel Hub Statistical API / Sentinel-5P,P1D,good
kras_fire_2022,Goriški Kras wildfire,wildfire,2022-07-06T00:00:00Z,2022-07-07T00:00:00Z,6,SI035,Zasavska,NO2,15.321934839107595,-4.25578673457494,31.92145231878385,9.670812390687153,45,29,16,µmol/m²,Sentinel Hub Statistical API / Sentinel-5P,P1D,partial
kras_fire_2022,Goriški Kras wildfire,wildfire,2022-07-07T00:00:00Z,2022-07-08T00:00:00Z,7,SI035,Zasavska,NO2,7.278872089955257,2.366987246205099,12.190756933705416,4.911884843750158,45,43,2,µmol/m²,Sentinel Hub Statistical API / Sentinel-5P,P1D,partial
kras_fire_2022,Goriški Kras wildfire,wildfire,2022-07-08T00:00:00Z,2022-07-09T00:00:00Z,8,SI035,Zasavska,NO2,23.663220358116636,0.5827916425005242,42.442323319846764,11.79379732320853,45,25,20,µmol/m²,Sentinel Hub Statistical API / Sentinel-5P,P1D,partial
kras_fire_2022,Goriški Kras wildfire,wildfire,2022-07-09T00:00:00Z,2022-07-10T00:00:00Z,9,SI035,Zasavska,NO2,23.095048163668253,23.095048163668253,23.095048163668253,0.0,45,43,2,µmol/m²,Sentinel Hub Statistical API / Sentinel-5P,P1D,partial
kras_fire_2022,Goriški Kras wildfire,wildfire,2022-07-10T00:00:00Z,2022-07-11T00:00:00Z,10,SI035,Zasavska,NO2,17.95731189056162,2.5031556560861645,25.369497961946763,8.231107690073824,45,34,11,µmol/m²,Sentinel Hub Statistical API / Sentinel-5P,P1D,partial
kras_fire_2022,Goriški Kras wildfire,wildfire,2022-07-11T00:00:00Z,2022-07-12T00:00:00Z,11,SI035,Zasavska,NO2,20.868693067505344,13.434045285976026,29.472112146322615,5.860117326806741,45,26,19,µmol/m²,Sentinel Hub Statistical API / Sentinel-5P,P1D,partial
kras_fire_2022,Goriški Kras wildfire,wildfire,2022-07-12T00:00:00Z,2022-07-13T00:00:00Z,12,SI035,Zasavska,NO2,15.996749993973935,1.8570182191979256,25.77515442681033,8.33288096328754,45,40,5,µmol/m²,Sentinel Hub Statistical API / Sentinel-5P,P1D,partial
kras_fire_2022,Goriški Kras wildfire,wildfire,2022-07-13T00:00:00Z,2022-07-14T00:00:00Z,13,SI035,Zasavska,NO2,23.089213755156376,-11.078291208832525,47.70641680806875,12.769376730075663,45,10,35,µmol/m²,Sentinel Hub Statistical API / Sentinel-5P,P1D,good
kras_fire_2022,Goriški Kras wildfire,wildfire,2022-07-14T00:00:00Z,2022-07-15T00:00:00Z,14,SI035,Zasavska,NO2,9.45770939324575,-5.191459877096349,36.10590647440404,12.579040314299622,45,35,10,µmol/m²,Sentinel Hub Statistical API / Sentinel-5P,P1D,partial
kras_fire_2022,Goriški Kras wildfire,wildfire,2022-07-15T00:00:00Z,2022-07-16T00:00:00Z,15,SI035,Zasavska,NO2,,,,,45,45,0,µmol/m²,Sentinel Hub Statistical API / Sentinel-5P,P1D,missing
kras_fire_2022,Goriški Kras wildfire,wildfire,2022-07-16T00:00:00Z,2022-07-17T00:00:00Z,16,SI035,Zasavska,NO2,18.201695015055257,9.430027603229973,30.205861548893154,6.1963087354461965,45,10,35,µmol/m²,Sentinel Hub Statistical API / Sentinel-5P,P1D,good
kras_fire_2022,Goriški Kras wildfire,wildfire,2022-07-17T00:00:00Z,2022-07-18T00:00:00Z,17,SI035,Zasavska,NO2,28.225114614802543,15.927054846542887,46.97001713793725,7.9402373469803065,45,10,35,µmol/m²,Sentinel Hub Statistical API / Sentinel-5P,P1D,good
kras_fire_2022,Goriški Kras wildfire,wildfire,2022-07-18T00:00:00Z,2022-07-19T00:00:00Z,18,SI035,Zasavska,NO2,19.430148235447373,-5.668610810971586,34.568125556688756,8.875604096277945,45,10,35,µmol/m²,Sentinel Hub Statistical API / Sentinel-5P,P1D,good
kras_fire_2022,Goriški Kras wildfire,wildfire,2022-07-19T00:00:00Z,2022-07-20T00:00:00Z,19,SI035,Zasavska,NO2,14.434262370092,-7.61353294365108,37.331567000364885,10.377552010984347,45,10,35,µmol/m²,Sentinel Hub Statistical API / Sentinel-5P,P1D,good
kras_fire_2022,Goriški Kras wildfire,wildfire,2022-07-20T00:00:00Z,2022-07-21T00:00:00Z,20,SI035,Zasavska,NO2,20.114611509468105,1.7940833458851557,27.67782461887691,5.3175389213842825,45,10,35,µmol/m²,Sentinel Hub Statistical API / Sentinel-5P,P1D,good
kras_fire_2022,Goriški Kras wildfire,wildfire,2022-07-21T00:00:00Z,2022-07-22T00:00:00Z,21,SI035,Zasavska,NO2,14.69107321879294,-0.6824329830124043,25.463243218837306,5.866553439682083,45,10,35,µmol/m²,Sentinel Hub Statistical API / Sentinel-5P,P1D,good
kras_fire_2022,Goriški Kras wildfire,wildfire,2022-07-22T00:00:00Z,2022-07-23T00:00:00Z,22,SI035,Zasavska,NO2,17.73376929382461,4.65687844553031,32.98891169833951,7.666304304368325,45,10,35,µmol/m²,Sentinel Hub Statistical API / Sentinel-5P,P1D,good
kras_fire_2022,Goriški Kras wildfire,wildfire,2022-07-23T00:00:00Z,2022-07-24T00:00:00Z,23,SI035,Zasavska,NO2,18.096114555581668,4.271851139492355,36.13648732425645,7.633343147394265,45,10,35,µmol/m²,Sentinel Hub Statistical API / Sentinel-5P,P1D,good
kras_fire_2022,Goriški Kras wildfire,wildfire,2022-07-24T00:00:00Z,2022-07-25T00:00:00Z,24,SI035,Zasavska,NO2,17.300361657817117,0.2854379772543325,46.1215568066109,10.09775047829186,45,20,25,µmol/m²,Sentinel Hub Statistical API / Sentinel-5P,P1D,good
kras_fire_2022,Goriški Kras wildfire,wildfire,2022-07-25T00:00:00Z,2022-07-26T00:00:00Z,25,SI035,Zasavska,NO2,29.296439762609744,14.161953004077077,43.512118281796575,8.51954763224871,45,10,35,µmol/m²,Sentinel Hub Statistical API / Sentinel-5P,P1D,good
kras_fire_2022,Goriški Kras wildfire,wildfire,2022-07-26T00:00:00Z,2022-07-27T00:00:00Z,26,SI035,Zasavska,NO2,,,,,45,45,0,µmol/m²,Sentinel Hub Statistical API / Sentinel-5P,P1D,missing
kras_fire_2022,Goriški Kras wildfire,wildfire,2022-07-27T00:00:00Z,2022-07-28T00:00:00Z,27,SI035,Zasavska,NO2,20.10158459597733,20.10158459597733,20.10158459597733,0.0,45,44,1,µmol/m²,Sentinel Hub Statistical API / Sentinel-5P,P1D,partial
kras_fire_2022,Goriški Kras wildfire,wildfire,2022-07-28T00:00:00Z,2022-07-29T00:00:00Z,28,SI035,Zasavska,NO2,25.643856133683585,13.033379218541086,37.96097735175863,10.178763197512394,45,42,3,µmol/m²,Sentinel Hub Statistical API / Sentinel-5P,P1D,partial
kras_fire_2022,Goriški Kras wildfire,wildfire,2022-07-29T00:00:00Z,2022-07-30T00:00:00Z,29,SI035,Zasavska,NO2,21.343380000934275,-0.596182530898659,55.17156751011498,12.795083159091197,45,16,29,µmol/m²,Sentinel Hub Statistical API / Sentinel-5P,P1D,good
kras_fire_2022,Goriški Kras wildfire,wildfire,2022-07-30T00:00:00Z,2022-07-31T00:00:00Z,30,SI035,Zasavska,NO2,,,,,45,45,0,µmol/m²,Sentinel Hub Statistical API / Sentinel-5P,P1D,missing
kras_fire_2022,Goriški Kras wildfire,wildfire,2022-07-31T00:00:00Z,2022-08-01T00:00:00Z,31,SI035,Zasavska,NO2,,,,,45,45,0,µmol/m²,Sentinel Hub Statistical API / Sentinel-5P,P1D,missing
kras_fire_2022,Goriški Kras wildfire,wildfire,2022-07-01T00:00:00Z,2022-07-02T00:00:00Z,1,SI036,Posavska,NO2,22.352974418150183,9.991910701501183,32.77695577708073,6.2727415560431785,78,19,59,µmol/m²,Sentinel Hub Statistical API / Sentinel-5P,P1D,good
kras_fire_2022,Goriški Kras wildfire,wildfire,2022-07-02T00:00:00Z,2022-07-03T00:00:00Z,2,SI036,Posavska,NO2,19.903787110981032,-4.1351649997523054,44.9496837973129,9.308625114481293,78,20,58,µmol/m²,Sentinel Hub Statistical API / Sentinel-5P,P1D,good
kras_fire_2022,Goriški Kras wildfire,wildfire,2022-07-03T00:00:00Z,2022-07-04T00:00:00Z,3,SI036,Posavska,NO2,24.12432905595964,-4.176866241323296,43.92373739392497,9.521050019689941,78,19,59,µmol/m²,Sentinel Hub Statistical API / Sentinel-5P,P1D,good
kras_fire_2022,Goriški Kras wildfire,wildfire,2022-07-04T00:00:00Z,2022-07-05T00:00:00Z,4,SI036,Posavska,NO2,31.406722998574622,6.630338248214684,53.10467167873867,11.274096855849123,78,23,55,µmol/m²,Sentinel Hub Statistical API / Sentinel-5P,P1D,good
kras_fire_2022,Goriški Kras wildfire,wildfire,2022-07-05T00:00:00Z,2022-07-06T00:00:00Z,5,SI036,Posavska,NO2,29.483680312599365,20.167328329989687,49.01987995253876,9.056729582879964,78,63,15,µmol/m²,Sentinel Hub Statistical API / Sentinel-5P,P1D,partial
kras_fire_2022,Goriški Kras wildfire,wildfire,2022-07-06T00:00:00Z,2022-07-07T00:00:00Z,6,SI036,Posavska,NO2,19.946855613542624,-4.349370101408567,52.19483864493668,12.068131253572348,78,34,44,µmol/m²,Sentinel Hub Statistical API / Sentinel-5P,P1D,good
kras_fire_2022,Goriški Kras wildfire,wildfire,2022-07-07T00:00:00Z,2022-07-08T00:00:00Z,7,SI036,Posavska,NO2,19.6130498491382,-1.4309117659649928,38.95558256772347,8.850636333431437,78,33,45,µmol/m²,Sentinel Hub Statistical API / Sentinel-5P,P1D,good
kras_fire_2022,Goriški Kras wildfire,wildfire,2022-07-08T00:00:00Z,2022-07-09T00:00:00Z,8,SI036,Posavska,NO2,28.886894142488018,28.886894142488018,28.886894142488018,0.0,78,77,1,µmol/m²,Sentinel Hub Statistical API / Sentinel-5P,P1D,partial
kras_fire_2022,Goriški Kras wildfire,wildfire,2022-07-09T00:00:00Z,2022-07-10T00:00:00Z,9,SI036,Posavska,NO2,23.81080594204832,18.839595213648863,28.782016670447774,4.9712107283994555,78,72,6,µmol/m²,Sentinel Hub Statistical API / Sentinel-5P,P1D,partial
kras_fire_2022,Goriški Kras wildfire,wildfire,2022-07-10T00:00:00Z,2022-07-11T00:00:00Z,10,SI036,Posavska,NO2,26.791450733126666,9.720874913909938,43.12161763664335,9.605994079197313,78,45,33,µmol/m²,Sentinel Hub Statistical API / Sentinel-5P,P1D,partial
kras_fire_2022,Goriški Kras wildfire,wildfire,2022-07-11T00:00:00Z,2022-07-12T00:00:00Z,11,SI036,Posavska,NO2,21.961253584295797,6.894261332490714,39.32657637051307,8.568830515060254,78,44,34,µmol/m²,Sentinel Hub Statistical API / Sentinel-5P,P1D,partial
kras_fire_2022,Goriški Kras wildfire,wildfire,2022-07-12T00:00:00Z,2022-07-13T00:00:00Z,12,SI036,Posavska,NO2,43.31735544838011,43.31735544838011,43.31735544838011,0.0,78,77,1,µmol/m²,Sentinel Hub Statistical API / Sentinel-5P,P1D,partial
kras_fire_2022,Goriški Kras wildfire,wildfire,2022-07-13T00:00:00Z,2022-07-14T00:00:00Z,13,SI036,Posavska,NO2,19.585626735194744,-0.6136007186796633,39.227008528541774,9.424488319864086,78,19,59,µmol/m²,Sentinel Hub Statistical API / Sentinel-5P,P1D,good
kras_fire_2022,Goriški Kras wildfire,wildfire,2022-07-14T00:00:00Z,2022-07-15T00:00:00Z,14,SI036,Posavska,NO2,12.591356971193413,-22.089818230597302,29.461825761245564,11.224411777573284,78,42,36,µmol/m²,Sentinel Hub Statistical API / Sentinel-5P,P1D,partial
kras_fire_2022,Goriški Kras wildfire,wildfire,2022-07-15T00:00:00Z,2022-07-16T00:00:00Z,15,SI036,Posavska,NO2,23.252511943740373,16.264404621324502,28.78584564314224,3.8946831131192226,78,43,35,µmol/m²,Sentinel Hub Statistical API / Sentinel-5P,P1D,partial
kras_fire_2022,Goriški Kras wildfire,wildfire,2022-07-16T00:00:00Z,2022-07-17T00:00:00Z,16,SI036,Posavska,NO2,15.851736962003532,4.480720235733315,29.347351301112212,5.705034181451098,78,19,59,µmol/m²,Sentinel Hub Statistical API / Sentinel-5P,P1D,good
kras_fire_2022,Goriški Kras wildfire,wildfire,2022-07-17T00:00:00Z,2022-07-18T00:00:00Z,17,SI036,Posavska,NO2,23.69509407583529,10.429991561977658,42.06959420116618,7.933460903564945,78,19,59,µmol/m²,Sentinel Hub Statistical API / Sentinel-5P,P1D,good
kras_fire_2022,Goriški Kras wildfire,wildfire,2022-07-18T00:00:00Z,2022-07-19T00:00:00Z,18,SI036,Posavska,NO2,24.255510172640815,-9.472564670431893,57.73395605501719,13.932718767597756,78,19,59,µmol/m²,Sentinel Hub Statistical API / Sentinel-5P,P1D,good
kras_fire_2022,Goriški Kras wildfire,wildfire,2022-07-19T00:00:00Z,2022-07-20T00:00:00Z,19,SI036,Posavska,NO2,22.97163777164592,-11.272607480350416,51.50958531885408,12.727686210861256,78,19,59,µmol/m²,Sentinel Hub Statistical API / Sentinel-5P,P1D,good
kras_fire_2022,Goriški Kras wildfire,wildfire,2022-07-20T00:00:00Z,2022-07-21T00:00:00Z,20,SI036,Posavska,NO2,24.272626479475964,3.328877028252464,37.02632966451347,7.605885824955306,78,19,59,µmol/m²,Sentinel Hub Statistical API / Sentinel-5P,P1D,good
kras_fire_2022,Goriški Kras wildfire,wildfire,2022-07-21T00:00:00Z,2022-07-22T00:00:00Z,21,SI036,Posavska,NO2,19.029320664215497,8.932090167945717,33.684653317322955,5.531968061147689,78,19,59,µmol/m²,Sentinel Hub Statistical API / Sentinel-5P,P1D,good
kras_fire_2022,Goriški Kras wildfire,wildfire,2022-07-22T00:00:00Z,2022-07-23T00:00:00Z,22,SI036,Posavska,NO2,19.944121157681433,4.67717745777918,40.08683026768267,7.498034246870371,78,19,59,µmol/m²,Sentinel Hub Statistical API / Sentinel-5P,P1D,good
kras_fire_2022,Goriški Kras wildfire,wildfire,2022-07-23T00:00:00Z,2022-07-24T00:00:00Z,23,SI036,Posavska,NO2,15.680468318562859,-4.967426320945378,58.67464278708212,9.678729172429845,78,19,59,µmol/m²,Sentinel Hub Statistical API / Sentinel-5P,P1D,good
kras_fire_2022,Goriški Kras wildfire,wildfire,2022-07-24T00:00:00Z,2022-07-25T00:00:00Z,24,SI036,Posavska,NO2,24.762205890439006,0.9125146220867464,45.047374442219734,10.647896924564531,78,21,57,µmol/m²,Sentinel Hub Statistical API / Sentinel-5P,P1D,good
kras_fire_2022,Goriški Kras wildfire,wildfire,2022-07-25T00:00:00Z,2022-07-26T00:00:00Z,25,SI036,Posavska,NO2,24.325127527938605,8.077073289314285,46.931116230553016,8.03763928707344,78,39,39,µmol/m²,Sentinel Hub Statistical API / Sentinel-5P,P1D,good
kras_fire_2022,Goriški Kras wildfire,wildfire,2022-07-26T00:00:00Z,2022-07-27T00:00:00Z,26,SI036,Posavska,NO2,,,,,78,78,0,µmol/m²,Sentinel Hub Statistical API / Sentinel-5P,P1D,missing
kras_fire_2022,Goriški Kras wildfire,wildfire,2022-07-27T00:00:00Z,2022-07-28T00:00:00Z,27,SI036,Posavska,NO2,23.708311684543357,-4.028989678772632,44.59146657609381,8.853395734369354,78,35,43,µmol/m²,Sentinel Hub Statistical API / Sentinel-5P,P1D,good
kras_fire_2022,Goriški Kras wildfire,wildfire,2022-07-28T00:00:00Z,2022-07-29T00:00:00Z,28,SI036,Posavska,NO2,24.58981965091658,-1.1277576277279877,45.006370783085,10.036554558709737,78,37,41,µmol/m²,Sentinel Hub Statistical API / Sentinel-5P,P1D,good
kras_fire_2022,Goriški Kras wildfire,wildfire,2022-07-29T00:00:00Z,2022-07-30T00:00:00Z,29,SI036,Posavska,NO2,28.734403512918124,9.439473615202587,50.7256445416715,10.846492726319946,78,19,59,µmol/m²,Sentinel Hub Statistical API / Sentinel-5P,P1D,good
kras_fire_2022,Goriški Kras wildfire,wildfire,2022-07-30T00:00:00Z,2022-07-31T00:00:00Z,30,SI036,Posavska,NO2,,,,,78,78,0,µmol/m²,Sentinel Hub Statistical API / Sentinel-5P,P1D,missing
kras_fire_2022,Goriški Kras wildfire,wildfire,2022-07-31T00:00:00Z,2022-08-01T00:00:00Z,31,SI036,Posavska,NO2,20.312185415605196,2.9260954761411995,35.30057074385695,8.61424558218445,78,38,40,µmol/m²,Sentinel Hub Statistical API / Sentinel-5P,P1D,good
kras_fire_2022,Goriški Kras wildfire,wildfire,2022-07-01T00:00:00Z,2022-07-02T00:00:00Z,1,SI037,Jugovzhodna Slovenija,NO2,18.500838398351878,-5.640975359710865,31.021350878290832,7.313879846299627,204,69,135,µmol/m²,Sentinel Hub Statistical API / Sentinel-5P,P1D,good
kras_fire_2022,Goriški Kras wildfire,wildfire,2022-07-02T00:00:00Z,2022-07-03T00:00:00Z,2,SI037,Jugovzhodna Slovenija,NO2,18.539661536663544,-8.389815775444731,48.82703069597483,11.558395159799213,204,75,129,µmol/m²,Sentinel Hub Statistical API / Sentinel-5P,P1D,good
kras_fire_2022,Goriški Kras wildfire,wildfire,2022-07-03T00:00:00Z,2022-07-04T00:00:00Z,3,SI037,Jugovzhodna Slovenija,NO2,23.709464690813586,3.8577122722927015,43.92373739392497,8.632659223024696,204,53,151,µmol/m²,Sentinel Hub Statistical API / Sentinel-5P,P1D,good
kras_fire_2022,Goriški Kras wildfire,wildfire,2022-07-04T00:00:00Z,2022-07-05T00:00:00Z,4,SI037,Jugovzhodna Slovenija,NO2,27.032427796429317,-1.9720594082173193,47.71691237692721,13.69955710858831,204,167,37,µmol/m²,Sentinel Hub Statistical API / Sentinel-5P,P1D,partial
kras_fire_2022,Goriški Kras wildfire,wildfire,2022-07-05T00:00:00Z,2022-07-06T00:00:00Z,5,SI037,Jugovzhodna Slovenija,NO2,25.223071905643202,11.091255146311596,56.148168368963525,11.57100428248462,204,138,66,µmol/m²,Sentinel Hub Statistical API / Sentinel-5P,P1D,partial
kras_fire_2022,Goriški Kras wildfire,wildfire,2022-07-06T00:00:00Z,2022-07-07T00:00:00Z,6,SI037,Jugovzhodna Slovenija,NO2,19.629034325612054,-5.575927843892714,43.878557335119694,12.23739485246691,204,123,81,µmol/m²,Sentinel Hub Statistical API / Sentinel-5P,P1D,partial
kras_fire_2022,Goriški Kras wildfire,wildfire,2022-07-07T00:00:00Z,2022-07-08T00:00:00Z,7,SI037,Jugovzhodna Slovenija,NO2,14.65545946152703,-11.22973844758235,34.48009374551475,9.54675222296285,204,123,81,µmol/m²,Sentinel Hub Statistical API / Sentinel-5P,P1D,partial
kras_fire_2022,Goriški Kras wildfire,wildfire,2022-07-08T00:00:00Z,2022-07-09T00:00:00Z,8,SI037,Jugovzhodna Slovenija,NO2,31.06147560174577,7.722304872004315,42.442323319846764,12.48308118325586,204,199,5,µmol/m²,Sentinel Hub Statistical API / Sentinel-5P,P1D,partial
kras_fire_2022,Goriški Kras wildfire,wildfire,2022-07-09T00:00:00Z,2022-07-10T00:00:00Z,9,SI037,Jugovzhodna Slovenija,NO2,27.99351376347285,4.540048848866718,46.31601404980756,9.247489707593232,204,143,61,µmol/m²,Sentinel Hub Statistical API / Sentinel-5P,P1D,partial
kras_fire_2022,Goriški Kras wildfire,wildfire,2022-07-10T00:00:00Z,2022-07-11T00:00:00Z,10,SI037,Jugovzhodna Slovenija,NO2,26.90167983184272,9.698716894490644,52.00190207688138,9.53335200449019,204,94,110,µmol/m²,Sentinel Hub Statistical API / Sentinel-5P,P1D,good
kras_fire_2022,Goriški Kras wildfire,wildfire,2022-07-11T00:00:00Z,2022-07-12T00:00:00Z,11,SI037,Jugovzhodna Slovenija,NO2,24.24757734316747,1.8877423144658678,53.45877434592694,9.575243020112222,204,109,95,µmol/m²,Sentinel Hub Statistical API / Sentinel-5P,P1D,partial
kras_fire_2022,Goriški Kras wildfire,wildfire,2022-07-12T00:00:00Z,2022-07-13T00:00:00Z,12,SI037,Jugovzhodna Slovenija,NO2,23.53882014683432,-16.3938821060583,65.3166716801934,12.648054231665132,204,121,83,µmol/m²,Sentinel Hub Statistical API / Sentinel-5P,P1D,partial
kras_fire_2022,Goriški Kras wildfire,wildfire,2022-07-13T00:00:00Z,2022-07-14T00:00:00Z,13,SI037,Jugovzhodna Slovenija,NO2,18.483725846979247,-8.754809641686734,51.126287871738896,9.406047811260906,204,53,151,µmol/m²,Sentinel Hub Statistical API / Sentinel-5P,P1D,good
kras_fire_2022,Goriški Kras wildfire,wildfire,2022-07-14T00:00:00Z,2022-07-15T00:00:00Z,14,SI037,Jugovzhodna Slovenija,NO2,17.907584468919897,-17.068514353013597,43.81079997983761,10.256436825777358,204,60,144,µmol/m²,Sentinel Hub Statistical API / Sentinel-5P,P1D,good
kras_fire_2022,Goriški Kras wildfire,wildfire,2022-07-15T00:00:00Z,2022-07-16T00:00:00Z,15,SI037,Jugovzhodna Slovenija,NO2,22.12904355811016,10.035671039076988,44.9406543339137,8.698585765281852,204,150,54,µmol/m²,Sentinel Hub Statistical API / Sentinel-5P,P1D,partial
kras_fire_2022,Goriški Kras wildfire,wildfire,2022-07-16T00:00:00Z,2022-07-17T00:00:00Z,16,SI037,Jugovzhodna Slovenija,NO2,16.693420001898716,-15.987632650649175,50.460323109291494,10.726668826760502,204,71,133,µmol/m²,Sentinel Hub Statistical API / Sentinel-5P,P1D,good
kras_fire_2022,Goriški Kras wildfire,wildfire,2022-07-17T00:00:00Z,2022-07-18T00:00:00Z,17,SI037,Jugovzhodna Slovenija,NO2,22.39275989792222,2.1142634523130255,50.25016798754223,8.737860451260412,204,53,151,µmol/m²,Sentinel Hub Statistical API / Sentinel-5P,P1D,good
kras_fire_2022,Goriški Kras wildfire,wildfire,2022-07-18T00:00:00Z,2022-07-19T00:00:00Z,18,SI037,Jugovzhodna Slovenija,NO2,18.793052502147972,-6.8315930548124015,48.68580072070472,10.51194313682979,204,53,151,µmol/m²,Sentinel Hub Statistical API / Sentinel-5P,P1D,good
kras_fire_2022,Goriški Kras wildfire,wildfire,2022-07-19T00:00:00Z,2022-07-20T00:00:00Z,19,SI037,Jugovzhodna Slovenija,NO2,15.754582242809056,-10.02566386887338,43.57032958068885,11.21369143872717,204,53,151,µmol/m²,Sentinel Hub Statistical API / Sentinel-5P,P1D,good
kras_fire_2022,Goriški Kras wildfire,wildfire,2022-07-20T00:00:00Z,2022-07-21T00:00:00Z,20,SI037,Jugovzhodna Slovenija,NO2,17.807692554680937,0.41897450842043327,33.48736936459318,7.448988564901057,204,53,151,µmol/m²,Sentinel Hub Statistical API / Sentinel-5P,P1D,good
kras_fire_2022,Goriški Kras wildfire,wildfire,2022-07-21T00:00:00Z,2022-07-22T00:00:00Z,21,SI037,Jugovzhodna Slovenija,NO2,13.34473829716377,-7.420912879751995,34.41590888542123,7.006692038323204,204,53,151,µmol/m²,Sentinel Hub Statistical API / Sentinel-5P,P1D,good
kras_fire_2022,Goriški Kras wildfire,wildfire,2022-07-22T00:00:00Z,2022-07-23T00:00:00Z,22,SI037,Jugovzhodna Slovenija,NO2,17.766259984821488,-3.8709104046574794,40.58635749970563,7.543954392411058,204,55,149,µmol/m²,Sentinel Hub Statistical API / Sentinel-5P,P1D,good
kras_fire_2022,Goriški Kras wildfire,wildfire,2022-07-23T00:00:00Z,2022-07-24T00:00:00Z,23,SI037,Jugovzhodna Slovenija,NO2,15.719773829249739,-28.249898605281487,50.405920774210244,12.262890571584803,204,105,99,µmol/m²,Sentinel Hub Statistical API / Sentinel-5P,P1D,partial
kras_fire_2022,Goriški Kras wildfire,wildfire,2022-07-24T00:00:00Z,2022-07-25T00:00:00Z,24,SI037,Jugovzhodna Slovenija,NO2,19.898496928235183,-1.6782671536930138,40.992454160004854,8.207563845030922,204,58,146,µmol/m²,Sentinel Hub Statistical API / Sentinel-5P,P1D,good
kras_fire_2022,Goriški Kras wildfire,wildfire,2022-07-25T00:00:00Z,2022-07-26T00:00:00Z,25,SI037,Jugovzhodna Slovenija,NO2,25.86341599647985,6.025520178809529,49.88643922843039,8.314564283624149,204,73,131,µmol/m²,Sentinel Hub Statistical API / Sentinel-5P,P1D,good
kras_fire_2022,Goriški Kras wildfire,wildfire,2022-07-26T00:00:00Z,2022-07-27T00:00:00Z,26,SI037,Jugovzhodna Slovenija,NO2,,,,,204,204,0,µmol/m²,Sentinel Hub Statistical API / Sentinel-5P,P1D,missing
kras_fire_2022,Goriški Kras wildfire,wildfire,2022-07-27T00:00:00Z,2022-07-28T00:00:00Z,27,SI037,Jugovzhodna Slovenija,NO2,31.357082965162896,23.391126887872815,54.326632380252704,10.443080095867101,204,198,6,µmol/m²,Sentinel Hub Statistical API / Sentinel-5P,P1D,partial
kras_fire_2022,Goriški Kras wildfire,wildfire,2022-07-28T00:00:00Z,2022-07-29T00:00:00Z,28,SI037,Jugovzhodna Slovenija,NO2,25.03866726328853,4.10372604164877,42.7135601057671,8.426305065270775,204,94,110,µmol/m²,Sentinel Hub Statistical API / Sentinel-5P,P1D,good
kras_fire_2022,Goriški Kras wildfire,wildfire,2022-07-29T00:00:00Z,2022-07-30T00:00:00Z,29,SI037,Jugovzhodna Slovenija,NO2,21.7650113741874,-15.753230400150642,48.7283177790232,11.808537722788877,204,105,99,µmol/m²,Sentinel Hub Statistical API / Sentinel-5P,P1D,partial
kras_fire_2022,Goriški Kras wildfire,wildfire,2022-07-30T00:00:00Z,2022-07-31T00:00:00Z,30,SI037,Jugovzhodna Slovenija,NO2,,,,,204,204,0,µmol/m²,Sentinel Hub Statistical API / Sentinel-5P,P1D,missing
kras_fire_2022,Goriški Kras wildfire,wildfire,2022-07-31T00:00:00Z,2022-08-01T00:00:00Z,31,SI037,Jugovzhodna Slovenija,NO2,23.513325132035682,2.9260954761411995,55.20452032214962,13.389557520362947,204,147,57,µmol/m²,Sentinel Hub Statistical API / Sentinel-5P,P1D,partial
kras_fire_2022,Goriški Kras wildfire,wildfire,2022-07-01T00:00:00Z,2022-07-02T00:00:00Z,1,SI038,Primorsko-notranjska,NO2,15.35840112947498,-11.32024044636637,39.414855564245954,7.869503627568079,88,19,69,µmol/m²,Sentinel Hub Statistical API / Sentinel-5P,P1D,good
kras_fire_2022,Goriški Kras wildfire,wildfire,2022-07-02T00:00:00Z,2022-07-03T00:00:00Z,2,SI038,Primorsko-notranjska,NO2,15.788539088557176,-10.08742310659727,45.137261622585356,11.03445349955983,88,7,81,µmol/m²,Sentinel Hub Statistical API / Sentinel-5P,P1D,good
kras_fire_2022,Goriški Kras wildfire,wildfire,2022-07-03T00:00:00Z,2022-07-04T00:00:00Z,3,SI038,Primorsko-notranjska,NO2,23.267535543372677,3.7900365441601025,47.89679587702267,9.125586538211383,88,7,81,µmol/m²,Sentinel Hub Statistical API / Sentinel-5P,P1D,good
kras_fire_2022,Goriški Kras wildfire,wildfire,2022-07-04T00:00:00Z,2022-07-05T00:00:00Z,4,SI038,Primorsko-notranjska,NO2,22.547468688571826,22.547468688571826,22.547468688571826,0.0,88,84,4,µmol/m²,Sentinel Hub Statistical API / Sentinel-5P,P1D,partial
kras_fire_2022,Goriški Kras wildfire,wildfire,2022-07-05T00:00:00Z,2022-07-06T00:00:00Z,5,SI038,Primorsko-notranjska,NO2,25.894946358878062,11.520036423462443,44.160020479466766,8.032548656336946,88,43,45,µmol/m²,Sentinel Hub Statistical API / Sentinel-5P,P1D,good
kras_fire_2022,Goriški Kras wildfire,wildfire,2022-07-06T00:00:00Z,2022-07-07T00:00:00Z,6,SI038,Primorsko-notranjska,NO2,21.982358023892743,-1.1889679853993584,42.4486497649923,10.734743083314402,88,49,39,µmol/m²,Sentinel Hub Statistical API / Sentinel-5P,P1D,partial
kras_fire_2022,Goriški Kras wildfire,wildfire,2022-07-07T00:00:00Z,2022-07-08T00:00:00Z,7,SI038,Primorsko-notranjska,NO2,0.7546544111391995,-10.202875273535028,8.406494089285843,6.7581494659812416,88,83,5,µmol/m²,Sentinel Hub Statistical API / Sentinel-5P,P1D,partial
kras_fire_2022,Goriški Kras wildfire,wildfire,2022-07-08T00:00:00Z,2022-07-09T00:00:00Z,8,SI038,Primorsko-notranjska,NO2,23.78309121316609,16.009089449653402,31.045288778841496,5.173152570560045,88,82,6,µmol/m²,Sentinel Hub Statistical API / Sentinel-5P,P1D,partial
kras_fire_2022,Goriški Kras wildfire,wildfire,2022-07-09T00:00:00Z,2022-07-10T00:00:00Z,9,SI038,Primorsko-notranjska,NO2,22.157247346715145,-3.007843815794331,40.78055280842818,10.505603001851094,88,34,54,µmol/m²,Sentinel Hub Statistical API / Sentinel-5P,P1D,good
kras_fire_2022,Goriški Kras wildfire,wildfire,2022-07-10T00:00:00Z,2022-07-11T00:00:00Z,10,SI038,Primorsko-notranjska,NO2,12.485978643894667,-0.39699133935755526,25.368948627146892,12.882969983252224,88,84,4,µmol/m²,Sentinel Hub Statistical API / Sentinel-5P,P1D,partial
kras_fire_2022,Goriški Kras wildfire,wildfire,2022-07-11T00:00:00Z,2022-07-12T00:00:00Z,11,SI038,Primorsko-notranjska,NO2,26.933416665997353,12.076845450792462,47.18946365755983,12.698416985668693,88,78,10,µmol/m²,Sentinel Hub Statistical API / Sentinel-5P,P1D,partial
kras_fire_2022,Goriški Kras wildfire,wildfire,2022-07-12T00:00:00Z,2022-07-13T00:00:00Z,12,SI038,Primorsko-notranjska,NO2,21.73318359137528,3.7397574033093406,48.52969141211361,9.19550966060491,88,62,26,µmol/m²,Sentinel Hub Statistical API / Sentinel-5P,P1D,partial
kras_fire_2022,Goriški Kras wildfire,wildfire,2022-07-13T00:00:00Z,2022-07-14T00:00:00Z,13,SI038,Primorsko-notranjska,NO2,22.317822559210818,-4.742992132378276,45.61576133710332,10.031654935511318,88,7,81,µmol/m²,Sentinel Hub Statistical API / Sentinel-5P,P1D,good
kras_fire_2022,Goriški Kras wildfire,wildfire,2022-07-14T00:00:00Z,2022-07-15T00:00:00Z,14,SI038,Primorsko-notranjska,NO2,17.045460736191604,-3.3608534977247473,38.61719960696064,9.657504247602075,88,26,62,µmol/m²,Sentinel Hub Statistical API / Sentinel-5P,P1D,good
kras_fire_2022,Goriški Kras wildfire,wildfire,2022-07-15T00:00:00Z,2022-07-16T00:00:00Z,15,SI038,Primorsko-notranjska,NO2,23.644581723112005,5.662572220899165,45.82389010465704,8.933492570070674,88,36,52,µmol/m²,Sentinel Hub Statistical API / Sentinel-5P,P1D,good
kras_fire_2022,Goriški Kras wildfire,wildfire,2022-07-16T00:00:00Z,2022-07-17T00:00:00Z,16,SI038,Primorsko-notranjska,NO2,17.145330407719335,-2.119655164278811,59.412381233414635,13.954436995327576,88,45,43,µmol/m²,Sentinel Hub Statistical API / Sentinel-5P,P1D,partial
kras_fire_2022,Goriški Kras wildfire,wildfire,2022-07-17T00:00:00Z,2022-07-18T00:00:00Z,17,SI038,Primorsko-notranjska,NO2,19.478917208828157,0.9747096783030429,35.70265107555315,8.772228695732373,88,7,81,µmol/m²,Sentinel Hub Statistical API / Sentinel-5P,P1D,good
kras_fire_2022,Goriški Kras wildfire,wildfire,2022-07-18T00:00:00Z,2022-07-19T00:00:00Z,18,SI038,Primorsko-notranjska,NO2,19.254477405687606,2.5259821541112615,46.68791370932013,8.969674520184943,88,9,79,µmol/m²,Sentinel Hub Statistical API / Sentinel-5P,P1D,good
kras_fire_2022,Goriški Kras wildfire,wildfire,2022-07-19T00:00:00Z,2022-07-20T00:00:00Z,19,SI038,Primorsko-notranjska,NO2,15.713704048137535,-10.02566386887338,41.95039582555182,9.91672094749059,88,7,81,µmol/m²,Sentinel Hub Statistical API / Sentinel-5P,P1D,good
kras_fire_2022,Goriški Kras wildfire,wildfire,2022-07-20T00:00:00Z,2022-07-21T00:00:00Z,20,SI038,Primorsko-notranjska,NO2,19.375935568668975,11.124393495265394,31.201489036902785,5.7426958801789025,88,7,81,µmol/m²,Sentinel Hub Statistical API / Sentinel-5P,P1D,good
kras_fire_2022,Goriški Kras wildfire,wildfire,2022-07-21T00:00:00Z,2022-07-22T00:00:00Z,21,SI038,Primorsko-notranjska,NO2,17.989037453552168,-13.322683116712142,40.46250251121819,12.771405114993636,88,32,56,µmol/m²,Sentinel Hub Statistical API / Sentinel-5P,P1D,good
kras_fire_2022,Goriški Kras wildfire,wildfire,2022-07-22T00:00:00Z,2022-07-23T00:00:00Z,22,SI038,Primorsko-notranjska,NO2,18.53842580917192,-7.826580258551985,43.13467798056081,10.999655997872312,88,52,36,µmol/m²,Sentinel Hub Statistical API / Sentinel-5P,P1D,partial
kras_fire_2022,Goriški Kras wildfire,wildfire,2022-07-23T00:00:00Z,2022-07-24T00:00:00Z,23,SI038,Primorsko-notranjska,NO2,15.801235716726147,-19.39114554261323,51.5834653924685,12.338983943491504,88,25,63,µmol/m²,Sentinel Hub Statistical API / Sentinel-5P,P1D,good
kras_fire_2022,Goriški Kras wildfire,wildfire,2022-07-24T00:00:00Z,2022-07-25T00:00:00Z,24,SI038,Primorsko-notranjska,NO2,18.92404493859927,4.602730768965557,41.185769077856094,8.181295275480169,88,11,77,µmol/m²,Sentinel Hub Statistical API / Sentinel-5P,P1D,good
kras_fire_2022,Goriški Kras wildfire,wildfire,2022-07-25T00:00:00Z,2022-07-26T00:00:00Z,25,SI038,Primorsko-notranjska,NO2,38.023671223550664,8.364992936549243,64.67888306360692,11.344384755014557,88,49,39,µmol/m²,Sentinel Hub Statistical API / Sentinel-5P,P1D,partial
kras_fire_2022,Goriški Kras wildfire,wildfire,2022-07-26T00:00:00Z,2022-07-27T00:00:00Z,26,SI038,Primorsko-notranjska,NO2,21.321907844548402,6.450513410527492,35.626464523375034,7.36352213056537,88,19,69,µmol/m²,Sentinel Hub Statistical API / Sentinel-5P,P1D,good
kras_fire_2022,Goriški Kras wildfire,wildfire,2022-07-27T00:00:00Z,2022-07-28T00:00:00Z,27,SI038,Primorsko-notranjska,NO2,,,,,88,88,0,µmol/m²,Sentinel Hub Statistical API / Sentinel-5P,P1D,missing
kras_fire_2022,Goriški Kras wildfire,wildfire,2022-07-28T00:00:00Z,2022-07-29T00:00:00Z,28,SI038,Primorsko-notranjska,NO2,23.943387847996036,1.5535460988758132,42.388070141896605,8.596958740492555,88,16,72,µmol/m²,Sentinel Hub Statistical API / Sentinel-5P,P1D,good
kras_fire_2022,Goriški Kras wildfire,wildfire,2022-07-29T00:00:00Z,2022-07-30T00:00:00Z,29,SI038,Primorsko-notranjska,NO2,25.97462929877699,7.924674719106406,43.97266457090154,11.30388786855919,88,71,17,µmol/m²,Sentinel Hub Statistical API / Sentinel-5P,P1D,partial
kras_fire_2022,Goriški Kras wildfire,wildfire,2022-07-30T00:00:00Z,2022-07-31T00:00:00Z,30,SI038,Primorsko-notranjska,NO2,,,,,88,88,0,µmol/m²,Sentinel Hub Statistical API / Sentinel-5P,P1D,missing
kras_fire_2022,Goriški Kras wildfire,wildfire,2022-07-31T00:00:00Z,2022-08-01T00:00:00Z,31,SI038,Primorsko-notranjska,NO2,34.18967147202542,28.989756174269132,43.35775884101167,6.502290229759942,88,85,3,µmol/m²,Sentinel Hub Statistical API / Sentinel-5P,P1D,partial
kras_fire_2022,Goriški Kras wildfire,wildfire,2022-07-01T00:00:00Z,2022-07-02T00:00:00Z,1,SI041,Osrednjeslovenska,NO2,20.43635309263436,-11.32024044636637,42.94037353247404,10.156975868627544,221,121,100,µmol/m²,Sentinel Hub Statistical API / Sentinel-5P,P1D,partial
kras_fire_2022,Goriški Kras wildfire,wildfire,2022-07-02T00:00:00Z,2022-07-03T00:00:00Z,2,SI041,Osrednjeslovenska,NO2,18.649680423598678,-7.996065505722072,38.60522338072769,9.272920847862228,221,80,141,µmol/m²,Sentinel Hub Statistical API / Sentinel-5P,P1D,good
kras_fire_2022,Goriški Kras wildfire,wildfire,2022-07-03T00:00:00Z,2022-07-04T00:00:00Z,3,SI041,Osrednjeslovenska,NO2,22.791379877099672,0.5543204792957113,49.97411815566011,9.498400028678791,221,76,145,µmol/m²,Sentinel Hub Statistical API / Sentinel-5P,P1D,good
kras_fire_2022,Goriški Kras wildfire,wildfire,2022-07-04T00:00:00Z,2022-07-05T00:00:00Z,4,SI041,Osrednjeslovenska,NO2,21.238446424831636,20.30805808317382,22.04004158556927,0.7852012824528132,221,216,5,µmol/m²,Sentinel Hub Statistical API / Sentinel-5P,P1D,partial
kras_fire_2022,Goriški Kras wildfire,wildfire,2022-07-05T00:00:00Z,2022-07-06T00:00:00Z,5,SI041,Osrednjeslovenska,NO2,19.54917395289782,8.153559974743985,47.03284503193572,8.46079124563559,221,154,67,µmol/m²,Sentinel Hub Statistical API / Sentinel-5P,P1D,partial
kras_fire_2022,Goriški Kras wildfire,wildfire,2022-07-06T00:00:00Z,2022-07-07T00:00:00Z,6,SI041,Osrednjeslovenska,NO2,20.26925775661651,-4.25578673457494,38.20810525212437,9.328370822920624,221,150,71,µmol/m²,Sentinel Hub Statistical API / Sentinel-5P,P1D,partial
kras_fire_2022,Goriški Kras wildfire,wildfire,2022-07-07T00:00:00Z,2022-07-08T00:00:00Z,7,SI041,Osrednjeslovenska,NO2,14.834093766088092,2.366987246205099,27.653813958750106,9.395059923600813,221,215,6,µmol/m²,Sentinel Hub Statistical API / Sentinel-5P,P1D,partial
kras_fire_2022,Goriški Kras wildfire,wildfire,2022-07-08T00:00:00Z,2022-07-09T00:00:00Z,8,SI041,Osrednjeslovenska,NO2,22.908595980197784,-3.866697625198867,52.014289394719526,9.617605105061973,221,165,56,µmol/m²,Sentinel Hub Statistical API / Sentinel-5P,P1D,partial
kras_fire_2022,Goriški Kras wildfire,wildfire,2022-07-09T00:00:00Z,2022-07-10T00:00:00Z,9,SI041,Osrednjeslovenska,NO2,22.58890147762334,8.848509423842188,46.31601404980756,8.461564107829071,221,179,42,µmol/m²,Sentinel Hub Statistical API / Sentinel-5P,P1D,partial
kras_fire_2022,Goriški Kras wildfire,wildfire,2022-07-10T00:00:00Z,2022-07-11T00:00:00Z,10,SI041,Osrednjeslovenska,NO2,20.671332687163883,2.5031556560861645,45.455206418409944,10.725405511255342,221,178,43,µmol/m²,Sentinel Hub Statistical API / Sentinel-5P,P1D,partial
kras_fire_2022,Goriški Kras wildfire,wildfire,2022-07-11T00:00:00Z,2022-07-12T00:00:00Z,11,SI041,Osrednjeslovenska,NO2,25.650442441036816,2.2567428459296934,47.18946365755983,9.192424982478979,221,142,79,µmol/m²,Sentinel Hub Statistical API / Sentinel-5P,P1D,partial
kras_fire_2022,Goriški Kras wildfire,wildfire,2022-07-12T00:00:00Z,2022-07-13T00:00:00Z,12,SI041,Osrednjeslovenska,NO2,23.661230921427347,-5.363875516195549,50.86062446935102,10.386940354609115,221,138,83,µmol/m²,Sentinel Hub Statistical API / Sentinel-5P,P1D,partial
kras_fire_2022,Goriški Kras wildfire,wildfire,2022-07-13T00:00:00Z,2022-07-14T00:00:00Z,13,SI041,Osrednjeslovenska,NO2,23.48415377018056,-5.370038252294762,50.17867079004645,11.192523081878667,221,76,145,µmol/m²,Sentinel Hub Statistical API / Sentinel-5P,P1D,good
kras_fire_2022,Goriški Kras wildfire,wildfire,2022-07-14T00:00:00Z,2022-07-15T00:00:00Z,14,SI041,Osrednjeslovenska,NO2,14.75081275372311,-17.644837498664856,36.63243114715442,10.085938415547727,221,95,126,µmol/m²,Sentinel Hub Statistical API / Sentinel-5P,P1D,good
kras_fire_2022,Goriški Kras wildfire,wildfire,2022-07-15T00:00:00Z,2022-07-16T00:00:00Z,15,SI041,Osrednjeslovenska,NO2,24.300725551886263,14.363335139933042,33.88039840501733,6.1879028239109095,221,182,39,µmol/m²,Sentinel Hub Statistical API / Sentinel-5P,P1D,partial
kras_fire_2022,Goriški Kras wildfire,wildfire,2022-07-16T00:00:00Z,2022-07-17T00:00:00Z,16,SI041,Osrednjeslovenska,NO2,17.66753033440609,1.3542735359806102,50.460323109291494,7.731626762838047,221,85,136,µmol/m²,Sentinel Hub Statistical API / Sentinel-5P,P1D,good
kras_fire_2022,Goriški Kras wildfire,wildfire,2022-07-17T00:00:00Z,2022-07-18T00:00:00Z,17,SI041,Osrednjeslovenska,NO2,23.482941716457574,-4.177331447863253,42.993393435608596,8.624258233923909,221,80,141,µmol/m²,Sentinel Hub Statistical API / Sentinel-5P,P1D,good
kras_fire_2022,Goriški Kras wildfire,wildfire,2022-07-18T00:00:00Z,2022-07-19T00:00:00Z,18,SI041,Osrednjeslovenska,NO2,19.55303464568817,-9.974407475965563,48.53653081227094,10.775620077119232,221,80,141,µmol/m²,Sentinel Hub Statistical API / Sentinel-5P,P1D,good
kras_fire_2022,Goriški Kras wildfire,wildfire,2022-07-19T00:00:00Z,2022-07-20T00:00:00Z,19,SI041,Osrednjeslovenska,NO2,18.16634330170613,-5.27907877767575,54.62484114104882,11.199329721332363,221,76,145,µmol/m²,Sentinel Hub Statistical API / Sentinel-5P,P1D,good
kras_fire_2022,Goriški Kras wildfire,wildfire,2022-07-20T00:00:00Z,2022-07-21T00:00:00Z,20,SI041,Osrednjeslovenska,NO2,20.466059940472718,5.885204245714704,35.56469164323062,6.364716486858739,221,76,145,µmol/m²,Sentinel Hub Statistical API / Sentinel-5P,P1D,good
kras_fire_2022,Goriški Kras wildfire,wildfire,2022-07-21T00:00:00Z,2022-07-22T00:00:00Z,21,SI041,Osrednjeslovenska,NO2,14.564302735552394,-1.1291758710285649,38.37362237391062,8.20026938656427,221,76,145,µmol/m²,Sentinel Hub Statistical API / Sentinel-5P,P1D,good
kras_fire_2022,Goriški Kras wildfire,wildfire,2022-07-22T00:00:00Z,2022-07-23T00:00:00Z,22,SI041,Osrednjeslovenska,NO2,20.281430999665623,-1.995463435378042,46.874178224243224,8.781200860430289,221,76,145,µmol/m²,Sentinel Hub Statistical API / Sentinel-5P,P1D,good
kras_fire_2022,Goriški Kras wildfire,wildfire,2022-07-23T00:00:00Z,2022-07-24T00:00:00Z,23,SI041,Osrednjeslovenska,NO2,14.375315450470902,-7.3214314397773705,38.29643173958175,8.075108550391485,221,86,135,µmol/m²,Sentinel Hub Statistical API / Sentinel-5P,P1D,good
kras_fire_2022,Goriški Kras wildfire,wildfire,2022-07-24T00:00:00Z,2022-07-25T00:00:00Z,24,SI041,Osrednjeslovenska,NO2,20.45253657706781,0.2854379772543325,40.831175283528864,8.547123786351744,221,96,125,µmol/m²,Sentinel Hub Statistical API / Sentinel-5P,P1D,good
kras_fire_2022,Goriški Kras wildfire,wildfire,2022-07-25T00:00:00Z,2022-07-26T00:00:00Z,25,SI041,Osrednjeslovenska,NO2,31.367153983157728,8.650477866467554,53.131709137232974,8.879968524090367,221,77,144,µmol/m²,Sentinel Hub Statistical API / Sentinel-5P,P1D,good
kras_fire_2022,Goriški Kras wildfire,wildfire,2022-07-26T00:00:00Z,2022-07-27T00:00:00Z,26,SI041,Osrednjeslovenska,NO2,28.516956873529917,15.033018826215994,43.878470023628324,5.884557748350268,221,148,73,µmol/m²,Sentinel Hub Statistical API / Sentinel-5P,P1D,partial
kras_fire_2022,Goriški Kras wildfire,wildfire,2022-07-27T00:00:00Z,2022-07-28T00:00:00Z,27,SI041,Osrednjeslovenska,NO2,,,,,221,221,0,µmol/m²,Sentinel Hub Statistical API / Sentinel-5P,P1D,missing
kras_fire_2022,Goriški Kras wildfire,wildfire,2022-07-28T00:00:00Z,2022-07-29T00:00:00Z,28,SI041,Osrednjeslovenska,NO2,24.75583024018026,0.7915265314295539,45.26962584350258,9.59070166513876,221,169,52,µmol/m²,Sentinel Hub Statistical API / Sentinel-5P,P1D,partial
kras_fire_2022,Goriški Kras wildfire,wildfire,2022-07-29T00:00:00Z,2022-07-30T00:00:00Z,29,SI041,Osrednjeslovenska,NO2,26.35549044863131,-4.670870566769736,55.392847571056336,11.490350917607596,221,115,106,µmol/m²,Sentinel Hub Statistical API / Sentinel-5P,P1D,partial
kras_fire_2022,Goriški Kras wildfire,wildfire,2022-07-30T00:00:00Z,2022-07-31T00:00:00Z,30,SI041,Osrednjeslovenska,NO2,,,,,221,221,0,µmol/m²,Sentinel Hub Statistical API / Sentinel-5P,P1D,missing
kras_fire_2022,Goriški Kras wildfire,wildfire,2022-07-31T00:00:00Z,2022-08-01T00:00:00Z,31,SI041,Osrednjeslovenska,NO2,,,,,221,221,0,µmol/m²,Sentinel Hub Statistical API / Sentinel-5P,P1D,missing
kras_fire_2022,Goriški Kras wildfire,wildfire,2022-07-01T00:00:00Z,2022-07-02T00:00:00Z,1,SI042,Gorenjska,NO2,13.399635553152587,-2.988441565321409,31.88672781107016,8.38803995099431,180,129,51,µmol/m²,Sentinel Hub Statistical API / Sentinel-5P,P1D,partial
kras_fire_2022,Goriški Kras wildfire,wildfire,2022-07-02T00:00:00Z,2022-07-03T00:00:00Z,2,SI042,Gorenjska,NO2,15.725489532279614,-12.521461940195877,39.381655369652435,9.188381694627418,180,64,116,µmol/m²,Sentinel Hub Statistical API / Sentinel-5P,P1D,good
kras_fire_2022,Goriški Kras wildfire,wildfire,2022-07-03T00:00:00Z,2022-07-04T00:00:00Z,3,SI042,Gorenjska,NO2,19.483410412722744,-8.888686352293007,38.010268326615915,8.14658105597959,180,59,121,µmol/m²,Sentinel Hub Statistical API / Sentinel-5P,P1D,good
kras_fire_2022,Goriški Kras wildfire,wildfire,2022-07-04T00:00:00Z,2022-07-05T00:00:00Z,4,SI042,Gorenjska,NO2,25.252677005482838,25.252677005482838,25.252677005482838,0.0,180,177,3,µmol/m²,Sentinel Hub Statistical API / Sentinel-5P,P1D,partial
kras_fire_2022,Goriški Kras wildfire,wildfire,2022-07-05T00:00:00Z,2022-07-06T00:00:00Z,5,SI042,Gorenjska,NO2,10.892885256907903,6.95820835971972,16.973748643067665,4.277789287817444,180,171,9,µmol/m²,Sentinel Hub Statistical API / Sentinel-5P,P1D,partial
kras_fire_2022,Goriški Kras wildfire,wildfire,2022-07-06T00:00:00Z,2022-07-07T00:00:00Z,6,SI042,Gorenjska,NO2,17.584852147675438,-5.389335456129629,33.61230847076513,11.308929088791418,180,158,22,µmol/m²,Sentinel Hub Statistical API / Sentinel-5P,P1D,partial
kras_fire_2022,Goriški Kras wildfire,wildfire,2022-07-07T00:00:00Z,2022-07-08T00:00:00Z,7,SI042,Gorenjska,NO2,10.632752072581297,0.43083778678010276,16.385229173465632,6.4670780969055555,180,176,4,µmol/m²,Sentinel Hub Statistical API / Sentinel-5P,P1D,partial
kras_fire_2022,Goriški Kras wildfire,wildfire,2022-07-08T00:00:00Z,2022-07-09T00:00:00Z,8,SI042,Gorenjska,NO2,19.25196025992164,-9.232619049726054,53.98057692218572,13.996489357660478,180,131,49,µmol/m²,Sentinel Hub Statistical API / Sentinel-5P,P1D,partial
kras_fire_2022,Goriški Kras wildfire,wildfire,2022-07-09T00:00:00Z,2022-07-10T00:00:00Z,9,SI042,Gorenjska,NO2,20.554859373886654,12.385443369566929,31.598647183272988,5.699123901025545,180,171,9,µmol/m²,Sentinel Hub Statistical API / Sentinel-5P,P1D,partial
kras_fire_2022,Goriški Kras wildfire,wildfire,2022-07-10T00:00:00Z,2022-07-11T00:00:00Z,10,SI042,Gorenjska,NO2,,,,,180,180,0,µmol/m²,Sentinel Hub Statistical API / Sentinel-5P,P1D,missing
kras_fire_2022,Goriški Kras wildfire,wildfire,2022-07-11T00:00:00Z,2022-07-12T00:00:00Z,11,SI042,Gorenjska,NO2,19.128129706862666,3.8536391002708115,33.40464536449872,7.812830422212332,180,147,33,µmol/m²,Sentinel Hub Statistical API / Sentinel-5P,P1D,partial
kras_fire_2022,Goriški Kras wildfire,wildfire,2022-07-12T00:00:00Z,2022-07-13T00:00:00Z,12,SI042,Gorenjska,NO2,14.344423838489702,-5.363875516195549,35.97264367272146,10.399021855951894,180,165,15,µmol/m²,Sentinel Hub Statistical API / Sentinel-5P,P1D,partial
kras_fire_2022,Goriški Kras wildfire,wildfire,2022-07-13T00:00:00Z,2022-07-14T00:00:00Z,13,SI042,Gorenjska,NO2,20.62902063233019,-2.6256975615979172,41.06873529963195,9.107952020706911,180,57,123,µmol/m²,Sentinel Hub Statistical API / Sentinel-5P,P1D,good
kras_fire_2022,Goriški Kras wildfire,wildfire,2022-07-14T00:00:00Z,2022-07-15T00:00:00Z,14,SI042,Gorenjska,NO2,,,,,180,180,0,µmol/m²,Sentinel Hub Statistical API / Sentinel-5P,P1D,missing
kras_fire_2022,Goriški Kras wildfire,wildfire,2022-07-15T00:00:00Z,2022-07-16T00:00:00Z,15,SI042,Gorenjska,NO2,16.98994613737644,15.903098756098188,17.533369828015566,0.768517153416693,180,177,3,µmol/m²,Sentinel Hub Statistical API / Sentinel-5P,P1D,partial
kras_fire_2022,Goriški Kras wildfire,wildfire,2022-07-16T00:00:00Z,2022-07-17T00:00:00Z,16,SI042,Gorenjska,NO2,14.235397637581045,-4.730965883936733,31.034505809657276,7.4877918045497305,180,81,99,µmol/m²,Sentinel Hub Statistical API / Sentinel-5P,P1D,good
kras_fire_2022,Goriški Kras wildfire,wildfire,2022-07-17T00:00:00Z,2022-07-18T00:00:00Z,17,SI042,Gorenjska,NO2,20.825653686823237,-3.890012521878816,41.728984797373414,9.202474849169212,180,64,116,µmol/m²,Sentinel Hub Statistical API / Sentinel-5P,P1D,good
kras_fire_2022,Goriški Kras wildfire,wildfire,2022-07-18T00:00:00Z,2022-07-19T00:00:00Z,18,SI042,Gorenjska,NO2,18.79537961405878,-9.974407475965563,39.58262095693499,9.86195984842504,180,69,111,µmol/m²,Sentinel Hub Statistical API / Sentinel-5P,P1D,good
kras_fire_2022,Goriški Kras wildfire,wildfire,2022-07-19T00:00:00Z,2022-07-20T00:00:00Z,19,SI042,Gorenjska,NO2,17.365941206934405,-6.621944976359373,49.9870911880862,10.263272907968275,180,57,123,µmol/m²,Sentinel Hub Statistical API / Sentinel-5P,P1D,good
kras_fire_2022,Goriški Kras wildfire,wildfire,2022-07-20T00:00:00Z,2022-07-21T00:00:00Z,20,SI042,Gorenjska,NO2,19.009271380763657,9.3291364464676,34.36931365286,5.748030424323315,180,57,123,µmol/m²,Sentinel Hub Statistical API / Sentinel-5P,P1D,good
kras_fire_2022,Goriški Kras wildfire,wildfire,2022-07-21T00:00:00Z,2022-07-22T00:00:00Z,21,SI042,Gorenjska,NO2,15.314302288268902,-3.226010903745191,35.59476317605004,8.077176902258756,180,65,115,µmol/m²,Sentinel Hub Statistical API / Sentinel-5P,P1D,good
kras_fire_2022,Goriški Kras wildfire,wildfire,2022-07-22T00:00:00Z,2022-07-23T00:00:00Z,22,SI042,Gorenjska,NO2,22.923547334596417,-2.6157574666285655,50.02217221772298,8.86783109751176,180,58,122,µmol/m²,Sentinel Hub Statistical API / Sentinel-5P,P1D,good
kras_fire_2022,Goriški Kras wildfire,wildfire,2022-07-23T00:00:00Z,2022-07-24T00:00:00Z,23,SI042,Gorenjska,NO2,10.141826880363082,-17.36550075293053,29.456778065650724,8.594392041079853,180,126,54,µmol/m²,Sentinel Hub Statistical API / Sentinel-5P,P1D,partial
kras_fire_2022,Goriški Kras wildfire,wildfire,2022-07-24T00:00:00Z,2022-07-25T00:00:00Z,24,SI042,Gorenjska,NO2,19.529824652093133,1.1965390740442672,44.79878771235235,8.228381615139268,180,108,72,µmol/m²,Sentinel Hub Statistical API / Sentinel-5P,P1D,partial
kras_fire_2022,Goriški Kras wildfire,wildfire,2022-07-25T00:00:00Z,2022-07-26T00:00:00Z,25,SI042,Gorenjska,NO2,30.359134657571666,8.650477866467554,67.59613461326808,11.248679455838857,180,88,92,µmol/m²,Sentinel Hub Statistical API / Sentinel-5P,P1D,good
kras_fire_2022,Goriški Kras wildfire,wildfire,2022-07-26T00:00:00Z,2022-07-27T00:00:00Z,26,SI042,Gorenjska,NO2,22.560478738209625,12.815138688893057,34.98529258649796,5.223841847480332,180,63,117,µmol/m²,Sentinel Hub Statistical API / Sentinel-5P,P1D,good
kras_fire_2022,Goriški Kras wildfire,wildfire,2022-07-27T00:00:00Z,2022-07-28T00:00:00Z,27,SI042,Gorenjska,NO2,,,,,180,180,0,µmol/m²,Sentinel Hub Statistical API / Sentinel-5P,P1D,missing
kras_fire_2022,Goriški Kras wildfire,wildfire,2022-07-28T00:00:00Z,2022-07-29T00:00:00Z,28,SI042,Gorenjska,NO2,15.839647278215594,-0.46495708261318214,28.738864784827456,7.857039487095331,180,153,27,µmol/m²,Sentinel Hub Statistical API / Sentinel-5P,P1D,partial
kras_fire_2022,Goriški Kras wildfire,wildfire,2022-07-29T00:00:00Z,2022-07-30T00:00:00Z,29,SI042,Gorenjska,NO2,21.98822547306803,-18.526114217820577,51.03032526676543,13.793090950273767,180,138,42,µmol/m²,Sentinel Hub Statistical API / Sentinel-5P,P1D,partial
kras_fire_2022,Goriški Kras wildfire,wildfire,2022-07-30T00:00:00Z,2022-07-31T00:00:00Z,30,SI042,Gorenjska,NO2,,,,,180,180,0,µmol/m²,Sentinel Hub Statistical API / Sentinel-5P,P1D,missing
kras_fire_2022,Goriški Kras wildfire,wildfire,2022-07-31T00:00:00Z,2022-08-01T00:00:00Z,31,SI042,Gorenjska,NO2,,,,,180,180,0,µmol/m²,Sentinel Hub Statistical API / Sentinel-5P,P1D,missing
kras_fire_2022,Goriški Kras wildfire,wildfire,2022-07-01T00:00:00Z,2022-07-02T00:00:00Z,1,SI043,Goriška,NO2,12.868422736289633,1.2277475889277412,26.73834933375474,6.469123595748239,210,178,32,µmol/m²,Sentinel Hub Statistical API / Sentinel-5P,P1D,partial
kras_fire_2022,Goriški Kras wildfire,wildfire,2022-07-02T00:00:00Z,2022-07-03T00:00:00Z,2,SI043,Goriška,NO2,15.308323407287556,-5.534035608434351,38.59541175188497,9.208020115260078,210,78,132,µmol/m²,Sentinel Hub Statistical API / Sentinel-5P,P1D,good
kras_fire_2022,Goriški Kras wildfire,wildfire,2022-07-03T00:00:00Z,2022-07-04T00:00:00Z,3,SI043,Goriška,NO2,23.53471823320993,-8.888686352293007,45.69216980598867,8.913565108281842,210,80,130,µmol/m²,Sentinel Hub Statistical API / Sentinel-5P,P1D,good
kras_fire_2022,Goriški Kras wildfire,wildfire,2022-07-04T00:00:00Z,2022-07-05T00:00:00Z,4,SI043,Goriška,NO2,14.30920262161332,8.539871487300843,23.735123249934986,6.0520941350306074,210,204,6,µmol/m²,Sentinel Hub Statistical API / Sentinel-5P,P1D,partial
kras_fire_2022,Goriški Kras wildfire,wildfire,2022-07-05T00:00:00Z,2022-07-06T00:00:00Z,5,SI043,Goriška,NO2,21.531897315677877,11.520036423462443,28.26688978530001,5.115440708544618,210,195,15,µmol/m²,Sentinel Hub Statistical API / Sentinel-5P,P1D,partial
kras_fire_2022,Goriški Kras wildfire,wildfire,2022-07-06T00:00:00Z,2022-07-07T00:00:00Z,6,SI043,Goriška,NO2,17.55757393766544,0.4483990778680891,52.79191100271419,11.774813141570688,210,190,20,µmol/m²,Sentinel Hub Statistical API / Sentinel-5P,P1D,partial
kras_fire_2022,Goriški Kras wildfire,wildfire,2022-07-07T00:00:00Z,2022-07-08T00:00:00Z,7,SI043,Goriška,NO2,2.0318700332414403,-22.17137262050528,15.388784959213808,10.170422322424537,210,196,14,µmol/m²,Sentinel Hub Statistical API / Sentinel-5P,P1D,partial
kras_fire_2022,Goriški Kras wildfire,wildfire,2022-07-08T00:00:00Z,2022-07-09T00:00:00Z,8,SI043,Goriška,NO2,21.20022082144505,-10.656914128048811,48.33601997233927,12.51143473056585,210,123,87,µmol/m²,Sentinel Hub Statistical API / Sentinel-5P,P1D,partial
kras_fire_2022,Goriški Kras wildfire,wildfire,2022-07-09T00:00:00Z,2022-07-10T00:00:00Z,9,SI043,Goriška,NO2,23.944554069396073,3.6462704429141013,41.2876506743487,9.338680182901827,210,177,33,µmol/m²,Sentinel Hub Statistical API / Sentinel-5P,P1D,partial
kras_fire_2022,Goriški Kras wildfire,wildfire,2022-07-10T00:00:00Z,2022-07-11T00:00:00Z,10,SI043,Goriška,NO2,25.634518976858086,7.215268851723522,45.20544098340906,13.462019876657669,210,194,16,µmol/m²,Sentinel Hub Statistical API / Sentinel-5P,P1D,partial
kras_fire_2022,Goriški Kras wildfire,wildfire,2022-07-11T00:00:00Z,2022-07-12T00:00:00Z,11,SI043,Goriška,NO2,19.11973975604104,6.1171526795078535,35.32196205924265,11.454472086385131,210,199,11,µmol/m²,Sentinel Hub Statistical API / Sentinel-5P,P1D,partial
kras_fire_2022,Goriški Kras wildfire,wildfire,2022-07-12T00:00:00Z,2022-07-13T00:00:00Z,12,SI043,Goriška,NO2,18.016271765119996,-17.022555766743608,38.61072764266282,14.025175133591247,210,194,16,µmol/m²,Sentinel Hub Statistical API / Sentinel-5P,P1D,partial
kras_fire_2022,Goriški Kras wildfire,wildfire,2022-07-13T00:00:00Z,2022-07-14T00:00:00Z,13,SI043,Goriška,NO2,22.176170286716527,-7.084991011652164,51.22140282765031,11.645312779945149,210,76,134,µmol/m²,Sentinel Hub Statistical API / Sentinel-5P,P1D,good
kras_fire_2022,Goriški Kras wildfire,wildfire,2022-07-14T00:00:00Z,2022-07-15T00:00:00Z,14,SI043,Goriška,NO2,29.04058106651064,11.27616451412905,45.88574665831402,9.11979225004155,210,185,25,µmol/m²,Sentinel Hub Statistical API / Sentinel-5P,P1D,partial
kras_fire_2022,Goriški Kras wildfire,wildfire,2022-07-15T00:00:00Z,2022-07-16T00:00:00Z,15,SI043,Goriška,NO2,25.354232181964647,3.381695023563225,41.88613092992455,9.603197312802827,210,133,77,µmol/m²,Sentinel Hub Statistical API / Sentinel-5P,P1D,partial
kras_fire_2022,Goriški Kras wildfire,wildfire,2022-07-16T00:00:00Z,2022-07-17T00:00:00Z,16,SI043,Goriška,NO2,14.244827507521153,-4.730965883936733,35.98015973693691,8.597890894224674,210,87,123,µmol/m²,Sentinel Hub Statistical API / Sentinel-5P,P1D,good
kras_fire_2022,Goriški Kras wildfire,wildfire,2022-07-17T00:00:00Z,2022-07-18T00:00:00Z,17,SI043,Goriška,NO2,26.476784092110965,-2.7673825115925865,221.14084276836365,23.921757911068955,210,70,140,µmol/m²,Sentinel Hub Statistical API / Sentinel-5P,P1D,good
kras_fire_2022,Goriški Kras wildfire,wildfire,2022-07-18T00:00:00Z,2022-07-19T00:00:00Z,18,SI043,Goriška,NO2,21.853098481770836,-2.537966338422848,48.69063195656054,10.439207520877996,210,78,132,µmol/m²,Sentinel Hub Statistical API / Sentinel-5P,P1D,good
kras_fire_2022,Goriški Kras wildfire,wildfire,2022-07-19T00:00:00Z,2022-07-20T00:00:00Z,19,SI043,Goriška,NO2,18.992555053204534,-3.3672802146611502,69.97166201472282,11.273701268094447,210,69,141,µmol/m²,Sentinel Hub Statistical API / Sentinel-5P,P1D,good
kras_fire_2022,Goriški Kras wildfire,wildfire,2022-07-20T00:00:00Z,2022-07-21T00:00:00Z,20,SI043,Goriška,NO2,23.50355582024324,6.5181011450476944,121.01653555873781,19.727579308398415,210,69,141,µmol/m²,Sentinel Hub Statistical API / Sentinel-5P,P1D,good
kras_fire_2022,Goriški Kras wildfire,wildfire,2022-07-21T00:00:00Z,2022-07-22T00:00:00Z,21,SI043,Goriška,NO2,26.365100555983975,-3.226010903745191,103.29392534913495,17.464711153373127,210,78,132,µmol/m²,Sentinel Hub Statistical API / Sentinel-5P,P1D,good
kras_fire_2022,Goriški Kras wildfire,wildfire,2022-07-22T00:00:00Z,2022-07-23T00:00:00Z,22,SI043,Goriška,NO2,31.857784052548794,1.6336376802428276,260.74692141264677,30.578896368584978,210,79,131,µmol/m²,Sentinel Hub Statistical API / Sentinel-5P,P1D,good
kras_fire_2022,Goriški Kras wildfire,wildfire,2022-07-23T00:00:00Z,2022-07-24T00:00:00Z,23,SI043,Goriška,NO2,14.284092289341459,-17.36550075293053,46.171018766472116,9.492906750697541,210,109,101,µmol/m²,Sentinel Hub Statistical API / Sentinel-5P,P1D,partial
kras_fire_2022,Goriški Kras wildfire,wildfire,2022-07-24T00:00:00Z,2022-07-25T00:00:00Z,24,SI043,Goriška,NO2,17.77290893587968,-2.841089099092642,38.013695302652195,8.584339389678881,210,101,109,µmol/m²,Sentinel Hub Statistical API / Sentinel-5P,P1D,good
kras_fire_2022,Goriški Kras wildfire,wildfire,2022-07-25T00:00:00Z,2022-07-26T00:00:00Z,25,SI043,Goriška,NO2,33.23762112894754,9.111865438171662,57.61716965935193,11.946104293357122,210,109,101,µmol/m²,Sentinel Hub Statistical API / Sentinel-5P,P1D,partial
kras_fire_2022,Goriški Kras wildfire,wildfire,2022-07-26T00:00:00Z,2022-07-27T00:00:00Z,26,SI043,Goriška,NO2,20.88714405701353,-3.951923190470552,34.599823266034946,6.534617264176111,210,82,128,µmol/m²,Sentinel Hub Statistical API / Sentinel-5P,P1D,good
kras_fire_2022,Goriški Kras wildfire,wildfire,2022-07-27T00:00:00Z,2022-07-28T00:00:00Z,27,SI043,Goriška,NO2,36.19389651378568,16.410147509304807,60.01359724905342,12.163267781321531,210,182,28,µmol/m²,Sentinel Hub Statistical API / Sentinel-5P,P1D,partial
kras_fire_2022,Goriški Kras wildfire,wildfire,2022-07-28T00:00:00Z,2022-07-29T00:00:00Z,28,SI043,Goriška,NO2,20.782019873178815,-10.681881576601882,47.26163751911372,10.092160204939223,210,107,103,µmol/m²,Sentinel Hub Statistical API / Sentinel-5P,P1D,partial
kras_fire_2022,Goriški Kras wildfire,wildfire,2022-07-29T00:00:00Z,2022-07-30T00:00:00Z,29,SI043,Goriška,NO2,22.14220691148701,-0.11939248167891492,50.26293729315512,11.647788401504116,210,150,60,µmol/m²,Sentinel Hub Statistical API / Sentinel-5P,P1D,partial
kras_fire_2022,Goriški Kras wildfire,wildfire,2022-07-30T00:00:00Z,2022-07-31T00:00:00Z,30,SI043,Goriška,NO2,12.824954228562998,-5.602418241323903,29.2048880510265,11.012310749783847,210,190,20,µmol/m²,Sentinel Hub Statistical API / Sentinel-5P,P1D,partial
kras_fire_2022,Goriški Kras wildfire,wildfire,2022-07-31T00:00:00Z,2022-08-01T00:00:00Z,31,SI043,Goriška,NO2,32.153788197319955,32.153788197319955,32.153788197319955,0.0,210,207,3,µmol/m²,Sentinel Hub Statistical API / Sentinel-5P,P1D,partial
kras_fire_2022,Goriški Kras wildfire,wildfire,2022-07-01T00:00:00Z,2022-07-02T00:00:00Z,1,SI044,Obalno-kraška,NO2,17.224215587963993,0.5158532871973875,41.194562072632834,8.213626859599222,99,45,54,µmol/m²,Sentinel Hub Statistical API / Sentinel-5P,P1D,good
kras_fire_2022,Goriški Kras wildfire,wildfire,2022-07-02T00:00:00Z,2022-07-03T00:00:00Z,2,SI044,Obalno-kraška,NO2,22.58633646521814,-0.8419395953751518,57.91757575934753,12.386161029479432,99,23,76,µmol/m²,Sentinel Hub Statistical API / Sentinel-5P,P1D,good
kras_fire_2022,Goriški Kras wildfire,wildfire,2022-07-03T00:00:00Z,2022-07-04T00:00:00Z,3,SI044,Obalno-kraška,NO2,28.424579625910457,7.798822480253875,55.2072815480642,9.725057465680248,99,24,75,µmol/m²,Sentinel Hub Statistical API / Sentinel-5P,P1D,good
kras_fire_2022,Goriški Kras wildfire,wildfire,2022-07-04T00:00:00Z,2022-07-05T00:00:00Z,4,SI044,Obalno-kraška,NO2,19.149827065640626,4.453956535144243,38.71616718242876,9.91609337565016,99,64,35,µmol/m²,Sentinel Hub Statistical API / Sentinel-5P,P1D,partial
kras_fire_2022,Goriški Kras wildfire,wildfire,2022-07-05T00:00:00Z,2022-07-06T00:00:00Z,5,SI044,Obalno-kraška,NO2,31.26311445962752,16.089097698568366,51.68471398064867,7.5919521425954635,99,38,61,µmol/m²,Sentinel Hub Statistical API / Sentinel-5P,P1D,good
kras_fire_2022,Goriški Kras wildfire,wildfire,2022-07-06T00:00:00Z,2022-07-07T00:00:00Z,6,SI044,Obalno-kraška,NO2,29.501184319129102,-1.1889679853993584,61.79984484333545,14.12055223604227,99,44,55,µmol/m²,Sentinel Hub Statistical API / Sentinel-5P,P1D,good
kras_fire_2022,Goriški Kras wildfire,wildfire,2022-07-07T00:00:00Z,2022-07-08T00:00:00Z,7,SI044,Obalno-kraška,NO2,14.012192700363356,-17.821135770645924,30.224839065340348,8.912292443433087,99,67,32,µmol/m²,Sentinel Hub Statistical API / Sentinel-5P,P1D,partial
kras_fire_2022,Goriški Kras wildfire,wildfire,2022-07-08T00:00:00Z,2022-07-09T00:00:00Z,8,SI044,Obalno-kraška,NO2,29.94620546006546,5.568875167227816,48.01341856364161,11.091026770117333,99,72,27,µmol/m²,Sentinel Hub Statistical API / Sentinel-5P,P1D,partial
kras_fire_2022,Goriški Kras wildfire,wildfire,2022-07-09T00:00:00Z,2022-07-10T00:00:00Z,9,SI044,Obalno-kraška,NO2,28.16663339520649,12.024693205603398,44.76870526559651,7.677629411683379,99,39,60,µmol/m²,Sentinel Hub Statistical API / Sentinel-5P,P1D,good
kras_fire_2022,Goriški Kras wildfire,wildfire,2022-07-10T00:00:00Z,2022-07-11T00:00:00Z,10,SI044,Obalno-kraška,NO2,27.041327484766953,27.041327484766953,27.041327484766953,0.0,99,97,2,µmol/m²,Sentinel Hub Statistical API / Sentinel-5P,P1D,partial
kras_fire_2022,Goriški Kras wildfire,wildfire,2022-07-11T00:00:00Z,2022-07-12T00:00:00Z,11,SI044,Obalno-kraška,NO2,26.7520556008094,4.803066076419782,48.056252126116306,10.876869162367385,99,59,40,µmol/m²,Sentinel Hub Statistical API / Sentinel-5P,P1D,partial
kras_fire_2022,Goriški Kras wildfire,wildfire,2022-07-12T00:00:00Z,2022-07-13T00:00:00Z,12,SI044,Obalno-kraška,NO2,29.16876394465362,5.376349690777715,63.175466493703425,10.243069346976492,99,35,64,µmol/m²,Sentinel Hub Statistical API / Sentinel-5P,P1D,good
kras_fire_2022,Goriški Kras wildfire,wildfire,2022-07-13T00:00:00Z,2022-07-14T00:00:00Z,13,SI044,Obalno-kraška,NO2,28.498501490340004,2.1095099782542093,70.26642560958862,12.8690381347076,99,21,78,µmol/m²,Sentinel Hub Statistical API / Sentinel-5P,P1D,good
kras_fire_2022,Goriški Kras wildfire,wildfire,2022-07-14T00:00:00Z,2022-07-15T00:00:00Z,14,SI044,Obalno-kraška,NO2,34.23798648741055,18.197959434473887,65.961095970124,11.383481196655286,99,44,55,µmol/m²,Sentinel Hub Statistical API / Sentinel-5P,P1D,good
kras_fire_2022,Goriški Kras wildfire,wildfire,2022-07-15T00:00:00Z,2022-07-16T00:00:00Z,15,SI044,Obalno-kraška,NO2,30.35035145633931,15.009088201622944,45.82389010465704,7.624242887501163,99,30,69,µmol/m²,Sentinel Hub Statistical API / Sentinel-5P,P1D,good
kras_fire_2022,Goriški Kras wildfire,wildfire,2022-07-16T00:00:00Z,2022-07-17T00:00:00Z,16,SI044,Obalno-kraška,NO2,23.513774652071454,3.3693281693558674,59.412381233414635,11.167561904954455,99,36,63,µmol/m²,Sentinel Hub Statistical API / Sentinel-5P,P1D,good
kras_fire_2022,Goriški Kras wildfire,wildfire,2022-07-17T00:00:00Z,2022-07-18T00:00:00Z,17,SI044,Obalno-kraška,NO2,29.61766829638436,-2.133017005689908,221.14084276836365,26.217853124894855,99,21,78,µmol/m²,Sentinel Hub Statistical API / Sentinel-5P,P1D,good
kras_fire_2022,Goriški Kras wildfire,wildfire,2022-07-18T00:00:00Z,2022-07-19T00:00:00Z,18,SI044,Obalno-kraška,NO2,25.031924759297482,-13.799632142763585,55.48238550545648,12.717842769397617,99,34,65,µmol/m²,Sentinel Hub Statistical API / Sentinel-5P,P1D,good
kras_fire_2022,Goriški Kras wildfire,wildfire,2022-07-19T00:00:00Z,2022-07-20T00:00:00Z,19,SI044,Obalno-kraška,NO2,26.85457757368754,-9.001651051221415,69.97166201472282,13.18558310596063,99,21,78,µmol/m²,Sentinel Hub Statistical API / Sentinel-5P,P1D,good
kras_fire_2022,Goriški Kras wildfire,wildfire,2022-07-20T00:00:00Z,2022-07-21T00:00:00Z,20,SI044,Obalno-kraška,NO2,32.57123722878765,13.87994325341424,121.01653555873781,20.486760528114676,99,21,78,µmol/m²,Sentinel Hub Statistical API / Sentinel-5P,P1D,good
kras_fire_2022,Goriški Kras wildfire,wildfire,2022-07-21T00:00:00Z,2022-07-22T00:00:00Z,21,SI044,Obalno-kraška,NO2,39.55702062133545,23.58038727834355,103.29392534913495,16.87101805089787,99,39,60,µmol/m²,Sentinel Hub Statistical API / Sentinel-5P,P1D,good
kras_fire_2022,Goriški Kras wildfire,wildfire,2022-07-22T00:00:00Z,2022-07-23T00:00:00Z,22,SI044,Obalno-kraška,NO2,31.94060099410898,13.12871518166503,62.38266360014677,8.565589800371434,99,31,68,µmol/m²,Sentinel Hub Statistical API / Sentinel-5P,P1D,good
kras_fire_2022,Goriški Kras wildfire,wildfire,2022-07-23T00:00:00Z,2022-07-24T00:00:00Z,23,SI044,Obalno-kraška,NO2,21.551170054688274,-3.4064303235936677,57.858149375533685,12.029932735342497,99,21,78,µmol/m²,Sentinel Hub Statistical API / Sentinel-5P,P1D,good
kras_fire_2022,Goriški Kras wildfire,wildfire,2022-07-24T00:00:00Z,2022-07-25T00:00:00Z,24,SI044,Obalno-kraška,NO2,24.337858423759418,3.716505261763814,47.97528526978567,10.45609792960674,99,32,67,µmol/m²,Sentinel Hub Statistical API / Sentinel-5P,P1D,good
kras_fire_2022,Goriški Kras wildfire,wildfire,2022-07-25T00:00:00Z,2022-07-26T00:00:00Z,25,SI044,Obalno-kraška,NO2,36.900236728478696,15.135306057345588,64.67888306360692,10.590420137071145,99,22,77,µmol/m²,Sentinel Hub Statistical API / Sentinel-5P,P1D,good
kras_fire_2022,Goriški Kras wildfire,wildfire,2022-07-26T00:00:00Z,2022-07-27T00:00:00Z,26,SI044,Obalno-kraška,NO2,25.359425803682633,6.450513410527492,40.45474997838028,5.6494586600944885,99,21,78,µmol/m²,Sentinel Hub Statistical API / Sentinel-5P,P1D,good
kras_fire_2022,Goriški Kras wildfire,wildfire,2022-07-27T00:00:00Z,2022-07-28T00:00:00Z,27,SI044,Obalno-kraška,NO2,50.381415348965675,43.34768891567364,52.725990826729685,4.060923849667341,99,95,4,µmol/m²,Sentinel Hub Statistical API / Sentinel-5P,P1D,partial
kras_fire_2022,Goriški Kras wildfire,wildfire,2022-07-28T00:00:00Z,2022-07-29T00:00:00Z,28,SI044,Obalno-kraška,NO2,29.516300814562282,3.4625154512468725,57.04232899006456,11.30642147739093,99,22,77,µmol/m²,Sentinel Hub Statistical API / Sentinel-5P,P1D,good
kras_fire_2022,Goriški Kras wildfire,wildfire,2022-07-29T00:00:00Z,2022-07-30T00:00:00Z,29,SI044,Obalno-kraška,NO2,28.439849466445196,10.831748113560025,52.04182889428921,9.67527931477295,99,27,72,µmol/m²,Sentinel Hub Statistical API / Sentinel-5P,P1D,good
kras_fire_2022,Goriški Kras wildfire,wildfire,2022-07-30T00:00:00Z,2022-07-31T00:00:00Z,30,SI044,Obalno-kraška,NO2,25.5601674985419,9.444524948776234,37.95189331867732,8.141698092024095,99,48,51,µmol/m²,Sentinel Hub Statistical API / Sentinel-5P,P1D,good
kras_fire_2022,Goriški Kras wildfire,wildfire,2022-07-31T00:00:00Z,2022-08-01T00:00:00Z,31,SI044,Obalno-kraška,NO2,29.003644976910433,16.02210795681458,43.35775884101167,6.602894742631333,99,59,40,µmol/m²,Sentinel Hub Statistical API / Sentinel-5P,P1D,partial
cinkarna_celje_2019,Cinkarna Celje industrial case,industrial_case,2019-12-01T00:00:00Z,2019-12-02T00:00:00Z,1,SI031,Pomurska,NO2,14.685911992273759,14.685911992273759,14.685911992273759,0.0,128,127,1,µmol/m²,Sentinel Hub Statistical API / Sentinel-5P,P1D,partial
cinkarna_celje_2019,Cinkarna Celje industrial case,industrial_case,2019-12-02T00:00:00Z,2019-12-03T00:00:00Z,2,SI031,Pomurska,NO2,,,,,128,128,0,µmol/m²,Sentinel Hub Statistical API / Sentinel-5P,P1D,missing
cinkarna_celje_2019,Cinkarna Celje industrial case,industrial_case,2019-12-03T00:00:00Z,2019-12-04T00:00:00Z,3,SI031,Pomurska,NO2,43.73883132088078,16.314126696670428,82.36634312197566,16.074454361652958,128,75,53,µmol/m²,Sentinel Hub Statistical API / Sentinel-5P,P1D,partial
cinkarna_celje_2019,Cinkarna Celje industrial case,industrial_case,2019-12-04T00:00:00Z,2019-12-05T00:00:00Z,4,SI031,Pomurska,NO2,69.76873245966507,30.468467230093665,108.86788368225098,19.481651740936773,128,54,74,µmol/m²,Sentinel Hub Statistical API / Sentinel-5P,P1D,good
cinkarna_celje_2019,Cinkarna Celje industrial case,industrial_case,2019-12-05T00:00:00Z,2019-12-06T00:00:00Z,5,SI031,Pomurska,NO2,,,,,128,128,0,µmol/m²,Sentinel Hub Statistical API / Sentinel-5P,P1D,missing
cinkarna_celje_2019,Cinkarna Celje industrial case,industrial_case,2019-12-06T00:00:00Z,2019-12-07T00:00:00Z,6,SI031,Pomurska,NO2,133.3618929493241,132.03415437601507,134.68963152263314,1.327738573309034,128,126,2,µmol/m²,Sentinel Hub Statistical API / Sentinel-5P,P1D,partial
cinkarna_celje_2019,Cinkarna Celje industrial case,industrial_case,2019-12-07T00:00:00Z,2019-12-08T00:00:00Z,7,SI031,Pomurska,NO2,62.090522988000885,33.77211760380305,98.04511500988156,20.44738946613246,128,112,16,µmol/m²,Sentinel Hub Statistical API / Sentinel-5P,P1D,partial
cinkarna_celje_2019,Cinkarna Celje industrial case,industrial_case,2019-12-08T00:00:00Z,2019-12-09T00:00:00Z,8,SI031,Pomurska,NO2,73.79059388767928,49.12756412522867,99.8078248812817,21.23970683122066,128,123,5,µmol/m²,Sentinel Hub Statistical API / Sentinel-5P,P1D,partial
cinkarna_celje_2019,Cinkarna Celje industrial case,industrial_case,2019-12-09T00:00:00Z,2019-12-10T00:00:00Z,9,SI031,Pomurska,NO2,,,,,128,128,0,µmol/m²,Sentinel Hub Statistical API / Sentinel-5P,P1D,missing
cinkarna_celje_2019,Cinkarna Celje industrial case,industrial_case,2019-12-10T00:00:00Z,2019-12-11T00:00:00Z,10,SI031,Pomurska,NO2,36.29345212954962,20.100187612115405,52.09969458519481,8.583077527985303,128,58,70,µmol/m²,Sentinel Hub Statistical API / Sentinel-5P,P1D,good
cinkarna_celje_2019,Cinkarna Celje industrial case,industrial_case,2019-12-11T00:00:00Z,2019-12-12T00:00:00Z,11,SI031,Pomurska,NO2,42.424477175988685,5.507004516402958,76.90073834965006,17.55626470573286,128,46,82,µmol/m²,Sentinel Hub Statistical API / Sentinel-5P,P1D,good
cinkarna_celje_2019,Cinkarna Celje industrial case,industrial_case,2019-12-12T00:00:00Z,2019-12-13T00:00:00Z,12,SI031,Pomurska,NO2,,,,,128,128,0,µmol/m²,Sentinel Hub Statistical API / Sentinel-5P,P1D,missing
cinkarna_celje_2019,Cinkarna Celje industrial case,industrial_case,2019-12-13T00:00:00Z,2019-12-14T00:00:00Z,13,SI031,Pomurska,NO2,86.4131397975143,73.1973850633949,121.07184738852084,20.11358463337009,128,124,4,µmol/m²,Sentinel Hub Statistical API / Sentinel-5P,P1D,partial
cinkarna_celje_2019,Cinkarna Celje industrial case,industrial_case,2019-12-14T00:00:00Z,2019-12-15T00:00:00Z,14,SI031,Pomurska,NO2,57.588867781394185,36.41310104285367,155.34678823314607,15.800028527967946,128,46,82,µmol/m²,Sentinel Hub Statistical API / Sentinel-5P,P1D,good
cinkarna_celje_2019,Cinkarna Celje industrial case,industrial_case,2019-12-15T00:00:00Z,2019-12-16T00:00:00Z,15,SI031,Pomurska,NO2,51.471991722345386,17.3802600329509,79.92120663402602,14.762565975923577,128,71,57,µmol/m²,Sentinel Hub Statistical API / Sentinel-5P,P1D,partial
cinkarna_celje_2019,Cinkarna Celje industrial case,industrial_case,2019-12-16T00:00:00Z,2019-12-17T00:00:00Z,16,SI031,Pomurska,NO2,53.20808051455178,-9.41612870519748,96.27325198380277,23.401359765483953,128,82,46,µmol/m²,Sentinel Hub Statistical API / Sentinel-5P,P1D,partial
cinkarna_celje_2019,Cinkarna Celje industrial case,industrial_case,2019-12-17T00:00:00Z,2019-12-18T00:00:00Z,17,SI031,Pomurska,NO2,25.975305415418664,1.7709631947582238,60.97283767303452,15.744591767280646,128,107,21,µmol/m²,Sentinel Hub Statistical API / Sentinel-5P,P1D,partial
cinkarna_celje_2019,Cinkarna Celje industrial case,industrial_case,2019-12-18T00:00:00Z,2019-12-19T00:00:00Z,18,SI031,Pomurska,NO2,34.33299285993931,2.8662043405347504,66.01158384000883,14.812218612819748,128,46,82,µmol/m²,Sentinel Hub Statistical API / Sentinel-5P,P1D,good
cinkarna_celje_2019,Cinkarna Celje industrial case,industrial_case,2019-12-19T00:00:00Z,2019-12-20T00:00:00Z,19,SI031,Pomurska,NO2,27.253912812739145,-8.00378984422423,59.58166002528742,19.04875495281428,128,103,25,µmol/m²,Sentinel Hub Statistical API / Sentinel-5P,P1D,partial
cinkarna_celje_2019,Cinkarna Celje industrial case,industrial_case,2019-12-20T00:00:00Z,2019-12-21T00:00:00Z,20,SI031,Pomurska,NO2,35.72108777539475,19.739693016163073,52.22483741817996,8.004237135279894,128,46,82,µmol/m²,Sentinel Hub Statistical API / Sentinel-5P,P1D,good
cinkarna_celje_2019,Cinkarna Celje industrial case,industrial_case,2019-12-21T00:00:00Z,2019-12-22T00:00:00Z,21,SI031,Pomurska,NO2,,,,,128,128,0,µmol/m²,Sentinel Hub Statistical API / Sentinel-5P,P1D,missing
cinkarna_celje_2019,Cinkarna Celje industrial case,industrial_case,2019-12-22T00:00:00Z,2019-12-23T00:00:00Z,22,SI031,Pomurska,NO2,,,,,128,128,0,µmol/m²,Sentinel Hub Statistical API / Sentinel-5P,P1D,missing
cinkarna_celje_2019,Cinkarna Celje industrial case,industrial_case,2019-12-23T00:00:00Z,2019-12-24T00:00:00Z,23,SI031,Pomurska,NO2,40.09859201472098,0.9216813623424969,60.21586523274891,15.186053860076271,128,109,19,µmol/m²,Sentinel Hub Statistical API / Sentinel-5P,P1D,partial
cinkarna_celje_2019,Cinkarna Celje industrial case,industrial_case,2019-12-24T00:00:00Z,2019-12-25T00:00:00Z,24,SI031,Pomurska,NO2,45.573311653195006,20.24009700107854,75.70861635031179,12.014871276731931,128,52,76,µmol/m²,Sentinel Hub Statistical API / Sentinel-5P,P1D,good
cinkarna_celje_2019,Cinkarna Celje industrial case,industrial_case,2019-12-25T00:00:00Z,2019-12-26T00:00:00Z,25,SI031,Pomurska,NO2,44.32407149579377,34.59568688413128,63.04259295575321,11.939205762450566,128,121,7,µmol/m²,Sentinel Hub Statistical API / Sentinel-5P,P1D,partial
cinkarna_celje_2019,Cinkarna Celje industrial case,industrial_case,2019-12-26T00:00:00Z,2019-12-27T00:00:00Z,26,SI031,Pomurska,NO2,39.29485062240257,10.047881914942991,64.17910481104627,12.009001603112479,128,52,76,µmol/m²,Sentinel Hub Statistical API / Sentinel-5P,P1D,good
cinkarna_celje_2019,Cinkarna Celje industrial case,industrial_case,2019-12-27T00:00:00Z,2019-12-28T00:00:00Z,27,SI031,Pomurska,NO2,,,,,128,128,0,µmol/m²,Sentinel Hub Statistical API / Sentinel-5P,P1D,missing
cinkarna_celje_2019,Cinkarna Celje industrial case,industrial_case,2019-12-28T00:00:00Z,2019-12-29T00:00:00Z,28,SI031,Pomurska,NO2,21.495356748919914,-15.432629879796878,60.91883915360086,15.62130758526458,128,52,76,µmol/m²,Sentinel Hub Statistical API / Sentinel-5P,P1D,good
cinkarna_celje_2019,Cinkarna Celje industrial case,industrial_case,2019-12-29T00:00:00Z,2019-12-30T00:00:00Z,29,SI031,Pomurska,NO2,21.5827047327366,-21.509822545340285,41.31042442168109,15.4655545236564,128,112,16,µmol/m²,Sentinel Hub Statistical API / Sentinel-5P,P1D,partial
cinkarna_celje_2019,Cinkarna Celje industrial case,industrial_case,2019-12-30T00:00:00Z,2019-12-31T00:00:00Z,30,SI031,Pomurska,NO2,40.117041518852794,-15.49575426906813,62.138868088368326,14.98860707623274,128,46,82,µmol/m²,Sentinel Hub Statistical API / Sentinel-5P,P1D,good
cinkarna_celje_2019,Cinkarna Celje industrial case,industrial_case,2019-12-31T00:00:00Z,2020-01-01T00:00:00Z,31,SI031,Pomurska,NO2,52.591961653755476,22.64393879158888,89.44768342189491,13.798462076381272,128,46,82,µmol/m²,Sentinel Hub Statistical API / Sentinel-5P,P1D,good
cinkarna_celje_2019,Cinkarna Celje industrial case,industrial_case,2019-12-01T00:00:00Z,2019-12-02T00:00:00Z,1,SI032,Podravska,NO2,,,,,180,180,0,µmol/m²,Sentinel Hub Statistical API / Sentinel-5P,P1D,missing
cinkarna_celje_2019,Cinkarna Celje industrial case,industrial_case,2019-12-02T00:00:00Z,2019-12-03T00:00:00Z,2,SI032,Podravska,NO2,,,,,180,180,0,µmol/m²,Sentinel Hub Statistical API / Sentinel-5P,P1D,missing
cinkarna_celje_2019,Cinkarna Celje industrial case,industrial_case,2019-12-03T00:00:00Z,2019-12-04T00:00:00Z,3,SI032,Podravska,NO2,44.01085456457191,3.2396546885138378,87.2042219270952,16.883470207340988,180,66,114,µmol/m²,Sentinel Hub Statistical API / Sentinel-5P,P1D,good
cinkarna_celje_2019,Cinkarna Celje industrial case,industrial_case,2019-12-04T00:00:00Z,2019-12-05T00:00:00Z,4,SI032,Podravska,NO2,67.57341938869712,23.59122117923107,134.05444042291492,23.07406328023977,180,53,127,µmol/m²,Sentinel Hub Statistical API / Sentinel-5P,P1D,good
cinkarna_celje_2019,Cinkarna Celje industrial case,industrial_case,2019-12-05T00:00:00Z,2019-12-06T00:00:00Z,5,SI032,Podravska,NO2,32.62321388319833,19.252885977039114,37.41207183338702,7.730069454390292,180,176,4,µmol/m²,Sentinel Hub Statistical API / Sentinel-5P,P1D,partial
cinkarna_celje_2019,Cinkarna Celje industrial case,industrial_case,2019-12-06T00:00:00Z,2019-12-07T00:00:00Z,6,SI032,Podravska,NO2,96.45248073866244,12.87966915697325,197.64799799304456,51.057646974838285,180,140,40,µmol/m²,Sentinel Hub Statistical API / Sentinel-5P,P1D,partial
cinkarna_celje_2019,Cinkarna Celje industrial case,industrial_case,2019-12-07T00:00:00Z,2019-12-08T00:00:00Z,7,SI032,Podravska,NO2,48.53552832236748,-7.946599907882046,90.28592467075214,28.680299972903704,180,135,45,µmol/m²,Sentinel Hub Statistical API / Sentinel-5P,P1D,partial
cinkarna_celje_2019,Cinkarna Celje industrial case,industrial_case,2019-12-08T00:00:00Z,2019-12-09T00:00:00Z,8,SI032,Podravska,NO2,-11.504077605195562,-22.072214051149786,-0.935941159241338,10.568136445954224,180,178,2,µmol/m²,Sentinel Hub Statistical API / Sentinel-5P,P1D,partial
cinkarna_celje_2019,Cinkarna Celje industrial case,industrial_case,2019-12-09T00:00:00Z,2019-12-10T00:00:00Z,9,SI032,Podravska,NO2,,,,,180,180,0,µmol/m²,Sentinel Hub Statistical API / Sentinel-5P,P1D,missing
cinkarna_celje_2019,Cinkarna Celje industrial case,industrial_case,2019-12-10T00:00:00Z,2019-12-11T00:00:00Z,10,SI032,Podravska,NO2,50.07628938667199,21.725387341575697,91.17415902437642,16.453382441519352,180,88,92,µmol/m²,Sentinel Hub Statistical API / Sentinel-5P,P1D,good
cinkarna_celje_2019,Cinkarna Celje industrial case,industrial_case,2019-12-11T00:00:00Z,2019-12-12T00:00:00Z,11,SI032,Podravska,NO2,49.46356510870941,-9.365206096845213,134.46499360725284,24.761496566651036,180,52,128,µmol/m²,Sentinel Hub Statistical API / Sentinel-5P,P1D,good
cinkarna_celje_2019,Cinkarna Celje industrial case,industrial_case,2019-12-12T00:00:00Z,2019-12-13T00:00:00Z,12,SI032,Podravska,NO2,,,,,180,180,0,µmol/m²,Sentinel Hub Statistical API / Sentinel-5P,P1D,missing
cinkarna_celje_2019,Cinkarna Celje industrial case,industrial_case,2019-12-13T00:00:00Z,2019-12-14T00:00:00Z,13,SI032,Podravska,NO2,86.13192112534307,37.944733776384965,121.07184738852084,18.03987718228173,180,165,15,µmol/m²,Sentinel Hub Statistical API / Sentinel-5P,P1D,partial
cinkarna_celje_2019,Cinkarna Celje industrial case,industrial_case,2019-12-14T00:00:00Z,2019-12-15T00:00:00Z,14,SI032,Podravska,NO2,61.09541351510083,35.73439971660264,155.34678823314607,17.27732012105797,180,70,110,µmol/m²,Sentinel Hub Statistical API / Sentinel-5P,P1D,good
cinkarna_celje_2019,Cinkarna Celje industrial case,industrial_case,2019-12-15T00:00:00Z,2019-12-16T00:00:00Z,15,SI032,Podravska,NO2,53.976738636265516,26.55838761711493,79.92120663402602,16.28018349974727,180,155,25,µmol/m²,Sentinel Hub Statistical API / Sentinel-5P,P1D,partial
cinkarna_celje_2019,Cinkarna Celje industrial case,industrial_case,2019-12-16T00:00:00Z,2019-12-17T00:00:00Z,16,SI032,Podravska,NO2,57.853138059726916,53.13101792125963,62.575258198194206,4.7221201384672895,180,178,2,µmol/m²,Sentinel Hub Statistical API / Sentinel-5P,P1D,partial
cinkarna_celje_2019,Cinkarna Celje industrial case,industrial_case,2019-12-17T00:00:00Z,2019-12-18T00:00:00Z,17,SI032,Podravska,NO2,30.657757492246933,5.311652785167098,67.825814767275,15.773231080600171,180,119,61,µmol/m²,Sentinel Hub Statistical API / Sentinel-5P,P1D,partial
cinkarna_celje_2019,Cinkarna Celje industrial case,industrial_case,2019-12-18T00:00:00Z,2019-12-19T00:00:00Z,18,SI032,Podravska,NO2,34.08636954429437,-4.716461717180209,76.29120955243707,16.753655865215936,180,77,103,µmol/m²,Sentinel Hub Statistical API / Sentinel-5P,P1D,good
cinkarna_celje_2019,Cinkarna Celje industrial case,industrial_case,2019-12-19T00:00:00Z,2019-12-20T00:00:00Z,19,SI032,Podravska,NO2,17.558824574256217,-9.867238077276852,59.620917454594746,23.326520103649194,180,161,19,µmol/m²,Sentinel Hub Statistical API / Sentinel-5P,P1D,partial
cinkarna_celje_2019,Cinkarna Celje industrial case,industrial_case,2019-12-20T00:00:00Z,2019-12-21T00:00:00Z,20,SI032,Podravska,NO2,41.29806009700588,17.23735658742953,71.10274600563571,13.697429416411468,180,116,64,µmol/m²,Sentinel Hub Statistical API / Sentinel-5P,P1D,partial
cinkarna_celje_2019,Cinkarna Celje industrial case,industrial_case,2019-12-21T00:00:00Z,2019-12-22T00:00:00Z,21,SI032,Podravska,NO2,,,,,180,180,0,µmol/m²,Sentinel Hub Statistical API / Sentinel-5P,P1D,missing
cinkarna_celje_2019,Cinkarna Celje industrial case,industrial_case,2019-12-22T00:00:00Z,2019-12-23T00:00:00Z,22,SI032,Podravska,NO2,,,,,180,180,0,µmol/m²,Sentinel Hub Statistical API / Sentinel-5P,P1D,missing
cinkarna_celje_2019,Cinkarna Celje industrial case,industrial_case,2019-12-23T00:00:00Z,2019-12-24T00:00:00Z,23,SI032,Podravska,NO2,40.84111208287182,-10.366141395934392,87.32987771509215,20.723534397125057,180,136,44,µmol/m²,Sentinel Hub Statistical API / Sentinel-5P,P1D,partial
cinkarna_celje_2019,Cinkarna Celje industrial case,industrial_case,2019-12-24T00:00:00Z,2019-12-25T00:00:00Z,24,SI032,Podravska,NO2,,,,,180,180,0,µmol/m²,Sentinel Hub Statistical API / Sentinel-5P,P1D,missing
cinkarna_celje_2019,Cinkarna Celje industrial case,industrial_case,2019-12-25T00:00:00Z,2019-12-26T00:00:00Z,25,SI032,Podravska,NO2,32.422117662972155,1.8950487401525606,67.4762122798711,16.62551440397727,180,96,84,µmol/m²,Sentinel Hub Statistical API / Sentinel-5P,P1D,partial
cinkarna_celje_2019,Cinkarna Celje industrial case,industrial_case,2019-12-26T00:00:00Z,2019-12-27T00:00:00Z,26,SI032,Podravska,NO2,35.65159899881112,-4.090698439540574,73.35801637964323,15.56807494953544,180,55,125,µmol/m²,Sentinel Hub Statistical API / Sentinel-5P,P1D,good
cinkarna_celje_2019,Cinkarna Celje industrial case,industrial_case,2019-12-27T00:00:00Z,2019-12-28T00:00:00Z,27,SI032,Podravska,NO2,,,,,180,180,0,µmol/m²,Sentinel Hub Statistical API / Sentinel-5P,P1D,missing
cinkarna_celje_2019,Cinkarna Celje industrial case,industrial_case,2019-12-28T00:00:00Z,2019-12-29T00:00:00Z,28,SI032,Podravska,NO2,25.877977560713738,-16.89942837401759,74.11996193695813,19.266830234150827,180,103,77,µmol/m²,Sentinel Hub Statistical API / Sentinel-5P,P1D,partial
cinkarna_celje_2019,Cinkarna Celje industrial case,industrial_case,2019-12-29T00:00:00Z,2019-12-30T00:00:00Z,29,SI032,Podravska,NO2,27.263680568399575,-1.0524335039008292,55.11517883860506,15.105274835006844,180,126,54,µmol/m²,Sentinel Hub Statistical API / Sentinel-5P,P1D,partial
cinkarna_celje_2019,Cinkarna Celje industrial case,industrial_case,2019-12-30T00:00:00Z,2019-12-31T00:00:00Z,30,SI032,Podravska,NO2,40.55079742192151,-7.236480996652972,77.08479824941605,14.894227693022712,180,59,121,µmol/m²,Sentinel Hub Statistical API / Sentinel-5P,P1D,good
cinkarna_celje_2019,Cinkarna Celje industrial case,industrial_case,2019-12-31T00:00:00Z,2020-01-01T00:00:00Z,31,SI032,Podravska,NO2,42.46961158571593,10.678401849872898,89.44768342189491,14.971199437756558,180,52,128,µmol/m²,Sentinel Hub Statistical API / Sentinel-5P,P1D,good
cinkarna_celje_2019,Cinkarna Celje industrial case,industrial_case,2019-12-01T00:00:00Z,2019-12-02T00:00:00Z,1,SI033,Koroška,NO2,33.129490475403145,28.441587346605957,37.81739360420033,4.687903128797188,75,73,2,µmol/m²,Sentinel Hub Statistical API / Sentinel-5P,P1D,partial
cinkarna_celje_2019,Cinkarna Celje industrial case,industrial_case,2019-12-02T00:00:00Z,2019-12-03T00:00:00Z,2,SI033,Koroška,NO2,,,,,75,75,0,µmol/m²,Sentinel Hub Statistical API / Sentinel-5P,P1D,missing
cinkarna_celje_2019,Cinkarna Celje industrial case,industrial_case,2019-12-03T00:00:00Z,2019-12-04T00:00:00Z,3,SI033,Koroška,NO2,35.0048630249871,-0.4626794805062673,82.9825658001937,19.63681120312756,75,36,39,µmol/m²,Sentinel Hub Statistical API / Sentinel-5P,P1D,good
cinkarna_celje_2019,Cinkarna Celje industrial case,industrial_case,2019-12-04T00:00:00Z,2019-12-05T00:00:00Z,4,SI033,Koroška,NO2,56.3426175093892,18.938530047307722,156.79701755288988,28.948452708042783,75,31,44,µmol/m²,Sentinel Hub Statistical API / Sentinel-5P,P1D,good
cinkarna_celje_2019,Cinkarna Celje industrial case,industrial_case,2019-12-05T00:00:00Z,2019-12-06T00:00:00Z,5,SI033,Koroška,NO2,36.03066363666585,13.59722409688402,81.73387323040515,19.265577704928415,75,59,16,µmol/m²,Sentinel Hub Statistical API / Sentinel-5P,P1D,partial
cinkarna_celje_2019,Cinkarna Celje industrial case,industrial_case,2019-12-06T00:00:00Z,2019-12-07T00:00:00Z,6,SI033,Koroška,NO2,30.546542680761977,-13.912411304772831,79.47531412355602,21.56582194534323,75,34,41,µmol/m²,Sentinel Hub Statistical API / Sentinel-5P,P1D,good
cinkarna_celje_2019,Cinkarna Celje industrial case,industrial_case,2019-12-07T00:00:00Z,2019-12-08T00:00:00Z,7,SI033,Koroška,NO2,-4.096175919866095,-34.477434383006766,42.565348849166185,19.72043633418246,75,58,17,µmol/m²,Sentinel Hub Statistical API / Sentinel-5P,P1D,partial
cinkarna_celje_2019,Cinkarna Celje industrial case,industrial_case,2019-12-08T00:00:00Z,2019-12-09T00:00:00Z,8,SI033,Koroška,NO2,26.086915736542792,-22.072214051149786,87.5320693012327,22.1469140879577,75,22,53,µmol/m²,Sentinel Hub Statistical API / Sentinel-5P,P1D,good
cinkarna_celje_2019,Cinkarna Celje industrial case,industrial_case,2019-12-09T00:00:00Z,2019-12-10T00:00:00Z,9,SI033,Koroška,NO2,,,,,75,75,0,µmol/m²,Sentinel Hub Statistical API / Sentinel-5P,P1D,missing
cinkarna_celje_2019,Cinkarna Celje industrial case,industrial_case,2019-12-10T00:00:00Z,2019-12-11T00:00:00Z,10,SI033,Koroška,NO2,61.890747661784516,13.834960554959252,106.01096437312663,26.325793860317077,75,58,17,µmol/m²,Sentinel Hub Statistical API / Sentinel-5P,P1D,partial
cinkarna_celje_2019,Cinkarna Celje industrial case,industrial_case,2019-12-11T00:00:00Z,2019-12-12T00:00:00Z,11,SI033,Koroška,NO2,48.66084907362485,-10.97586482501356,107.82393655972555,24.93113849745744,75,18,57,µmol/m²,Sentinel Hub Statistical API / Sentinel-5P,P1D,good
cinkarna_celje_2019,Cinkarna Celje industrial case,industrial_case,2019-12-12T00:00:00Z,2019-12-13T00:00:00Z,12,SI033,Koroška,NO2,,,,,75,75,0,µmol/m²,Sentinel Hub Statistical API / Sentinel-5P,P1D,missing
cinkarna_celje_2019,Cinkarna Celje industrial case,industrial_case,2019-12-13T00:00:00Z,2019-12-14T00:00:00Z,13,SI033,Koroška,NO2,,,,,75,75,0,µmol/m²,Sentinel Hub Statistical API / Sentinel-5P,P1D,missing
cinkarna_celje_2019,Cinkarna Celje industrial case,industrial_case,2019-12-14T00:00:00Z,2019-12-15T00:00:00Z,14,SI033,Koroška,NO2,50.95830049100971,19.411067114560865,76.36405644007027,18.381958254130044,75,24,51,µmol/m²,Sentinel Hub Statistical API / Sentinel-5P,P1D,good
cinkarna_celje_2019,Cinkarna Celje industrial case,industrial_case,2019-12-15T00:00:00Z,2019-12-16T00:00:00Z,15,SI033,Koroška,NO2,,,,,75,75,0,µmol/m²,Sentinel Hub Statistical API / Sentinel-5P,P1D,missing
cinkarna_celje_2019,Cinkarna Celje industrial case,industrial_case,2019-12-16T00:00:00Z,2019-12-17T00:00:00Z,16,SI033,Koroška,NO2,100.52377885066171,46.46163142751902,167.67634951975197,37.93808193605373,75,61,14,µmol/m²,Sentinel Hub Statistical API / Sentinel-5P,P1D,partial
cinkarna_celje_2019,Cinkarna Celje industrial case,industrial_case,2019-12-17T00:00:00Z,2019-12-18T00:00:00Z,17,SI033,Koroška,NO2,,,,,75,75,0,µmol/m²,Sentinel Hub Statistical API / Sentinel-5P,P1D,missing
cinkarna_celje_2019,Cinkarna Celje industrial case,industrial_case,2019-12-18T00:00:00Z,2019-12-19T00:00:00Z,18,SI033,Koroška,NO2,,,,,75,75,0,µmol/m²,Sentinel Hub Statistical API / Sentinel-5P,P1D,missing
cinkarna_celje_2019,Cinkarna Celje industrial case,industrial_case,2019-12-19T00:00:00Z,2019-12-20T00:00:00Z,19,SI033,Koroška,NO2,,,,,75,75,0,µmol/m²,Sentinel Hub Statistical API / Sentinel-5P,P1D,missing
cinkarna_celje_2019,Cinkarna Celje industrial case,industrial_case,2019-12-20T00:00:00Z,2019-12-21T00:00:00Z,20,SI033,Koroška,NO2,,,,,75,75,0,µmol/m²,Sentinel Hub Statistical API / Sentinel-5P,P1D,missing
cinkarna_celje_2019,Cinkarna Celje industrial case,industrial_case,2019-12-21T00:00:00Z,2019-12-22T00:00:00Z,21,SI033,Koroška,NO2,,,,,75,75,0,µmol/m²,Sentinel Hub Statistical API / Sentinel-5P,P1D,missing
cinkarna_celje_2019,Cinkarna Celje industrial case,industrial_case,2019-12-22T00:00:00Z,2019-12-23T00:00:00Z,22,SI033,Koroška,NO2,,,,,75,75,0,µmol/m²,Sentinel Hub Statistical API / Sentinel-5P,P1D,missing
cinkarna_celje_2019,Cinkarna Celje industrial case,industrial_case,2019-12-23T00:00:00Z,2019-12-24T00:00:00Z,23,SI033,Koroška,NO2,-10.366141395934392,-10.366141395934392,-10.366141395934392,0.0,75,74,1,µmol/m²,Sentinel Hub Statistical API / Sentinel-5P,P1D,partial
cinkarna_celje_2019,Cinkarna Celje industrial case,industrial_case,2019-12-24T00:00:00Z,2019-12-25T00:00:00Z,24,SI033,Koroška,NO2,16.78216045775116,7.6875057857250795,23.25084642507136,5.452835635797415,75,59,16,µmol/m²,Sentinel Hub Statistical API / Sentinel-5P,P1D,partial
cinkarna_celje_2019,Cinkarna Celje industrial case,industrial_case,2019-12-25T00:00:00Z,2019-12-26T00:00:00Z,25,SI033,Koroška,NO2,20.303382789193765,1.8950487401525606,37.31552715180442,10.665940660221903,75,22,53,µmol/m²,Sentinel Hub Statistical API / Sentinel-5P,P1D,good
cinkarna_celje_2019,Cinkarna Celje industrial case,industrial_case,2019-12-26T00:00:00Z,2019-12-27T00:00:00Z,26,SI033,Koroška,NO2,32.84400710921511,-4.090698439540574,73.6067522666417,21.941395996105058,75,22,53,µmol/m²,Sentinel Hub Statistical API / Sentinel-5P,P1D,good
cinkarna_celje_2019,Cinkarna Celje industrial case,industrial_case,2019-12-27T00:00:00Z,2019-12-28T00:00:00Z,27,SI033,Koroška,NO2,,,,,75,75,0,µmol/m²,Sentinel Hub Statistical API / Sentinel-5P,P1D,missing
cinkarna_celje_2019,Cinkarna Celje industrial case,industrial_case,2019-12-28T00:00:00Z,2019-12-29T00:00:00Z,28,SI033,Koroška,NO2,28.411984260401372,1.9694764432642842,74.11996193695813,16.60142953924275,75,55,20,µmol/m²,Sentinel Hub Statistical API / Sentinel-5P,P1D,partial
cinkarna_celje_2019,Cinkarna Celje industrial case,industrial_case,2019-12-29T00:00:00Z,2019-12-30T00:00:00Z,29,SI033,Koroška,NO2,23.764378209641425,-12.376980521366931,49.79599543730728,16.829262207365538,75,26,49,µmol/m²,Sentinel Hub Statistical API / Sentinel-5P,P1D,good
cinkarna_celje_2019,Cinkarna Celje industrial case,industrial_case,2019-12-30T00:00:00Z,2019-12-31T00:00:00Z,30,SI033,Koroška,NO2,22.05009942473326,-16.183632396860048,73.53800174314529,23.194242666159983,75,30,45,µmol/m²,Sentinel Hub Statistical API / Sentinel-5P,P1D,good
cinkarna_celje_2019,Cinkarna Celje industrial case,industrial_case,2019-12-31T00:00:00Z,2020-01-01T00:00:00Z,31,SI033,Koroška,NO2,35.71986880599759,5.471272288559703,81.48385677486658,15.667899261337366,75,17,58,µmol/m²,Sentinel Hub Statistical API / Sentinel-5P,P1D,good
cinkarna_celje_2019,Cinkarna Celje industrial case,industrial_case,2019-12-01T00:00:00Z,2019-12-02T00:00:00Z,1,SI034,Savinjska,NO2,,,,,225,225,0,µmol/m²,Sentinel Hub Statistical API / Sentinel-5P,P1D,missing
cinkarna_celje_2019,Cinkarna Celje industrial case,industrial_case,2019-12-02T00:00:00Z,2019-12-03T00:00:00Z,2,SI034,Savinjska,NO2,,,,,225,225,0,µmol/m²,Sentinel Hub Statistical API / Sentinel-5P,P1D,missing
cinkarna_celje_2019,Cinkarna Celje industrial case,industrial_case,2019-12-03T00:00:00Z,2019-12-04T00:00:00Z,3,SI034,Savinjska,NO2,46.85344439330434,-0.4626794805062673,89.11030454328284,18.711206231833827,225,101,124,µmol/m²,Sentinel Hub Statistical API / Sentinel-5P,P1D,good
cinkarna_celje_2019,Cinkarna Celje industrial case,industrial_case,2019-12-04T00:00:00Z,2019-12-05T00:00:00Z,4,SI034,Savinjska,NO2,58.77000957952646,18.938530047307722,115.36599777173251,24.278990086511374,225,118,107,µmol/m²,Sentinel Hub Statistical API / Sentinel-5P,P1D,partial
cinkarna_celje_2019,Cinkarna Celje industrial case,industrial_case,2019-12-05T00:00:00Z,2019-12-06T00:00:00Z,5,SI034,Savinjska,NO2,57.685541672553335,13.59722409688402,116.35747068794444,22.818739463333884,225,157,68,µmol/m²,Sentinel Hub Statistical API / Sentinel-5P,P1D,partial
cinkarna_celje_2019,Cinkarna Celje industrial case,industrial_case,2019-12-06T00:00:00Z,2019-12-07T00:00:00Z,6,SI034,Savinjska,NO2,48.14314400535201,8.42469307826832,96.80475341156125,20.362363731811158,225,187,38,µmol/m²,Sentinel Hub Statistical API / Sentinel-5P,P1D,partial
cinkarna_celje_2019,Cinkarna Celje industrial case,industrial_case,2019-12-07T00:00:00Z,2019-12-08T00:00:00Z,7,SI034,Savinjska,NO2,36.46717645689171,-26.934925699606538,80.14795457711443,24.970141882488523,225,139,86,µmol/m²,Sentinel Hub Statistical API / Sentinel-5P,P1D,partial
cinkarna_celje_2019,Cinkarna Celje industrial case,industrial_case,2019-12-08T00:00:00Z,2019-12-09T00:00:00Z,8,SI034,Savinjska,NO2,59.184280568539776,10.534877219470218,113.51282591931522,31.011280484750117,225,168,57,µmol/m²,Sentinel Hub Statistical API / Sentinel-5P,P1D,partial
cinkarna_celje_2019,Cinkarna Celje industrial case,industrial_case,2019-12-09T00:00:00Z,2019-12-10T00:00:00Z,9,SI034,Savinjska,NO2,,,,,225,225,0,µmol/m²,Sentinel Hub Statistical API / Sentinel-5P,P1D,missing
cinkarna_celje_2019,Cinkarna Celje industrial case,industrial_case,2019-12-10T00:00:00Z,2019-12-11T00:00:00Z,10,SI034,Savinjska,NO2,59.64894035951505,12.34842147823656,92.81634993385524,20.955573116980748,225,174,51,µmol/m²,Sentinel Hub Statistical API / Sentinel-5P,P1D,partial
cinkarna_celje_2019,Cinkarna Celje industrial case,industrial_case,2019-12-11T00:00:00Z,2019-12-12T00:00:00Z,11,SI034,Savinjska,NO2,49.932707684844964,-12.111780961276963,189.8472401080653,27.51104246272262,225,92,133,µmol/m²,Sentinel Hub Statistical API / Sentinel-5P,P1D,good
cinkarna_celje_2019,Cinkarna Celje industrial case,industrial_case,2019-12-12T00:00:00Z,2019-12-13T00:00:00Z,12,SI034,Savinjska,NO2,,,,,225,225,0,µmol/m²,Sentinel Hub Statistical API / Sentinel-5P,P1D,missing
cinkarna_celje_2019,Cinkarna Celje industrial case,industrial_case,2019-12-13T00:00:00Z,2019-12-14T00:00:00Z,13,SI034,Savinjska,NO2,,,,,225,225,0,µmol/m²,Sentinel Hub Statistical API / Sentinel-5P,P1D,missing
cinkarna_celje_2019,Cinkarna Celje industrial case,industrial_case,2019-12-14T00:00:00Z,2019-12-15T00:00:00Z,14,SI034,Savinjska,NO2,57.98546536410511,14.280531104304828,108.03669283632189,22.51275532770589,225,103,122,µmol/m²,Sentinel Hub Statistical API / Sentinel-5P,P1D,good
cinkarna_celje_2019,Cinkarna Celje industrial case,industrial_case,2019-12-15T00:00:00Z,2019-12-16T00:00:00Z,15,SI034,Savinjska,NO2,87.62997216156995,63.34175122901797,117.09120735758916,22.245914470704147,225,219,6,µmol/m²,Sentinel Hub Statistical API / Sentinel-5P,P1D,partial
cinkarna_celje_2019,Cinkarna Celje industrial case,industrial_case,2019-12-16T00:00:00Z,2019-12-17T00:00:00Z,16,SI034,Savinjska,NO2,54.13238951795003,29.173075745347887,98.31110946834087,22.189935999637992,225,211,14,µmol/m²,Sentinel Hub Statistical API / Sentinel-5P,P1D,partial
cinkarna_celje_2019,Cinkarna Celje industrial case,industrial_case,2019-12-17T00:00:00Z,2019-12-18T00:00:00Z,17,SI034,Savinjska,NO2,34.41489606763,-15.655576135031879,85.30095510650426,18.21767121824447,225,144,81,µmol/m²,Sentinel Hub Statistical API / Sentinel-5P,P1D,partial
cinkarna_celje_2019,Cinkarna Celje industrial case,industrial_case,2019-12-18T00:00:00Z,2019-12-19T00:00:00Z,18,SI034,Savinjska,NO2,27.44091174614975,2.125222636095714,67.18061922583729,13.274967973650652,225,177,48,µmol/m²,Sentinel Hub Statistical API / Sentinel-5P,P1D,partial
cinkarna_celje_2019,Cinkarna Celje industrial case,industrial_case,2019-12-19T00:00:00Z,2019-12-20T00:00:00Z,19,SI034,Savinjska,NO2,16.990797636632735,-11.379709576431196,53.648756875190884,24.022088317543588,225,210,15,µmol/m²,Sentinel Hub Statistical API / Sentinel-5P,P1D,partial
cinkarna_celje_2019,Cinkarna Celje industrial case,industrial_case,2019-12-20T00:00:00Z,2019-12-21T00:00:00Z,20,SI034,Savinjska,NO2,50.046171963913366,45.31325976131484,51.244547648821026,2.124926755367972,225,219,6,µmol/m²,Sentinel Hub Statistical API / Sentinel-5P,P1D,partial
cinkarna_celje_2019,Cinkarna Celje industrial case,industrial_case,2019-12-21T00:00:00Z,2019-12-22T00:00:00Z,21,SI034,Savinjska,NO2,,,,,225,225,0,µmol/m²,Sentinel Hub Statistical API / Sentinel-5P,P1D,missing
cinkarna_celje_2019,Cinkarna Celje industrial case,industrial_case,2019-12-22T00:00:00Z,2019-12-23T00:00:00Z,22,SI034,Savinjska,NO2,,,,,225,225,0,µmol/m²,Sentinel Hub Statistical API / Sentinel-5P,P1D,missing
cinkarna_celje_2019,Cinkarna Celje industrial case,industrial_case,2019-12-23T00:00:00Z,2019-12-24T00:00:00Z,23,SI034,Savinjska,NO2,29.436868317134213,15.318166333599947,43.55557030066848,14.118701983534265,225,223,2,µmol/m²,Sentinel Hub Statistical API / Sentinel-5P,P1D,partial
cinkarna_celje_2019,Cinkarna Celje industrial case,industrial_case,2019-12-24T00:00:00Z,2019-12-25T00:00:00Z,24,SI034,Savinjska,NO2,11.108849018152492,4.323632310843095,14.501457371807192,4.797872745558733,225,222,3,µmol/m²,Sentinel Hub Statistical API / Sentinel-5P,P1D,partial
cinkarna_celje_2019,Cinkarna Celje industrial case,industrial_case,2019-12-25T00:00:00Z,2019-12-26T00:00:00Z,25,SI034,Savinjska,NO2,29.546867717652916,3.5951520658272784,51.434341003187,12.567585960788684,225,102,123,µmol/m²,Sentinel Hub Statistical API / Sentinel-5P,P1D,good
cinkarna_celje_2019,Cinkarna Celje industrial case,industrial_case,2019-12-26T00:00:00Z,2019-12-27T00:00:00Z,26,SI034,Savinjska,NO2,37.43631282649211,-4.229326350468909,82.07076461985707,17.84182436886242,225,93,132,µmol/m²,Sentinel Hub Statistical API / Sentinel-5P,P1D,good
cinkarna_celje_2019,Cinkarna Celje industrial case,industrial_case,2019-12-27T00:00:00Z,2019-12-28T00:00:00Z,27,SI034,Savinjska,NO2,,,,,225,225,0,µmol/m²,Sentinel Hub Statistical API / Sentinel-5P,P1D,missing
cinkarna_celje_2019,Cinkarna Celje industrial case,industrial_case,2019-12-28T00:00:00Z,2019-12-29T00:00:00Z,28,SI034,Savinjska,NO2,28.041751294019896,-1.2194185501357424,74.48621181538329,16.318451095726477,225,186,39,µmol/m²,Sentinel Hub Statistical API / Sentinel-5P,P1D,partial
cinkarna_celje_2019,Cinkarna Celje industrial case,industrial_case,2019-12-29T00:00:00Z,2019-12-30T00:00:00Z,29,SI034,Savinjska,NO2,29.5520003562597,-2.9518398605432594,73.41536547755823,17.388900302831253,225,98,127,µmol/m²,Sentinel Hub Statistical API / Sentinel-5P,P1D,good
cinkarna_celje_2019,Cinkarna Celje industrial case,industrial_case,2019-12-30T00:00:00Z,2019-12-31T00:00:00Z,30,SI034,Savinjska,NO2,35.578330010319874,-13.863884305465035,75.56821219623089,22.018846208229174,225,89,136,µmol/m²,Sentinel Hub Statistical API / Sentinel-5P,P1D,good
cinkarna_celje_2019,Cinkarna Celje industrial case,industrial_case,2019-12-31T00:00:00Z,2020-01-01T00:00:00Z,31,SI034,Savinjska,NO2,41.324744599665685,-8.246971447078977,84.03482934227213,19.94931498034838,225,89,136,µmol/m²,Sentinel Hub Statistical API / Sentinel-5P,P1D,good
cinkarna_celje_2019,Cinkarna Celje industrial case,industrial_case,2019-12-01T00:00:00Z,2019-12-02T00:00:00Z,1,SI035,Zasavska,NO2,,,,,45,45,0,µmol/m²,Sentinel Hub Statistical API / Sentinel-5P,P1D,missing
cinkarna_celje_2019,Cinkarna Celje industrial case,industrial_case,2019-12-02T00:00:00Z,2019-12-03T00:00:00Z,2,SI035,Zasavska,NO2,,,,,45,45,0,µmol/m²,Sentinel Hub Statistical API / Sentinel-5P,P1D,missing
cinkarna_celje_2019,Cinkarna Celje industrial case,industrial_case,2019-12-03T00:00:00Z,2019-12-04T00:00:00Z,3,SI035,Zasavska,NO2,37.53495116792952,13.214384125603829,54.72408884088509,10.263674432665765,45,10,35,µmol/m²,Sentinel Hub Statistical API / Sentinel-5P,P1D,good
cinkarna_celje_2019,Cinkarna Celje industrial case,industrial_case,2019-12-04T00:00:00Z,2019-12-05T00:00:00Z,4,SI035,Zasavska,NO2,53.38355267961179,34.62507447693497,65.2479357086122,9.448161148753961,45,14,31,µmol/m²,Sentinel Hub Statistical API / Sentinel-5P,P1D,good
cinkarna_celje_2019,Cinkarna Celje industrial case,industrial_case,2019-12-05T00:00:00Z,2019-12-06T00:00:00Z,5,SI035,Zasavska,NO2,60.06098301440943,29.289227313711308,97.20837260829285,14.468893294871608,45,10,35,µmol/m²,Sentinel Hub Statistical API / Sentinel-5P,P1D,good
cinkarna_celje_2019,Cinkarna Celje industrial case,industrial_case,2019-12-06T00:00:00Z,2019-12-07T00:00:00Z,6,SI035,Zasavska,NO2,24.74693226556863,-30.040961064514704,41.49918459006585,21.244486831097706,45,36,9,µmol/m²,Sentinel Hub Statistical API / Sentinel-5P,P1D,partial
cinkarna_celje_2019,Cinkarna Celje industrial case,industrial_case,2019-12-07T00:00:00Z,2019-12-08T00:00:00Z,7,SI035,Zasavska,NO2,16.041147498699697,-26.248892027069815,37.07278665388003,16.765193465969705,45,22,23,µmol/m²,Sentinel Hub Statistical API / Sentinel-5P,P1D,good
cinkarna_celje_2019,Cinkarna Celje industrial case,industrial_case,2019-12-08T00:00:00Z,2019-12-09T00:00:00Z,8,SI035,Zasavska,NO2,98.07869901123921,65.600048401393,125.50038809422404,27.756489022456726,45,37,8,µmol/m²,Sentinel Hub Statistical API / Sentinel-5P,P1D,partial
cinkarna_celje_2019,Cinkarna Celje industrial case,industrial_case,2019-12-09T00:00:00Z,2019-12-10T00:00:00Z,9,SI035,Zasavska,NO2,,,,,45,45,0,µmol/m²,Sentinel Hub Statistical API / Sentinel-5P,P1D,missing
cinkarna_celje_2019,Cinkarna Celje industrial case,industrial_case,2019-12-10T00:00:00Z,2019-12-11T00:00:00Z,10,SI035,Zasavska,NO2,73.36295675486326,41.308179788757116,111.49268539156765,15.22982844989245,45,26,19,µmol/m²,Sentinel Hub Statistical API / Sentinel-5P,P1D,partial
cinkarna_celje_2019,Cinkarna Celje industrial case,industrial_case,2019-12-11T00:00:00Z,2019-12-12T00:00:00Z,11,SI035,Zasavska,NO2,38.755851460337,-20.197152480250224,77.38386193523183,22.461463831080856,45,10,35,µmol/m²,Sentinel Hub Statistical API / Sentinel-5P,P1D,good
cinkarna_celje_2019,Cinkarna Celje industrial case,industrial_case,2019-12-12T00:00:00Z,2019-12-13T00:00:00Z,12,SI035,Zasavska,NO2,,,,,45,45,0,µmol/m²,Sentinel Hub Statistical API / Sentinel-5P,P1D,missing
cinkarna_celje_2019,Cinkarna Celje industrial case,industrial_case,2019-12-13T00:00:00Z,2019-12-14T00:00:00Z,13,SI035,Zasavska,NO2,,,,,45,45,0,µmol/m²,Sentinel Hub Statistical API / Sentinel-5P,P1D,missing
cinkarna_celje_2019,Cinkarna Celje industrial case,industrial_case,2019-12-14T00:00:00Z,2019-12-15T00:00:00Z,14,SI035,Zasavska,NO2,58.22768325742801,35.09195084916428,79.17438051663339,13.62147357949693,45,15,30,µmol/m²,Sentinel Hub Statistical API / Sentinel-5P,P1D,good
cinkarna_celje_2019,Cinkarna Celje industrial case,industrial_case,2019-12-15T00:00:00Z,2019-12-16T00:00:00Z,15,SI035,Zasavska,NO2,,,,,45,45,0,µmol/m²,Sentinel Hub Statistical API / Sentinel-5P,P1D,missing
cinkarna_celje_2019,Cinkarna Celje industrial case,industrial_case,2019-12-16T00:00:00Z,2019-12-17T00:00:00Z,16,SI035,Zasavska,NO2,,,,,45,45,0,µmol/m²,Sentinel Hub Statistical API / Sentinel-5P,P1D,missing
cinkarna_celje_2019,Cinkarna Celje industrial case,industrial_case,2019-12-17T00:00:00Z,2019-12-18T00:00:00Z,17,SI035,Zasavska,NO2,42.086775173239786,6.42691475150059,79.15724563645199,19.795522183034457,45,31,14,µmol/m²,Sentinel Hub Statistical API / Sentinel-5P,P1D,partial
cinkarna_celje_2019,Cinkarna Celje industrial case,industrial_case,2019-12-18T00:00:00Z,2019-12-19T00:00:00Z,18,SI035,Zasavska,NO2,62.858362070983276,54.15658961283043,71.56013452913612,8.701772458152846,45,43,2,µmol/m²,Sentinel Hub Statistical API / Sentinel-5P,P1D,partial
cinkarna_celje_2019,Cinkarna Celje industrial case,industrial_case,2019-12-19T00:00:00Z,2019-12-20T00:00:00Z,19,SI035,Zasavska,NO2,,,,,45,45,0,µmol/m²,Sentinel Hub Statistical API / Sentinel-5P,P1D,missing
cinkarna_celje_2019,Cinkarna Celje industrial case,industrial_case,2019-12-20T00:00:00Z,2019-12-21T00:00:00Z,20,SI035,Zasavska,NO2,,,,,45,45,0,µmol/m²,Sentinel Hub Statistical API / Sentinel-5P,P1D,missing
cinkarna_celje_2019,Cinkarna Celje industrial case,industrial_case,2019-12-21T00:00:00Z,2019-12-22T00:00:00Z,21,SI035,Zasavska,NO2,,,,,45,45,0,µmol/m²,Sentinel Hub Statistical API / Sentinel-5P,P1D,missing
cinkarna_celje_2019,Cinkarna Celje industrial case,industrial_case,2019-12-22T00:00:00Z,2019-12-23T00:00:00Z,22,SI035,Zasavska,NO2,,,,,45,45,0,µmol/m²,Sentinel Hub Statistical API / Sentinel-5P,P1D,missing
cinkarna_celje_2019,Cinkarna Celje industrial case,industrial_case,2019-12-23T00:00:00Z,2019-12-24T00:00:00Z,23,SI035,Zasavska,NO2,48.16482241949416,-6.985211257415358,106.53270146576688,33.51793618843318,45,35,10,µmol/m²,Sentinel Hub Statistical API / Sentinel-5P,P1D,partial
cinkarna_celje_2019,Cinkarna Celje industrial case,industrial_case,2019-12-24T00:00:00Z,2019-12-25T00:00:00Z,24,SI035,Zasavska,NO2,17.68049796737614,-23.56464756303467,47.58464638143778,24.30029645004736,45,35,10,µmol/m²,Sentinel Hub Statistical API / Sentinel-5P,P1D,partial
cinkarna_celje_2019,Cinkarna Celje industrial case,industrial_case,2019-12-25T00:00:00Z,2019-12-26T00:00:00Z,25,SI035,Zasavska,NO2,29.627087561883467,6.216422207216965,48.23310155188665,11.778163105751094,45,10,35,µmol/m²,Sentinel Hub Statistical API / Sentinel-5P,P1D,good
cinkarna_celje_2019,Cinkarna Celje industrial case,industrial_case,2019-12-26T00:00:00Z,2019-12-27T00:00:00Z,26,SI035,Zasavska,NO2,35.898732910157236,-2.818885377564584,74.22632188536227,22.43917736384732,45,10,35,µmol/m²,Sentinel Hub Statistical API / Sentinel-5P,P1D,good
cinkarna_celje_2019,Cinkarna Celje industrial case,industrial_case,2019-12-27T00:00:00Z,2019-12-28T00:00:00Z,27,SI035,Zasavska,NO2,,,,,45,45,0,µmol/m²,Sentinel Hub Statistical API / Sentinel-5P,P1D,missing
cinkarna_celje_2019,Cinkarna Celje industrial case,industrial_case,2019-12-28T00:00:00Z,2019-12-29T00:00:00Z,28,SI035,Zasavska,NO2,32.49629944927317,6.625851256103488,57.3065372009296,15.070877575613958,45,21,24,µmol/m²,Sentinel Hub Statistical API / Sentinel-5P,P1D,good
cinkarna_celje_2019,Cinkarna Celje industrial case,industrial_case,2019-12-29T00:00:00Z,2019-12-30T00:00:00Z,29,SI035,Zasavska,NO2,31.870873863226734,8.315761078847572,55.00791667145677,11.594109546377682,45,10,35,µmol/m²,Sentinel Hub Statistical API / Sentinel-5P,P1D,good
cinkarna_celje_2019,Cinkarna Celje industrial case,industrial_case,2019-12-30T00:00:00Z,2019-12-31T00:00:00Z,30,SI035,Zasavska,NO2,32.962879127548405,9.785901966097299,59.11724656471051,13.913469649265522,45,10,35,µmol/m²,Sentinel Hub Statistical API / Sentinel-5P,P1D,good
cinkarna_celje_2019,Cinkarna Celje industrial case,industrial_case,2019-12-31T00:00:00Z,2020-01-01T00:00:00Z,31,SI035,Zasavska,NO2,48.418285067392766,19.481069102766924,84.03482934227213,12.917456022457268,45,10,35,µmol/m²,Sentinel Hub Statistical API / Sentinel-5P,P1D,good
cinkarna_celje_2019,Cinkarna Celje industrial case,industrial_case,2019-12-01T00:00:00Z,2019-12-02T00:00:00Z,1,SI036,Posavska,NO2,,,,,78,78,0,µmol/m²,Sentinel Hub Statistical API / Sentinel-5P,P1D,missing
cinkarna_celje_2019,Cinkarna Celje industrial case,industrial_case,2019-12-02T00:00:00Z,2019-12-03T00:00:00Z,2,SI036,Posavska,NO2,,,,,78,78,0,µmol/m²,Sentinel Hub Statistical API / Sentinel-5P,P1D,missing
cinkarna_celje_2019,Cinkarna Celje industrial case,industrial_case,2019-12-03T00:00:00Z,2019-12-04T00:00:00Z,3,SI036,Posavska,NO2,48.1282805301786,18.20126453822013,87.23531209398061,13.76975762483036,78,19,59,µmol/m²,Sentinel Hub Statistical API / Sentinel-5P,P1D,good
cinkarna_celje_2019,Cinkarna Celje industrial case,industrial_case,2019-12-04T00:00:00Z,2019-12-05T00:00:00Z,4,SI036,Posavska,NO2,34.62507447693497,34.62507447693497,34.62507447693497,0.0,78,77,1,µmol/m²,Sentinel Hub Statistical API / Sentinel-5P,P1D,partial
cinkarna_celje_2019,Cinkarna Celje industrial case,industrial_case,2019-12-05T00:00:00Z,2019-12-06T00:00:00Z,5,SI036,Posavska,NO2,42.51644190844672,18.61859709606506,68.98114224895835,16.242472259199005,78,70,8,µmol/m²,Sentinel Hub Statistical API / Sentinel-5P,P1D,partial
cinkarna_celje_2019,Cinkarna Celje industrial case,industrial_case,2019-12-06T00:00:00Z,2019-12-07T00:00:00Z,6,SI036,Posavska,NO2,53.489634475616704,7.036972419882659,124.23316366039217,25.37359228980817,78,36,42,µmol/m²,Sentinel Hub Statistical API / Sentinel-5P,P1D,good
cinkarna_celje_2019,Cinkarna Celje industrial case,industrial_case,2019-12-07T00:00:00Z,2019-12-08T00:00:00Z,7,SI036,Posavska,NO2,41.30848496143615,-4.566617008094909,129.46987408213317,25.54021037343898,78,23,55,µmol/m²,Sentinel Hub Statistical API / Sentinel-5P,P1D,good
cinkarna_celje_2019,Cinkarna Celje industrial case,industrial_case,2019-12-08T00:00:00Z,2019-12-09T00:00:00Z,8,SI036,Posavska,NO2,77.06185239103868,29.28233334387187,123.38232772890478,23.313153823435478,78,57,21,µmol/m²,Sentinel Hub Statistical API / Sentinel-5P,P1D,partial
cinkarna_celje_2019,Cinkarna Celje industrial case,industrial_case,2019-12-09T00:00:00Z,2019-12-10T00:00:00Z,9,SI036,Posavska,NO2,,,,,78,78,0,µmol/m²,Sentinel Hub Statistical API / Sentinel-5P,P1D,missing
cinkarna_celje_2019,Cinkarna Celje industrial case,industrial_case,2019-12-10T00:00:00Z,2019-12-11T00:00:00Z,10,SI036,Posavska,NO2,75.62554856122004,54.42872497951612,111.24701995868236,11.978928467548785,78,42,36,µmol/m²,Sentinel Hub Statistical API / Sentinel-5P,P1D,partial
cinkarna_celje_2019,Cinkarna Celje industrial case,industrial_case,2019-12-11T00:00:00Z,2019-12-12T00:00:00Z,11,SI036,Posavska,NO2,31.732843388577393,-6.2505796449841,69.03280882397667,15.220005664191271,78,19,59,µmol/m²,Sentinel Hub Statistical API / Sentinel-5P,P1D,good
cinkarna_celje_2019,Cinkarna Celje industrial case,industrial_case,2019-12-12T00:00:00Z,2019-12-13T00:00:00Z,12,SI036,Posavska,NO2,,,,,78,78,0,µmol/m²,Sentinel Hub Statistical API / Sentinel-5P,P1D,missing
cinkarna_celje_2019,Cinkarna Celje industrial case,industrial_case,2019-12-13T00:00:00Z,2019-12-14T00:00:00Z,13,SI036,Posavska,NO2,,,,,78,78,0,µmol/m²,Sentinel Hub Statistical API / Sentinel-5P,P1D,missing
cinkarna_celje_2019,Cinkarna Celje industrial case,industrial_case,2019-12-14T00:00:00Z,2019-12-15T00:00:00Z,14,SI036,Posavska,NO2,43.22505761096678,23.538435925729573,62.90984310908243,10.834218320384275,78,23,55,µmol/m²,Sentinel Hub Statistical API / Sentinel-5P,P1D,good
cinkarna_celje_2019,Cinkarna Celje industrial case,industrial_case,2019-12-15T00:00:00Z,2019-12-16T00:00:00Z,15,SI036,Posavska,NO2,69.98413288062598,42.333856981713325,117.09120735758916,14.519960854493995,78,49,29,µmol/m²,Sentinel Hub Statistical API / Sentinel-5P,P1D,partial
cinkarna_celje_2019,Cinkarna Celje industrial case,industrial_case,2019-12-16T00:00:00Z,2019-12-17T00:00:00Z,16,SI036,Posavska,NO2,80.39389073625594,42.079373088199645,115.31167547218502,20.65792370868448,78,66,12,µmol/m²,Sentinel Hub Statistical API / Sentinel-5P,P1D,partial
cinkarna_celje_2019,Cinkarna Celje industrial case,industrial_case,2019-12-17T00:00:00Z,2019-12-18T00:00:00Z,17,SI036,Posavska,NO2,35.001242395082954,11.950758562306874,73.29131767619401,15.510139088914352,78,64,14,µmol/m²,Sentinel Hub Statistical API / Sentinel-5P,P1D,partial
cinkarna_celje_2019,Cinkarna Celje industrial case,industrial_case,2019-12-18T00:00:00Z,2019-12-19T00:00:00Z,18,SI036,Posavska,NO2,28.429843678168258,-12.531274478533305,62.429280660580844,15.043478804730606,78,23,55,µmol/m²,Sentinel Hub Statistical API / Sentinel-5P,P1D,good
cinkarna_celje_2019,Cinkarna Celje industrial case,industrial_case,2019-12-19T00:00:00Z,2019-12-20T00:00:00Z,19,SI036,Posavska,NO2,28.655009373323992,28.655009373323992,28.655009373323992,0.0,78,76,2,µmol/m²,Sentinel Hub Statistical API / Sentinel-5P,P1D,partial
cinkarna_celje_2019,Cinkarna Celje industrial case,industrial_case,2019-12-20T00:00:00Z,2019-12-21T00:00:00Z,20,SI036,Posavska,NO2,,,,,78,78,0,µmol/m²,Sentinel Hub Statistical API / Sentinel-5P,P1D,missing
cinkarna_celje_2019,Cinkarna Celje industrial case,industrial_case,2019-12-21T00:00:00Z,2019-12-22T00:00:00Z,21,SI036,Posavska,NO2,,,,,78,78,0,µmol/m²,Sentinel Hub Statistical API / Sentinel-5P,P1D,missing
cinkarna_celje_2019,Cinkarna Celje industrial case,industrial_case,2019-12-22T00:00:00Z,2019-12-23T00:00:00Z,22,SI036,Posavska,NO2,,,,,78,78,0,µmol/m²,Sentinel Hub Statistical API / Sentinel-5P,P1D,missing
cinkarna_celje_2019,Cinkarna Celje industrial case,industrial_case,2019-12-23T00:00:00Z,2019-12-24T00:00:00Z,23,SI036,Posavska,NO2,28.178063257655594,14.087944691709708,48.7074394186493,12.950285319355066,78,73,5,µmol/m²,Sentinel Hub Statistical API / Sentinel-5P,P1D,partial
cinkarna_celje_2019,Cinkarna Celje industrial case,industrial_case,2019-12-24T00:00:00Z,2019-12-25T00:00:00Z,24,SI036,Posavska,NO2,,,,,78,78,0,µmol/m²,Sentinel Hub Statistical API / Sentinel-5P,P1D,missing
cinkarna_celje_2019,Cinkarna Celje industrial case,industrial_case,2019-12-25T00:00:00Z,2019-12-26T00:00:00Z,25,SI036,Posavska,NO2,32.10460474323462,6.216422207216965,47.16223702416755,9.601201665055239,78,19,59,µmol/m²,Sentinel Hub Statistical API / Sentinel-5P,P1D,good
cinkarna_celje_2019,Cinkarna Celje industrial case,industrial_case,2019-12-26T00:00:00Z,2019-12-27T00:00:00Z,26,SI036,Posavska,NO2,35.08729057087075,-1.8781136077450356,78.43758794479072,16.394248393810273,78,20,58,µmol/m²,Sentinel Hub Statistical API / Sentinel-5P,P1D,good
cinkarna_celje_2019,Cinkarna Celje industrial case,industrial_case,2019-12-27T00:00:00Z,2019-12-28T00:00:00Z,27,SI036,Posavska,NO2,,,,,78,78,0,µmol/m²,Sentinel Hub Statistical API / Sentinel-5P,P1D,missing
cinkarna_celje_2019,Cinkarna Celje industrial case,industrial_case,2019-12-28T00:00:00Z,2019-12-29T00:00:00Z,28,SI036,Posavska,NO2,32.40315026750037,-1.2194185501357424,57.710982218850404,14.637237513638034,78,49,29,µmol/m²,Sentinel Hub Statistical API / Sentinel-5P,P1D,partial
cinkarna_celje_2019,Cinkarna Celje industrial case,industrial_case,2019-12-29T00:00:00Z,2019-12-30T00:00:00Z,29,SI036,Posavska,NO2,31.23130965688783,-2.676189978956245,67.30751192662865,15.279779527202846,78,21,57,µmol/m²,Sentinel Hub Statistical API / Sentinel-5P,P1D,good
cinkarna_celje_2019,Cinkarna Celje industrial case,industrial_case,2019-12-30T00:00:00Z,2019-12-31T00:00:00Z,30,SI036,Posavska,NO2,34.67476285473144,15.106275895959698,59.55675806035288,13.261934592103199,78,19,59,µmol/m²,Sentinel Hub Statistical API / Sentinel-5P,P1D,good
cinkarna_celje_2019,Cinkarna Celje industrial case,industrial_case,2019-12-31T00:00:00Z,2020-01-01T00:00:00Z,31,SI036,Posavska,NO2,42.783660596873915,5.134676939633209,78.03568587405607,15.52515979707392,78,19,59,µmol/m²,Sentinel Hub Statistical API / Sentinel-5P,P1D,good
cinkarna_celje_2019,Cinkarna Celje industrial case,industrial_case,2019-12-01T00:00:00Z,2019-12-02T00:00:00Z,1,SI037,Jugovzhodna Slovenija,NO2,,,,,204,204,0,µmol/m²,Sentinel Hub Statistical API / Sentinel-5P,P1D,missing
cinkarna_celje_2019,Cinkarna Celje industrial case,industrial_case,2019-12-02T00:00:00Z,2019-12-03T00:00:00Z,2,SI037,Jugovzhodna Slovenija,NO2,,,,,204,204,0,µmol/m²,Sentinel Hub Statistical API / Sentinel-5P,P1D,missing
cinkarna_celje_2019,Cinkarna Celje industrial case,industrial_case,2019-12-03T00:00:00Z,2019-12-04T00:00:00Z,3,SI037,Jugovzhodna Slovenija,NO2,35.697362054570284,0.021888386214641287,80.02869435586035,15.057303303877454,204,66,138,µmol/m²,Sentinel Hub Statistical API / Sentinel-5P,P1D,good
cinkarna_celje_2019,Cinkarna Celje industrial case,industrial_case,2019-12-04T00:00:00Z,2019-12-05T00:00:00Z,4,SI037,Jugovzhodna Slovenija,NO2,28.997713040250048,12.615117157110944,39.75305298808962,6.230686141427513,204,165,39,µmol/m²,Sentinel Hub Statistical API / Sentinel-5P,P1D,partial
cinkarna_celje_2019,Cinkarna Celje industrial case,industrial_case,2019-12-05T00:00:00Z,2019-12-06T00:00:00Z,5,SI037,Jugovzhodna Slovenija,NO2,35.90651937895198,1.1598989431149676,75.87555592181161,16.501046022091796,204,122,82,µmol/m²,Sentinel Hub Statistical API / Sentinel-5P,P1D,partial
cinkarna_celje_2019,Cinkarna Celje industrial case,industrial_case,2019-12-06T00:00:00Z,2019-12-07T00:00:00Z,6,SI037,Jugovzhodna Slovenija,NO2,45.276482570752044,-1.2809506415578653,99.47977378033102,18.758807286447272,204,148,56,µmol/m²,Sentinel Hub Statistical API / Sentinel-5P,P1D,partial
cinkarna_celje_2019,Cinkarna Celje industrial case,industrial_case,2019-12-07T00:00:00Z,2019-12-08T00:00:00Z,7,SI037,Jugovzhodna Slovenija,NO2,21.844879835467346,-23.102407794795,55.761789553798735,16.090707380168034,204,65,139,µmol/m²,Sentinel Hub Statistical API / Sentinel-5P,P1D,good
cinkarna_celje_2019,Cinkarna Celje industrial case,industrial_case,2019-12-08T00:00:00Z,2019-12-09T00:00:00Z,8,SI037,Jugovzhodna Slovenija,NO2,64.54991345867995,12.88809744437458,125.50038809422404,22.62454571011702,204,123,81,µmol/m²,Sentinel Hub Statistical API / Sentinel-5P,P1D,partial
cinkarna_celje_2019,Cinkarna Celje industrial case,industrial_case,2019-12-09T00:00:00Z,2019-12-10T00:00:00Z,9,SI037,Jugovzhodna Slovenija,NO2,,,,,204,204,0,µmol/m²,Sentinel Hub Statistical API / Sentinel-5P,P1D,missing
cinkarna_celje_2019,Cinkarna Celje industrial case,industrial_case,2019-12-10T00:00:00Z,2019-12-11T00:00:00Z,10,SI037,Jugovzhodna Slovenija,NO2,68.84066674769306,29.305709176696837,111.49268539156765,17.50691818168123,204,119,85,µmol/m²,Sentinel Hub Statistical API / Sentinel-5P,P1D,partial
cinkarna_celje_2019,Cinkarna Celje industrial case,industrial_case,2019-12-11T00:00:00Z,2019-12-12T00:00:00Z,11,SI037,Jugovzhodna Slovenija,NO2,25.696243511392435,-30.916748073650524,58.40842277393676,17.263818545080163,204,53,151,µmol/m²,Sentinel Hub Statistical API / Sentinel-5P,P1D,good
cinkarna_celje_2019,Cinkarna Celje industrial case,industrial_case,2019-12-12T00:00:00Z,2019-12-13T00:00:00Z,12,SI037,Jugovzhodna Slovenija,NO2,,,,,204,204,0,µmol/m²,Sentinel Hub Statistical API / Sentinel-5P,P1D,missing
cinkarna_celje_2019,Cinkarna Celje industrial case,industrial_case,2019-12-13T00:00:00Z,2019-12-14T00:00:00Z,13,SI037,Jugovzhodna Slovenija,NO2,,,,,204,204,0,µmol/m²,Sentinel Hub Statistical API / Sentinel-5P,P1D,missing
cinkarna_celje_2019,Cinkarna Celje industrial case,industrial_case,2019-12-14T00:00:00Z,2019-12-15T00:00:00Z,14,SI037,Jugovzhodna Slovenija,NO2,44.24227927302129,17.733085769577883,91.56428131973371,16.080266141465955,204,104,100,µmol/m²,Sentinel Hub Statistical API / Sentinel-5P,P1D,partial
cinkarna_celje_2019,Cinkarna Celje industrial case,industrial_case,2019-12-15T00:00:00Z,2019-12-16T00:00:00Z,15,SI037,Jugovzhodna Slovenija,NO2,89.0329033609305,55.49261550186202,121.30553659517318,22.923643788852683,204,196,8,µmol/m²,Sentinel Hub Statistical API / Sentinel-5P,P1D,partial
cinkarna_celje_2019,Cinkarna Celje industrial case,industrial_case,2019-12-16T00:00:00Z,2019-12-17T00:00:00Z,16,SI037,Jugovzhodna Slovenija,NO2,125.31378888525069,125.31378888525069,125.31378888525069,0.0,204,202,2,µmol/m²,Sentinel Hub Statistical API / Sentinel-5P,P1D,partial
cinkarna_celje_2019,Cinkarna Celje industrial case,industrial_case,2019-12-17T00:00:00Z,2019-12-18T00:00:00Z,17,SI037,Jugovzhodna Slovenija,NO2,17.468883217790992,-25.71165532572195,43.558902689255774,20.509836410663667,204,195,9,µmol/m²,Sentinel Hub Statistical API / Sentinel-5P,P1D,partial
cinkarna_celje_2019,Cinkarna Celje industrial case,industrial_case,2019-12-18T00:00:00Z,2019-12-19T00:00:00Z,18,SI037,Jugovzhodna Slovenija,NO2,24.523782542473775,-17.620121070649475,55.49791603698395,16.107386251260603,204,91,113,µmol/m²,Sentinel Hub Statistical API / Sentinel-5P,P1D,good
cinkarna_celje_2019,Cinkarna Celje industrial case,industrial_case,2019-12-19T00:00:00Z,2019-12-20T00:00:00Z,19,SI037,Jugovzhodna Slovenija,NO2,,,,,204,204,0,µmol/m²,Sentinel Hub Statistical API / Sentinel-5P,P1D,missing
cinkarna_celje_2019,Cinkarna Celje industrial case,industrial_case,2019-12-20T00:00:00Z,2019-12-21T00:00:00Z,20,SI037,Jugovzhodna Slovenija,NO2,,,,,204,204,0,µmol/m²,Sentinel Hub Statistical API / Sentinel-5P,P1D,missing
cinkarna_celje_2019,Cinkarna Celje industrial case,industrial_case,2019-12-21T00:00:00Z,2019-12-22T00:00:00Z,21,SI037,Jugovzhodna Slovenija,NO2,,,,,204,204,0,µmol/m²,Sentinel Hub Statistical API / Sentinel-5P,P1D,missing
cinkarna_celje_2019,Cinkarna Celje industrial case,industrial_case,2019-12-22T00:00:00Z,2019-12-23T00:00:00Z,22,SI037,Jugovzhodna Slovenija,NO2,,,,,204,204,0,µmol/m²,Sentinel Hub Statistical API / Sentinel-5P,P1D,missing
cinkarna_celje_2019,Cinkarna Celje industrial case,industrial_case,2019-12-23T00:00:00Z,2019-12-24T00:00:00Z,23,SI037,Jugovzhodna Slovenija,NO2,9.113843816521694,-6.904048404976493,25.13173603801988,16.017892221498187,204,202,2,µmol/m²,Sentinel Hub Statistical API / Sentinel-5P,P1D,partial
cinkarna_celje_2019,Cinkarna Celje industrial case,industrial_case,2019-12-24T00:00:00Z,2019-12-25T00:00:00Z,24,SI037,Jugovzhodna Slovenija,NO2,6.387749044733936,-13.424913049675524,36.993886169511825,12.123223512344246,204,174,30,µmol/m²,Sentinel Hub Statistical API / Sentinel-5P,P1D,partial
cinkarna_celje_2019,Cinkarna Celje industrial case,industrial_case,2019-12-25T00:00:00Z,2019-12-26T00:00:00Z,25,SI037,Jugovzhodna Slovenija,NO2,22.598559118185737,-7.52339519749512,47.16223702416755,13.972980963722527,204,64,140,µmol/m²,Sentinel Hub Statistical API / Sentinel-5P,P1D,good
cinkarna_celje_2019,Cinkarna Celje industrial case,industrial_case,2019-12-26T00:00:00Z,2019-12-27T00:00:00Z,26,SI037,Jugovzhodna Slovenija,NO2,29.243477912769478,-9.837332981987856,68.97452112752944,15.285919453651678,204,57,147,µmol/m²,Sentinel Hub Statistical API / Sentinel-5P,P1D,good
cinkarna_celje_2019,Cinkarna Celje industrial case,industrial_case,2019-12-27T00:00:00Z,2019-12-28T00:00:00Z,27,SI037,Jugovzhodna Slovenija,NO2,,,,,204,204,0,µmol/m²,Sentinel Hub Statistical API / Sentinel-5P,P1D,missing
cinkarna_celje_2019,Cinkarna Celje industrial case,industrial_case,2019-12-28T00:00:00Z,2019-12-29T00:00:00Z,28,SI037,Jugovzhodna Slovenija,NO2,35.11842249011578,0.7424401928801672,80.50793258007616,15.819953284186816,204,81,123,µmol/m²,Sentinel Hub Statistical API / Sentinel-5P,P1D,good
cinkarna_celje_2019,Cinkarna Celje industrial case,industrial_case,2019-12-29T00:00:00Z,2019-12-30T00:00:00Z,29,SI037,Jugovzhodna Slovenija,NO2,27.432089004362542,-9.18261048354907,62.698170950170606,12.948795953571983,204,59,145,µmol/m²,Sentinel Hub Statistical API / Sentinel-5P,P1D,good
cinkarna_celje_2019,Cinkarna Celje industrial case,industrial_case,2019-12-30T00:00:00Z,2019-12-31T00:00:00Z,30,SI037,Jugovzhodna Slovenija,NO2,23.226946053083534,-11.690112842188682,59.55675806035288,13.51778633181954,204,56,148,µmol/m²,Sentinel Hub Statistical API / Sentinel-5P,P1D,good
cinkarna_celje_2019,Cinkarna Celje industrial case,industrial_case,2019-12-31T00:00:00Z,2020-01-01T00:00:00Z,31,SI037,Jugovzhodna Slovenija,NO2,38.10932888167634,-4.960313617630163,93.16074283560738,20.742927238216684,204,92,112,µmol/m²,Sentinel Hub Statistical API / Sentinel-5P,P1D,good
cinkarna_celje_2019,Cinkarna Celje industrial case,industrial_case,2019-12-01T00:00:00Z,2019-12-02T00:00:00Z,1,SI038,Primorsko-notranjska,NO2,,,,,88,88,0,µmol/m²,Sentinel Hub Statistical API / Sentinel-5P,P1D,missing
cinkarna_celje_2019,Cinkarna Celje industrial case,industrial_case,2019-12-02T00:00:00Z,2019-12-03T00:00:00Z,2,SI038,Primorsko-notranjska,NO2,,,,,88,88,0,µmol/m²,Sentinel Hub Statistical API / Sentinel-5P,P1D,missing
cinkarna_celje_2019,Cinkarna Celje industrial case,industrial_case,2019-12-03T00:00:00Z,2019-12-04T00:00:00Z,3,SI038,Primorsko-notranjska,NO2,23.12716171420309,9.651849723013584,41.06951746507548,8.661249671473469,88,7,81,µmol/m²,Sentinel Hub Statistical API / Sentinel-5P,P1D,good
cinkarna_celje_2019,Cinkarna Celje industrial case,industrial_case,2019-12-04T00:00:00Z,2019-12-05T00:00:00Z,4,SI038,Primorsko-notranjska,NO2,23.869569477746595,-1.724932417346281,40.7836378144566,8.813198807313556,88,12,76,µmol/m²,Sentinel Hub Statistical API / Sentinel-5P,P1D,good
cinkarna_celje_2019,Cinkarna Celje industrial case,industrial_case,2019-12-05T00:00:00Z,2019-12-06T00:00:00Z,5,SI038,Primorsko-notranjska,NO2,29.514077335382662,-3.7336619698180584,69.2961475579068,12.3094162246595,88,13,75,µmol/m²,Sentinel Hub Statistical API / Sentinel-5P,P1D,good
cinkarna_celje_2019,Cinkarna Celje industrial case,industrial_case,2019-12-06T00:00:00Z,2019-12-07T00:00:00Z,6,SI038,Primorsko-notranjska,NO2,,,,,88,88,0,µmol/m²,Sentinel Hub Statistical API / Sentinel-5P,P1D,missing
cinkarna_celje_2019,Cinkarna Celje industrial case,industrial_case,2019-12-07T00:00:00Z,2019-12-08T00:00:00Z,7,SI038,Primorsko-notranjska,NO2,43.68256668385584,25.492436179774813,52.77763193589635,12.862364630103965,88,85,3,µmol/m²,Sentinel Hub Statistical API / Sentinel-5P,P1D,partial
cinkarna_celje_2019,Cinkarna Celje industrial case,industrial_case,2019-12-08T00:00:00Z,2019-12-09T00:00:00Z,8,SI038,Primorsko-notranjska,NO2,,,,,88,88,0,µmol/m²,Sentinel Hub Statistical API / Sentinel-5P,P1D,missing
cinkarna_celje_2019,Cinkarna Celje industrial case,industrial_case,2019-12-09T00:00:00Z,2019-12-10T00:00:00Z,9,SI038,Primorsko-notranjska,NO2,,,,,88,88,0,µmol/m²,Sentinel Hub Statistical API / Sentinel-5P,P1D,missing
cinkarna_celje_2019,Cinkarna Celje industrial case,industrial_case,2019-12-10T00:00:00Z,2019-12-11T00:00:00Z,10,SI038,Primorsko-notranjska,NO2,55.57872518942504,26.73073140613269,85.78731649322435,13.059693949899405,88,15,73,µmol/m²,Sentinel Hub Statistical API / Sentinel-5P,P1D,good
cinkarna_celje_2019,Cinkarna Celje industrial case,industrial_case,2019-12-11T00:00:00Z,2019-12-12T00:00:00Z,11,SI038,Primorsko-notranjska,NO2,22.785266753684787,-28.817654310842045,76.06938743265346,20.273306987008517,88,7,81,µmol/m²,Sentinel Hub Statistical API / Sentinel-5P,P1D,good
cinkarna_celje_2019,Cinkarna Celje industrial case,industrial_case,2019-12-12T00:00:00Z,2019-12-13T00:00:00Z,12,SI038,Primorsko-notranjska,NO2,,,,,88,88,0,µmol/m²,Sentinel Hub Statistical API / Sentinel-5P,P1D,missing
cinkarna_celje_2019,Cinkarna Celje industrial case,industrial_case,2019-12-13T00:00:00Z,2019-12-14T00:00:00Z,13,SI038,Primorsko-notranjska,NO2,,,,,88,88,0,µmol/m²,Sentinel Hub Statistical API / Sentinel-5P,P1D,missing
cinkarna_celje_2019,Cinkarna Celje industrial case,industrial_case,2019-12-14T00:00:00Z,2019-12-15T00:00:00Z,14,SI038,Primorsko-notranjska,NO2,47.27724353870144,15.48338150314521,93.81523705087602,16.966661770634325,88,36,52,µmol/m²,Sentinel Hub Statistical API / Sentinel-5P,P1D,good
cinkarna_celje_2019,Cinkarna Celje industrial case,industrial_case,2019-12-15T00:00:00Z,2019-12-16T00:00:00Z,15,SI038,Primorsko-notranjska,NO2,,,,,88,88,0,µmol/m²,Sentinel Hub Statistical API / Sentinel-5P,P1D,missing
cinkarna_celje_2019,Cinkarna Celje industrial case,industrial_case,2019-12-16T00:00:00Z,2019-12-17T00:00:00Z,16,SI038,Primorsko-notranjska,NO2,,,,,88,88,0,µmol/m²,Sentinel Hub Statistical API / Sentinel-5P,P1D,missing
cinkarna_celje_2019,Cinkarna Celje industrial case,industrial_case,2019-12-17T00:00:00Z,2019-12-18T00:00:00Z,17,SI038,Primorsko-notranjska,NO2,43.558902689255774,43.558902689255774,43.558902689255774,0.0,88,87,1,µmol/m²,Sentinel Hub Statistical API / Sentinel-5P,P1D,partial
cinkarna_celje_2019,Cinkarna Celje industrial case,industrial_case,2019-12-18T00:00:00Z,2019-12-19T00:00:00Z,18,SI038,Primorsko-notranjska,NO2,26.901319074568164,8.243743650382385,39.40276656066999,11.324454169085998,88,80,8,µmol/m²,Sentinel Hub Statistical API / Sentinel-5P,P1D,partial
cinkarna_celje_2019,Cinkarna Celje industrial case,industrial_case,2019-12-19T00:00:00Z,2019-12-20T00:00:00Z,19,SI038,Primorsko-notranjska,NO2,,,,,88,88,0,µmol/m²,Sentinel Hub Statistical API / Sentinel-5P,P1D,missing
cinkarna_celje_2019,Cinkarna Celje industrial case,industrial_case,2019-12-20T00:00:00Z,2019-12-21T00:00:00Z,20,SI038,Primorsko-notranjska,NO2,,,,,88,88,0,µmol/m²,Sentinel Hub Statistical API / Sentinel-5P,P1D,missing
cinkarna_celje_2019,Cinkarna Celje industrial case,industrial_case,2019-12-21T00:00:00Z,2019-12-22T00:00:00Z,21,SI038,Primorsko-notranjska,NO2,,,,,88,88,0,µmol/m²,Sentinel Hub Statistical API / Sentinel-5P,P1D,missing
cinkarna_celje_2019,Cinkarna Celje industrial case,industrial_case,2019-12-22T00:00:00Z,2019-12-23T00:00:00Z,22,SI038,Primorsko-notranjska,NO2,,,,,88,88,0,µmol/m²,Sentinel Hub Statistical API / Sentinel-5P,P1D,missing
cinkarna_celje_2019,Cinkarna Celje industrial case,industrial_case,2019-12-23T00:00:00Z,2019-12-24T00:00:00Z,23,SI038,Primorsko-notranjska,NO2,,,,,88,88,0,µmol/m²,Sentinel Hub Statistical API / Sentinel-5P,P1D,missing
cinkarna_celje_2019,Cinkarna Celje industrial case,industrial_case,2019-12-24T00:00:00Z,2019-12-25T00:00:00Z,24,SI038,Primorsko-notranjska,NO2,8.059703052115058,-12.358577805571258,17.970551198231988,11.28008852204499,88,79,9,µmol/m²,Sentinel Hub Statistical API / Sentinel-5P,P1D,partial
cinkarna_celje_2019,Cinkarna Celje industrial case,industrial_case,2019-12-25T00:00:00Z,2019-12-26T00:00:00Z,25,SI038,Primorsko-notranjska,NO2,22.777749539895197,-7.227303740364732,51.34149614605121,15.068893503553177,88,12,76,µmol/m²,Sentinel Hub Statistical API / Sentinel-5P,P1D,good
cinkarna_celje_2019,Cinkarna Celje industrial case,industrial_case,2019-12-26T00:00:00Z,2019-12-27T00:00:00Z,26,SI038,Primorsko-notranjska,NO2,42.875887957319826,3.5949628909293097,74.38768807332963,18.166339950785073,88,20,68,µmol/m²,Sentinel Hub Statistical API / Sentinel-5P,P1D,good
cinkarna_celje_2019,Cinkarna Celje industrial case,industrial_case,2019-12-27T00:00:00Z,2019-12-28T00:00:00Z,27,SI038,Primorsko-notranjska,NO2,,,,,88,88,0,µmol/m²,Sentinel Hub Statistical API / Sentinel-5P,P1D,missing
cinkarna_celje_2019,Cinkarna Celje industrial case,industrial_case,2019-12-28T00:00:00Z,2019-12-29T00:00:00Z,28,SI038,Primorsko-notranjska,NO2,26.145468459267605,-7.921635187813081,71.7751681804657,16.26057807991407,88,23,65,µmol/m²,Sentinel Hub Statistical API / Sentinel-5P,P1D,good
cinkarna_celje_2019,Cinkarna Celje industrial case,industrial_case,2019-12-29T00:00:00Z,2019-12-30T00:00:00Z,29,SI038,Primorsko-notranjska,NO2,23.320611732552646,-4.955175882059848,46.67701432481408,13.02760240390427,88,21,67,µmol/m²,Sentinel Hub Statistical API / Sentinel-5P,P1D,good
cinkarna_celje_2019,Cinkarna Celje industrial case,industrial_case,2019-12-30T00:00:00Z,2019-12-31T00:00:00Z,30,SI038,Primorsko-notranjska,NO2,22.262682078558342,-5.076575234852498,66.16961763938889,18.369945531080575,88,12,76,µmol/m²,Sentinel Hub Statistical API / Sentinel-5P,P1D,good
cinkarna_celje_2019,Cinkarna Celje industrial case,industrial_case,2019-12-31T00:00:00Z,2020-01-01T00:00:00Z,31,SI038,Primorsko-notranjska,NO2,46.2295437760726,5.563236754824175,99.91890692617744,19.28046376284379,88,11,77,µmol/m²,Sentinel Hub Statistical API / Sentinel-5P,P1D,good
cinkarna_celje_2019,Cinkarna Celje industrial case,industrial_case,2019-12-01T00:00:00Z,2019-12-02T00:00:00Z,1,SI041,Osrednjeslovenska,NO2,,,,,221,221,0,µmol/m²,Sentinel Hub Statistical API / Sentinel-5P,P1D,missing
cinkarna_celje_2019,Cinkarna Celje industrial case,industrial_case,2019-12-02T00:00:00Z,2019-12-03T00:00:00Z,2,SI041,Osrednjeslovenska,NO2,,,,,221,221,0,µmol/m²,Sentinel Hub Statistical API / Sentinel-5P,P1D,missing
cinkarna_celje_2019,Cinkarna Celje industrial case,industrial_case,2019-12-03T00:00:00Z,2019-12-04T00:00:00Z,3,SI041,Osrednjeslovenska,NO2,38.900823980199036,11.44333236879902,74.23289935104549,12.565609382420586,221,86,135,µmol/m²,Sentinel Hub Statistical API / Sentinel-5P,P1D,good
cinkarna_celje_2019,Cinkarna Celje industrial case,industrial_case,2019-12-04T00:00:00Z,2019-12-05T00:00:00Z,4,SI041,Osrednjeslovenska,NO2,55.356163050500435,10.974329597956967,140.2711059199646,29.678407755746104,221,98,123,µmol/m²,Sentinel Hub Statistical API / Sentinel-5P,P1D,good
cinkarna_celje_2019,Cinkarna Celje industrial case,industrial_case,2019-12-05T00:00:00Z,2019-12-06T00:00:00Z,5,SI041,Osrednjeslovenska,NO2,58.62004053501868,1.1598989431149676,181.05401250068098,33.595999555034496,221,92,129,µmol/m²,Sentinel Hub Statistical API / Sentinel-5P,P1D,good
cinkarna_celje_2019,Cinkarna Celje industrial case,industrial_case,2019-12-06T00:00:00Z,2019-12-07T00:00:00Z,6,SI041,Osrednjeslovenska,NO2,35.92648778882496,2.209473677794449,71.6893991921097,15.966806503438654,221,192,29,µmol/m²,Sentinel Hub Statistical API / Sentinel-5P,P1D,partial
cinkarna_celje_2019,Cinkarna Celje industrial case,industrial_case,2019-12-07T00:00:00Z,2019-12-08T00:00:00Z,7,SI041,Osrednjeslovenska,NO2,22.515952966876174,-3.0350736324180616,52.77763193589635,14.463210100516601,221,188,33,µmol/m²,Sentinel Hub Statistical API / Sentinel-5P,P1D,partial
cinkarna_celje_2019,Cinkarna Celje industrial case,industrial_case,2019-12-08T00:00:00Z,2019-12-09T00:00:00Z,8,SI041,Osrednjeslovenska,NO2,90.99506700649948,35.658347769640386,141.79166464600712,30.57888934111522,221,180,41,µmol/m²,Sentinel Hub Statistical API / Sentinel-5P,P1D,partial
cinkarna_celje_2019,Cinkarna Celje industrial case,industrial_case,2019-12-09T00:00:00Z,2019-12-10T00:00:00Z,9,SI041,Osrednjeslovenska,NO2,,,,,221,221,0,µmol/m²,Sentinel Hub Statistical API / Sentinel-5P,P1D,missing
cinkarna_celje_2019,Cinkarna Celje industrial case,industrial_case,2019-12-10T00:00:00Z,2019-12-11T00:00:00Z,10,SI041,Osrednjeslovenska,NO2,71.22473007621014,12.34842147823656,149.48735770303756,23.599372853844873,221,96,125,µmol/m²,Sentinel Hub Statistical API / Sentinel-5P,P1D,good
cinkarna_celje_2019,Cinkarna Celje industrial case,industrial_case,2019-12-11T00:00:00Z,2019-12-12T00:00:00Z,11,SI041,Osrednjeslovenska,NO2,53.19878944698117,-14.726493645866867,146.03298041038215,30.693927404057845,221,80,141,µmol/m²,Sentinel Hub Statistical API / Sentinel-5P,P1D,good
cinkarna_celje_2019,Cinkarna Celje industrial case,industrial_case,2019-12-12T00:00:00Z,2019-12-13T00:00:00Z,12,SI041,Osrednjeslovenska,NO2,,,,,221,221,0,µmol/m²,Sentinel Hub Statistical API / Sentinel-5P,P1D,missing
cinkarna_celje_2019,Cinkarna Celje industrial case,industrial_case,2019-12-13T00:00:00Z,2019-12-14T00:00:00Z,13,SI041,Osrednjeslovenska,NO2,,,,,221,221,0,µmol/m²,Sentinel Hub Statistical API / Sentinel-5P,P1D,missing
cinkarna_celje_2019,Cinkarna Celje industrial case,industrial_case,2019-12-14T00:00:00Z,2019-12-15T00:00:00Z,14,SI041,Osrednjeslovenska,NO2,61.14327395323474,14.280531104304828,101.31559974979609,21.897709005551427,221,93,128,µmol/m²,Sentinel Hub Statistical API / Sentinel-5P,P1D,good
cinkarna_celje_2019,Cinkarna Celje industrial case,industrial_case,2019-12-15T00:00:00Z,2019-12-16T00:00:00Z,15,SI041,Osrednjeslovenska,NO2,,,,,221,221,0,µmol/m²,Sentinel Hub Statistical API / Sentinel-5P,P1D,missing
cinkarna_celje_2019,Cinkarna Celje industrial case,industrial_case,2019-12-16T00:00:00Z,2019-12-17T00:00:00Z,16,SI041,Osrednjeslovenska,NO2,,,,,221,221,0,µmol/m²,Sentinel Hub Statistical API / Sentinel-5P,P1D,missing
cinkarna_celje_2019,Cinkarna Celje industrial case,industrial_case,2019-12-17T00:00:00Z,2019-12-18T00:00:00Z,17,SI041,Osrednjeslovenska,NO2,24.11015123016114,-25.71165532572195,41.45061757299118,20.852021562498035,221,213,8,µmol/m²,Sentinel Hub Statistical API / Sentinel-5P,P1D,partial
cinkarna_celje_2019,Cinkarna Celje industrial case,industrial_case,2019-12-18T00:00:00Z,2019-12-19T00:00:00Z,18,SI041,Osrednjeslovenska,NO2,33.74201987753622,17.055370335583575,54.15658961283043,12.257665939310083,221,206,15,µmol/m²,Sentinel Hub Statistical API / Sentinel-5P,P1D,partial
cinkarna_celje_2019,Cinkarna Celje industrial case,industrial_case,2019-12-19T00:00:00Z,2019-12-20T00:00:00Z,19,SI041,Osrednjeslovenska,NO2,,,,,221,221,0,µmol/m²,Sentinel Hub Statistical API / Sentinel-5P,P1D,missing
cinkarna_celje_2019,Cinkarna Celje industrial case,industrial_case,2019-12-20T00:00:00Z,2019-12-21T00:00:00Z,20,SI041,Osrednjeslovenska,NO2,,,,,221,221,0,µmol/m²,Sentinel Hub Statistical API / Sentinel-5P,P1D,missing
cinkarna_celje_2019,Cinkarna Celje industrial case,industrial_case,2019-12-21T00:00:00Z,2019-12-22T00:00:00Z,21,SI041,Osrednjeslovenska,NO2,,,,,221,221,0,µmol/m²,Sentinel Hub Statistical API / Sentinel-5P,P1D,missing
cinkarna_celje_2019,Cinkarna Celje industrial case,industrial_case,2019-12-22T00:00:00Z,2019-12-23T00:00:00Z,22,SI041,Osrednjeslovenska,NO2,,,,,221,221,0,µmol/m²,Sentinel Hub Statistical API / Sentinel-5P,P1D,missing
cinkarna_celje_2019,Cinkarna Celje industrial case,industrial_case,2019-12-23T00:00:00Z,2019-12-24T00:00:00Z,23,SI041,Osrednjeslovenska,NO2,46.05507911037421,12.595039152074605,106.53270146576688,30.49795883411483,221,215,6,µmol/m²,Sentinel Hub Statistical API / Sentinel-5P,P1D,partial
cinkarna_celje_2019,Cinkarna Celje industrial case,industrial_case,2019-12-24T00:00:00Z,2019-12-25T00:00:00Z,24,SI041,Osrednjeslovenska,NO2,26.400324885507178,-23.56464756303467,93.03915430791676,27.643722345849152,221,115,106,µmol/m²,Sentinel Hub Statistical API / Sentinel-5P,P1D,partial
cinkarna_celje_2019,Cinkarna Celje industrial case,industrial_case,2019-12-25T00:00:00Z,2019-12-26T00:00:00Z,25,SI041,Osrednjeslovenska,NO2,33.68539720705805,-7.227303740364732,81.34751988109201,15.760805247459775,221,88,133,µmol/m²,Sentinel Hub Statistical API / Sentinel-5P,P1D,good
cinkarna_celje_2019,Cinkarna Celje industrial case,industrial_case,2019-12-26T00:00:00Z,2019-12-27T00:00:00Z,26,SI041,Osrednjeslovenska,NO2,42.53494259987939,-9.647178558225278,111.88544885953888,23.125832829691962,221,79,142,µmol/m²,Sentinel Hub Statistical API / Sentinel-5P,P1D,good
cinkarna_celje_2019,Cinkarna Celje industrial case,industrial_case,2019-12-27T00:00:00Z,2019-12-28T00:00:00Z,27,SI041,Osrednjeslovenska,NO2,,,,,221,221,0,µmol/m²,Sentinel Hub Statistical API / Sentinel-5P,P1D,missing
cinkarna_celje_2019,Cinkarna Celje industrial case,industrial_case,2019-12-28T00:00:00Z,2019-12-29T00:00:00Z,28,SI041,Osrednjeslovenska,NO2,38.863728557590484,-7.921635187813081,95.17619764665142,21.988695938421966,221,86,135,µmol/m²,Sentinel Hub Statistical API / Sentinel-5P,P1D,good
cinkarna_celje_2019,Cinkarna Celje industrial case,industrial_case,2019-12-29T00:00:00Z,2019-12-30T00:00:00Z,29,SI041,Osrednjeslovenska,NO2,34.22897020673256,-2.6706150038080523,75.92965266667306,17.8673199311722,221,82,139,µmol/m²,Sentinel Hub Statistical API / Sentinel-5P,P1D,good
cinkarna_celje_2019,Cinkarna Celje industrial case,industrial_case,2019-12-30T00:00:00Z,2019-12-31T00:00:00Z,30,SI041,Osrednjeslovenska,NO2,41.84288663757551,-11.690112842188682,117.73845471907407,27.454065488719742,221,78,143,µmol/m²,Sentinel Hub Statistical API / Sentinel-5P,P1D,good
cinkarna_celje_2019,Cinkarna Celje industrial case,industrial_case,2019-12-31T00:00:00Z,2020-01-01T00:00:00Z,31,SI041,Osrednjeslovenska,NO2,55.77585082865998,-8.246971447078977,155.29413940384984,30.711258064597914,221,79,142,µmol/m²,Sentinel Hub Statistical API / Sentinel-5P,P1D,good
cinkarna_celje_2019,Cinkarna Celje industrial case,industrial_case,2019-12-01T00:00:00Z,2019-12-02T00:00:00Z,1,SI042,Gorenjska,NO2,,,,,180,180,0,µmol/m²,Sentinel Hub Statistical API / Sentinel-5P,P1D,missing
cinkarna_celje_2019,Cinkarna Celje industrial case,industrial_case,2019-12-02T00:00:00Z,2019-12-03T00:00:00Z,2,SI042,Gorenjska,NO2,,,,,180,180,0,µmol/m²,Sentinel Hub Statistical API / Sentinel-5P,P1D,missing
cinkarna_celje_2019,Cinkarna Celje industrial case,industrial_case,2019-12-03T00:00:00Z,2019-12-04T00:00:00Z,3,SI042,Gorenjska,NO2,42.18432514925939,11.490325050544925,74.23289935104549,15.950379110258554,180,93,87,µmol/m²,Sentinel Hub Statistical API / Sentinel-5P,P1D,partial
cinkarna_celje_2019,Cinkarna Celje industrial case,industrial_case,2019-12-04T00:00:00Z,2019-12-05T00:00:00Z,4,SI042,Gorenjska,NO2,35.79603083815764,-7.234121767396573,121.01616448489949,20.54732522810216,180,65,115,µmol/m²,Sentinel Hub Statistical API / Sentinel-5P,P1D,good
cinkarna_celje_2019,Cinkarna Celje industrial case,industrial_case,2019-12-05T00:00:00Z,2019-12-06T00:00:00Z,5,SI042,Gorenjska,NO2,33.26168412816816,1.2809774716515676,87.49085827730596,18.014101681321122,180,123,57,µmol/m²,Sentinel Hub Statistical API / Sentinel-5P,P1D,partial
cinkarna_celje_2019,Cinkarna Celje industrial case,industrial_case,2019-12-06T00:00:00Z,2019-12-07T00:00:00Z,6,SI042,Gorenjska,NO2,17.24089701491348,-22.680958863929845,67.80722469557077,18.562455155492565,180,141,39,µmol/m²,Sentinel Hub Statistical API / Sentinel-5P,P1D,partial
cinkarna_celje_2019,Cinkarna Celje industrial case,industrial_case,2019-12-07T00:00:00Z,2019-12-08T00:00:00Z,7,SI042,Gorenjska,NO2,17.69991479250166,-2.6778534447657876,32.516123610548675,16.183447573206823,180,175,5,µmol/m²,Sentinel Hub Statistical API / Sentinel-5P,P1D,partial
cinkarna_celje_2019,Cinkarna Celje industrial case,industrial_case,2019-12-08T00:00:00Z,2019-12-09T00:00:00Z,8,SI042,Gorenjska,NO2,57.775488825096886,8.603400601714384,141.79166464600712,37.71871815422855,180,125,55,µmol/m²,Sentinel Hub Statistical API / Sentinel-5P,P1D,partial
cinkarna_celje_2019,Cinkarna Celje industrial case,industrial_case,2019-12-09T00:00:00Z,2019-12-10T00:00:00Z,9,SI042,Gorenjska,NO2,,,,,180,180,0,µmol/m²,Sentinel Hub Statistical API / Sentinel-5P,P1D,missing
cinkarna_celje_2019,Cinkarna Celje industrial case,industrial_case,2019-12-10T00:00:00Z,2019-12-11T00:00:00Z,10,SI042,Gorenjska,NO2,49.12059152439159,15.294464901671745,91.00990428123623,16.937278346553416,180,101,79,µmol/m²,Sentinel Hub Statistical API / Sentinel-5P,P1D,partial
cinkarna_celje_2019,Cinkarna Celje industrial case,industrial_case,2019-12-11T00:00:00Z,2019-12-12T00:00:00Z,11,SI042,Gorenjska,NO2,33.34227103538961,-24.845829102559946,107.06623288569972,25.70747994946474,180,60,120,µmol/m²,Sentinel Hub Statistical API / Sentinel-5P,P1D,good
cinkarna_celje_2019,Cinkarna Celje industrial case,industrial_case,2019-12-12T00:00:00Z,2019-12-13T00:00:00Z,12,SI042,Gorenjska,NO2,,,,,180,180,0,µmol/m²,Sentinel Hub Statistical API / Sentinel-5P,P1D,missing
cinkarna_celje_2019,Cinkarna Celje industrial case,industrial_case,2019-12-13T00:00:00Z,2019-12-14T00:00:00Z,13,SI042,Gorenjska,NO2,,,,,180,180,0,µmol/m²,Sentinel Hub Statistical API / Sentinel-5P,P1D,missing
cinkarna_celje_2019,Cinkarna Celje industrial case,industrial_case,2019-12-14T00:00:00Z,2019-12-15T00:00:00Z,14,SI042,Gorenjska,NO2,37.890035413771066,12.900590263598133,76.97460387134925,16.559964723146305,180,75,105,µmol/m²,Sentinel Hub Statistical API / Sentinel-5P,P1D,good
cinkarna_celje_2019,Cinkarna Celje industrial case,industrial_case,2019-12-15T00:00:00Z,2019-12-16T00:00:00Z,15,SI042,Gorenjska,NO2,,,,,180,180,0,µmol/m²,Sentinel Hub Statistical API / Sentinel-5P,P1D,missing
cinkarna_celje_2019,Cinkarna Celje industrial case,industrial_case,2019-12-16T00:00:00Z,2019-12-17T00:00:00Z,16,SI042,Gorenjska,NO2,99.60721945390105,99.60721945390105,99.60721945390105,0.0,180,179,1,µmol/m²,Sentinel Hub Statistical API / Sentinel-5P,P1D,partial
cinkarna_celje_2019,Cinkarna Celje industrial case,industrial_case,2019-12-17T00:00:00Z,2019-12-18T00:00:00Z,17,SI042,Gorenjska,NO2,,,,,180,180,0,µmol/m²,Sentinel Hub Statistical API / Sentinel-5P,P1D,missing
cinkarna_celje_2019,Cinkarna Celje industrial case,industrial_case,2019-12-18T00:00:00Z,2019-12-19T00:00:00Z,18,SI042,Gorenjska,NO2,,,,,180,180,0,µmol/m²,Sentinel Hub Statistical API / Sentinel-5P,P1D,missing
cinkarna_celje_2019,Cinkarna Celje industrial case,industrial_case,2019-12-19T00:00:00Z,2019-12-20T00:00:00Z,19,SI042,Gorenjska,NO2,,,,,180,180,0,µmol/m²,Sentinel Hub Statistical API / Sentinel-5P,P1D,missing
cinkarna_celje_2019,Cinkarna Celje industrial case,industrial_case,2019-12-20T00:00:00Z,2019-12-21T00:00:00Z,20,SI042,Gorenjska,NO2,,,,,180,180,0,µmol/m²,Sentinel Hub Statistical API / Sentinel-5P,P1D,missing
cinkarna_celje_2019,Cinkarna Celje industrial case,industrial_case,2019-12-21T00:00:00Z,2019-12-22T00:00:00Z,21,SI042,Gorenjska,NO2,,,,,180,180,0,µmol/m²,Sentinel Hub Statistical API / Sentinel-5P,P1D,missing
cinkarna_celje_2019,Cinkarna Celje industrial case,industrial_case,2019-12-22T00:00:00Z,2019-12-23T00:00:00Z,22,SI042,Gorenjska,NO2,,,,,180,180,0,µmol/m²,Sentinel Hub Statistical API / Sentinel-5P,P1D,missing
cinkarna_celje_2019,Cinkarna Celje industrial case,industrial_case,2019-12-23T00:00:00Z,2019-12-24T00:00:00Z,23,SI042,Gorenjska,NO2,,,,,180,180,0,µmol/m²,Sentinel Hub Statistical API / Sentinel-5P,P1D,missing
cinkarna_celje_2019,Cinkarna Celje industrial case,industrial_case,2019-12-24T00:00:00Z,2019-12-25T00:00:00Z,24,SI042,Gorenjska,NO2,32.96199284704926,-28.739192202920094,93.03915430791676,24.094702651439384,180,130,50,µmol/m²,Sentinel Hub Statistical API / Sentinel-5P,P1D,partial
cinkarna_celje_2019,Cinkarna Celje industrial case,industrial_case,2019-12-25T00:00:00Z,2019-12-26T00:00:00Z,25,SI042,Gorenjska,NO2,20.470800794145163,-8.30768021842232,55.013337259879336,15.684636753083524,180,98,82,µmol/m²,Sentinel Hub Statistical API / Sentinel-5P,P1D,partial
cinkarna_celje_2019,Cinkarna Celje industrial case,industrial_case,2019-12-26T00:00:00Z,2019-12-27T00:00:00Z,26,SI042,Gorenjska,NO2,36.10327588847842,-2.1692026166419964,96.88155114417896,24.05521061655121,180,73,107,µmol/m²,Sentinel Hub Statistical API / Sentinel-5P,P1D,good
cinkarna_celje_2019,Cinkarna Celje industrial case,industrial_case,2019-12-27T00:00:00Z,2019-12-28T00:00:00Z,27,SI042,Gorenjska,NO2,,,,,180,180,0,µmol/m²,Sentinel Hub Statistical API / Sentinel-5P,P1D,missing
cinkarna_celje_2019,Cinkarna Celje industrial case,industrial_case,2019-12-28T00:00:00Z,2019-12-29T00:00:00Z,28,SI042,Gorenjska,NO2,21.417488376131434,-16.940171917667612,95.17619764665142,19.803390310468398,180,86,94,µmol/m²,Sentinel Hub Statistical API / Sentinel-5P,P1D,good
cinkarna_celje_2019,Cinkarna Celje industrial case,industrial_case,2019-12-29T00:00:00Z,2019-12-30T00:00:00Z,29,SI042,Gorenjska,NO2,-1.9269798485765932,-1.9269798485765932,-1.9269798485765932,0.0,180,179,1,µmol/m²,Sentinel Hub Statistical API / Sentinel-5P,P1D,partial
cinkarna_celje_2019,Cinkarna Celje industrial case,industrial_case,2019-12-30T00:00:00Z,2019-12-31T00:00:00Z,30,SI042,Gorenjska,NO2,25.922092780807414,-13.760214642388746,62.65105912461877,18.32305352783921,180,76,104,µmol/m²,Sentinel Hub Statistical API / Sentinel-5P,P1D,good
cinkarna_celje_2019,Cinkarna Celje industrial case,industrial_case,2019-12-31T00:00:00Z,2020-01-01T00:00:00Z,31,SI042,Gorenjska,NO2,45.04297394132777,-2.521176838854444,97.34043851494789,19.102369647603187,180,101,79,µmol/m²,Sentinel Hub Statistical API / Sentinel-5P,P1D,partial
cinkarna_celje_2019,Cinkarna Celje industrial case,industrial_case,2019-12-01T00:00:00Z,2019-12-02T00:00:00Z,1,SI043,Goriška,NO2,,,,,210,210,0,µmol/m²,Sentinel Hub Statistical API / Sentinel-5P,P1D,missing
cinkarna_celje_2019,Cinkarna Celje industrial case,industrial_case,2019-12-02T00:00:00Z,2019-12-03T00:00:00Z,2,SI043,Goriška,NO2,,,,,210,210,0,µmol/m²,Sentinel Hub Statistical API / Sentinel-5P,P1D,missing
cinkarna_celje_2019,Cinkarna Celje industrial case,industrial_case,2019-12-03T00:00:00Z,2019-12-04T00:00:00Z,3,SI043,Goriška,NO2,36.27427412962469,7.3257374424429145,64.35688555939123,14.0057805335136,210,79,131,µmol/m²,Sentinel Hub Statistical API / Sentinel-5P,P1D,good
cinkarna_celje_2019,Cinkarna Celje industrial case,industrial_case,2019-12-04T00:00:00Z,2019-12-05T00:00:00Z,4,SI043,Goriška,NO2,26.922941139707323,-7.234121767396573,56.13832036033273,12.094258019233756,210,75,135,µmol/m²,Sentinel Hub Statistical API / Sentinel-5P,P1D,good
cinkarna_celje_2019,Cinkarna Celje industrial case,industrial_case,2019-12-05T00:00:00Z,2019-12-06T00:00:00Z,5,SI043,Goriška,NO2,33.85792368340667,-20.607687474694103,74.00409231195226,17.533986506585645,210,86,124,µmol/m²,Sentinel Hub Statistical API / Sentinel-5P,P1D,good
cinkarna_celje_2019,Cinkarna Celje industrial case,industrial_case,2019-12-06T00:00:00Z,2019-12-07T00:00:00Z,6,SI043,Goriška,NO2,10.89037028805251,-15.4027857206529,29.90042958117556,10.87095514605587,210,185,25,µmol/m²,Sentinel Hub Statistical API / Sentinel-5P,P1D,partial
cinkarna_celje_2019,Cinkarna Celje industrial case,industrial_case,2019-12-07T00:00:00Z,2019-12-08T00:00:00Z,7,SI043,Goriška,NO2,28.145876414824176,-2.6778534447657876,83.22339272126555,21.48256853053699,210,188,22,µmol/m²,Sentinel Hub Statistical API / Sentinel-5P,P1D,partial
cinkarna_celje_2019,Cinkarna Celje industrial case,industrial_case,2019-12-08T00:00:00Z,2019-12-09T00:00:00Z,8,SI043,Goriška,NO2,24.869393550593838,11.324966180836782,59.26687299506739,16.103230948399794,210,197,13,µmol/m²,Sentinel Hub Statistical API / Sentinel-5P,P1D,partial
cinkarna_celje_2019,Cinkarna Celje industrial case,industrial_case,2019-12-09T00:00:00Z,2019-12-10T00:00:00Z,9,SI043,Goriška,NO2,,,,,210,210,0,µmol/m²,Sentinel Hub Statistical API / Sentinel-5P,P1D,missing
cinkarna_celje_2019,Cinkarna Celje industrial case,industrial_case,2019-12-10T00:00:00Z,2019-12-11T00:00:00Z,10,SI043,Goriška,NO2,56.66521377371771,6.740181106579257,112.0084707508795,21.02820216402254,210,80,130,µmol/m²,Sentinel Hub Statistical API / Sentinel-5P,P1D,good
cinkarna_celje_2019,Cinkarna Celje industrial case,industrial_case,2019-12-11T00:00:00Z,2019-12-12T00:00:00Z,11,SI043,Goriška,NO2,28.54370313416644,-23.683433028054424,86.4913163240999,21.72131345322456,210,76,134,µmol/m²,Sentinel Hub Statistical API / Sentinel-5P,P1D,good
cinkarna_celje_2019,Cinkarna Celje industrial case,industrial_case,2019-12-12T00:00:00Z,2019-12-13T00:00:00Z,12,SI043,Goriška,NO2,,,,,210,210,0,µmol/m²,Sentinel Hub Statistical API / Sentinel-5P,P1D,missing
cinkarna_celje_2019,Cinkarna Celje industrial case,industrial_case,2019-12-13T00:00:00Z,2019-12-14T00:00:00Z,13,SI043,Goriška,NO2,,,,,210,210,0,µmol/m²,Sentinel Hub Statistical API / Sentinel-5P,P1D,missing
cinkarna_celje_2019,Cinkarna Celje industrial case,industrial_case,2019-12-14T00:00:00Z,2019-12-15T00:00:00Z,14,SI043,Goriška,NO2,39.689707832583075,12.900590263598133,80.75554069364443,16.449529150867516,210,93,117,µmol/m²,Sentinel Hub Statistical API / Sentinel-5P,P1D,good
cinkarna_celje_2019,Cinkarna Celje industrial case,industrial_case,2019-12-15T00:00:00Z,2019-12-16T00:00:00Z,15,SI043,Goriška,NO2,,,,,210,210,0,µmol/m²,Sentinel Hub Statistical API / Sentinel-5P,P1D,missing
cinkarna_celje_2019,Cinkarna Celje industrial case,industrial_case,2019-12-16T00:00:00Z,2019-12-17T00:00:00Z,16,SI043,Goriška,NO2,,,,,210,210,0,µmol/m²,Sentinel Hub Statistical API / Sentinel-5P,P1D,missing
cinkarna_celje_2019,Cinkarna Celje industrial case,industrial_case,2019-12-17T00:00:00Z,2019-12-18T00:00:00Z,17,SI043,Goriška,NO2,,,,,210,210,0,µmol/m²,Sentinel Hub Statistical API / Sentinel-5P,P1D,missing
cinkarna_celje_2019,Cinkarna Celje industrial case,industrial_case,2019-12-18T00:00:00Z,2019-12-19T00:00:00Z,18,SI043,Goriška,NO2,,,,,210,210,0,µmol/m²,Sentinel Hub Statistical API / Sentinel-5P,P1D,missing
cinkarna_celje_2019,Cinkarna Celje industrial case,industrial_case,2019-12-19T00:00:00Z,2019-12-20T00:00:00Z,19,SI043,Goriška,NO2,,,,,210,210,0,µmol/m²,Sentinel Hub Statistical API / Sentinel-5P,P1D,missing
cinkarna_celje_2019,Cinkarna Celje industrial case,industrial_case,2019-12-20T00:00:00Z,2019-12-21T00:00:00Z,20,SI043,Goriška,NO2,,,,,210,210,0,µmol/m²,Sentinel Hub Statistical API / Sentinel-5P,P1D,missing
cinkarna_celje_2019,Cinkarna Celje industrial case,industrial_case,2019-12-21T00:00:00Z,2019-12-22T00:00:00Z,21,SI043,Goriška,NO2,,,,,210,210,0,µmol/m²,Sentinel Hub Statistical API / Sentinel-5P,P1D,missing
cinkarna_celje_2019,Cinkarna Celje industrial case,industrial_case,2019-12-22T00:00:00Z,2019-12-23T00:00:00Z,22,SI043,Goriška,NO2,,,,,210,210,0,µmol/m²,Sentinel Hub Statistical API / Sentinel-5P,P1D,missing
cinkarna_celje_2019,Cinkarna Celje industrial case,industrial_case,2019-12-23T00:00:00Z,2019-12-24T00:00:00Z,23,SI043,Goriška,NO2,,,,,210,210,0,µmol/m²,Sentinel Hub Statistical API / Sentinel-5P,P1D,missing
cinkarna_celje_2019,Cinkarna Celje industrial case,industrial_case,2019-12-24T00:00:00Z,2019-12-25T00:00:00Z,24,SI043,Goriška,NO2,22.63048030068477,-28.739192202920094,70.05713996477425,21.71365037040876,210,152,58,µmol/m²,Sentinel Hub Statistical API / Sentinel-5P,P1D,partial
cinkarna_celje_2019,Cinkarna Celje industrial case,industrial_case,2019-12-25T00:00:00Z,2019-12-26T00:00:00Z,25,SI043,Goriška,NO2,26.92163461950679,-2.8504480269475607,81.59878052538261,18.94268875358125,210,80,130,µmol/m²,Sentinel Hub Statistical API / Sentinel-5P,P1D,good
cinkarna_celje_2019,Cinkarna Celje industrial case,industrial_case,2019-12-26T00:00:00Z,2019-12-27T00:00:00Z,26,SI043,Goriška,NO2,42.143887254461816,-8.707553206477314,93.56538066640496,22.353085095649806,210,80,130,µmol/m²,Sentinel Hub Statistical API / Sentinel-5P,P1D,good
cinkarna_celje_2019,Cinkarna Celje industrial case,industrial_case,2019-12-27T00:00:00Z,2019-12-28T00:00:00Z,27,SI043,Goriška,NO2,38.39799796878651,-25.992136215791106,75.6128501961939,22.647968151160068,210,180,30,µmol/m²,Sentinel Hub Statistical API / Sentinel-5P,P1D,partial
cinkarna_celje_2019,Cinkarna Celje industrial case,industrial_case,2019-12-28T00:00:00Z,2019-12-29T00:00:00Z,28,SI043,Goriška,NO2,24.1738165524461,-41.66262806393206,66.18907355004922,19.520489953280926,210,89,121,µmol/m²,Sentinel Hub Statistical API / Sentinel-5P,P1D,good
cinkarna_celje_2019,Cinkarna Celje industrial case,industrial_case,2019-12-29T00:00:00Z,2019-12-30T00:00:00Z,29,SI043,Goriška,NO2,13.328045459578178,-20.907238649670035,52.59217869024724,18.72896937326377,210,162,48,µmol/m²,Sentinel Hub Statistical API / Sentinel-5P,P1D,partial
cinkarna_celje_2019,Cinkarna Celje industrial case,industrial_case,2019-12-30T00:00:00Z,2019-12-31T00:00:00Z,30,SI043,Goriška,NO2,23.91708030194329,-13.760214642388746,71.36211934266612,17.763170362987832,210,83,127,µmol/m²,Sentinel Hub Statistical API / Sentinel-5P,P1D,good
cinkarna_celje_2019,Cinkarna Celje industrial case,industrial_case,2019-12-31T00:00:00Z,2020-01-01T00:00:00Z,31,SI043,Goriška,NO2,46.15810911260948,-2.521176838854444,107.10127389756963,22.820108370066365,210,87,123,µmol/m²,Sentinel Hub Statistical API / Sentinel-5P,P1D,good
cinkarna_celje_2019,Cinkarna Celje industrial case,industrial_case,2019-12-01T00:00:00Z,2019-12-02T00:00:00Z,1,SI044,Obalno-kraška,NO2,,,,,99,99,0,µmol/m²,Sentinel Hub Statistical API / Sentinel-5P,P1D,missing
cinkarna_celje_2019,Cinkarna Celje industrial case,industrial_case,2019-12-02T00:00:00Z,2019-12-03T00:00:00Z,2,SI044,Obalno-kraška,NO2,,,,,99,99,0,µmol/m²,Sentinel Hub Statistical API / Sentinel-5P,P1D,missing
cinkarna_celje_2019,Cinkarna Celje industrial case,industrial_case,2019-12-03T00:00:00Z,2019-12-04T00:00:00Z,3,SI044,Obalno-kraška,NO2,28.106671904354766,9.651849723013584,49.41128281643614,10.470743646931393,99,21,78,µmol/m²,Sentinel Hub Statistical API / Sentinel-5P,P1D,good
cinkarna_celje_2019,Cinkarna Celje industrial case,industrial_case,2019-12-04T00:00:00Z,2019-12-05T00:00:00Z,4,SI044,Obalno-kraška,NO2,26.438905467493427,4.29809824709082,51.69840733287856,9.517618672767746,99,21,78,µmol/m²,Sentinel Hub Statistical API / Sentinel-5P,P1D,good
cinkarna_celje_2019,Cinkarna Celje industrial case,industrial_case,2019-12-05T00:00:00Z,2019-12-06T00:00:00Z,5,SI044,Obalno-kraška,NO2,41.86597333229019,4.368898316897685,127.65196152031422,18.485692916673298,99,22,77,µmol/m²,Sentinel Hub Statistical API / Sentinel-5P,P1D,good
cinkarna_celje_2019,Cinkarna Celje industrial case,industrial_case,2019-12-06T00:00:00Z,2019-12-07T00:00:00Z,6,SI044,Obalno-kraška,NO2,,,,,99,99,0,µmol/m²,Sentinel Hub Statistical API / Sentinel-5P,P1D,missing
cinkarna_celje_2019,Cinkarna Celje industrial case,industrial_case,2019-12-07T00:00:00Z,2019-12-08T00:00:00Z,7,SI044,Obalno-kraška,NO2,71.76242979767267,60.30146687407978,83.22339272126555,11.460962923592888,99,97,2,µmol/m²,Sentinel Hub Statistical API / Sentinel-5P,P1D,partial
cinkarna_celje_2019,Cinkarna Celje industrial case,industrial_case,2019-12-08T00:00:00Z,2019-12-09T00:00:00Z,8,SI044,Obalno-kraška,NO2,118.74104529852048,110.951456008479,136.87748287338763,9.381968385827827,99,94,5,µmol/m²,Sentinel Hub Statistical API / Sentinel-5P,P1D,partial
cinkarna_celje_2019,Cinkarna Celje industrial case,industrial_case,2019-12-09T00:00:00Z,2019-12-10T00:00:00Z,9,SI044,Obalno-kraška,NO2,,,,,99,99,0,µmol/m²,Sentinel Hub Statistical API / Sentinel-5P,P1D,missing
cinkarna_celje_2019,Cinkarna Celje industrial case,industrial_case,2019-12-10T00:00:00Z,2019-12-11T00:00:00Z,10,SI044,Obalno-kraška,NO2,71.16582865143218,37.51277472474612,122.15481547173113,16.954205831826346,99,21,78,µmol/m²,Sentinel Hub Statistical API / Sentinel-5P,P1D,good
cinkarna_celje_2019,Cinkarna Celje industrial case,industrial_case,2019-12-11T00:00:00Z,2019-12-12T00:00:00Z,11,SI044,Obalno-kraška,NO2,33.180682970478045,-11.688543054333422,72.43521395139396,17.075334404183465,99,21,78,µmol/m²,Sentinel Hub Statistical API / Sentinel-5P,P1D,good
cinkarna_celje_2019,Cinkarna Celje industrial case,industrial_case,2019-12-12T00:00:00Z,2019-12-13T00:00:00Z,12,SI044,Obalno-kraška,NO2,,,,,99,99,0,µmol/m²,Sentinel Hub Statistical API / Sentinel-5P,P1D,missing
cinkarna_celje_2019,Cinkarna Celje industrial case,industrial_case,2019-12-13T00:00:00Z,2019-12-14T00:00:00Z,13,SI044,Obalno-kraška,NO2,,,,,99,99,0,µmol/m²,Sentinel Hub Statistical API / Sentinel-5P,P1D,missing
cinkarna_celje_2019,Cinkarna Celje industrial case,industrial_case,2019-12-14T00:00:00Z,2019-12-15T00:00:00Z,14,SI044,Obalno-kraška,NO2,72.67877115064283,31.690469768363982,109.2776728910394,17.958470424280637,99,26,73,µmol/m²,Sentinel Hub Statistical API / Sentinel-5P,P1D,good
cinkarna_celje_2019,Cinkarna Celje industrial case,industrial_case,2019-12-15T00:00:00Z,2019-12-16T00:00:00Z,15,SI044,Obalno-kraška,NO2,,,,,99,99,0,µmol/m²,Sentinel Hub Statistical API / Sentinel-5P,P1D,missing
cinkarna_celje_2019,Cinkarna Celje industrial case,industrial_case,2019-12-16T00:00:00Z,2019-12-17T00:00:00Z,16,SI044,Obalno-kraška,NO2,77.52025703666732,77.52025703666732,77.52025703666732,0.0,99,98,1,µmol/m²,Sentinel Hub Statistical API / Sentinel-5P,P1D,partial
cinkarna_celje_2019,Cinkarna Celje industrial case,industrial_case,2019-12-17T00:00:00Z,2019-12-18T00:00:00Z,17,SI044,Obalno-kraška,NO2,30.329133096529404,-1.9093959053861909,62.567662098445,32.238529001915595,99,97,2,µmol/m²,Sentinel Hub Statistical API / Sentinel-5P,P1D,partial
cinkarna_celje_2019,Cinkarna Celje industrial case,industrial_case,2019-12-18T00:00:00Z,2019-12-19T00:00:00Z,18,SI044,Obalno-kraška,NO2,28.643643114871033,13.039105397183448,47.940444346750155,11.382128179334224,99,93,6,µmol/m²,Sentinel Hub Statistical API / Sentinel-5P,P1D,partial
cinkarna_celje_2019,Cinkarna Celje industrial case,industrial_case,2019-12-19T00:00:00Z,2019-12-20T00:00:00Z,19,SI044,Obalno-kraška,NO2,,,,,99,99,0,µmol/m²,Sentinel Hub Statistical API / Sentinel-5P,P1D,missing
cinkarna_celje_2019,Cinkarna Celje industrial case,industrial_case,2019-12-20T00:00:00Z,2019-12-21T00:00:00Z,20,SI044,Obalno-kraška,NO2,20.325682271504775,20.325682271504775,20.325682271504775,0.0,99,97,2,µmol/m²,Sentinel Hub Statistical API / Sentinel-5P,P1D,partial
cinkarna_celje_2019,Cinkarna Celje industrial case,industrial_case,2019-12-21T00:00:00Z,2019-12-22T00:00:00Z,21,SI044,Obalno-kraška,NO2,17.91263396929329,6.065753041184507,41.606395825510845,16.75401968035059,99,96,3,µmol/m²,Sentinel Hub Statistical API / Sentinel-5P,P1D,partial
cinkarna_celje_2019,Cinkarna Celje industrial case,industrial_case,2019-12-22T00:00:00Z,2019-12-23T00:00:00Z,22,SI044,Obalno-kraška,NO2,,,,,99,99,0,µmol/m²,Sentinel Hub Statistical API / Sentinel-5P,P1D,missing
cinkarna_celje_2019,Cinkarna Celje industrial case,industrial_case,2019-12-23T00:00:00Z,2019-12-24T00:00:00Z,23,SI044,Obalno-kraška,NO2,,,,,99,99,0,µmol/m²,Sentinel Hub Statistical API / Sentinel-5P,P1D,missing
cinkarna_celje_2019,Cinkarna Celje industrial case,industrial_case,2019-12-24T00:00:00Z,2019-12-25T00:00:00Z,24,SI044,Obalno-kraška,NO2,,,,,99,99,0,µmol/m²,Sentinel Hub Statistical API / Sentinel-5P,P1D,missing
cinkarna_celje_2019,Cinkarna Celje industrial case,industrial_case,2019-12-25T00:00:00Z,2019-12-26T00:00:00Z,25,SI044,Obalno-kraška,NO2,40.14790028332543,7.715120773355011,75.44562686234713,15.301066388922969,99,21,78,µmol/m²,Sentinel Hub Statistical API / Sentinel-5P,P1D,good
cinkarna_celje_2019,Cinkarna Celje industrial case,industrial_case,2019-12-26T00:00:00Z,2019-12-27T00:00:00Z,26,SI044,Obalno-kraška,NO2,64.95992718742063,7.7422009781003,97.1381232375279,20.01447265381259,99,21,78,µmol/m²,Sentinel Hub Statistical API / Sentinel-5P,P1D,good
cinkarna_celje_2019,Cinkarna Celje industrial case,industrial_case,2019-12-27T00:00:00Z,2019-12-28T00:00:00Z,27,SI044,Obalno-kraška,NO2,27.812404141513984,-3.4383263027848443,77.91383541189134,16.93412341520809,99,54,45,µmol/m²,Sentinel Hub Statistical API / Sentinel-5P,P1D,partial
cinkarna_celje_2019,Cinkarna Celje industrial case,industrial_case,2019-12-28T00:00:00Z,2019-12-29T00:00:00Z,28,SI044,Obalno-kraška,NO2,29.73390450346481,3.5658654269354884,76.8778336350806,16.423556664346716,99,45,54,µmol/m²,Sentinel Hub Statistical API / Sentinel-5P,P1D,good
cinkarna_celje_2019,Cinkarna Celje industrial case,industrial_case,2019-12-29T00:00:00Z,2019-12-30T00:00:00Z,29,SI044,Obalno-kraška,NO2,36.70754403136318,3.7161823911446845,65.64208888448775,15.602931674575634,99,75,24,µmol/m²,Sentinel Hub Statistical API / Sentinel-5P,P1D,partial
cinkarna_celje_2019,Cinkarna Celje industrial case,industrial_case,2019-12-30T00:00:00Z,2019-12-31T00:00:00Z,30,SI044,Obalno-kraška,NO2,29.638630709226938,0.2683349293874926,55.93277819571085,12.726665611746917,99,21,78,µmol/m²,Sentinel Hub Statistical API / Sentinel-5P,P1D,good
cinkarna_celje_2019,Cinkarna Celje industrial case,industrial_case,2019-12-31T00:00:00Z,2020-01-01T00:00:00Z,31,SI044,Obalno-kraška,NO2,69.69682843378114,25.953080694307573,165.45971448067576,22.90910831876671,99,21,78,µmol/m²,Sentinel Hub Statistical API / Sentinel-5P,P1D,good
