event_id,event_name,event_type,pollutant,display_unit,date_from,date_to,day_index,region_code,region_name,value_mean,value_min,value_max,value_stdev,sample_count,no_data_count,data_mask_valid_count,source,aggregation_interval,quality_status
spar_fire_2025,SPAR/BTC fire,industrial_fire,CO,mmol/m²,2025-12-01T00:00:00Z,2025-12-02T00:00:00Z,1,SI031,Pomurska,,,,,128,128,0,Sentinel Hub Statistical API / Sentinel-5P,P1D,missing
spar_fire_2025,SPAR/BTC fire,industrial_fire,CO,mmol/m²,2025-12-02T00:00:00Z,2025-12-03T00:00:00Z,2,SI031,Pomurska,28.67199937182088,24.896908551454544,31.644098460674286,1.9408890853431895,128,66,62,Sentinel Hub Statistical API / Sentinel-5P,P1D,partial
spar_fire_2025,SPAR/BTC fire,industrial_fire,CO,mmol/m²,2025-12-03T00:00:00Z,2025-12-04T00:00:00Z,3,SI031,Pomurska,29.87426808103919,22.72581309080124,31.191779300570488,1.7153896527653494,128,108,20,Sentinel Hub Statistical API / Sentinel-5P,P1D,partial
spar_fire_2025,SPAR/BTC fire,industrial_fire,CO,mmol/m²,2025-12-04T00:00:00Z,2025-12-05T00:00:00Z,4,SI031,Pomurska,,,,,128,128,0,Sentinel Hub Statistical API / Sentinel-5P,P1D,missing
spar_fire_2025,SPAR/BTC fire,industrial_fire,CO,mmol/m²,2025-12-05T00:00:00Z,2025-12-06T00:00:00Z,5,SI031,Pomurska,,,,,128,128,0,Sentinel Hub Statistical API / Sentinel-5P,P1D,missing
spar_fire_2025,SPAR/BTC fire,industrial_fire,CO,mmol/m²,2025-12-06T00:00:00Z,2025-12-07T00:00:00Z,6,SI031,Pomurska,31.275234269824896,28.046289458870888,35.54880991578102,1.7057117293543882,128,51,77,Sentinel Hub Statistical API / Sentinel-5P,P1D,good
spar_fire_2025,SPAR/BTC fire,industrial_fire,CO,mmol/m²,2025-12-07T00:00:00Z,2025-12-08T00:00:00Z,7,SI031,Pomurska,30.9016335416924,23.749245330691338,36.14871948957443,2.7349167817200244,128,73,55,Sentinel Hub Statistical API / Sentinel-5P,P1D,partial
spar_fire_2025,SPAR/BTC fire,industrial_fire,CO,mmol/m²,2025-12-08T00:00:00Z,2025-12-09T00:00:00Z,8,SI031,Pomurska,,,,,128,128,0,Sentinel Hub Statistical API / Sentinel-5P,P1D,missing
spar_fire_2025,SPAR/BTC fire,industrial_fire,CO,mmol/m²,2025-12-09T00:00:00Z,2025-12-10T00:00:00Z,9,SI031,Pomurska,30.778050422668457,30.778050422668457,30.778050422668457,0.0,128,122,6,Sentinel Hub Statistical API / Sentinel-5P,P1D,partial
spar_fire_2025,SPAR/BTC fire,industrial_fire,CO,mmol/m²,2025-12-10T00:00:00Z,2025-12-11T00:00:00Z,10,SI031,Pomurska,29.12144671795489,25.794683024287224,31.073646619915962,1.3209845324151737,128,49,79,Sentinel Hub Statistical API / Sentinel-5P,P1D,good
spar_fire_2025,SPAR/BTC fire,industrial_fire,CO,mmol/m²,2025-12-11T00:00:00Z,2025-12-12T00:00:00Z,11,SI031,Pomurska,29.16098857188926,25.3731831908226,34.06848385930061,3.040660653166575,128,94,34,Sentinel Hub Statistical API / Sentinel-5P,P1D,partial
spar_fire_2025,SPAR/BTC fire,industrial_fire,CO,mmol/m²,2025-12-12T00:00:00Z,2025-12-13T00:00:00Z,12,SI031,Pomurska,31.663829565677844,23.48954603075981,37.79207170009613,3.0093997603263856,128,57,71,Sentinel Hub Statistical API / Sentinel-5P,P1D,good
spar_fire_2025,SPAR/BTC fire,industrial_fire,CO,mmol/m²,2025-12-13T00:00:00Z,2025-12-14T00:00:00Z,13,SI031,Pomurska,29.116472282579963,24.25387315452099,31.377121806144714,2.5357871513418146,128,93,35,Sentinel Hub Statistical API / Sentinel-5P,P1D,partial
spar_fire_2025,SPAR/BTC fire,industrial_fire,CO,mmol/m²,2025-12-14T00:00:00Z,2025-12-15T00:00:00Z,14,SI031,Pomurska,30.708367300287982,28.059061616659164,32.74236619472504,1.762322391078016,128,46,82,Sentinel Hub Statistical API / Sentinel-5P,P1D,good
spar_fire_2025,SPAR/BTC fire,industrial_fire,CO,mmol/m²,2025-12-15T00:00:00Z,2025-12-16T00:00:00Z,15,SI031,Pomurska,29.00515682995319,27.31301262974739,30.88938258588314,0.9989655977880694,128,46,82,Sentinel Hub Statistical API / Sentinel-5P,P1D,good
spar_fire_2025,SPAR/BTC fire,industrial_fire,CO,mmol/m²,2025-12-16T00:00:00Z,2025-12-17T00:00:00Z,16,SI031,Pomurska,,,,,128,128,0,Sentinel Hub Statistical API / Sentinel-5P,P1D,missing
spar_fire_2025,SPAR/BTC fire,industrial_fire,CO,mmol/m²,2025-12-17T00:00:00Z,2025-12-18T00:00:00Z,17,SI031,Pomurska,31.63651094354432,28.498126193881035,34.81769189238548,1.4969325171901098,128,70,58,Sentinel Hub Statistical API / Sentinel-5P,P1D,partial
spar_fire_2025,SPAR/BTC fire,industrial_fire,CO,mmol/m²,2025-12-18T00:00:00Z,2025-12-19T00:00:00Z,18,SI031,Pomurska,30.442309698888234,26.79404243826866,37.35166788101196,1.997548389093503,128,58,70,Sentinel Hub Statistical API / Sentinel-5P,P1D,good
spar_fire_2025,SPAR/BTC fire,industrial_fire,CO,mmol/m²,2025-12-19T00:00:00Z,2025-12-20T00:00:00Z,19,SI031,Pomurska,30.891445982787342,29.142677783966064,32.081183046102524,0.739121786274367,128,47,81,Sentinel Hub Statistical API / Sentinel-5P,P1D,good
spar_fire_2025,SPAR/BTC fire,industrial_fire,CO,mmol/m²,2025-12-20T00:00:00Z,2025-12-21T00:00:00Z,20,SI031,Pomurska,31.5353006318018,29.151011258363724,32.78497979044914,0.9588993075406165,128,51,77,Sentinel Hub Statistical API / Sentinel-5P,P1D,good
spar_fire_2025,SPAR/BTC fire,industrial_fire,CO,mmol/m²,2025-12-21T00:00:00Z,2025-12-22T00:00:00Z,21,SI031,Pomurska,28.787924181215647,27.144283056259155,30.859757214784622,0.841972524508312,128,46,82,Sentinel Hub Statistical API / Sentinel-5P,P1D,good
spar_fire_2025,SPAR/BTC fire,industrial_fire,CO,mmol/m²,2025-12-22T00:00:00Z,2025-12-23T00:00:00Z,22,SI031,Pomurska,29.72719059666482,27.157345786690712,33.84941443800926,1.6317453743858112,128,46,82,Sentinel Hub Statistical API / Sentinel-5P,P1D,good
spar_fire_2025,SPAR/BTC fire,industrial_fire,CO,mmol/m²,2025-12-23T00:00:00Z,2025-12-24T00:00:00Z,23,SI031,Pomurska,30.130625882696716,24.477306753396988,35.623062402009964,2.765273630349235,128,66,62,Sentinel Hub Statistical API / Sentinel-5P,P1D,partial
spar_fire_2025,SPAR/BTC fire,industrial_fire,CO,mmol/m²,2025-12-24T00:00:00Z,2025-12-25T00:00:00Z,24,SI031,Pomurska,35.73994884888331,31.734619289636612,40.070924907922745,2.8437653445212097,128,113,15,Sentinel Hub Statistical API / Sentinel-5P,P1D,partial
spar_fire_2025,SPAR/BTC fire,industrial_fire,CO,mmol/m²,2025-12-25T00:00:00Z,2025-12-26T00:00:00Z,25,SI031,Pomurska,32.18647144161739,30.30320629477501,33.85281190276146,0.9284194665429353,128,63,65,Sentinel Hub Statistical API / Sentinel-5P,P1D,good
spar_fire_2025,SPAR/BTC fire,industrial_fire,CO,mmol/m²,2025-12-26T00:00:00Z,2025-12-27T00:00:00Z,26,SI031,Pomurska,32.40278926564427,29.58184853196144,34.77754071354866,1.4033785695045382,128,46,82,Sentinel Hub Statistical API / Sentinel-5P,P1D,good
spar_fire_2025,SPAR/BTC fire,industrial_fire,CO,mmol/m²,2025-12-27T00:00:00Z,2025-12-28T00:00:00Z,27,SI031,Pomurska,30.767855043076484,23.749228566884995,36.75289824604988,3.0959560599443474,128,55,73,Sentinel Hub Statistical API / Sentinel-5P,P1D,good
spar_fire_2025,SPAR/BTC fire,industrial_fire,CO,mmol/m²,2025-12-28T00:00:00Z,2025-12-29T00:00:00Z,28,SI031,Pomurska,35.53179485930336,26.46956406533718,42.8987555205822,3.884726007263061,128,47,81,Sentinel Hub Statistical API / Sentinel-5P,P1D,good
spar_fire_2025,SPAR/BTC fire,industrial_fire,CO,mmol/m²,2025-12-29T00:00:00Z,2025-12-30T00:00:00Z,29,SI031,Pomurska,30.37782566001018,24.722766131162643,33.3264134824276,1.6140050265077435,128,68,60,Sentinel Hub Statistical API / Sentinel-5P,P1D,partial
spar_fire_2025,SPAR/BTC fire,industrial_fire,CO,mmol/m²,2025-12-30T00:00:00Z,2025-12-31T00:00:00Z,30,SI031,Pomurska,32.09609776321385,29.44851480424404,35.15481576323509,1.987789699081548,128,92,36,Sentinel Hub Statistical API / Sentinel-5P,P1D,partial
spar_fire_2025,SPAR/BTC fire,industrial_fire,CO,mmol/m²,2025-12-31T00:00:00Z,2026-01-01T00:00:00Z,31,SI031,Pomurska,34.93788403769333,33.479683101177216,36.00480407476425,0.8541741814206271,128,110,18,Sentinel Hub Statistical API / Sentinel-5P,P1D,partial
spar_fire_2025,SPAR/BTC fire,industrial_fire,CO,mmol/m²,2025-12-01T00:00:00Z,2025-12-02T00:00:00Z,1,SI032,Podravska,,,,,180,180,0,Sentinel Hub Statistical API / Sentinel-5P,P1D,missing
spar_fire_2025,SPAR/BTC fire,industrial_fire,CO,mmol/m²,2025-12-02T00:00:00Z,2025-12-03T00:00:00Z,2,SI032,Podravska,28.3209270073308,24.683944880962372,34.51487794518471,1.9996929159697492,180,90,90,Sentinel Hub Statistical API / Sentinel-5P,P1D,good
spar_fire_2025,SPAR/BTC fire,industrial_fire,CO,mmol/m²,2025-12-03T00:00:00Z,2025-12-04T00:00:00Z,3,SI032,Podravska,30.25252616831235,28.264421969652176,31.510423868894577,0.8595048006242147,180,75,105,Sentinel Hub Statistical API / Sentinel-5P,P1D,good
spar_fire_2025,SPAR/BTC fire,industrial_fire,CO,mmol/m²,2025-12-04T00:00:00Z,2025-12-05T00:00:00Z,4,SI032,Podravska,,,,,180,180,0,Sentinel Hub Statistical API / Sentinel-5P,P1D,missing
spar_fire_2025,SPAR/BTC fire,industrial_fire,CO,mmol/m²,2025-12-05T00:00:00Z,2025-12-06T00:00:00Z,5,SI032,Podravska,,,,,180,180,0,Sentinel Hub Statistical API / Sentinel-5P,P1D,missing
spar_fire_2025,SPAR/BTC fire,industrial_fire,CO,mmol/m²,2025-12-06T00:00:00Z,2025-12-07T00:00:00Z,6,SI032,Podravska,31.579224920521195,28.08217890560627,37.0464064180851,1.8271351616468505,180,60,120,Sentinel Hub Statistical API / Sentinel-5P,P1D,good
spar_fire_2025,SPAR/BTC fire,industrial_fire,CO,mmol/m²,2025-12-07T00:00:00Z,2025-12-08T00:00:00Z,7,SI032,Podravska,30.7776740682061,25.080157443881035,35.40031611919403,2.6602912416047007,180,87,93,Sentinel Hub Statistical API / Sentinel-5P,P1D,good
spar_fire_2025,SPAR/BTC fire,industrial_fire,CO,mmol/m²,2025-12-08T00:00:00Z,2025-12-09T00:00:00Z,8,SI032,Podravska,,,,,180,180,0,Sentinel Hub Statistical API / Sentinel-5P,P1D,missing
spar_fire_2025,SPAR/BTC fire,industrial_fire,CO,mmol/m²,2025-12-09T00:00:00Z,2025-12-10T00:00:00Z,9,SI032,Podravska,30.778050422668457,30.778050422668457,30.778050422668457,0.0,180,179,1,Sentinel Hub Statistical API / Sentinel-5P,P1D,partial
spar_fire_2025,SPAR/BTC fire,industrial_fire,CO,mmol/m²,2025-12-10T00:00:00Z,2025-12-11T00:00:00Z,10,SI032,Podravska,29.21510563380476,26.772188022732735,33.384546637535095,1.4761348660194678,180,111,69,Sentinel Hub Statistical API / Sentinel-5P,P1D,partial
spar_fire_2025,SPAR/BTC fire,industrial_fire,CO,mmol/m²,2025-12-11T00:00:00Z,2025-12-12T00:00:00Z,11,SI032,Podravska,27.787259389315885,21.923167631030083,32.562777400016785,2.4157226837409245,180,118,62,Sentinel Hub Statistical API / Sentinel-5P,P1D,partial
spar_fire_2025,SPAR/BTC fire,industrial_fire,CO,mmol/m²,2025-12-12T00:00:00Z,2025-12-13T00:00:00Z,12,SI032,Podravska,28.008306934002857,21.926671266555786,32.17824175953865,2.3758122437439986,180,86,94,Sentinel Hub Statistical API / Sentinel-5P,P1D,good
spar_fire_2025,SPAR/BTC fire,industrial_fire,CO,mmol/m²,2025-12-13T00:00:00Z,2025-12-14T00:00:00Z,13,SI032,Podravska,25.882117450237274,25.2360999584198,26.32085420191288,0.40721110419864964,180,175,5,Sentinel Hub Statistical API / Sentinel-5P,P1D,partial
spar_fire_2025,SPAR/BTC fire,industrial_fire,CO,mmol/m²,2025-12-14T00:00:00Z,2025-12-15T00:00:00Z,14,SI032,Podravska,29.25411045305,24.25258792936802,32.484836876392365,1.4807881216815209,180,59,121,Sentinel Hub Statistical API / Sentinel-5P,P1D,good
spar_fire_2025,SPAR/BTC fire,industrial_fire,CO,mmol/m²,2025-12-15T00:00:00Z,2025-12-16T00:00:00Z,15,SI032,Podravska,28.86318298009764,25.52049420773983,30.732469633221626,1.1571708062841735,180,61,119,Sentinel Hub Statistical API / Sentinel-5P,P1D,good
spar_fire_2025,SPAR/BTC fire,industrial_fire,CO,mmol/m²,2025-12-16T00:00:00Z,2025-12-17T00:00:00Z,16,SI032,Podravska,,,,,180,180,0,Sentinel Hub Statistical API / Sentinel-5P,P1D,missing
spar_fire_2025,SPAR/BTC fire,industrial_fire,CO,mmol/m²,2025-12-17T00:00:00Z,2025-12-18T00:00:00Z,17,SI032,Podravska,31.883126997854546,27.851417660713196,36.7203950881958,1.9216114294638662,180,52,128,Sentinel Hub Statistical API / Sentinel-5P,P1D,good
spar_fire_2025,SPAR/BTC fire,industrial_fire,CO,mmol/m²,2025-12-18T00:00:00Z,2025-12-19T00:00:00Z,18,SI032,Podravska,30.50559690930474,26.74384042620659,37.35166788101196,2.5156078181728723,180,109,71,Sentinel Hub Statistical API / Sentinel-5P,P1D,partial
spar_fire_2025,SPAR/BTC fire,industrial_fire,CO,mmol/m²,2025-12-19T00:00:00Z,2025-12-20T00:00:00Z,19,SI032,Podravska,29.574377476819777,25.598568841814995,32.32185170054436,1.5226484552181483,180,52,128,Sentinel Hub Statistical API / Sentinel-5P,P1D,good
spar_fire_2025,SPAR/BTC fire,industrial_fire,CO,mmol/m²,2025-12-20T00:00:00Z,2025-12-21T00:00:00Z,20,SI032,Podravska,29.80685327202082,20.727351307868958,32.78497979044914,2.1613065862532936,180,60,120,Sentinel Hub Statistical API / Sentinel-5P,P1D,good
spar_fire_2025,SPAR/BTC fire,industrial_fire,CO,mmol/m²,2025-12-21T00:00:00Z,2025-12-22T00:00:00Z,21,SI032,Podravska,29.393154250319338,25.723716244101524,32.026298344135284,1.376778591046985,180,59,121,Sentinel Hub Statistical API / Sentinel-5P,P1D,good
spar_fire_2025,SPAR/BTC fire,industrial_fire,CO,mmol/m²,2025-12-22T00:00:00Z,2025-12-23T00:00:00Z,22,SI032,Podravska,29.92853777663363,26.93975530564785,35.27434542775154,1.3695948360255148,180,56,124,Sentinel Hub Statistical API / Sentinel-5P,P1D,good
spar_fire_2025,SPAR/BTC fire,industrial_fire,CO,mmol/m²,2025-12-23T00:00:00Z,2025-12-24T00:00:00Z,23,SI032,Podravska,32.64412007017715,24.477306753396988,37.62625530362129,2.392681479383375,180,106,74,Sentinel Hub Statistical API / Sentinel-5P,P1D,partial
spar_fire_2025,SPAR/BTC fire,industrial_fire,CO,mmol/m²,2025-12-24T00:00:00Z,2025-12-25T00:00:00Z,24,SI032,Podravska,33.60898904502391,30.578548088669777,39.074696600437164,2.041512767435623,180,160,20,Sentinel Hub Statistical API / Sentinel-5P,P1D,partial
spar_fire_2025,SPAR/BTC fire,industrial_fire,CO,mmol/m²,2025-12-25T00:00:00Z,2025-12-26T00:00:00Z,25,SI032,Podravska,32.56618433765003,28.193404898047447,34.85124930739403,1.2464890776931628,180,75,105,Sentinel Hub Statistical API / Sentinel-5P,P1D,good
spar_fire_2025,SPAR/BTC fire,industrial_fire,CO,mmol/m²,2025-12-26T00:00:00Z,2025-12-27T00:00:00Z,26,SI032,Podravska,31.825121666770436,26.261670514941216,34.27353873848915,1.7708272190951546,180,52,128,Sentinel Hub Statistical API / Sentinel-5P,P1D,good
spar_fire_2025,SPAR/BTC fire,industrial_fire,CO,mmol/m²,2025-12-27T00:00:00Z,2025-12-28T00:00:00Z,27,SI032,Podravska,30.504721622818558,22.586658596992493,38.33192214369774,3.512336484862188,180,102,78,Sentinel Hub Statistical API / Sentinel-5P,P1D,partial
spar_fire_2025,SPAR/BTC fire,industrial_fire,CO,mmol/m²,2025-12-28T00:00:00Z,2025-12-29T00:00:00Z,28,SI032,Podravska,33.14472439209212,25.000352412462234,38.83557394146919,2.91826381268056,180,83,97,Sentinel Hub Statistical API / Sentinel-5P,P1D,good
spar_fire_2025,SPAR/BTC fire,industrial_fire,CO,mmol/m²,2025-12-29T00:00:00Z,2025-12-30T00:00:00Z,29,SI032,Podravska,30.270263853092363,24.25043284893036,34.64942425489426,2.6087663391526568,180,118,62,Sentinel Hub Statistical API / Sentinel-5P,P1D,partial
spar_fire_2025,SPAR/BTC fire,industrial_fire,CO,mmol/m²,2025-12-30T00:00:00Z,2025-12-31T00:00:00Z,30,SI032,Podravska,30.511293499196167,26.7238337546587,33.840421587228775,1.2408941381720566,180,58,122,Sentinel Hub Statistical API / Sentinel-5P,P1D,good
spar_fire_2025,SPAR/BTC fire,industrial_fire,CO,mmol/m²,2025-12-31T00:00:00Z,2026-01-01T00:00:00Z,31,SI032,Podravska,34.61555192867915,29.561830684542656,36.70002892613411,1.8638173501492652,180,135,45,Sentinel Hub Statistical API / Sentinel-5P,P1D,partial
spar_fire_2025,SPAR/BTC fire,industrial_fire,CO,mmol/m²,2025-12-01T00:00:00Z,2025-12-02T00:00:00Z,1,SI033,Koroška,24.7074971465688,18.66222731769085,30.7328961789608,3.6021660066980408,75,56,19,Sentinel Hub Statistical API / Sentinel-5P,P1D,partial
spar_fire_2025,SPAR/BTC fire,industrial_fire,CO,mmol/m²,2025-12-02T00:00:00Z,2025-12-03T00:00:00Z,2,SI033,Koroška,26.294323039196787,20.823171362280846,28.53359840810299,2.0634628107989608,75,54,21,Sentinel Hub Statistical API / Sentinel-5P,P1D,partial
spar_fire_2025,SPAR/BTC fire,industrial_fire,CO,mmol/m²,2025-12-03T00:00:00Z,2025-12-04T00:00:00Z,3,SI033,Koroška,27.94165206917872,26.48095041513443,32.34159201383591,1.5300051511730985,75,27,48,Sentinel Hub Statistical API / Sentinel-5P,P1D,good
spar_fire_2025,SPAR/BTC fire,industrial_fire,CO,mmol/m²,2025-12-04T00:00:00Z,2025-12-05T00:00:00Z,4,SI033,Koroška,,,,,75,75,0,Sentinel Hub Statistical API / Sentinel-5P,P1D,missing
spar_fire_2025,SPAR/BTC fire,industrial_fire,CO,mmol/m²,2025-12-05T00:00:00Z,2025-12-06T00:00:00Z,5,SI033,Koroška,29.12113925925008,27.307704091072083,30.809208750724792,1.1365647314093097,75,48,27,Sentinel Hub Statistical API / Sentinel-5P,P1D,partial
spar_fire_2025,SPAR/BTC fire,industrial_fire,CO,mmol/m²,2025-12-06T00:00:00Z,2025-12-07T00:00:00Z,6,SI033,Koroška,33.19560888188857,28.08217890560627,36.45707666873932,2.3890181451130172,75,48,27,Sentinel Hub Statistical API / Sentinel-5P,P1D,partial
spar_fire_2025,SPAR/BTC fire,industrial_fire,CO,mmol/m²,2025-12-07T00:00:00Z,2025-12-08T00:00:00Z,7,SI033,Koroška,25.277653480975,19.384635612368584,29.259108006954193,2.27950279276424,75,26,49,Sentinel Hub Statistical API / Sentinel-5P,P1D,good
spar_fire_2025,SPAR/BTC fire,industrial_fire,CO,mmol/m²,2025-12-08T00:00:00Z,2025-12-09T00:00:00Z,8,SI033,Koroška,,,,,75,75,0,Sentinel Hub Statistical API / Sentinel-5P,P1D,missing
spar_fire_2025,SPAR/BTC fire,industrial_fire,CO,mmol/m²,2025-12-09T00:00:00Z,2025-12-10T00:00:00Z,9,SI033,Koroška,26.22218057513237,26.22218057513237,26.22218057513237,0.0,75,70,5,Sentinel Hub Statistical API / Sentinel-5P,P1D,partial
spar_fire_2025,SPAR/BTC fire,industrial_fire,CO,mmol/m²,2025-12-10T00:00:00Z,2025-12-11T00:00:00Z,10,SI033,Koroška,24.32431067739214,22.967377677559853,26.3112410902977,1.3151596816409683,75,68,7,Sentinel Hub Statistical API / Sentinel-5P,P1D,partial
spar_fire_2025,SPAR/BTC fire,industrial_fire,CO,mmol/m²,2025-12-11T00:00:00Z,2025-12-12T00:00:00Z,11,SI033,Koroška,25.788156893746606,17.77496188879013,29.36525084078312,3.1811685118471793,75,46,29,Sentinel Hub Statistical API / Sentinel-5P,P1D,partial
spar_fire_2025,SPAR/BTC fire,industrial_fire,CO,mmol/m²,2025-12-12T00:00:00Z,2025-12-13T00:00:00Z,12,SI033,Koroška,28.116389347071,24.129897356033325,29.642924666404724,1.5077247551933703,75,53,22,Sentinel Hub Statistical API / Sentinel-5P,P1D,partial
spar_fire_2025,SPAR/BTC fire,industrial_fire,CO,mmol/m²,2025-12-13T00:00:00Z,2025-12-14T00:00:00Z,13,SI033,Koroška,,,,,75,75,0,Sentinel Hub Statistical API / Sentinel-5P,P1D,missing
spar_fire_2025,SPAR/BTC fire,industrial_fire,CO,mmol/m²,2025-12-14T00:00:00Z,2025-12-15T00:00:00Z,14,SI033,Koroška,25.82072057560379,22.609898820519447,29.817460104823112,1.2719626124389833,75,24,51,Sentinel Hub Statistical API / Sentinel-5P,P1D,good
spar_fire_2025,SPAR/BTC fire,industrial_fire,CO,mmol/m²,2025-12-15T00:00:00Z,2025-12-16T00:00:00Z,15,SI033,Koroška,25.24385211819952,23.34238402545452,28.709575533866882,1.521727687563806,75,53,22,Sentinel Hub Statistical API / Sentinel-5P,P1D,partial
spar_fire_2025,SPAR/BTC fire,industrial_fire,CO,mmol/m²,2025-12-16T00:00:00Z,2025-12-17T00:00:00Z,16,SI033,Koroška,,,,,75,75,0,Sentinel Hub Statistical API / Sentinel-5P,P1D,missing
spar_fire_2025,SPAR/BTC fire,industrial_fire,CO,mmol/m²,2025-12-17T00:00:00Z,2025-12-18T00:00:00Z,17,SI033,Koroška,31.303721464286415,24.560853838920593,36.780450493097305,2.81042013196915,75,16,59,Sentinel Hub Statistical API / Sentinel-5P,P1D,good
spar_fire_2025,SPAR/BTC fire,industrial_fire,CO,mmol/m²,2025-12-18T00:00:00Z,2025-12-19T00:00:00Z,18,SI033,Koroška,26.620283031037875,22.890809923410416,31.157363206148148,2.0141988287484898,75,40,35,Sentinel Hub Statistical API / Sentinel-5P,P1D,partial
spar_fire_2025,SPAR/BTC fire,industrial_fire,CO,mmol/m²,2025-12-19T00:00:00Z,2025-12-20T00:00:00Z,19,SI033,Koroška,26.87691317664252,25.51449090242386,29.787302017211914,1.3400493823554716,75,39,36,Sentinel Hub Statistical API / Sentinel-5P,P1D,partial
spar_fire_2025,SPAR/BTC fire,industrial_fire,CO,mmol/m²,2025-12-20T00:00:00Z,2025-12-21T00:00:00Z,20,SI033,Koroška,28.388607437195986,20.727351307868958,32.53396600484848,3.169306653973298,75,29,46,Sentinel Hub Statistical API / Sentinel-5P,P1D,good
spar_fire_2025,SPAR/BTC fire,industrial_fire,CO,mmol/m²,2025-12-21T00:00:00Z,2025-12-22T00:00:00Z,21,SI033,Koroška,26.760322745980282,21.62851393222809,29.422398656606674,2.272848376954203,75,34,41,Sentinel Hub Statistical API / Sentinel-5P,P1D,good
spar_fire_2025,SPAR/BTC fire,industrial_fire,CO,mmol/m²,2025-12-22T00:00:00Z,2025-12-23T00:00:00Z,22,SI033,Koroška,29.61820873774981,24.6044360101223,32.963406294584274,2.364537478774444,75,18,57,Sentinel Hub Statistical API / Sentinel-5P,P1D,good
spar_fire_2025,SPAR/BTC fire,industrial_fire,CO,mmol/m²,2025-12-23T00:00:00Z,2025-12-24T00:00:00Z,23,SI033,Koroška,28.588592677431947,22.959433495998383,32.78123959898949,2.8625603965844015,75,58,17,Sentinel Hub Statistical API / Sentinel-5P,P1D,partial
spar_fire_2025,SPAR/BTC fire,industrial_fire,CO,mmol/m²,2025-12-24T00:00:00Z,2025-12-25T00:00:00Z,24,SI033,Koroška,22.970497608184814,22.970497608184814,22.970497608184814,0.0,75,73,2,Sentinel Hub Statistical API / Sentinel-5P,P1D,partial
spar_fire_2025,SPAR/BTC fire,industrial_fire,CO,mmol/m²,2025-12-25T00:00:00Z,2025-12-26T00:00:00Z,25,SI033,Koroška,29.488634572110392,28.193404898047447,33.69549661874771,1.4923198382285567,75,53,22,Sentinel Hub Statistical API / Sentinel-5P,P1D,partial
spar_fire_2025,SPAR/BTC fire,industrial_fire,CO,mmol/m²,2025-12-26T00:00:00Z,2025-12-27T00:00:00Z,26,SI033,Koroška,29.701165918071396,26.7371516674757,33.059027045965195,1.9254198789624175,75,16,59,Sentinel Hub Statistical API / Sentinel-5P,P1D,good
spar_fire_2025,SPAR/BTC fire,industrial_fire,CO,mmol/m²,2025-12-27T00:00:00Z,2025-12-28T00:00:00Z,27,SI033,Koroška,27.035983972424685,19.45403590798378,31.134940683841705,2.7495218732861044,75,32,43,Sentinel Hub Statistical API / Sentinel-5P,P1D,good
spar_fire_2025,SPAR/BTC fire,industrial_fire,CO,mmol/m²,2025-12-28T00:00:00Z,2025-12-29T00:00:00Z,28,SI033,Koroška,31.71087997880848,26.53106115758419,35.06649658083916,2.0920056922469814,75,20,55,Sentinel Hub Statistical API / Sentinel-5P,P1D,good
spar_fire_2025,SPAR/BTC fire,industrial_fire,CO,mmol/m²,2025-12-29T00:00:00Z,2025-12-30T00:00:00Z,29,SI033,Koroška,27.311482777198158,22.238189354538918,31.89358115196228,2.434752969967715,75,57,18,Sentinel Hub Statistical API / Sentinel-5P,P1D,partial
spar_fire_2025,SPAR/BTC fire,industrial_fire,CO,mmol/m²,2025-12-30T00:00:00Z,2025-12-31T00:00:00Z,30,SI033,Koroška,27.914291085756343,26.652373373508453,31.86262771487236,1.3109527403460752,75,29,46,Sentinel Hub Statistical API / Sentinel-5P,P1D,good
spar_fire_2025,SPAR/BTC fire,industrial_fire,CO,mmol/m²,2025-12-31T00:00:00Z,2026-01-01T00:00:00Z,31,SI033,Koroška,29.062981833703816,25.314848870038986,30.637193471193314,1.9818992123707035,75,59,16,Sentinel Hub Statistical API / Sentinel-5P,P1D,partial
spar_fire_2025,SPAR/BTC fire,industrial_fire,CO,mmol/m²,2025-12-01T00:00:00Z,2025-12-02T00:00:00Z,1,SI034,Savinjska,23.843272367403625,18.66222731769085,27.572238817811012,2.8711053085960545,225,204,21,Sentinel Hub Statistical API / Sentinel-5P,P1D,partial
spar_fire_2025,SPAR/BTC fire,industrial_fire,CO,mmol/m²,2025-12-02T00:00:00Z,2025-12-03T00:00:00Z,2,SI034,Savinjska,27.78392936032947,19.301163032650948,34.821245819330215,3.6214147923367594,225,132,93,Sentinel Hub Statistical API / Sentinel-5P,P1D,partial
spar_fire_2025,SPAR/BTC fire,industrial_fire,CO,mmol/m²,2025-12-03T00:00:00Z,2025-12-04T00:00:00Z,3,SI034,Savinjska,29.17794814954201,26.759542524814606,31.47456794977188,1.3585068290775488,225,105,120,Sentinel Hub Statistical API / Sentinel-5P,P1D,good
spar_fire_2025,SPAR/BTC fire,industrial_fire,CO,mmol/m²,2025-12-04T00:00:00Z,2025-12-05T00:00:00Z,4,SI034,Savinjska,,,,,225,225,0,Sentinel Hub Statistical API / Sentinel-5P,P1D,missing
spar_fire_2025,SPAR/BTC fire,industrial_fire,CO,mmol/m²,2025-12-05T00:00:00Z,2025-12-06T00:00:00Z,5,SI034,Savinjska,30.31286819734507,27.307704091072083,33.82139652967453,2.0057425104091076,225,189,36,Sentinel Hub Statistical API / Sentinel-5P,P1D,partial
spar_fire_2025,SPAR/BTC fire,industrial_fire,CO,mmol/m²,2025-12-06T00:00:00Z,2025-12-07T00:00:00Z,6,SI034,Savinjska,33.049494277958466,28.48031558096409,37.0464064180851,2.309766529115691,225,143,82,Sentinel Hub Statistical API / Sentinel-5P,P1D,partial
spar_fire_2025,SPAR/BTC fire,industrial_fire,CO,mmol/m²,2025-12-07T00:00:00Z,2025-12-08T00:00:00Z,7,SI034,Savinjska,26.99170606892283,19.384635612368584,33.90343487262726,2.9756693506320517,225,143,82,Sentinel Hub Statistical API / Sentinel-5P,P1D,partial
spar_fire_2025,SPAR/BTC fire,industrial_fire,CO,mmol/m²,2025-12-08T00:00:00Z,2025-12-09T00:00:00Z,8,SI034,Savinjska,28.886492480523884,27.88960002362728,30.366482213139534,0.9978528356283574,225,209,16,Sentinel Hub Statistical API / Sentinel-5P,P1D,partial
spar_fire_2025,SPAR/BTC fire,industrial_fire,CO,mmol/m²,2025-12-09T00:00:00Z,2025-12-10T00:00:00Z,9,SI034,Savinjska,34.021543338894844,33.97534042596817,34.06774625182152,0.04620291292667389,225,219,6,Sentinel Hub Statistical API / Sentinel-5P,P1D,partial
spar_fire_2025,SPAR/BTC fire,industrial_fire,CO,mmol/m²,2025-12-10T00:00:00Z,2025-12-11T00:00:00Z,10,SI034,Savinjska,25.91787178069353,22.880472242832184,30.108073726296425,1.9931720981859984,225,175,50,Sentinel Hub Statistical API / Sentinel-5P,P1D,partial
spar_fire_2025,SPAR/BTC fire,industrial_fire,CO,mmol/m²,2025-12-11T00:00:00Z,2025-12-12T00:00:00Z,11,SI034,Savinjska,26.418849569745365,20.55935189127922,31.002424657344818,2.590912465827637,225,145,80,Sentinel Hub Statistical API / Sentinel-5P,P1D,partial
spar_fire_2025,SPAR/BTC fire,industrial_fire,CO,mmol/m²,2025-12-12T00:00:00Z,2025-12-13T00:00:00Z,12,SI034,Savinjska,28.83417449063725,21.926671266555786,30.84346652030945,2.6436116840489388,225,216,9,Sentinel Hub Statistical API / Sentinel-5P,P1D,partial
spar_fire_2025,SPAR/BTC fire,industrial_fire,CO,mmol/m²,2025-12-13T00:00:00Z,2025-12-14T00:00:00Z,13,SI034,Savinjska,,,,,225,225,0,Sentinel Hub Statistical API / Sentinel-5P,P1D,missing
spar_fire_2025,SPAR/BTC fire,industrial_fire,CO,mmol/m²,2025-12-14T00:00:00Z,2025-12-15T00:00:00Z,14,SI034,Savinjska,27.394804342960324,22.322217002511024,30.85661306977272,2.080695959988098,225,105,120,Sentinel Hub Statistical API / Sentinel-5P,P1D,good
spar_fire_2025,SPAR/BTC fire,industrial_fire,CO,mmol/m²,2025-12-15T00:00:00Z,2025-12-16T00:00:00Z,15,SI034,Savinjska,27.329583930754154,21.15202508866787,30.1585141569376,2.0565735842108377,225,128,97,Sentinel Hub Statistical API / Sentinel-5P,P1D,partial
spar_fire_2025,SPAR/BTC fire,industrial_fire,CO,mmol/m²,2025-12-16T00:00:00Z,2025-12-17T00:00:00Z,16,SI034,Savinjska,,,,,225,225,0,Sentinel Hub Statistical API / Sentinel-5P,P1D,missing
spar_fire_2025,SPAR/BTC fire,industrial_fire,CO,mmol/m²,2025-12-17T00:00:00Z,2025-12-18T00:00:00Z,17,SI034,Savinjska,31.346860734952816,23.31293188035488,36.95979714393616,3.133884232939967,225,90,135,Sentinel Hub Statistical API / Sentinel-5P,P1D,good
spar_fire_2025,SPAR/BTC fire,industrial_fire,CO,mmol/m²,2025-12-18T00:00:00Z,2025-12-19T00:00:00Z,18,SI034,Savinjska,28.171812290255037,20.318761467933655,33.036891371011734,2.3566783861302634,225,146,79,Sentinel Hub Statistical API / Sentinel-5P,P1D,partial
spar_fire_2025,SPAR/BTC fire,industrial_fire,CO,mmol/m²,2025-12-19T00:00:00Z,2025-12-20T00:00:00Z,19,SI034,Savinjska,29.002505777911704,26.74482949078083,30.96618875861168,0.7773253139609889,225,159,66,Sentinel Hub Statistical API / Sentinel-5P,P1D,partial
spar_fire_2025,SPAR/BTC fire,industrial_fire,CO,mmol/m²,2025-12-20T00:00:00Z,2025-12-21T00:00:00Z,20,SI034,Savinjska,29.865857978750547,20.727351307868958,33.49876403808594,2.5335550893010375,225,113,112,Sentinel Hub Statistical API / Sentinel-5P,P1D,partial
spar_fire_2025,SPAR/BTC fire,industrial_fire,CO,mmol/m²,2025-12-21T00:00:00Z,2025-12-22T00:00:00Z,21,SI034,Savinjska,28.570639571607714,21.62851393222809,31.30936622619629,2.0656688336330213,225,126,99,Sentinel Hub Statistical API / Sentinel-5P,P1D,partial
spar_fire_2025,SPAR/BTC fire,industrial_fire,CO,mmol/m²,2025-12-22T00:00:00Z,2025-12-23T00:00:00Z,22,SI034,Savinjska,30.595734025593153,21.872583776712418,35.27434542775154,2.688390190145273,225,90,135,Sentinel Hub Statistical API / Sentinel-5P,P1D,good
spar_fire_2025,SPAR/BTC fire,industrial_fire,CO,mmol/m²,2025-12-23T00:00:00Z,2025-12-24T00:00:00Z,23,SI034,Savinjska,30.230870253817987,22.959433495998383,36.472488194704056,2.8676746552824843,225,182,43,Sentinel Hub Statistical API / Sentinel-5P,P1D,partial
spar_fire_2025,SPAR/BTC fire,industrial_fire,CO,mmol/m²,2025-12-24T00:00:00Z,2025-12-25T00:00:00Z,24,SI034,Savinjska,27.500558644533154,22.8959359228611,33.113185316324234,4.413124525968762,225,198,27,Sentinel Hub Statistical API / Sentinel-5P,P1D,partial
spar_fire_2025,SPAR/BTC fire,industrial_fire,CO,mmol/m²,2025-12-25T00:00:00Z,2025-12-26T00:00:00Z,25,SI034,Savinjska,31.041782012486713,28.012370690703392,36.107275635004044,2.4877572015941745,225,131,94,Sentinel Hub Statistical API / Sentinel-5P,P1D,partial
spar_fire_2025,SPAR/BTC fire,industrial_fire,CO,mmol/m²,2025-12-26T00:00:00Z,2025-12-27T00:00:00Z,26,SI034,Savinjska,30.893969349563125,25.479566305875778,35.6559231877327,2.2427838696790254,225,89,136,Sentinel Hub Statistical API / Sentinel-5P,P1D,good
spar_fire_2025,SPAR/BTC fire,industrial_fire,CO,mmol/m²,2025-12-27T00:00:00Z,2025-12-28T00:00:00Z,27,SI034,Savinjska,28.150170032555863,19.45403590798378,34.53526645898819,3.4577036655919176,225,129,96,Sentinel Hub Statistical API / Sentinel-5P,P1D,partial
spar_fire_2025,SPAR/BTC fire,industrial_fire,CO,mmol/m²,2025-12-28T00:00:00Z,2025-12-29T00:00:00Z,28,SI034,Savinjska,31.96478469864185,24.25617165863514,37.512343376874924,3.2094580819981324,225,110,115,Sentinel Hub Statistical API / Sentinel-5P,P1D,good
spar_fire_2025,SPAR/BTC fire,industrial_fire,CO,mmol/m²,2025-12-29T00:00:00Z,2025-12-30T00:00:00Z,29,SI034,Savinjska,29.308180268289462,23.405224084854126,34.80337932705879,2.1914461891025327,225,159,66,Sentinel Hub Statistical API / Sentinel-5P,P1D,partial
spar_fire_2025,SPAR/BTC fire,industrial_fire,CO,mmol/m²,2025-12-30T00:00:00Z,2025-12-31T00:00:00Z,30,SI034,Savinjska,29.50309859040905,25.849496945738792,32.08763524889946,1.68249153971409,225,140,85,Sentinel Hub Statistical API / Sentinel-5P,P1D,partial
spar_fire_2025,SPAR/BTC fire,industrial_fire,CO,mmol/m²,2025-12-31T00:00:00Z,2026-01-01T00:00:00Z,31,SI034,Savinjska,31.30853162421024,25.314848870038986,34.89348664879799,2.783689335823571,225,157,68,Sentinel Hub Statistical API / Sentinel-5P,P1D,partial
spar_fire_2025,SPAR/BTC fire,industrial_fire,CO,mmol/m²,2025-12-01T00:00:00Z,2025-12-02T00:00:00Z,1,SI035,Zasavska,27.345062233507633,24.703355506062508,29.98676896095276,2.6417067274451256,45,43,2,Sentinel Hub Statistical API / Sentinel-5P,P1D,partial
spar_fire_2025,SPAR/BTC fire,industrial_fire,CO,mmol/m²,2025-12-02T00:00:00Z,2025-12-03T00:00:00Z,2,SI035,Zasavska,27.983827665448185,22.8952057659626,31.366124749183655,2.4399380293157327,45,20,25,Sentinel Hub Statistical API / Sentinel-5P,P1D,good
spar_fire_2025,SPAR/BTC fire,industrial_fire,CO,mmol/m²,2025-12-03T00:00:00Z,2025-12-04T00:00:00Z,3,SI035,Zasavska,29.480672848876566,27.604039758443832,31.360473483800888,1.4357160530209956,45,13,32,Sentinel Hub Statistical API / Sentinel-5P,P1D,good
spar_fire_2025,SPAR/BTC fire,industrial_fire,CO,mmol/m²,2025-12-04T00:00:00Z,2025-12-05T00:00:00Z,4,SI035,Zasavska,,,,,45,45,0,Sentinel Hub Statistical API / Sentinel-5P,P1D,missing
spar_fire_2025,SPAR/BTC fire,industrial_fire,CO,mmol/m²,2025-12-05T00:00:00Z,2025-12-06T00:00:00Z,5,SI035,Zasavska,34.6884191609346,31.602635979652405,36.875221878290176,1.791141629879267,45,32,13,Sentinel Hub Statistical API / Sentinel-5P,P1D,partial
spar_fire_2025,SPAR/BTC fire,industrial_fire,CO,mmol/m²,2025-12-06T00:00:00Z,2025-12-07T00:00:00Z,6,SI035,Zasavska,30.52236340366877,28.48031558096409,32.0112369954586,0.9292241959134245,45,32,13,Sentinel Hub Statistical API / Sentinel-5P,P1D,partial
spar_fire_2025,SPAR/BTC fire,industrial_fire,CO,mmol/m²,2025-12-07T00:00:00Z,2025-12-08T00:00:00Z,7,SI035,Zasavska,26.923253688783873,25.453653186559677,28.779031708836555,1.0853759189219043,45,24,21,Sentinel Hub Statistical API / Sentinel-5P,P1D,partial
spar_fire_2025,SPAR/BTC fire,industrial_fire,CO,mmol/m²,2025-12-08T00:00:00Z,2025-12-09T00:00:00Z,8,SI035,Zasavska,29.69184409206112,29.02001142501831,30.392302200198174,0.5301937504018729,45,33,12,Sentinel Hub Statistical API / Sentinel-5P,P1D,partial
spar_fire_2025,SPAR/BTC fire,industrial_fire,CO,mmol/m²,2025-12-09T00:00:00Z,2025-12-10T00:00:00Z,9,SI035,Zasavska,,,,,45,45,0,Sentinel Hub Statistical API / Sentinel-5P,P1D,missing
spar_fire_2025,SPAR/BTC fire,industrial_fire,CO,mmol/m²,2025-12-10T00:00:00Z,2025-12-11T00:00:00Z,10,SI035,Zasavska,26.54145546257496,24.118756875395775,28.781427070498466,1.7791879863235902,45,25,20,Sentinel Hub Statistical API / Sentinel-5P,P1D,partial
spar_fire_2025,SPAR/BTC fire,industrial_fire,CO,mmol/m²,2025-12-11T00:00:00Z,2025-12-12T00:00:00Z,11,SI035,Zasavska,26.38254573811655,23.055508732795715,29.83446791768074,2.161964761684984,45,22,23,Sentinel Hub Statistical API / Sentinel-5P,P1D,good
spar_fire_2025,SPAR/BTC fire,industrial_fire,CO,mmol/m²,2025-12-12T00:00:00Z,2025-12-13T00:00:00Z,12,SI035,Zasavska,,,,,45,45,0,Sentinel Hub Statistical API / Sentinel-5P,P1D,missing
spar_fire_2025,SPAR/BTC fire,industrial_fire,CO,mmol/m²,2025-12-13T00:00:00Z,2025-12-14T00:00:00Z,13,SI035,Zasavska,,,,,45,45,0,Sentinel Hub Statistical API / Sentinel-5P,P1D,missing
spar_fire_2025,SPAR/BTC fire,industrial_fire,CO,mmol/m²,2025-12-14T00:00:00Z,2025-12-15T00:00:00Z,14,SI035,Zasavska,27.38104414727007,26.480453088879585,28.260964900255203,0.7183273069073132,45,10,35,Sentinel Hub Statistical API / Sentinel-5P,P1D,good
spar_fire_2025,SPAR/BTC fire,industrial_fire,CO,mmol/m²,2025-12-15T00:00:00Z,2025-12-16T00:00:00Z,15,SI035,Zasavska,27.299666363332005,25.070613250136375,27.949273586273193,0.8509862713031973,45,27,18,Sentinel Hub Statistical API / Sentinel-5P,P1D,partial
spar_fire_2025,SPAR/BTC fire,industrial_fire,CO,mmol/m²,2025-12-16T00:00:00Z,2025-12-17T00:00:00Z,16,SI035,Zasavska,,,,,45,45,0,Sentinel Hub Statistical API / Sentinel-5P,P1D,missing
spar_fire_2025,SPAR/BTC fire,industrial_fire,CO,mmol/m²,2025-12-17T00:00:00Z,2025-12-18T00:00:00Z,17,SI035,Zasavska,30.950455474002016,26.571979746222496,37.928324192762375,2.998627638961191,45,10,35,Sentinel Hub Statistical API / Sentinel-5P,P1D,good
spar_fire_2025,SPAR/BTC fire,industrial_fire,CO,mmol/m²,2025-12-18T00:00:00Z,2025-12-19T00:00:00Z,18,SI035,Zasavska,28.38638322106723,24.069860577583313,31.02237731218338,1.5255694055191633,45,16,29,Sentinel Hub Statistical API / Sentinel-5P,P1D,good
spar_fire_2025,SPAR/BTC fire,industrial_fire,CO,mmol/m²,2025-12-19T00:00:00Z,2025-12-20T00:00:00Z,19,SI035,Zasavska,28.753393329679966,27.882836759090424,31.300343573093414,1.4710757180154534,45,37,8,Sentinel Hub Statistical API / Sentinel-5P,P1D,partial
spar_fire_2025,SPAR/BTC fire,industrial_fire,CO,mmol/m²,2025-12-20T00:00:00Z,2025-12-21T00:00:00Z,20,SI035,Zasavska,30.353996849485807,27.664868161082268,31.100604683160782,0.845367649490376,45,10,35,Sentinel Hub Statistical API / Sentinel-5P,P1D,good
spar_fire_2025,SPAR/BTC fire,industrial_fire,CO,mmol/m²,2025-12-21T00:00:00Z,2025-12-22T00:00:00Z,21,SI035,Zasavska,28.24701847774642,26.91986784338951,30.476028099656105,1.0348423218837932,45,10,35,Sentinel Hub Statistical API / Sentinel-5P,P1D,good
spar_fire_2025,SPAR/BTC fire,industrial_fire,CO,mmol/m²,2025-12-22T00:00:00Z,2025-12-23T00:00:00Z,22,SI035,Zasavska,29.398485432778084,26.66638046503067,31.078020110726357,1.0764504493408205,45,10,35,Sentinel Hub Statistical API / Sentinel-5P,P1D,good
spar_fire_2025,SPAR/BTC fire,industrial_fire,CO,mmol/m²,2025-12-23T00:00:00Z,2025-12-24T00:00:00Z,23,SI035,Zasavska,28.175403630094866,26.81802585721016,30.719663947820663,1.197935118612733,45,31,14,Sentinel Hub Statistical API / Sentinel-5P,P1D,partial
spar_fire_2025,SPAR/BTC fire,industrial_fire,CO,mmol/m²,2025-12-24T00:00:00Z,2025-12-25T00:00:00Z,24,SI035,Zasavska,28.074607396355034,23.522425442934036,33.113185316324234,3.661663046684007,45,19,26,Sentinel Hub Statistical API / Sentinel-5P,P1D,good
spar_fire_2025,SPAR/BTC fire,industrial_fire,CO,mmol/m²,2025-12-25T00:00:00Z,2025-12-26T00:00:00Z,25,SI035,Zasavska,31.35218191891908,30.272776260972023,32.43158757686615,1.0794056579470606,45,37,8,Sentinel Hub Statistical API / Sentinel-5P,P1D,partial
spar_fire_2025,SPAR/BTC fire,industrial_fire,CO,mmol/m²,2025-12-26T00:00:00Z,2025-12-27T00:00:00Z,26,SI035,Zasavska,32.22796070788588,30.55477887392044,34.17542204260826,1.0992447300750348,45,10,35,Sentinel Hub Statistical API / Sentinel-5P,P1D,good
spar_fire_2025,SPAR/BTC fire,industrial_fire,CO,mmol/m²,2025-12-27T00:00:00Z,2025-12-28T00:00:00Z,27,SI035,Zasavska,28.658317760206188,25.200387462973595,34.53526645898819,2.251124589264616,45,19,26,Sentinel Hub Statistical API / Sentinel-5P,P1D,good
spar_fire_2025,SPAR/BTC fire,industrial_fire,CO,mmol/m²,2025-12-28T00:00:00Z,2025-12-29T00:00:00Z,28,SI035,Zasavska,29.23221502985274,25.700444355607033,33.79207104444504,2.3359405285910246,45,10,35,Sentinel Hub Statistical API / Sentinel-5P,P1D,good
spar_fire_2025,SPAR/BTC fire,industrial_fire,CO,mmol/m²,2025-12-29T00:00:00Z,2025-12-30T00:00:00Z,29,SI035,Zasavska,29.763133019993177,26.40984207391739,34.230392426252365,2.649752275432344,45,26,19,Sentinel Hub Statistical API / Sentinel-5P,P1D,partial
spar_fire_2025,SPAR/BTC fire,industrial_fire,CO,mmol/m²,2025-12-30T00:00:00Z,2025-12-31T00:00:00Z,30,SI035,Zasavska,31.06568478757427,30.15454113483429,34.32585299015045,0.8463732302640397,45,24,21,Sentinel Hub Statistical API / Sentinel-5P,P1D,partial
spar_fire_2025,SPAR/BTC fire,industrial_fire,CO,mmol/m²,2025-12-31T00:00:00Z,2026-01-01T00:00:00Z,31,SI035,Zasavska,32.79637068510056,30.803289264440536,34.89348664879799,1.2526660864014114,45,20,25,Sentinel Hub Statistical API / Sentinel-5P,P1D,good
spar_fire_2025,SPAR/BTC fire,industrial_fire,CO,mmol/m²,2025-12-01T00:00:00Z,2025-12-02T00:00:00Z,1,SI036,Posavska,27.514103800058365,26.70595981180668,28.711983934044838,0.7461929954854583,78,70,8,Sentinel Hub Statistical API / Sentinel-5P,P1D,partial
spar_fire_2025,SPAR/BTC fire,industrial_fire,CO,mmol/m²,2025-12-02T00:00:00Z,2025-12-03T00:00:00Z,2,SI036,Posavska,27.93663220578118,23.382343351840973,34.69011187553406,3.1902396465846405,78,40,38,Sentinel Hub Statistical API / Sentinel-5P,P1D,partial
spar_fire_2025,SPAR/BTC fire,industrial_fire,CO,mmol/m²,2025-12-03T00:00:00Z,2025-12-04T00:00:00Z,3,SI036,Posavska,30.353401999985966,27.604039758443832,32.90483355522156,1.76519002672925,78,21,57,Sentinel Hub Statistical API / Sentinel-5P,P1D,good
spar_fire_2025,SPAR/BTC fire,industrial_fire,CO,mmol/m²,2025-12-04T00:00:00Z,2025-12-05T00:00:00Z,4,SI036,Posavska,,,,,78,78,0,Sentinel Hub Statistical API / Sentinel-5P,P1D,missing
spar_fire_2025,SPAR/BTC fire,industrial_fire,CO,mmol/m²,2025-12-05T00:00:00Z,2025-12-06T00:00:00Z,5,SI036,Posavska,36.49181127548218,36.49181127548218,36.49181127548218,0.0,78,77,1,Sentinel Hub Statistical API / Sentinel-5P,P1D,partial
spar_fire_2025,SPAR/BTC fire,industrial_fire,CO,mmol/m²,2025-12-06T00:00:00Z,2025-12-07T00:00:00Z,6,SI036,Posavska,32.62998210266232,28.919696807861328,36.302197724580765,2.0828107542477197,78,38,40,Sentinel Hub Statistical API / Sentinel-5P,P1D,good
spar_fire_2025,SPAR/BTC fire,industrial_fire,CO,mmol/m²,2025-12-07T00:00:00Z,2025-12-08T00:00:00Z,7,SI036,Posavska,28.660070783059503,24.222049862146378,31.8976491689682,2.0564693195457706,78,22,56,Sentinel Hub Statistical API / Sentinel-5P,P1D,good
spar_fire_2025,SPAR/BTC fire,industrial_fire,CO,mmol/m²,2025-12-08T00:00:00Z,2025-12-09T00:00:00Z,8,SI036,Posavska,,,,,78,78,0,Sentinel Hub Statistical API / Sentinel-5P,P1D,missing
spar_fire_2025,SPAR/BTC fire,industrial_fire,CO,mmol/m²,2025-12-09T00:00:00Z,2025-12-10T00:00:00Z,9,SI036,Posavska,34.13235582411289,32.84228965640068,34.503329545259476,0.5276457043670573,78,70,8,Sentinel Hub Statistical API / Sentinel-5P,P1D,partial
spar_fire_2025,SPAR/BTC fire,industrial_fire,CO,mmol/m²,2025-12-10T00:00:00Z,2025-12-11T00:00:00Z,10,SI036,Posavska,27.471058443188667,23.62949028611183,30.97767010331154,1.846190827968915,78,43,35,Sentinel Hub Statistical API / Sentinel-5P,P1D,partial
spar_fire_2025,SPAR/BTC fire,industrial_fire,CO,mmol/m²,2025-12-11T00:00:00Z,2025-12-12T00:00:00Z,11,SI036,Posavska,27.589851568611152,21.745292469859123,31.323730945587158,2.1993844575587786,78,25,53,Sentinel Hub Statistical API / Sentinel-5P,P1D,good
spar_fire_2025,SPAR/BTC fire,industrial_fire,CO,mmol/m²,2025-12-12T00:00:00Z,2025-12-13T00:00:00Z,12,SI036,Posavska,31.61060189207395,29.025640338659286,34.353919327259064,2.1781409020931806,78,72,6,Sentinel Hub Statistical API / Sentinel-5P,P1D,partial
spar_fire_2025,SPAR/BTC fire,industrial_fire,CO,mmol/m²,2025-12-13T00:00:00Z,2025-12-14T00:00:00Z,13,SI036,Posavska,30.126412864774466,26.787996292114258,31.94519877433777,2.1623548448780983,78,70,8,Sentinel Hub Statistical API / Sentinel-5P,P1D,partial
spar_fire_2025,SPAR/BTC fire,industrial_fire,CO,mmol/m²,2025-12-14T00:00:00Z,2025-12-15T00:00:00Z,14,SI036,Posavska,28.343394679843257,26.480453088879585,30.553318560123444,1.4872316928480365,78,25,53,Sentinel Hub Statistical API / Sentinel-5P,P1D,good
spar_fire_2025,SPAR/BTC fire,industrial_fire,CO,mmol/m²,2025-12-15T00:00:00Z,2025-12-16T00:00:00Z,15,SI036,Posavska,27.36856258016521,24.676822125911713,28.835050761699677,1.1879004310864938,78,19,59,Sentinel Hub Statistical API / Sentinel-5P,P1D,good
spar_fire_2025,SPAR/BTC fire,industrial_fire,CO,mmol/m²,2025-12-16T00:00:00Z,2025-12-17T00:00:00Z,16,SI036,Posavska,,,,,78,78,0,Sentinel Hub Statistical API / Sentinel-5P,P1D,missing
spar_fire_2025,SPAR/BTC fire,industrial_fire,CO,mmol/m²,2025-12-17T00:00:00Z,2025-12-18T00:00:00Z,17,SI036,Posavska,32.90573381266352,27.642810717225075,36.61093860864639,1.9416894436892413,78,19,59,Sentinel Hub Statistical API / Sentinel-5P,P1D,good
spar_fire_2025,SPAR/BTC fire,industrial_fire,CO,mmol/m²,2025-12-18T00:00:00Z,2025-12-19T00:00:00Z,18,SI036,Posavska,30.875607890387382,22.4794689565897,36.25205531716347,2.8780342738474967,78,48,30,Sentinel Hub Statistical API / Sentinel-5P,P1D,partial
spar_fire_2025,SPAR/BTC fire,industrial_fire,CO,mmol/m²,2025-12-19T00:00:00Z,2025-12-20T00:00:00Z,19,SI036,Posavska,30.321422834382496,28.70837040245533,31.355246901512146,0.813329227140779,78,35,43,Sentinel Hub Statistical API / Sentinel-5P,P1D,good
spar_fire_2025,SPAR/BTC fire,industrial_fire,CO,mmol/m²,2025-12-20T00:00:00Z,2025-12-21T00:00:00Z,20,SI036,Posavska,30.24922368132462,26.471924036741257,32.94038027524948,1.8126248838844103,78,19,59,Sentinel Hub Statistical API / Sentinel-5P,P1D,good
spar_fire_2025,SPAR/BTC fire,industrial_fire,CO,mmol/m²,2025-12-21T00:00:00Z,2025-12-22T00:00:00Z,21,SI036,Posavska,29.41037585043301,26.36871673166752,31.9163016974926,1.4329894019807599,78,19,59,Sentinel Hub Statistical API / Sentinel-5P,P1D,good
spar_fire_2025,SPAR/BTC fire,industrial_fire,CO,mmol/m²,2025-12-22T00:00:00Z,2025-12-23T00:00:00Z,22,SI036,Posavska,31.93889791935178,28.27581763267517,36.03000566363335,2.0048093899240613,78,19,59,Sentinel Hub Statistical API / Sentinel-5P,P1D,good
spar_fire_2025,SPAR/BTC fire,industrial_fire,CO,mmol/m²,2025-12-23T00:00:00Z,2025-12-24T00:00:00Z,23,SI036,Posavska,30.75344322456254,28.93170155584812,32.12065249681473,0.9080095120492871,78,69,9,Sentinel Hub Statistical API / Sentinel-5P,P1D,partial
spar_fire_2025,SPAR/BTC fire,industrial_fire,CO,mmol/m²,2025-12-24T00:00:00Z,2025-12-25T00:00:00Z,24,SI036,Posavska,30.69191728718579,23.522425442934036,35.69730743765831,4.278154719655366,78,62,16,Sentinel Hub Statistical API / Sentinel-5P,P1D,partial
spar_fire_2025,SPAR/BTC fire,industrial_fire,CO,mmol/m²,2025-12-25T00:00:00Z,2025-12-26T00:00:00Z,25,SI036,Posavska,32.03271009027957,29.74393032491207,35.080961883068085,2.0100629526213876,78,53,25,Sentinel Hub Statistical API / Sentinel-5P,P1D,partial
spar_fire_2025,SPAR/BTC fire,industrial_fire,CO,mmol/m²,2025-12-26T00:00:00Z,2025-12-27T00:00:00Z,26,SI036,Posavska,31.92826180513632,28.859620913863182,34.791331738233566,1.5929198494634704,78,19,59,Sentinel Hub Statistical API / Sentinel-5P,P1D,good
spar_fire_2025,SPAR/BTC fire,industrial_fire,CO,mmol/m²,2025-12-27T00:00:00Z,2025-12-28T00:00:00Z,27,SI036,Posavska,29.29828201600334,23.228397592902184,33.46388414502144,2.252118939316341,78,21,57,Sentinel Hub Statistical API / Sentinel-5P,P1D,good
spar_fire_2025,SPAR/BTC fire,industrial_fire,CO,mmol/m²,2025-12-28T00:00:00Z,2025-12-29T00:00:00Z,28,SI036,Posavska,34.900783002376556,30.84360435605049,38.00413757562637,2.002865659202835,78,23,55,Sentinel Hub Statistical API / Sentinel-5P,P1D,good
spar_fire_2025,SPAR/BTC fire,industrial_fire,CO,mmol/m²,2025-12-29T00:00:00Z,2025-12-30T00:00:00Z,29,SI036,Posavska,28.821436954396113,26.318838819861412,34.80337932705879,1.6535193075120054,78,29,49,Sentinel Hub Statistical API / Sentinel-5P,P1D,good
spar_fire_2025,SPAR/BTC fire,industrial_fire,CO,mmol/m²,2025-12-30T00:00:00Z,2025-12-31T00:00:00Z,30,SI036,Posavska,32.31890334023371,30.343540012836456,33.77122059464455,1.0378493944386293,78,33,45,Sentinel Hub Statistical API / Sentinel-5P,P1D,good
spar_fire_2025,SPAR/BTC fire,industrial_fire,CO,mmol/m²,2025-12-31T00:00:00Z,2026-01-01T00:00:00Z,31,SI036,Posavska,32.60949786220279,29.433051124215126,33.919770270586014,1.3433253711746056,78,50,28,Sentinel Hub Statistical API / Sentinel-5P,P1D,partial
spar_fire_2025,SPAR/BTC fire,industrial_fire,CO,mmol/m²,2025-12-01T00:00:00Z,2025-12-02T00:00:00Z,1,SI037,Jugovzhodna Slovenija,25.385572805558095,19.14333552122116,32.174285501241684,3.133221949109001,204,103,101,Sentinel Hub Statistical API / Sentinel-5P,P1D,partial
spar_fire_2025,SPAR/BTC fire,industrial_fire,CO,mmol/m²,2025-12-02T00:00:00Z,2025-12-03T00:00:00Z,2,SI037,Jugovzhodna Slovenija,27.273259375111333,22.230664268136024,32.62683376669884,2.6071818359487273,204,92,112,Sentinel Hub Statistical API / Sentinel-5P,P1D,good
spar_fire_2025,SPAR/BTC fire,industrial_fire,CO,mmol/m²,2025-12-03T00:00:00Z,2025-12-04T00:00:00Z,3,SI037,Jugovzhodna Slovenija,29.03333567388234,25.609176605939865,31.668178737163544,1.0840916057382526,204,82,122,Sentinel Hub Statistical API / Sentinel-5P,P1D,good
spar_fire_2025,SPAR/BTC fire,industrial_fire,CO,mmol/m²,2025-12-04T00:00:00Z,2025-12-05T00:00:00Z,4,SI037,Jugovzhodna Slovenija,,,,,204,204,0,Sentinel Hub Statistical API / Sentinel-5P,P1D,missing
spar_fire_2025,SPAR/BTC fire,industrial_fire,CO,mmol/m²,2025-12-05T00:00:00Z,2025-12-06T00:00:00Z,5,SI037,Jugovzhodna Slovenija,32.043534139656046,26.5771746635437,37.62779384851456,3.0513071280877595,204,131,73,Sentinel Hub Statistical API / Sentinel-5P,P1D,partial
spar_fire_2025,SPAR/BTC fire,industrial_fire,CO,mmol/m²,2025-12-06T00:00:00Z,2025-12-07T00:00:00Z,6,SI037,Jugovzhodna Slovenija,30.860989585076222,27.42168866097927,35.28456389904022,1.8841246657685555,204,103,101,Sentinel Hub Statistical API / Sentinel-5P,P1D,partial
spar_fire_2025,SPAR/BTC fire,industrial_fire,CO,mmol/m²,2025-12-07T00:00:00Z,2025-12-08T00:00:00Z,7,SI037,Jugovzhodna Slovenija,26.547689543804157,23.313840851187706,31.165510416030884,1.8084407466298102,204,76,128,Sentinel Hub Statistical API / Sentinel-5P,P1D,good
spar_fire_2025,SPAR/BTC fire,industrial_fire,CO,mmol/m²,2025-12-08T00:00:00Z,2025-12-09T00:00:00Z,8,SI037,Jugovzhodna Slovenija,28.161365469848665,26.058221235871315,31.162770465016365,1.2943175291894655,204,150,54,Sentinel Hub Statistical API / Sentinel-5P,P1D,partial
spar_fire_2025,SPAR/BTC fire,industrial_fire,CO,mmol/m²,2025-12-09T00:00:00Z,2025-12-10T00:00:00Z,9,SI037,Jugovzhodna Slovenija,27.30433326214552,26.074619963765144,28.357507660984993,1.0088018085935937,204,194,10,Sentinel Hub Statistical API / Sentinel-5P,P1D,partial
spar_fire_2025,SPAR/BTC fire,industrial_fire,CO,mmol/m²,2025-12-10T00:00:00Z,2025-12-11T00:00:00Z,10,SI037,Jugovzhodna Slovenija,26.68419315346649,23.82541447877884,28.59870344400406,1.319100572404147,204,134,70,Sentinel Hub Statistical API / Sentinel-5P,P1D,partial
spar_fire_2025,SPAR/BTC fire,industrial_fire,CO,mmol/m²,2025-12-11T00:00:00Z,2025-12-12T00:00:00Z,11,SI037,Jugovzhodna Slovenija,26.72424767275943,23.055508732795715,32.248951494693756,2.2752982358122975,204,68,136,Sentinel Hub Statistical API / Sentinel-5P,P1D,good
spar_fire_2025,SPAR/BTC fire,industrial_fire,CO,mmol/m²,2025-12-12T00:00:00Z,2025-12-13T00:00:00Z,12,SI037,Jugovzhodna Slovenija,25.244294730729834,20.118702203035355,34.353919327259064,2.3100932126304112,204,161,43,Sentinel Hub Statistical API / Sentinel-5P,P1D,partial
spar_fire_2025,SPAR/BTC fire,industrial_fire,CO,mmol/m²,2025-12-13T00:00:00Z,2025-12-14T00:00:00Z,13,SI037,Jugovzhodna Slovenija,,,,,204,204,0,Sentinel Hub Statistical API / Sentinel-5P,P1D,missing
spar_fire_2025,SPAR/BTC fire,industrial_fire,CO,mmol/m²,2025-12-14T00:00:00Z,2025-12-15T00:00:00Z,14,SI037,Jugovzhodna Slovenija,26.21454184270459,23.842105641961098,27.54897251725197,1.006808400543992,204,53,151,Sentinel Hub Statistical API / Sentinel-5P,P1D,good
spar_fire_2025,SPAR/BTC fire,industrial_fire,CO,mmol/m²,2025-12-15T00:00:00Z,2025-12-16T00:00:00Z,15,SI037,Jugovzhodna Slovenija,27.286021244220844,23.04031513631344,30.659405514597893,2.0114401012861998,204,77,127,Sentinel Hub Statistical API / Sentinel-5P,P1D,good
spar_fire_2025,SPAR/BTC fire,industrial_fire,CO,mmol/m²,2025-12-16T00:00:00Z,2025-12-17T00:00:00Z,16,SI037,Jugovzhodna Slovenija,,,,,204,204,0,Sentinel Hub Statistical API / Sentinel-5P,P1D,missing
spar_fire_2025,SPAR/BTC fire,industrial_fire,CO,mmol/m²,2025-12-17T00:00:00Z,2025-12-18T00:00:00Z,17,SI037,Jugovzhodna Slovenija,30.912841619415712,23.471442982554436,38.59506547451019,3.0647713941511876,204,94,110,Sentinel Hub Statistical API / Sentinel-5P,P1D,good
spar_fire_2025,SPAR/BTC fire,industrial_fire,CO,mmol/m²,2025-12-18T00:00:00Z,2025-12-19T00:00:00Z,18,SI037,Jugovzhodna Slovenija,27.62566630364111,23.971566930413246,32.79723972082138,2.3095168761051736,204,112,92,Sentinel Hub Statistical API / Sentinel-5P,P1D,partial
spar_fire_2025,SPAR/BTC fire,industrial_fire,CO,mmol/m²,2025-12-19T00:00:00Z,2025-12-20T00:00:00Z,19,SI037,Jugovzhodna Slovenija,27.210134274519238,23.571765050292015,31.25530481338501,1.621874447150737,204,93,111,Sentinel Hub Statistical API / Sentinel-5P,P1D,good
spar_fire_2025,SPAR/BTC fire,industrial_fire,CO,mmol/m²,2025-12-20T00:00:00Z,2025-12-21T00:00:00Z,20,SI037,Jugovzhodna Slovenija,30.256021598523315,27.853231877088547,32.70512446761131,1.2419270464631553,204,83,121,Sentinel Hub Statistical API / Sentinel-5P,P1D,good
spar_fire_2025,SPAR/BTC fire,industrial_fire,CO,mmol/m²,2025-12-21T00:00:00Z,2025-12-22T00:00:00Z,21,SI037,Jugovzhodna Slovenija,29.110228359107143,25.69327875971794,32.73533284664154,1.5298542452649688,204,53,151,Sentinel Hub Statistical API / Sentinel-5P,P1D,good
spar_fire_2025,SPAR/BTC fire,industrial_fire,CO,mmol/m²,2025-12-22T00:00:00Z,2025-12-23T00:00:00Z,22,SI037,Jugovzhodna Slovenija,29.673842565212038,25.304606184363365,34.901026636362076,2.019689631819627,204,53,151,Sentinel Hub Statistical API / Sentinel-5P,P1D,good
spar_fire_2025,SPAR/BTC fire,industrial_fire,CO,mmol/m²,2025-12-23T00:00:00Z,2025-12-24T00:00:00Z,23,SI037,Jugovzhodna Slovenija,28.546231931873727,26.81802585721016,30.693871900439262,1.145405411832833,204,190,14,Sentinel Hub Statistical API / Sentinel-5P,P1D,partial
spar_fire_2025,SPAR/BTC fire,industrial_fire,CO,mmol/m²,2025-12-24T00:00:00Z,2025-12-25T00:00:00Z,24,SI037,Jugovzhodna Slovenija,29.252074658870704,21.92731946706772,35.69730743765831,4.028273130577457,204,155,49,Sentinel Hub Statistical API / Sentinel-5P,P1D,partial
spar_fire_2025,SPAR/BTC fire,industrial_fire,CO,mmol/m²,2025-12-25T00:00:00Z,2025-12-26T00:00:00Z,25,SI037,Jugovzhodna Slovenija,31.89472919182172,30.272776260972023,33.6843840777874,0.9148384533601703,204,141,63,Sentinel Hub Statistical API / Sentinel-5P,P1D,partial
spar_fire_2025,SPAR/BTC fire,industrial_fire,CO,mmol/m²,2025-12-26T00:00:00Z,2025-12-27T00:00:00Z,26,SI037,Jugovzhodna Slovenija,31.362907060526844,26.888668537139893,35.236138850450516,1.803290650248957,204,53,151,Sentinel Hub Statistical API / Sentinel-5P,P1D,good
spar_fire_2025,SPAR/BTC fire,industrial_fire,CO,mmol/m²,2025-12-27T00:00:00Z,2025-12-28T00:00:00Z,27,SI037,Jugovzhodna Slovenija,29.078882926749802,22.83487282693386,34.836120903491974,2.531095217772706,204,78,126,Sentinel Hub Statistical API / Sentinel-5P,P1D,good
spar_fire_2025,SPAR/BTC fire,industrial_fire,CO,mmol/m²,2025-12-28T00:00:00Z,2025-12-29T00:00:00Z,28,SI037,Jugovzhodna Slovenija,31.321938130092793,26.269160211086273,36.95974871516228,2.2329051801672906,204,61,143,Sentinel Hub Statistical API / Sentinel-5P,P1D,good
spar_fire_2025,SPAR/BTC fire,industrial_fire,CO,mmol/m²,2025-12-29T00:00:00Z,2025-12-30T00:00:00Z,29,SI037,Jugovzhodna Slovenija,30.19844034626599,26.824329048395157,34.50531139969826,2.269345553843087,204,142,62,Sentinel Hub Statistical API / Sentinel-5P,P1D,partial
spar_fire_2025,SPAR/BTC fire,industrial_fire,CO,mmol/m²,2025-12-30T00:00:00Z,2025-12-31T00:00:00Z,30,SI037,Jugovzhodna Slovenija,31.24291558974775,27.347613126039505,35.629142075777054,1.579377979958223,204,88,116,Sentinel Hub Statistical API / Sentinel-5P,P1D,good
spar_fire_2025,SPAR/BTC fire,industrial_fire,CO,mmol/m²,2025-12-31T00:00:00Z,2026-01-01T00:00:00Z,31,SI037,Jugovzhodna Slovenija,31.36365176463613,25.689108297228813,35.95113754272461,2.2745012023545117,204,106,98,Sentinel Hub Statistical API / Sentinel-5P,P1D,partial
spar_fire_2025,SPAR/BTC fire,industrial_fire,CO,mmol/m²,2025-12-01T00:00:00Z,2025-12-02T00:00:00Z,1,SI038,Primorsko-notranjska,25.20716729779522,20.314255729317665,30.52191622555256,2.3297288456055556,88,11,77,Sentinel Hub Statistical API / Sentinel-5P,P1D,good
spar_fire_2025,SPAR/BTC fire,industrial_fire,CO,mmol/m²,2025-12-02T00:00:00Z,2025-12-03T00:00:00Z,2,SI038,Primorsko-notranjska,26.47603101407488,21.114392206072807,31.006891280412674,2.6964912647867583,88,40,48,Sentinel Hub Statistical API / Sentinel-5P,P1D,good
spar_fire_2025,SPAR/BTC fire,industrial_fire,CO,mmol/m²,2025-12-03T00:00:00Z,2025-12-04T00:00:00Z,3,SI038,Primorsko-notranjska,26.76498314449147,23.938536643981934,28.811179101467133,1.271869540580728,88,21,67,Sentinel Hub Statistical API / Sentinel-5P,P1D,good
spar_fire_2025,SPAR/BTC fire,industrial_fire,CO,mmol/m²,2025-12-04T00:00:00Z,2025-12-05T00:00:00Z,4,SI038,Primorsko-notranjska,,,,,88,88,0,Sentinel Hub Statistical API / Sentinel-5P,P1D,missing
spar_fire_2025,SPAR/BTC fire,industrial_fire,CO,mmol/m²,2025-12-05T00:00:00Z,2025-12-06T00:00:00Z,5,SI038,Primorsko-notranjska,28.973077811921637,24.40330572426319,32.44795650243759,2.4266109322351745,88,64,24,Sentinel Hub Statistical API / Sentinel-5P,P1D,partial
spar_fire_2025,SPAR/BTC fire,industrial_fire,CO,mmol/m²,2025-12-06T00:00:00Z,2025-12-07T00:00:00Z,6,SI038,Primorsko-notranjska,31.401459127664566,31.401459127664566,31.401459127664566,0.0,88,87,1,Sentinel Hub Statistical API / Sentinel-5P,P1D,partial
spar_fire_2025,SPAR/BTC fire,industrial_fire,CO,mmol/m²,2025-12-07T00:00:00Z,2025-12-08T00:00:00Z,7,SI038,Primorsko-notranjska,24.887403369777733,23.014845326542854,27.751807123422623,1.3846690191844453,88,70,18,Sentinel Hub Statistical API / Sentinel-5P,P1D,partial
spar_fire_2025,SPAR/BTC fire,industrial_fire,CO,mmol/m²,2025-12-08T00:00:00Z,2025-12-09T00:00:00Z,8,SI038,Primorsko-notranjska,29.250733652397205,26.927268132567406,31.135428696870804,1.0861334758540424,88,31,57,Sentinel Hub Statistical API / Sentinel-5P,P1D,good
spar_fire_2025,SPAR/BTC fire,industrial_fire,CO,mmol/m²,2025-12-09T00:00:00Z,2025-12-10T00:00:00Z,9,SI038,Primorsko-notranjska,24.789100926783345,22.9440126568079,28.11630256474018,2.1722342181914245,88,79,9,Sentinel Hub Statistical API / Sentinel-5P,P1D,partial
spar_fire_2025,SPAR/BTC fire,industrial_fire,CO,mmol/m²,2025-12-10T00:00:00Z,2025-12-11T00:00:00Z,10,SI038,Primorsko-notranjska,27.74392633952878,22.64128252863884,29.902804642915726,1.959257585779877,88,33,55,Sentinel Hub Statistical API / Sentinel-5P,P1D,good
spar_fire_2025,SPAR/BTC fire,industrial_fire,CO,mmol/m²,2025-12-11T00:00:00Z,2025-12-12T00:00:00Z,11,SI038,Primorsko-notranjska,26.13837609730535,21.48786373436451,31.59772977232933,2.9762301868642016,88,29,59,Sentinel Hub Statistical API / Sentinel-5P,P1D,good
spar_fire_2025,SPAR/BTC fire,industrial_fire,CO,mmol/m²,2025-12-12T00:00:00Z,2025-12-13T00:00:00Z,12,SI038,Primorsko-notranjska,25.92904446646571,22.773778066039085,29.286134988069534,2.4778294679408166,88,80,8,Sentinel Hub Statistical API / Sentinel-5P,P1D,partial
spar_fire_2025,SPAR/BTC fire,industrial_fire,CO,mmol/m²,2025-12-13T00:00:00Z,2025-12-14T00:00:00Z,13,SI038,Primorsko-notranjska,26.281028985977173,26.00729838013649,26.554759591817856,0.273730605840683,88,86,2,Sentinel Hub Statistical API / Sentinel-5P,P1D,partial
spar_fire_2025,SPAR/BTC fire,industrial_fire,CO,mmol/m²,2025-12-14T00:00:00Z,2025-12-15T00:00:00Z,14,SI038,Primorsko-notranjska,28.916382815602216,23.842105641961098,31.284481287002563,2.219893565292106,88,45,43,Sentinel Hub Statistical API / Sentinel-5P,P1D,partial
spar_fire_2025,SPAR/BTC fire,industrial_fire,CO,mmol/m²,2025-12-15T00:00:00Z,2025-12-16T00:00:00Z,15,SI038,Primorsko-notranjska,25.58144027940355,22.69435115158558,28.366021811962128,1.5062614041101476,88,36,52,Sentinel Hub Statistical API / Sentinel-5P,P1D,good
spar_fire_2025,SPAR/BTC fire,industrial_fire,CO,mmol/m²,2025-12-16T00:00:00Z,2025-12-17T00:00:00Z,16,SI038,Primorsko-notranjska,,,,,88,88,0,Sentinel Hub Statistical API / Sentinel-5P,P1D,missing
spar_fire_2025,SPAR/BTC fire,industrial_fire,CO,mmol/m²,2025-12-17T00:00:00Z,2025-12-18T00:00:00Z,17,SI038,Primorsko-notranjska,28.75586059586755,23.764347657561302,34.41918268799782,2.8151096642682325,88,59,29,Sentinel Hub Statistical API / Sentinel-5P,P1D,partial
spar_fire_2025,SPAR/BTC fire,industrial_fire,CO,mmol/m²,2025-12-18T00:00:00Z,2025-12-19T00:00:00Z,18,SI038,Primorsko-notranjska,27.576228155742708,23.17449450492859,33.351484686136246,2.43768418062545,88,9,79,Sentinel Hub Statistical API / Sentinel-5P,P1D,good
spar_fire_2025,SPAR/BTC fire,industrial_fire,CO,mmol/m²,2025-12-19T00:00:00Z,2025-12-20T00:00:00Z,19,SI038,Primorsko-notranjska,25.546199693861936,23.571765050292015,27.298051863908768,1.308115810522802,88,16,72,Sentinel Hub Statistical API / Sentinel-5P,P1D,good
spar_fire_2025,SPAR/BTC fire,industrial_fire,CO,mmol/m²,2025-12-20T00:00:00Z,2025-12-21T00:00:00Z,20,SI038,Primorsko-notranjska,29.317656751064693,28.31188030540943,31.030166894197464,0.8697140631860373,88,54,34,Sentinel Hub Statistical API / Sentinel-5P,P1D,partial
spar_fire_2025,SPAR/BTC fire,industrial_fire,CO,mmol/m²,2025-12-21T00:00:00Z,2025-12-22T00:00:00Z,21,SI038,Primorsko-notranjska,27.554944378592204,24.097900837659836,30.096985399723053,1.4821766267110474,88,29,59,Sentinel Hub Statistical API / Sentinel-5P,P1D,good
spar_fire_2025,SPAR/BTC fire,industrial_fire,CO,mmol/m²,2025-12-22T00:00:00Z,2025-12-23T00:00:00Z,22,SI038,Primorsko-notranjska,28.68839324419869,25.425191968679428,33.58908370137215,2.0919283508248796,88,30,58,Sentinel Hub Statistical API / Sentinel-5P,P1D,good
spar_fire_2025,SPAR/BTC fire,industrial_fire,CO,mmol/m²,2025-12-23T00:00:00Z,2025-12-24T00:00:00Z,23,SI038,Primorsko-notranjska,,,,,88,88,0,Sentinel Hub Statistical API / Sentinel-5P,P1D,missing
spar_fire_2025,SPAR/BTC fire,industrial_fire,CO,mmol/m²,2025-12-24T00:00:00Z,2025-12-25T00:00:00Z,24,SI038,Primorsko-notranjska,,,,,88,88,0,Sentinel Hub Statistical API / Sentinel-5P,P1D,missing
spar_fire_2025,SPAR/BTC fire,industrial_fire,CO,mmol/m²,2025-12-25T00:00:00Z,2025-12-26T00:00:00Z,25,SI038,Primorsko-notranjska,30.45810685542069,28.186652809381485,32.560378313064575,1.3803459908952707,88,50,38,Sentinel Hub Statistical API / Sentinel-5P,P1D,partial
spar_fire_2025,SPAR/BTC fire,industrial_fire,CO,mmol/m²,2025-12-26T00:00:00Z,2025-12-27T00:00:00Z,26,SI038,Primorsko-notranjska,31.897459075682693,27.996182441711426,34.55805033445358,1.648432757570963,88,16,72,Sentinel Hub Statistical API / Sentinel-5P,P1D,good
spar_fire_2025,SPAR/BTC fire,industrial_fire,CO,mmol/m²,2025-12-27T00:00:00Z,2025-12-28T00:00:00Z,27,SI038,Primorsko-notranjska,29.523479947170543,23.079991340637207,34.813396632671356,2.3036233444973546,88,45,43,Sentinel Hub Statistical API / Sentinel-5P,P1D,partial
spar_fire_2025,SPAR/BTC fire,industrial_fire,CO,mmol/m²,2025-12-28T00:00:00Z,2025-12-29T00:00:00Z,28,SI038,Primorsko-notranjska,31.429467027386025,26.114054024219513,39.12041708827019,2.521186405653241,88,13,75,Sentinel Hub Statistical API / Sentinel-5P,P1D,good
spar_fire_2025,SPAR/BTC fire,industrial_fire,CO,mmol/m²,2025-12-29T00:00:00Z,2025-12-30T00:00:00Z,29,SI038,Primorsko-notranjska,27.878066152334206,24.431785568594933,30.4842758923769,2.0081076967080778,88,73,15,Sentinel Hub Statistical API / Sentinel-5P,P1D,partial
spar_fire_2025,SPAR/BTC fire,industrial_fire,CO,mmol/m²,2025-12-30T00:00:00Z,2025-12-31T00:00:00Z,30,SI038,Primorsko-notranjska,33.38610320802657,29.306693002581596,34.445859491825104,1.2443260292454204,88,57,31,Sentinel Hub Statistical API / Sentinel-5P,P1D,partial
spar_fire_2025,SPAR/BTC fire,industrial_fire,CO,mmol/m²,2025-12-31T00:00:00Z,2026-01-01T00:00:00Z,31,SI038,Primorsko-notranjska,29.871990728490758,27.02775038778782,34.07788276672363,1.7354763045012815,88,35,53,Sentinel Hub Statistical API / Sentinel-5P,P1D,good
spar_fire_2025,SPAR/BTC fire,industrial_fire,CO,mmol/m²,2025-12-01T00:00:00Z,2025-12-02T00:00:00Z,1,SI041,Osrednjeslovenska,25.600012112408884,20.74356935918331,29.98676896095276,2.385528780018566,221,141,80,Sentinel Hub Statistical API / Sentinel-5P,P1D,partial
spar_fire_2025,SPAR/BTC fire,industrial_fire,CO,mmol/m²,2025-12-02T00:00:00Z,2025-12-03T00:00:00Z,2,SI041,Osrednjeslovenska,26.646575031918484,19.301163032650948,30.704516917467117,2.655472366812899,221,93,128,Sentinel Hub Statistical API / Sentinel-5P,P1D,good
spar_fire_2025,SPAR/BTC fire,industrial_fire,CO,mmol/m²,2025-12-03T00:00:00Z,2025-12-04T00:00:00Z,3,SI041,Osrednjeslovenska,29.15343065457098,25.44102445244789,31.668178737163544,1.5853434512630737,221,76,145,Sentinel Hub Statistical API / Sentinel-5P,P1D,good
spar_fire_2025,SPAR/BTC fire,industrial_fire,CO,mmol/m²,2025-12-04T00:00:00Z,2025-12-05T00:00:00Z,4,SI041,Osrednjeslovenska,,,,,221,221,0,Sentinel Hub Statistical API / Sentinel-5P,P1D,missing
spar_fire_2025,SPAR/BTC fire,industrial_fire,CO,mmol/m²,2025-12-05T00:00:00Z,2025-12-06T00:00:00Z,5,SI041,Osrednjeslovenska,34.064802842644546,25.51341988146305,36.875221878290176,2.273699591527375,221,130,91,Sentinel Hub Statistical API / Sentinel-5P,P1D,partial
spar_fire_2025,SPAR/BTC fire,industrial_fire,CO,mmol/m²,2025-12-06T00:00:00Z,2025-12-07T00:00:00Z,6,SI041,Osrednjeslovenska,29.973257167471782,27.071084827184677,33.591754734516144,1.828357290009835,221,176,45,Sentinel Hub Statistical API / Sentinel-5P,P1D,partial
spar_fire_2025,SPAR/BTC fire,industrial_fire,CO,mmol/m²,2025-12-07T00:00:00Z,2025-12-08T00:00:00Z,7,SI041,Osrednjeslovenska,27.244388862796455,21.846439689397812,30.452236533164978,1.7071340532431631,221,106,115,Sentinel Hub Statistical API / Sentinel-5P,P1D,good
spar_fire_2025,SPAR/BTC fire,industrial_fire,CO,mmol/m²,2025-12-08T00:00:00Z,2025-12-09T00:00:00Z,8,SI041,Osrednjeslovenska,30.22204278363981,26.924237608909607,32.29707106947899,1.1941387504034104,221,90,131,Sentinel Hub Statistical API / Sentinel-5P,P1D,good
spar_fire_2025,SPAR/BTC fire,industrial_fire,CO,mmol/m²,2025-12-09T00:00:00Z,2025-12-10T00:00:00Z,9,SI041,Osrednjeslovenska,30.35267299794136,25.878313928842545,33.156510442495346,2.1197426690160373,221,174,47,Sentinel Hub Statistical API / Sentinel-5P,P1D,partial
spar_fire_2025,SPAR/BTC fire,industrial_fire,CO,mmol/m²,2025-12-10T00:00:00Z,2025-12-11T00:00:00Z,10,SI041,Osrednjeslovenska,28.309237849604976,22.880472242832184,32.854121178388596,2.4356556181959155,221,110,111,Sentinel Hub Statistical API / Sentinel-5P,P1D,good
spar_fire_2025,SPAR/BTC fire,industrial_fire,CO,mmol/m²,2025-12-11T00:00:00Z,2025-12-12T00:00:00Z,11,SI041,Osrednjeslovenska,26.48624920703728,22.060738876461983,28.61543372273445,1.6119538058589227,221,105,116,Sentinel Hub Statistical API / Sentinel-5P,P1D,good
spar_fire_2025,SPAR/BTC fire,industrial_fire,CO,mmol/m²,2025-12-12T00:00:00Z,2025-12-13T00:00:00Z,12,SI041,Osrednjeslovenska,29.406420045321994,25.50945244729519,32.6702706515789,1.6873362081954228,221,190,31,Sentinel Hub Statistical API / Sentinel-5P,P1D,partial
spar_fire_2025,SPAR/BTC fire,industrial_fire,CO,mmol/m²,2025-12-13T00:00:00Z,2025-12-14T00:00:00Z,13,SI041,Osrednjeslovenska,27.13971771299839,26.964612305164337,27.314823120832443,0.17510540783405332,221,215,6,Sentinel Hub Statistical API / Sentinel-5P,P1D,partial
spar_fire_2025,SPAR/BTC fire,industrial_fire,CO,mmol/m²,2025-12-14T00:00:00Z,2025-12-15T00:00:00Z,14,SI041,Osrednjeslovenska,26.513749934572115,22.322217002511024,28.694933280348778,1.3702082985267376,221,82,139,Sentinel Hub Statistical API / Sentinel-5P,P1D,good
spar_fire_2025,SPAR/BTC fire,industrial_fire,CO,mmol/m²,2025-12-15T00:00:00Z,2025-12-16T00:00:00Z,15,SI041,Osrednjeslovenska,26.639613287366988,21.15202508866787,30.720161274075508,2.44632289604991,221,90,131,Sentinel Hub Statistical API / Sentinel-5P,P1D,good
spar_fire_2025,SPAR/BTC fire,industrial_fire,CO,mmol/m²,2025-12-16T00:00:00Z,2025-12-17T00:00:00Z,16,SI041,Osrednjeslovenska,,,,,221,221,0,Sentinel Hub Statistical API / Sentinel-5P,P1D,missing
spar_fire_2025,SPAR/BTC fire,industrial_fire,CO,mmol/m²,2025-12-17T00:00:00Z,2025-12-18T00:00:00Z,17,SI041,Osrednjeslovenska,29.104085611318478,24.34529736638069,33.82877632975578,2.2595373833698793,221,154,67,Sentinel Hub Statistical API / Sentinel-5P,P1D,partial
spar_fire_2025,SPAR/BTC fire,industrial_fire,CO,mmol/m²,2025-12-18T00:00:00Z,2025-12-19T00:00:00Z,18,SI041,Osrednjeslovenska,27.61559845345428,20.318761467933655,32.248709350824356,2.475783379563788,221,92,129,Sentinel Hub Statistical API / Sentinel-5P,P1D,good
spar_fire_2025,SPAR/BTC fire,industrial_fire,CO,mmol/m²,2025-12-19T00:00:00Z,2025-12-20T00:00:00Z,19,SI041,Osrednjeslovenska,27.830281894500953,24.99227598309517,31.300343573093414,1.75700841736345,221,148,73,Sentinel Hub Statistical API / Sentinel-5P,P1D,partial
spar_fire_2025,SPAR/BTC fire,industrial_fire,CO,mmol/m²,2025-12-20T00:00:00Z,2025-12-21T00:00:00Z,20,SI041,Osrednjeslovenska,30.159060426411173,27.27051079273224,33.892784267663956,1.4986485685583109,221,116,105,Sentinel Hub Statistical API / Sentinel-5P,P1D,partial
spar_fire_2025,SPAR/BTC fire,industrial_fire,CO,mmol/m²,2025-12-21T00:00:00Z,2025-12-22T00:00:00Z,21,SI041,Osrednjeslovenska,28.821836036395247,24.772966280579567,30.790582299232483,1.323731328825374,221,98,123,Sentinel Hub Statistical API / Sentinel-5P,P1D,good
spar_fire_2025,SPAR/BTC fire,industrial_fire,CO,mmol/m²,2025-12-22T00:00:00Z,2025-12-23T00:00:00Z,22,SI041,Osrednjeslovenska,29.2500386517631,25.019709020853043,33.07448327541351,1.7270497365464543,221,84,137,Sentinel Hub Statistical API / Sentinel-5P,P1D,good
spar_fire_2025,SPAR/BTC fire,industrial_fire,CO,mmol/m²,2025-12-23T00:00:00Z,2025-12-24T00:00:00Z,23,SI041,Osrednjeslovenska,29.66654347255826,26.05087123811245,32.30712190270424,2.5531140181509757,221,209,12,Sentinel Hub Statistical API / Sentinel-5P,P1D,partial
spar_fire_2025,SPAR/BTC fire,industrial_fire,CO,mmol/m²,2025-12-24T00:00:00Z,2025-12-25T00:00:00Z,24,SI041,Osrednjeslovenska,30.11845722794533,23.104352876544,32.8625813126564,3.1567642141082968,221,211,10,Sentinel Hub Statistical API / Sentinel-5P,P1D,partial
spar_fire_2025,SPAR/BTC fire,industrial_fire,CO,mmol/m²,2025-12-25T00:00:00Z,2025-12-26T00:00:00Z,25,SI041,Osrednjeslovenska,31.624719167226242,28.502758592367172,35.26613861322403,1.6435953358921922,221,126,95,Sentinel Hub Statistical API / Sentinel-5P,P1D,partial
spar_fire_2025,SPAR/BTC fire,industrial_fire,CO,mmol/m²,2025-12-26T00:00:00Z,2025-12-27T00:00:00Z,26,SI041,Osrednjeslovenska,32.15097012961734,25.479566305875778,34.36911106109619,1.6473068032286897,221,76,145,Sentinel Hub Statistical API / Sentinel-5P,P1D,good
spar_fire_2025,SPAR/BTC fire,industrial_fire,CO,mmol/m²,2025-12-27T00:00:00Z,2025-12-28T00:00:00Z,27,SI041,Osrednjeslovenska,28.167347329878062,20.389022305607796,33.05387869477272,2.032022922258193,221,92,129,Sentinel Hub Statistical API / Sentinel-5P,P1D,good
spar_fire_2025,SPAR/BTC fire,industrial_fire,CO,mmol/m²,2025-12-28T00:00:00Z,2025-12-29T00:00:00Z,28,SI041,Osrednjeslovenska,32.01785917425978,24.25617165863514,36.388278007507324,2.572787638042934,221,76,145,Sentinel Hub Statistical API / Sentinel-5P,P1D,good
spar_fire_2025,SPAR/BTC fire,industrial_fire,CO,mmol/m²,2025-12-29T00:00:00Z,2025-12-30T00:00:00Z,29,SI041,Osrednjeslovenska,28.40315745699974,23.405224084854126,33.1868901848793,1.8441274719002643,221,116,105,Sentinel Hub Statistical API / Sentinel-5P,P1D,partial
spar_fire_2025,SPAR/BTC fire,industrial_fire,CO,mmol/m²,2025-12-30T00:00:00Z,2025-12-31T00:00:00Z,30,SI041,Osrednjeslovenska,31.564477304725557,25.849496945738792,34.32585299015045,2.0558897528710958,221,129,92,Sentinel Hub Statistical API / Sentinel-5P,P1D,partial
spar_fire_2025,SPAR/BTC fire,industrial_fire,CO,mmol/m²,2025-12-31T00:00:00Z,2026-01-01T00:00:00Z,31,SI041,Osrednjeslovenska,31.410657327681314,26.162071153521538,35.84833815693855,1.9849691459841372,221,95,126,Sentinel Hub Statistical API / Sentinel-5P,P1D,good
spar_fire_2025,SPAR/BTC fire,industrial_fire,CO,mmol/m²,2025-12-01T00:00:00Z,2025-12-02T00:00:00Z,1,SI042,Gorenjska,25.55859072932175,21.62861078977585,28.578368946909904,1.6303440125519355,180,145,35,Sentinel Hub Statistical API / Sentinel-5P,P1D,partial
spar_fire_2025,SPAR/BTC fire,industrial_fire,CO,mmol/m²,2025-12-02T00:00:00Z,2025-12-03T00:00:00Z,2,SI042,Gorenjska,25.826272493767966,20.822923630475998,34.30851921439171,2.8687203927814777,180,73,107,Sentinel Hub Statistical API / Sentinel-5P,P1D,good
spar_fire_2025,SPAR/BTC fire,industrial_fire,CO,mmol/m²,2025-12-03T00:00:00Z,2025-12-04T00:00:00Z,3,SI042,Gorenjska,27.073015193871374,23.145683109760284,31.058622524142265,1.7562625408070702,180,57,123,Sentinel Hub Statistical API / Sentinel-5P,P1D,good
spar_fire_2025,SPAR/BTC fire,industrial_fire,CO,mmol/m²,2025-12-04T00:00:00Z,2025-12-05T00:00:00Z,4,SI042,Gorenjska,,,,,180,180,0,Sentinel Hub Statistical API / Sentinel-5P,P1D,missing
spar_fire_2025,SPAR/BTC fire,industrial_fire,CO,mmol/m²,2025-12-05T00:00:00Z,2025-12-06T00:00:00Z,5,SI042,Gorenjska,31.075234821235593,24.920666590332985,35.67000478506088,4.118955101358718,180,136,44,Sentinel Hub Statistical API / Sentinel-5P,P1D,partial
spar_fire_2025,SPAR/BTC fire,industrial_fire,CO,mmol/m²,2025-12-06T00:00:00Z,2025-12-07T00:00:00Z,6,SI042,Gorenjska,,,,,180,180,0,Sentinel Hub Statistical API / Sentinel-5P,P1D,missing
spar_fire_2025,SPAR/BTC fire,industrial_fire,CO,mmol/m²,2025-12-07T00:00:00Z,2025-12-08T00:00:00Z,7,SI042,Gorenjska,27.450683486202493,25.529449805617332,29.707571491599083,1.4138536542722016,180,157,23,Sentinel Hub Statistical API / Sentinel-5P,P1D,partial
spar_fire_2025,SPAR/BTC fire,industrial_fire,CO,mmol/m²,2025-12-08T00:00:00Z,2025-12-09T00:00:00Z,8,SI042,Gorenjska,29.113218953756434,26.535145938396454,32.29707106947899,1.755525441074228,180,107,73,Sentinel Hub Statistical API / Sentinel-5P,P1D,partial
spar_fire_2025,SPAR/BTC fire,industrial_fire,CO,mmol/m²,2025-12-09T00:00:00Z,2025-12-10T00:00:00Z,9,SI042,Gorenjska,29.251748075087864,25.878313928842545,30.938465148210526,2.3853781606963174,180,177,3,Sentinel Hub Statistical API / Sentinel-5P,P1D,partial
spar_fire_2025,SPAR/BTC fire,industrial_fire,CO,mmol/m²,2025-12-10T00:00:00Z,2025-12-11T00:00:00Z,10,SI042,Gorenjska,26.5858599413482,19.360480830073357,31.095504760742188,2.4127574113384687,180,117,63,Sentinel Hub Statistical API / Sentinel-5P,P1D,partial
spar_fire_2025,SPAR/BTC fire,industrial_fire,CO,mmol/m²,2025-12-11T00:00:00Z,2025-12-12T00:00:00Z,11,SI042,Gorenjska,26.726209662026818,22.21612259745598,32.121628522872925,1.8240106242704217,180,126,54,Sentinel Hub Statistical API / Sentinel-5P,P1D,partial
spar_fire_2025,SPAR/BTC fire,industrial_fire,CO,mmol/m²,2025-12-12T00:00:00Z,2025-12-13T00:00:00Z,12,SI042,Gorenjska,28.662453095118202,23.67541380226612,31.78660199046135,2.633472941263655,180,162,18,Sentinel Hub Statistical API / Sentinel-5P,P1D,partial
spar_fire_2025,SPAR/BTC fire,industrial_fire,CO,mmol/m²,2025-12-13T00:00:00Z,2025-12-14T00:00:00Z,13,SI042,Gorenjska,,,,,180,180,0,Sentinel Hub Statistical API / Sentinel-5P,P1D,missing
spar_fire_2025,SPAR/BTC fire,industrial_fire,CO,mmol/m²,2025-12-14T00:00:00Z,2025-12-15T00:00:00Z,14,SI042,Gorenjska,26.62917385912605,20.867694169282913,31.821787357330322,2.789166848399598,180,90,90,Sentinel Hub Statistical API / Sentinel-5P,P1D,good
spar_fire_2025,SPAR/BTC fire,industrial_fire,CO,mmol/m²,2025-12-15T00:00:00Z,2025-12-16T00:00:00Z,15,SI042,Gorenjska,25.762353637596455,20.719164982438087,31.48994967341423,3.0401078084802684,180,98,82,Sentinel Hub Statistical API / Sentinel-5P,P1D,partial
spar_fire_2025,SPAR/BTC fire,industrial_fire,CO,mmol/m²,2025-12-16T00:00:00Z,2025-12-17T00:00:00Z,16,SI042,Gorenjska,,,,,180,180,0,Sentinel Hub Statistical API / Sentinel-5P,P1D,missing
spar_fire_2025,SPAR/BTC fire,industrial_fire,CO,mmol/m²,2025-12-17T00:00:00Z,2025-12-18T00:00:00Z,17,SI042,Gorenjska,28.608119248279507,26.088934391736984,32.321661710739136,1.5630394981945428,180,166,14,Sentinel Hub Statistical API / Sentinel-5P,P1D,partial
spar_fire_2025,SPAR/BTC fire,industrial_fire,CO,mmol/m²,2025-12-18T00:00:00Z,2025-12-19T00:00:00Z,18,SI042,Gorenjska,26.953949775431575,20.318761467933655,31.78742155432701,2.6500027374992503,180,83,97,Sentinel Hub Statistical API / Sentinel-5P,P1D,good
spar_fire_2025,SPAR/BTC fire,industrial_fire,CO,mmol/m²,2025-12-19T00:00:00Z,2025-12-20T00:00:00Z,19,SI042,Gorenjska,25.88623406928639,23.144299164414406,28.610417619347572,1.5672643234932142,180,137,43,Sentinel Hub Statistical API / Sentinel-5P,P1D,partial
spar_fire_2025,SPAR/BTC fire,industrial_fire,CO,mmol/m²,2025-12-20T00:00:00Z,2025-12-21T00:00:00Z,20,SI042,Gorenjska,31.35925044233982,30.0271175801754,33.892784267663956,1.237763701337324,180,154,26,Sentinel Hub Statistical API / Sentinel-5P,P1D,partial
spar_fire_2025,SPAR/BTC fire,industrial_fire,CO,mmol/m²,2025-12-21T00:00:00Z,2025-12-22T00:00:00Z,21,SI042,Gorenjska,26.76544279450237,21.123507991433144,31.790893524885178,2.548236018837261,180,79,101,Sentinel Hub Statistical API / Sentinel-5P,P1D,good
spar_fire_2025,SPAR/BTC fire,industrial_fire,CO,mmol/m²,2025-12-22T00:00:00Z,2025-12-23T00:00:00Z,22,SI042,Gorenjska,28.306890279054645,24.015335366129875,33.15079212188721,2.2726310956011173,180,80,100,Sentinel Hub Statistical API / Sentinel-5P,P1D,good
spar_fire_2025,SPAR/BTC fire,industrial_fire,CO,mmol/m²,2025-12-23T00:00:00Z,2025-12-24T00:00:00Z,23,SI042,Gorenjska,27.71220915019512,27.71220915019512,27.71220915019512,0.0,180,178,2,Sentinel Hub Statistical API / Sentinel-5P,P1D,partial
spar_fire_2025,SPAR/BTC fire,industrial_fire,CO,mmol/m²,2025-12-24T00:00:00Z,2025-12-25T00:00:00Z,24,SI042,Gorenjska,31.20601930372093,29.93619069457054,32.4772447347641,1.0596933146150145,180,157,23,Sentinel Hub Statistical API / Sentinel-5P,P1D,partial
spar_fire_2025,SPAR/BTC fire,industrial_fire,CO,mmol/m²,2025-12-25T00:00:00Z,2025-12-26T00:00:00Z,25,SI042,Gorenjska,28.751806738345252,25.847947224974632,31.51274472475052,1.749190455562229,180,85,95,Sentinel Hub Statistical API / Sentinel-5P,P1D,good
spar_fire_2025,SPAR/BTC fire,industrial_fire,CO,mmol/m²,2025-12-26T00:00:00Z,2025-12-27T00:00:00Z,26,SI042,Gorenjska,30.72264933169962,25.134403258562088,35.648442804813385,2.5782936267616776,180,69,111,Sentinel Hub Statistical API / Sentinel-5P,P1D,good
spar_fire_2025,SPAR/BTC fire,industrial_fire,CO,mmol/m²,2025-12-27T00:00:00Z,2025-12-28T00:00:00Z,27,SI042,Gorenjska,27.22860167451789,22.275380790233612,31.864836812019348,2.150421314654006,180,91,89,Sentinel Hub Statistical API / Sentinel-5P,P1D,partial
spar_fire_2025,SPAR/BTC fire,industrial_fire,CO,mmol/m²,2025-12-28T00:00:00Z,2025-12-29T00:00:00Z,28,SI042,Gorenjska,30.69716527049119,22.037042304873466,36.51703894138336,3.5111898556182792,180,84,96,Sentinel Hub Statistical API / Sentinel-5P,P1D,good
spar_fire_2025,SPAR/BTC fire,industrial_fire,CO,mmol/m²,2025-12-29T00:00:00Z,2025-12-30T00:00:00Z,29,SI042,Gorenjska,27.281500110081556,20.801199600100517,34.621383994817734,3.1715510653066565,180,122,58,Sentinel Hub Statistical API / Sentinel-5P,P1D,partial
spar_fire_2025,SPAR/BTC fire,industrial_fire,CO,mmol/m²,2025-12-30T00:00:00Z,2025-12-31T00:00:00Z,30,SI042,Gorenjska,30.744837643003766,23.831555619835854,37.092745304107666,3.580797611768433,180,99,81,Sentinel Hub Statistical API / Sentinel-5P,P1D,partial
spar_fire_2025,SPAR/BTC fire,industrial_fire,CO,mmol/m²,2025-12-31T00:00:00Z,2026-01-01T00:00:00Z,31,SI042,Gorenjska,29.249855613505304,24.568641558289528,35.84833815693855,3.2326287688629978,180,92,88,Sentinel Hub Statistical API / Sentinel-5P,P1D,partial
spar_fire_2025,SPAR/BTC fire,industrial_fire,CO,mmol/m²,2025-12-01T00:00:00Z,2025-12-02T00:00:00Z,1,SI043,Goriška,26.701129415607834,20.045563578605652,32.59846940636635,2.4766435879215076,210,83,127,Sentinel Hub Statistical API / Sentinel-5P,P1D,good
spar_fire_2025,SPAR/BTC fire,industrial_fire,CO,mmol/m²,2025-12-02T00:00:00Z,2025-12-03T00:00:00Z,2,SI043,Goriška,26.781056285183006,20.916739478707314,34.84037518501282,2.3085855092240877,210,103,107,Sentinel Hub Statistical API / Sentinel-5P,P1D,good
spar_fire_2025,SPAR/BTC fire,industrial_fire,CO,mmol/m²,2025-12-03T00:00:00Z,2025-12-04T00:00:00Z,3,SI043,Goriška,27.397152276174857,23.145683109760284,31.058622524142265,1.9882626789009283,210,109,101,Sentinel Hub Statistical API / Sentinel-5P,P1D,partial
spar_fire_2025,SPAR/BTC fire,industrial_fire,CO,mmol/m²,2025-12-04T00:00:00Z,2025-12-05T00:00:00Z,4,SI043,Goriška,,,,,210,210,0,Sentinel Hub Statistical API / Sentinel-5P,P1D,missing
spar_fire_2025,SPAR/BTC fire,industrial_fire,CO,mmol/m²,2025-12-05T00:00:00Z,2025-12-06T00:00:00Z,5,SI043,Goriška,,,,,210,210,0,Sentinel Hub Statistical API / Sentinel-5P,P1D,missing
spar_fire_2025,SPAR/BTC fire,industrial_fire,CO,mmol/m²,2025-12-06T00:00:00Z,2025-12-07T00:00:00Z,6,SI043,Goriška,,,,,210,210,0,Sentinel Hub Statistical API / Sentinel-5P,P1D,missing
spar_fire_2025,SPAR/BTC fire,industrial_fire,CO,mmol/m²,2025-12-07T00:00:00Z,2025-12-08T00:00:00Z,7,SI043,Goriška,,,,,210,210,0,Sentinel Hub Statistical API / Sentinel-5P,P1D,missing
spar_fire_2025,SPAR/BTC fire,industrial_fire,CO,mmol/m²,2025-12-08T00:00:00Z,2025-12-09T00:00:00Z,8,SI043,Goriška,28.728978944912786,26.535145938396454,31.135428696870804,1.3348316625685008,210,147,63,Sentinel Hub Statistical API / Sentinel-5P,P1D,partial
spar_fire_2025,SPAR/BTC fire,industrial_fire,CO,mmol/m²,2025-12-09T00:00:00Z,2025-12-10T00:00:00Z,9,SI043,Goriška,30.08144010824186,28.025303035974503,32.68176317214966,1.359128679396568,210,183,27,Sentinel Hub Statistical API / Sentinel-5P,P1D,partial
spar_fire_2025,SPAR/BTC fire,industrial_fire,CO,mmol/m²,2025-12-10T00:00:00Z,2025-12-11T00:00:00Z,10,SI043,Goriška,26.93863924559171,19.360480830073357,30.75469471514225,2.5704011355903775,210,99,111,Sentinel Hub Statistical API / Sentinel-5P,P1D,good
spar_fire_2025,SPAR/BTC fire,industrial_fire,CO,mmol/m²,2025-12-11T00:00:00Z,2025-12-12T00:00:00Z,11,SI043,Goriška,28.01423523006803,23.453950881958008,31.486254185438156,2.105372089216373,210,151,59,Sentinel Hub Statistical API / Sentinel-5P,P1D,partial
spar_fire_2025,SPAR/BTC fire,industrial_fire,CO,mmol/m²,2025-12-12T00:00:00Z,2025-12-13T00:00:00Z,12,SI043,Goriška,25.835409044073177,23.24610948562622,28.58394756913185,1.9332146069503355,210,197,13,Sentinel Hub Statistical API / Sentinel-5P,P1D,partial
spar_fire_2025,SPAR/BTC fire,industrial_fire,CO,mmol/m²,2025-12-13T00:00:00Z,2025-12-14T00:00:00Z,13,SI043,Goriška,27.79539893655216,24.144228547811508,29.75250966846943,2.098321439440457,210,193,17,Sentinel Hub Statistical API / Sentinel-5P,P1D,partial
spar_fire_2025,SPAR/BTC fire,industrial_fire,CO,mmol/m²,2025-12-14T00:00:00Z,2025-12-15T00:00:00Z,14,SI043,Goriška,26.122620275659532,21.064171567559242,30.471714213490486,2.721801950713297,210,71,139,Sentinel Hub Statistical API / Sentinel-5P,P1D,good
spar_fire_2025,SPAR/BTC fire,industrial_fire,CO,mmol/m²,2025-12-15T00:00:00Z,2025-12-16T00:00:00Z,15,SI043,Goriška,24.27417569254574,17.802618443965912,28.75477634370327,2.6977786351190236,210,153,57,Sentinel Hub Statistical API / Sentinel-5P,P1D,partial
spar_fire_2025,SPAR/BTC fire,industrial_fire,CO,mmol/m²,2025-12-16T00:00:00Z,2025-12-17T00:00:00Z,16,SI043,Goriška,,,,,210,210,0,Sentinel Hub Statistical API / Sentinel-5P,P1D,missing
spar_fire_2025,SPAR/BTC fire,industrial_fire,CO,mmol/m²,2025-12-17T00:00:00Z,2025-12-18T00:00:00Z,17,SI043,Goriška,31.833992284886982,25.63379518687725,41.25019535422325,3.6141746708443865,210,176,34,Sentinel Hub Statistical API / Sentinel-5P,P1D,partial
spar_fire_2025,SPAR/BTC fire,industrial_fire,CO,mmol/m²,2025-12-18T00:00:00Z,2025-12-19T00:00:00Z,18,SI043,Goriška,27.998964294908554,23.102248087525368,35.03656014800072,2.4270370674905415,210,83,127,Sentinel Hub Statistical API / Sentinel-5P,P1D,good
spar_fire_2025,SPAR/BTC fire,industrial_fire,CO,mmol/m²,2025-12-19T00:00:00Z,2025-12-20T00:00:00Z,19,SI043,Goriška,25.829536840319637,23.144299164414406,28.409020975232124,1.4966965048110294,210,83,127,Sentinel Hub Statistical API / Sentinel-5P,P1D,good
spar_fire_2025,SPAR/BTC fire,industrial_fire,CO,mmol/m²,2025-12-20T00:00:00Z,2025-12-21T00:00:00Z,20,SI043,Goriška,,,,,210,210,0,Sentinel Hub Statistical API / Sentinel-5P,P1D,missing
spar_fire_2025,SPAR/BTC fire,industrial_fire,CO,mmol/m²,2025-12-21T00:00:00Z,2025-12-22T00:00:00Z,21,SI043,Goriška,27.150580522549504,23.483935743570328,33.271487802267075,2.2498874503559056,210,142,68,Sentinel Hub Statistical API / Sentinel-5P,P1D,partial
spar_fire_2025,SPAR/BTC fire,industrial_fire,CO,mmol/m²,2025-12-22T00:00:00Z,2025-12-23T00:00:00Z,22,SI043,Goriška,30.568827324631542,26.523683220148087,35.8147919178009,2.0951768746584603,210,122,88,Sentinel Hub Statistical API / Sentinel-5P,P1D,partial
spar_fire_2025,SPAR/BTC fire,industrial_fire,CO,mmol/m²,2025-12-23T00:00:00Z,2025-12-24T00:00:00Z,23,SI043,Goriška,,,,,210,210,0,Sentinel Hub Statistical API / Sentinel-5P,P1D,missing
spar_fire_2025,SPAR/BTC fire,industrial_fire,CO,mmol/m²,2025-12-24T00:00:00Z,2025-12-25T00:00:00Z,24,SI043,Goriška,29.61529521271586,28.1081460416317,32.4772447347641,1.1705156484263548,210,190,20,Sentinel Hub Statistical API / Sentinel-5P,P1D,partial
spar_fire_2025,SPAR/BTC fire,industrial_fire,CO,mmol/m²,2025-12-25T00:00:00Z,2025-12-26T00:00:00Z,25,SI043,Goriška,28.903229930807676,25.847947224974632,31.377539038658142,1.736506998157201,210,147,63,Sentinel Hub Statistical API / Sentinel-5P,P1D,partial
spar_fire_2025,SPAR/BTC fire,industrial_fire,CO,mmol/m²,2025-12-26T00:00:00Z,2025-12-27T00:00:00Z,26,SI043,Goriška,30.950266080572433,24.01650883257389,35.593416541814804,2.57536144714678,210,113,97,Sentinel Hub Statistical API / Sentinel-5P,P1D,partial
spar_fire_2025,SPAR/BTC fire,industrial_fire,CO,mmol/m²,2025-12-27T00:00:00Z,2025-12-28T00:00:00Z,27,SI043,Goriška,28.487648942745196,21.389272063970566,34.92883965373039,2.978939721781187,210,108,102,Sentinel Hub Statistical API / Sentinel-5P,P1D,partial
spar_fire_2025,SPAR/BTC fire,industrial_fire,CO,mmol/m²,2025-12-28T00:00:00Z,2025-12-29T00:00:00Z,28,SI043,Goriška,28.972937805770798,22.037042304873466,34.41868722438812,2.4432892080269384,210,94,116,Sentinel Hub Statistical API / Sentinel-5P,P1D,good
spar_fire_2025,SPAR/BTC fire,industrial_fire,CO,mmol/m²,2025-12-29T00:00:00Z,2025-12-30T00:00:00Z,29,SI043,Goriška,27.822610757806718,22.033505141735077,31.682033091783524,2.366838633278875,210,125,85,Sentinel Hub Statistical API / Sentinel-5P,P1D,partial
spar_fire_2025,SPAR/BTC fire,industrial_fire,CO,mmol/m²,2025-12-30T00:00:00Z,2025-12-31T00:00:00Z,30,SI043,Goriška,30.713774673376516,24.26327019929886,37.092745304107666,3.2349264584225965,210,69,141,Sentinel Hub Statistical API / Sentinel-5P,P1D,good
spar_fire_2025,SPAR/BTC fire,industrial_fire,CO,mmol/m²,2025-12-31T00:00:00Z,2026-01-01T00:00:00Z,31,SI043,Goriška,29.11989961165129,23.370372131466866,35.02225503325462,2.7583488745682447,210,113,97,Sentinel Hub Statistical API / Sentinel-5P,P1D,partial
spar_fire_2025,SPAR/BTC fire,industrial_fire,CO,mmol/m²,2025-12-01T00:00:00Z,2025-12-02T00:00:00Z,1,SI044,Obalno-kraška,27.596566215401786,21.412519738078117,32.59846940636635,2.494180129390627,99,38,61,Sentinel Hub Statistical API / Sentinel-5P,P1D,good
spar_fire_2025,SPAR/BTC fire,industrial_fire,CO,mmol/m²,2025-12-02T00:00:00Z,2025-12-03T00:00:00Z,2,SI044,Obalno-kraška,27.74811432593399,24.806972593069077,34.41407158970833,2.4631562603988226,99,45,54,Sentinel Hub Statistical API / Sentinel-5P,P1D,good
spar_fire_2025,SPAR/BTC fire,industrial_fire,CO,mmol/m²,2025-12-03T00:00:00Z,2025-12-04T00:00:00Z,3,SI044,Obalno-kraška,28.21489545155545,26.923609897494316,30.110301449894905,0.7767789766992239,99,50,49,Sentinel Hub Statistical API / Sentinel-5P,P1D,partial
spar_fire_2025,SPAR/BTC fire,industrial_fire,CO,mmol/m²,2025-12-04T00:00:00Z,2025-12-05T00:00:00Z,4,SI044,Obalno-kraška,,,,,99,99,0,Sentinel Hub Statistical API / Sentinel-5P,P1D,missing
spar_fire_2025,SPAR/BTC fire,industrial_fire,CO,mmol/m²,2025-12-05T00:00:00Z,2025-12-06T00:00:00Z,5,SI044,Obalno-kraška,,,,,99,99,0,Sentinel Hub Statistical API / Sentinel-5P,P1D,missing
spar_fire_2025,SPAR/BTC fire,industrial_fire,CO,mmol/m²,2025-12-06T00:00:00Z,2025-12-07T00:00:00Z,6,SI044,Obalno-kraška,,,,,99,99,0,Sentinel Hub Statistical API / Sentinel-5P,P1D,missing
spar_fire_2025,SPAR/BTC fire,industrial_fire,CO,mmol/m²,2025-12-07T00:00:00Z,2025-12-08T00:00:00Z,7,SI044,Obalno-kraška,26.33300796151161,25.199051946401596,27.215052396059036,0.8150946309631728,99,91,8,Sentinel Hub Statistical API / Sentinel-5P,P1D,partial
spar_fire_2025,SPAR/BTC fire,industrial_fire,CO,mmol/m²,2025-12-08T00:00:00Z,2025-12-09T00:00:00Z,8,SI044,Obalno-kraška,29.459988065063957,27.162915095686913,30.238430947065353,0.8314916117287668,99,49,50,Sentinel Hub Statistical API / Sentinel-5P,P1D,good
spar_fire_2025,SPAR/BTC fire,industrial_fire,CO,mmol/m²,2025-12-09T00:00:00Z,2025-12-10T00:00:00Z,9,SI044,Obalno-kraška,29.099836335356887,26.338335126638412,35.212915390729904,1.9594264682426492,99,41,58,Sentinel Hub Statistical API / Sentinel-5P,P1D,good
spar_fire_2025,SPAR/BTC fire,industrial_fire,CO,mmol/m²,2025-12-10T00:00:00Z,2025-12-11T00:00:00Z,10,SI044,Obalno-kraška,28.574333011881635,25.586992502212524,32.41657838225365,1.918929091411739,99,32,67,Sentinel Hub Statistical API / Sentinel-5P,P1D,good
spar_fire_2025,SPAR/BTC fire,industrial_fire,CO,mmol/m²,2025-12-11T00:00:00Z,2025-12-12T00:00:00Z,11,SI044,Obalno-kraška,28.732533202223156,24.59125779569149,33.91103819012642,2.1653954985578907,99,53,46,Sentinel Hub Statistical API / Sentinel-5P,P1D,partial
spar_fire_2025,SPAR/BTC fire,industrial_fire,CO,mmol/m²,2025-12-12T00:00:00Z,2025-12-13T00:00:00Z,12,SI044,Obalno-kraška,25.46448296024686,22.234275937080383,28.58394756913185,2.2710845908830213,99,78,21,Sentinel Hub Statistical API / Sentinel-5P,P1D,partial
spar_fire_2025,SPAR/BTC fire,industrial_fire,CO,mmol/m²,2025-12-13T00:00:00Z,2025-12-14T00:00:00Z,13,SI044,Obalno-kraška,27.48177640140057,23.327911272644997,29.75250966846943,1.887999239472179,99,74,25,Sentinel Hub Statistical API / Sentinel-5P,P1D,partial
spar_fire_2025,SPAR/BTC fire,industrial_fire,CO,mmol/m²,2025-12-14T00:00:00Z,2025-12-15T00:00:00Z,14,SI044,Obalno-kraška,28.902288379245693,26.466598734259605,31.284481287002563,1.5291688632045606,99,23,76,Sentinel Hub Statistical API / Sentinel-5P,P1D,good
spar_fire_2025,SPAR/BTC fire,industrial_fire,CO,mmol/m²,2025-12-15T00:00:00Z,2025-12-16T00:00:00Z,15,SI044,Obalno-kraška,28.48517894744873,26.115985587239265,31.398016959428787,1.6255848823412828,99,70,29,Sentinel Hub Statistical API / Sentinel-5P,P1D,partial
spar_fire_2025,SPAR/BTC fire,industrial_fire,CO,mmol/m²,2025-12-16T00:00:00Z,2025-12-17T00:00:00Z,16,SI044,Obalno-kraška,,,,,99,99,0,Sentinel Hub Statistical API / Sentinel-5P,P1D,missing
spar_fire_2025,SPAR/BTC fire,industrial_fire,CO,mmol/m²,2025-12-17T00:00:00Z,2025-12-18T00:00:00Z,17,SI044,Obalno-kraška,30.914605228286803,25.81735886633396,41.25019535422325,3.4559061209292476,99,66,33,Sentinel Hub Statistical API / Sentinel-5P,P1D,partial
spar_fire_2025,SPAR/BTC fire,industrial_fire,CO,mmol/m²,2025-12-18T00:00:00Z,2025-12-19T00:00:00Z,18,SI044,Obalno-kraška,30.015263907812738,27.002504095435143,35.76256334781647,2.037736996703561,99,25,74,Sentinel Hub Statistical API / Sentinel-5P,P1D,good
spar_fire_2025,SPAR/BTC fire,industrial_fire,CO,mmol/m²,2025-12-19T00:00:00Z,2025-12-20T00:00:00Z,19,SI044,Obalno-kraška,27.124252055700005,26.248326525092125,28.67778018116951,0.5841943282965699,99,34,65,Sentinel Hub Statistical API / Sentinel-5P,P1D,good
spar_fire_2025,SPAR/BTC fire,industrial_fire,CO,mmol/m²,2025-12-20T00:00:00Z,2025-12-21T00:00:00Z,20,SI044,Obalno-kraška,32.632335710028805,29.61915172636509,33.78617390990257,1.6818438789902432,99,93,6,Sentinel Hub Statistical API / Sentinel-5P,P1D,partial
spar_fire_2025,SPAR/BTC fire,industrial_fire,CO,mmol/m²,2025-12-21T00:00:00Z,2025-12-22T00:00:00Z,21,SI044,Obalno-kraška,30.19401923354183,26.72249637544155,35.692062228918076,2.9768592520883614,99,85,14,Sentinel Hub Statistical API / Sentinel-5P,P1D,partial
spar_fire_2025,SPAR/BTC fire,industrial_fire,CO,mmol/m²,2025-12-22T00:00:00Z,2025-12-23T00:00:00Z,22,SI044,Obalno-kraška,32.052367591323,28.492677956819534,36.24057024717331,1.9720644182606868,99,60,39,Sentinel Hub Statistical API / Sentinel-5P,P1D,partial
spar_fire_2025,SPAR/BTC fire,industrial_fire,CO,mmol/m²,2025-12-23T00:00:00Z,2025-12-24T00:00:00Z,23,SI044,Obalno-kraška,,,,,99,99,0,Sentinel Hub Statistical API / Sentinel-5P,P1D,missing
spar_fire_2025,SPAR/BTC fire,industrial_fire,CO,mmol/m²,2025-12-24T00:00:00Z,2025-12-25T00:00:00Z,24,SI044,Obalno-kraška,,,,,99,99,0,Sentinel Hub Statistical API / Sentinel-5P,P1D,missing
spar_fire_2025,SPAR/BTC fire,industrial_fire,CO,mmol/m²,2025-12-25T00:00:00Z,2025-12-26T00:00:00Z,25,SI044,Obalno-kraška,29.40249629318714,29.40249629318714,29.40249629318714,0.0,99,98,1,Sentinel Hub Statistical API / Sentinel-5P,P1D,partial
spar_fire_2025,SPAR/BTC fire,industrial_fire,CO,mmol/m²,2025-12-26T00:00:00Z,2025-12-27T00:00:00Z,26,SI044,Obalno-kraška,33.66197571158409,31.555529683828354,37.97038272023201,1.6073638383684892,99,59,40,Sentinel Hub Statistical API / Sentinel-5P,P1D,partial
spar_fire_2025,SPAR/BTC fire,industrial_fire,CO,mmol/m²,2025-12-27T00:00:00Z,2025-12-28T00:00:00Z,27,SI044,Obalno-kraška,29.64170378717509,24.971455335617065,34.813396632671356,2.340404243014857,99,44,55,Sentinel Hub Statistical API / Sentinel-5P,P1D,good
spar_fire_2025,SPAR/BTC fire,industrial_fire,CO,mmol/m²,2025-12-28T00:00:00Z,2025-12-29T00:00:00Z,28,SI044,Obalno-kraška,30.160374629000824,25.073563680052757,34.89188477396965,2.1530363492048736,99,27,72,Sentinel Hub Statistical API / Sentinel-5P,P1D,good
spar_fire_2025,SPAR/BTC fire,industrial_fire,CO,mmol/m²,2025-12-29T00:00:00Z,2025-12-30T00:00:00Z,29,SI044,Obalno-kraška,28.965547929207478,24.919653311371803,31.682033091783524,1.813143010273581,99,54,45,Sentinel Hub Statistical API / Sentinel-5P,P1D,partial
spar_fire_2025,SPAR/BTC fire,industrial_fire,CO,mmol/m²,2025-12-30T00:00:00Z,2025-12-31T00:00:00Z,30,SI044,Obalno-kraška,31.87230538979575,28.949754312634468,34.445859491825104,1.590640251475473,99,25,74,Sentinel Hub Statistical API / Sentinel-5P,P1D,good
spar_fire_2025,SPAR/BTC fire,industrial_fire,CO,mmol/m²,2025-12-31T00:00:00Z,2026-01-01T00:00:00Z,31,SI044,Obalno-kraška,31.81784688250013,28.269246220588684,34.360215067863464,1.4056362348379086,99,61,38,Sentinel Hub Statistical API / Sentinel-5P,P1D,partial
spar_fire_2025,SPAR/BTC fire,industrial_fire,HCHO,µmol/m²,2025-12-01T00:00:00Z,2025-12-02T00:00:00Z,1,SI031,Pomurska,53.35445724229335,-348.7864451017231,823.1422398239374,208.9506462355378,128,52,76,Sentinel Hub Statistical API / Sentinel-5P,P1D,good
spar_fire_2025,SPAR/BTC fire,industrial_fire,HCHO,µmol/m²,2025-12-02T00:00:00Z,2025-12-03T00:00:00Z,2,SI031,Pomurska,89.20513027987909,-59.01503755012527,196.56105723697692,111.17660789877154,128,124,4,Sentinel Hub Statistical API / Sentinel-5P,P1D,partial
spar_fire_2025,SPAR/BTC fire,industrial_fire,HCHO,µmol/m²,2025-12-03T00:00:00Z,2025-12-04T00:00:00Z,3,SI031,Pomurska,,,,,128,128,0,Sentinel Hub Statistical API / Sentinel-5P,P1D,missing
spar_fire_2025,SPAR/BTC fire,industrial_fire,HCHO,µmol/m²,2025-12-04T00:00:00Z,2025-12-05T00:00:00Z,4,SI031,Pomurska,,,,,128,128,0,Sentinel Hub Statistical API / Sentinel-5P,P1D,missing
spar_fire_2025,SPAR/BTC fire,industrial_fire,HCHO,µmol/m²,2025-12-05T00:00:00Z,2025-12-06T00:00:00Z,5,SI031,Pomurska,,,,,128,128,0,Sentinel Hub Statistical API / Sentinel-5P,P1D,missing
spar_fire_2025,SPAR/BTC fire,industrial_fire,HCHO,µmol/m²,2025-12-06T00:00:00Z,2025-12-07T00:00:00Z,6,SI031,Pomurska,,,,,128,128,0,Sentinel Hub Statistical API / Sentinel-5P,P1D,missing
spar_fire_2025,SPAR/BTC fire,industrial_fire,HCHO,µmol/m²,2025-12-07T00:00:00Z,2025-12-08T00:00:00Z,7,SI031,Pomurska,52.05722571260524,-311.42853549681604,646.3418249040842,217.38133339416095,128,50,78,Sentinel Hub Statistical API / Sentinel-5P,P1D,good
spar_fire_2025,SPAR/BTC fire,industrial_fire,HCHO,µmol/m²,2025-12-08T00:00:00Z,2025-12-09T00:00:00Z,8,SI031,Pomurska,,,,,128,128,0,Sentinel Hub Statistical API / Sentinel-5P,P1D,missing
spar_fire_2025,SPAR/BTC fire,industrial_fire,HCHO,µmol/m²,2025-12-09T00:00:00Z,2025-12-10T00:00:00Z,9,SI031,Pomurska,-7.764084704617481,-265.5122661963105,371.39272899366915,169.38056402986578,128,94,34,Sentinel Hub Statistical API / Sentinel-5P,P1D,partial
spar_fire_2025,SPAR/BTC fire,industrial_fire,HCHO,µmol/m²,2025-12-10T00:00:00Z,2025-12-11T00:00:00Z,10,SI031,Pomurska,68.69931137784722,-178.70096780825406,217.3750544898212,119.44406680924645,128,94,34,Sentinel Hub Statistical API / Sentinel-5P,P1D,partial
spar_fire_2025,SPAR/BTC fire,industrial_fire,HCHO,µmol/m²,2025-12-11T00:00:00Z,2025-12-12T00:00:00Z,11,SI031,Pomurska,115.8595279398802,-266.36835536919534,616.2850186228752,192.5947592460703,128,46,82,Sentinel Hub Statistical API / Sentinel-5P,P1D,good
spar_fire_2025,SPAR/BTC fire,industrial_fire,HCHO,µmol/m²,2025-12-12T00:00:00Z,2025-12-13T00:00:00Z,12,SI031,Pomurska,-7.881834942833982,-340.45992651954293,607.0852396078408,233.98066324088467,128,58,70,Sentinel Hub Statistical API / Sentinel-5P,P1D,good
spar_fire_2025,SPAR/BTC fire,industrial_fire,HCHO,µmol/m²,2025-12-13T00:00:00Z,2025-12-14T00:00:00Z,13,SI031,Pomurska,70.78415876549116,-32.129719329532236,162.1301198611036,65.55878441847166,128,120,8,Sentinel Hub Statistical API / Sentinel-5P,P1D,partial
spar_fire_2025,SPAR/BTC fire,industrial_fire,HCHO,µmol/m²,2025-12-14T00:00:00Z,2025-12-15T00:00:00Z,14,SI031,Pomurska,,,,,128,128,0,Sentinel Hub Statistical API / Sentinel-5P,P1D,missing
spar_fire_2025,SPAR/BTC fire,industrial_fire,HCHO,µmol/m²,2025-12-15T00:00:00Z,2025-12-16T00:00:00Z,15,SI031,Pomurska,,,,,128,128,0,Sentinel Hub Statistical API / Sentinel-5P,P1D,missing
spar_fire_2025,SPAR/BTC fire,industrial_fire,HCHO,µmol/m²,2025-12-16T00:00:00Z,2025-12-17T00:00:00Z,16,SI031,Pomurska,,,,,128,128,0,Sentinel Hub Statistical API / Sentinel-5P,P1D,missing
spar_fire_2025,SPAR/BTC fire,industrial_fire,HCHO,µmol/m²,2025-12-17T00:00:00Z,2025-12-18T00:00:00Z,17,SI031,Pomurska,-11.573553820198867,-85.95217514084652,28.256052246433683,46.50268376063369,128,124,4,Sentinel Hub Statistical API / Sentinel-5P,P1D,partial
spar_fire_2025,SPAR/BTC fire,industrial_fire,HCHO,µmol/m²,2025-12-18T00:00:00Z,2025-12-19T00:00:00Z,18,SI031,Pomurska,61.71294079362461,-26.999772671842948,147.58527686353773,48.021336062363424,128,109,19,Sentinel Hub Statistical API / Sentinel-5P,P1D,partial
spar_fire_2025,SPAR/BTC fire,industrial_fire,HCHO,µmol/m²,2025-12-19T00:00:00Z,2025-12-20T00:00:00Z,19,SI031,Pomurska,,,,,128,128,0,Sentinel Hub Statistical API / Sentinel-5P,P1D,missing
spar_fire_2025,SPAR/BTC fire,industrial_fire,HCHO,µmol/m²,2025-12-20T00:00:00Z,2025-12-21T00:00:00Z,20,SI031,Pomurska,,,,,128,128,0,Sentinel Hub Statistical API / Sentinel-5P,P1D,missing
spar_fire_2025,SPAR/BTC fire,industrial_fire,HCHO,µmol/m²,2025-12-21T00:00:00Z,2025-12-22T00:00:00Z,21,SI031,Pomurska,,,,,128,128,0,Sentinel Hub Statistical API / Sentinel-5P,P1D,missing
spar_fire_2025,SPAR/BTC fire,industrial_fire,HCHO,µmol/m²,2025-12-22T00:00:00Z,2025-12-23T00:00:00Z,22,SI031,Pomurska,,,,,128,128,0,Sentinel Hub Statistical API / Sentinel-5P,P1D,missing
spar_fire_2025,SPAR/BTC fire,industrial_fire,HCHO,µmol/m²,2025-12-23T00:00:00Z,2025-12-24T00:00:00Z,23,SI031,Pomurska,,,,,128,128,0,Sentinel Hub Statistical API / Sentinel-5P,P1D,missing
spar_fire_2025,SPAR/BTC fire,industrial_fire,HCHO,µmol/m²,2025-12-24T00:00:00Z,2025-12-25T00:00:00Z,24,SI031,Pomurska,,,,,128,128,0,Sentinel Hub Statistical API / Sentinel-5P,P1D,missing
spar_fire_2025,SPAR/BTC fire,industrial_fire,HCHO,µmol/m²,2025-12-25T00:00:00Z,2025-12-26T00:00:00Z,25,SI031,Pomurska,54.560744805106275,15.044031897559762,100.3174766083248,35.091247437442604,128,119,9,Sentinel Hub Statistical API / Sentinel-5P,P1D,partial
spar_fire_2025,SPAR/BTC fire,industrial_fire,HCHO,µmol/m²,2025-12-26T00:00:00Z,2025-12-27T00:00:00Z,26,SI031,Pomurska,,,,,128,128,0,Sentinel Hub Statistical API / Sentinel-5P,P1D,missing
spar_fire_2025,SPAR/BTC fire,industrial_fire,HCHO,µmol/m²,2025-12-27T00:00:00Z,2025-12-28T00:00:00Z,27,SI031,Pomurska,55.28422980240168,-315.56811882182956,665.5128090642393,142.88249084291863,128,46,82,Sentinel Hub Statistical API / Sentinel-5P,P1D,good
spar_fire_2025,SPAR/BTC fire,industrial_fire,HCHO,µmol/m²,2025-12-28T00:00:00Z,2025-12-29T00:00:00Z,28,SI031,Pomurska,40.318779900100004,-360.84873136132956,516.0514847375453,176.12571960581727,128,47,81,Sentinel Hub Statistical API / Sentinel-5P,P1D,good
spar_fire_2025,SPAR/BTC fire,industrial_fire,HCHO,µmol/m²,2025-12-29T00:00:00Z,2025-12-30T00:00:00Z,29,SI031,Pomurska,52.57921880759873,-257.86642800085247,382.0252022705972,142.31857243131898,128,80,48,Sentinel Hub Statistical API / Sentinel-5P,P1D,partial
spar_fire_2025,SPAR/BTC fire,industrial_fire,HCHO,µmol/m²,2025-12-30T00:00:00Z,2025-12-31T00:00:00Z,30,SI031,Pomurska,59.55888505535559,-273.46881688572466,527.7915624901652,183.67469210928544,128,67,61,Sentinel Hub Statistical API / Sentinel-5P,P1D,partial
spar_fire_2025,SPAR/BTC fire,industrial_fire,HCHO,µmol/m²,2025-12-31T00:00:00Z,2026-01-01T00:00:00Z,31,SI031,Pomurska,72.1573950635857,-289.818795863539,808.253709692508,234.72670151425126,128,46,82,Sentinel Hub Statistical API / Sentinel-5P,P1D,good
spar_fire_2025,SPAR/BTC fire,industrial_fire,HCHO,µmol/m²,2025-12-01T00:00:00Z,2025-12-02T00:00:00Z,1,SI032,Podravska,26.63842391187672,-348.7864451017231,549.4116921909153,223.11201516453474,180,131,49,Sentinel Hub Statistical API / Sentinel-5P,P1D,partial
spar_fire_2025,SPAR/BTC fire,industrial_fire,HCHO,µmol/m²,2025-12-02T00:00:00Z,2025-12-03T00:00:00Z,2,SI032,Podravska,7.549842121079565,-241.21532624121755,131.66492863092571,136.99454094440426,180,170,10,Sentinel Hub Statistical API / Sentinel-5P,P1D,partial
spar_fire_2025,SPAR/BTC fire,industrial_fire,HCHO,µmol/m²,2025-12-03T00:00:00Z,2025-12-04T00:00:00Z,3,SI032,Podravska,300.1912056268858,208.5177693516016,418.3095879852772,91.1530970831985,180,173,7,Sentinel Hub Statistical API / Sentinel-5P,P1D,partial
spar_fire_2025,SPAR/BTC fire,industrial_fire,HCHO,µmol/m²,2025-12-04T00:00:00Z,2025-12-05T00:00:00Z,4,SI032,Podravska,,,,,180,180,0,Sentinel Hub Statistical API / Sentinel-5P,P1D,missing
spar_fire_2025,SPAR/BTC fire,industrial_fire,HCHO,µmol/m²,2025-12-05T00:00:00Z,2025-12-06T00:00:00Z,5,SI032,Podravska,60.29036861339894,34.26093462621793,104.7921396093443,21.739883212307486,180,174,6,Sentinel Hub Statistical API / Sentinel-5P,P1D,partial
spar_fire_2025,SPAR/BTC fire,industrial_fire,HCHO,µmol/m²,2025-12-06T00:00:00Z,2025-12-07T00:00:00Z,6,SI032,Podravska,39.37494875572156,23.328875613515265,68.07590398238972,17.168794333692006,180,176,4,Sentinel Hub Statistical API / Sentinel-5P,P1D,partial
spar_fire_2025,SPAR/BTC fire,industrial_fire,HCHO,µmol/m²,2025-12-07T00:00:00Z,2025-12-08T00:00:00Z,7,SI032,Podravska,-5.996844073825228,-366.82264180853963,523.3461852185428,222.00095654976346,180,65,115,Sentinel Hub Statistical API / Sentinel-5P,P1D,good
spar_fire_2025,SPAR/BTC fire,industrial_fire,HCHO,µmol/m²,2025-12-08T00:00:00Z,2025-12-09T00:00:00Z,8,SI032,Podravska,90.96796323622888,-116.81392788887024,299.49884628877044,171.63906143884233,180,174,6,Sentinel Hub Statistical API / Sentinel-5P,P1D,partial
spar_fire_2025,SPAR/BTC fire,industrial_fire,HCHO,µmol/m²,2025-12-09T00:00:00Z,2025-12-10T00:00:00Z,9,SI032,Podravska,76.35110522072853,-281.9964138325304,435.6252320576459,161.50594011350526,180,57,123,Sentinel Hub Statistical API / Sentinel-5P,P1D,good
spar_fire_2025,SPAR/BTC fire,industrial_fire,HCHO,µmol/m²,2025-12-10T00:00:00Z,2025-12-11T00:00:00Z,10,SI032,Podravska,69.42612586957608,-232.10037034004927,453.02757644094527,162.37415369532323,180,52,128,Sentinel Hub Statistical API / Sentinel-5P,P1D,good
spar_fire_2025,SPAR/BTC fire,industrial_fire,HCHO,µmol/m²,2025-12-11T00:00:00Z,2025-12-12T00:00:00Z,11,SI032,Podravska,105.17157661888632,-306.9707890972495,618.2077922858298,185.83588785072496,180,55,125,Sentinel Hub Statistical API / Sentinel-5P,P1D,good
spar_fire_2025,SPAR/BTC fire,industrial_fire,HCHO,µmol/m²,2025-12-12T00:00:00Z,2025-12-13T00:00:00Z,12,SI032,Podravska,12.249338707038335,-340.95559385605156,531.108002178371,201.71793766699022,180,57,123,Sentinel Hub Statistical API / Sentinel-5P,P1D,good
spar_fire_2025,SPAR/BTC fire,industrial_fire,HCHO,µmol/m²,2025-12-13T00:00:00Z,2025-12-14T00:00:00Z,13,SI032,Podravska,51.23123771357182,-344.5803886279464,530.7832034304738,172.24525069766466,180,75,105,Sentinel Hub Statistical API / Sentinel-5P,P1D,good
spar_fire_2025,SPAR/BTC fire,industrial_fire,HCHO,µmol/m²,2025-12-14T00:00:00Z,2025-12-15T00:00:00Z,14,SI032,Podravska,159.20567031051698,81.89741492969915,206.7945897579193,35.65970144306845,180,173,7,Sentinel Hub Statistical API / Sentinel-5P,P1D,partial
spar_fire_2025,SPAR/BTC fire,industrial_fire,HCHO,µmol/m²,2025-12-15T00:00:00Z,2025-12-16T00:00:00Z,15,SI032,Podravska,36.783189696305065,-185.97551388666034,313.5771257802844,128.1825077239729,180,162,18,Sentinel Hub Statistical API / Sentinel-5P,P1D,partial
spar_fire_2025,SPAR/BTC fire,industrial_fire,HCHO,µmol/m²,2025-12-16T00:00:00Z,2025-12-17T00:00:00Z,16,SI032,Podravska,,,,,180,180,0,Sentinel Hub Statistical API / Sentinel-5P,P1D,missing
spar_fire_2025,SPAR/BTC fire,industrial_fire,HCHO,µmol/m²,2025-12-17T00:00:00Z,2025-12-18T00:00:00Z,17,SI032,Podravska,-7.5496235467653605,-116.048424388282,83.83422391489148,71.42146377707442,180,176,4,Sentinel Hub Statistical API / Sentinel-5P,P1D,partial
spar_fire_2025,SPAR/BTC fire,industrial_fire,HCHO,µmol/m²,2025-12-18T00:00:00Z,2025-12-19T00:00:00Z,18,SI032,Podravska,81.00504422122863,-306.61452910862863,553.1053175218403,164.42083797053567,180,55,125,Sentinel Hub Statistical API / Sentinel-5P,P1D,good
spar_fire_2025,SPAR/BTC fire,industrial_fire,HCHO,µmol/m²,2025-12-19T00:00:00Z,2025-12-20T00:00:00Z,19,SI032,Podravska,,,,,180,180,0,Sentinel Hub Statistical API / Sentinel-5P,P1D,missing
spar_fire_2025,SPAR/BTC fire,industrial_fire,HCHO,µmol/m²,2025-12-20T00:00:00Z,2025-12-21T00:00:00Z,20,SI032,Podravska,97.29991493427572,-204.25031834747642,366.51917616836727,154.2260091626669,180,153,27,Sentinel Hub Statistical API / Sentinel-5P,P1D,partial
spar_fire_2025,SPAR/BTC fire,industrial_fire,HCHO,µmol/m²,2025-12-21T00:00:00Z,2025-12-22T00:00:00Z,21,SI032,Podravska,38.77030167132033,-209.93579528294504,293.4094227384776,149.22330455853924,180,158,22,Sentinel Hub Statistical API / Sentinel-5P,P1D,partial
spar_fire_2025,SPAR/BTC fire,industrial_fire,HCHO,µmol/m²,2025-12-22T00:00:00Z,2025-12-23T00:00:00Z,22,SI032,Podravska,-61.098474058477834,-108.89543045777828,-23.17127291462384,35.68582209807045,180,177,3,Sentinel Hub Statistical API / Sentinel-5P,P1D,partial
spar_fire_2025,SPAR/BTC fire,industrial_fire,HCHO,µmol/m²,2025-12-23T00:00:00Z,2025-12-24T00:00:00Z,23,SI032,Podravska,,,,,180,180,0,Sentinel Hub Statistical API / Sentinel-5P,P1D,missing
spar_fire_2025,SPAR/BTC fire,industrial_fire,HCHO,µmol/m²,2025-12-24T00:00:00Z,2025-12-25T00:00:00Z,24,SI032,Podravska,,,,,180,180,0,Sentinel Hub Statistical API / Sentinel-5P,P1D,missing
spar_fire_2025,SPAR/BTC fire,industrial_fire,HCHO,µmol/m²,2025-12-25T00:00:00Z,2025-12-26T00:00:00Z,25,SI032,Podravska,56.61094148249945,9.792095625016373,135.80046652350575,32.51117096151635,180,149,31,Sentinel Hub Statistical API / Sentinel-5P,P1D,partial
spar_fire_2025,SPAR/BTC fire,industrial_fire,HCHO,µmol/m²,2025-12-26T00:00:00Z,2025-12-27T00:00:00Z,26,SI032,Podravska,70.88614857080017,5.588802650891012,216.37124882545322,46.00496863611708,180,126,54,Sentinel Hub Statistical API / Sentinel-5P,P1D,partial
spar_fire_2025,SPAR/BTC fire,industrial_fire,HCHO,µmol/m²,2025-12-27T00:00:00Z,2025-12-28T00:00:00Z,27,SI032,Podravska,38.46710582723916,-213.38359510991722,253.03108850494027,90.27181727909218,180,114,66,Sentinel Hub Statistical API / Sentinel-5P,P1D,partial
spar_fire_2025,SPAR/BTC fire,industrial_fire,HCHO,µmol/m²,2025-12-28T00:00:00Z,2025-12-29T00:00:00Z,28,SI032,Podravska,50.606655955002324,-197.46166071854532,542.8182194009423,134.77631693454353,180,115,65,Sentinel Hub Statistical API / Sentinel-5P,P1D,partial
spar_fire_2025,SPAR/BTC fire,industrial_fire,HCHO,µmol/m²,2025-12-29T00:00:00Z,2025-12-30T00:00:00Z,29,SI032,Podravska,27.119943131274628,-261.9521110318601,382.0252022705972,135.71793192204603,180,117,63,Sentinel Hub Statistical API / Sentinel-5P,P1D,partial
spar_fire_2025,SPAR/BTC fire,industrial_fire,HCHO,µmol/m²,2025-12-30T00:00:00Z,2025-12-31T00:00:00Z,30,SI032,Podravska,,,,,180,180,0,Sentinel Hub Statistical API / Sentinel-5P,P1D,missing
spar_fire_2025,SPAR/BTC fire,industrial_fire,HCHO,µmol/m²,2025-12-31T00:00:00Z,2026-01-01T00:00:00Z,31,SI032,Podravska,77.71673584087574,-335.12242953293025,419.70808524638414,154.34884529356688,180,118,62,Sentinel Hub Statistical API / Sentinel-5P,P1D,partial
spar_fire_2025,SPAR/BTC fire,industrial_fire,HCHO,µmol/m²,2025-12-01T00:00:00Z,2025-12-02T00:00:00Z,1,SI033,Koroška,86.69583636825942,7.17007833372918,183.34972264710814,72.93762792259582,75,72,3,Sentinel Hub Statistical API / Sentinel-5P,P1D,partial
spar_fire_2025,SPAR/BTC fire,industrial_fire,HCHO,µmol/m²,2025-12-02T00:00:00Z,2025-12-03T00:00:00Z,2,SI033,Koroška,121.11296490123395,-336.0410628374666,641.1476642824709,204.95130052034054,75,30,45,Sentinel Hub Statistical API / Sentinel-5P,P1D,good
spar_fire_2025,SPAR/BTC fire,industrial_fire,HCHO,µmol/m²,2025-12-03T00:00:00Z,2025-12-04T00:00:00Z,3,SI033,Koroška,0.2664002127666684,-288.5687572415918,335.1198392920196,118.8845633367952,75,37,38,Sentinel Hub Statistical API / Sentinel-5P,P1D,good
spar_fire_2025,SPAR/BTC fire,industrial_fire,HCHO,µmol/m²,2025-12-04T00:00:00Z,2025-12-05T00:00:00Z,4,SI033,Koroška,,,,,75,75,0,Sentinel Hub Statistical API / Sentinel-5P,P1D,missing
spar_fire_2025,SPAR/BTC fire,industrial_fire,HCHO,µmol/m²,2025-12-05T00:00:00Z,2025-12-06T00:00:00Z,5,SI033,Koroška,42.918780958903625,9.04096941667376,107.60100121842697,28.344020711277455,75,61,14,Sentinel Hub Statistical API / Sentinel-5P,P1D,partial
spar_fire_2025,SPAR/BTC fire,industrial_fire,HCHO,µmol/m²,2025-12-06T00:00:00Z,2025-12-07T00:00:00Z,6,SI033,Koroška,83.22861079553454,36.02875585784204,149.5731994509697,48.290618754651796,75,72,3,Sentinel Hub Statistical API / Sentinel-5P,P1D,partial
spar_fire_2025,SPAR/BTC fire,industrial_fire,HCHO,µmol/m²,2025-12-07T00:00:00Z,2025-12-08T00:00:00Z,7,SI033,Koroška,0.8298657293738811,-352.45667095296085,244.86734764650464,137.35274127129375,75,42,33,Sentinel Hub Statistical API / Sentinel-5P,P1D,partial
spar_fire_2025,SPAR/BTC fire,industrial_fire,HCHO,µmol/m²,2025-12-08T00:00:00Z,2025-12-09T00:00:00Z,8,SI033,Koroška,90.21897130878642,48.735266318544745,131.7026762990281,41.48370499024168,75,73,2,Sentinel Hub Statistical API / Sentinel-5P,P1D,partial
spar_fire_2025,SPAR/BTC fire,industrial_fire,HCHO,µmol/m²,2025-12-09T00:00:00Z,2025-12-10T00:00:00Z,9,SI033,Koroška,95.32139647851844,-105.01510405447334,625.5727494135499,153.91526679816062,75,31,44,Sentinel Hub Statistical API / Sentinel-5P,P1D,good
spar_fire_2025,SPAR/BTC fire,industrial_fire,HCHO,µmol/m²,2025-12-10T00:00:00Z,2025-12-11T00:00:00Z,10,SI033,Koroška,32.44746538257459,-301.5628317371011,466.53690515086055,217.09756749622562,75,25,50,Sentinel Hub Statistical API / Sentinel-5P,P1D,good
spar_fire_2025,SPAR/BTC fire,industrial_fire,HCHO,µmol/m²,2025-12-11T00:00:00Z,2025-12-12T00:00:00Z,11,SI033,Koroška,93.19352898779061,-265.3811243362725,574.9457632191479,160.42580517793485,75,30,45,Sentinel Hub Statistical API / Sentinel-5P,P1D,good
spar_fire_2025,SPAR/BTC fire,industrial_fire,HCHO,µmol/m²,2025-12-12T00:00:00Z,2025-12-13T00:00:00Z,12,SI033,Koroška,-42.567581856375284,-326.1110105086118,347.9651059024036,141.30526885524966,75,29,46,Sentinel Hub Statistical API / Sentinel-5P,P1D,good
spar_fire_2025,SPAR/BTC fire,industrial_fire,HCHO,µmol/m²,2025-12-13T00:00:00Z,2025-12-14T00:00:00Z,13,SI033,Koroška,36.91813332504049,-221.44147078506649,270.270073087886,130.32171313087312,75,30,45,Sentinel Hub Statistical API / Sentinel-5P,P1D,good
spar_fire_2025,SPAR/BTC fire,industrial_fire,HCHO,µmol/m²,2025-12-14T00:00:00Z,2025-12-15T00:00:00Z,14,SI033,Koroška,137.85846999780915,-65.16784196719527,422.9797050356865,140.72806818668272,75,43,32,Sentinel Hub Statistical API / Sentinel-5P,P1D,partial
spar_fire_2025,SPAR/BTC fire,industrial_fire,HCHO,µmol/m²,2025-12-15T00:00:00Z,2025-12-16T00:00:00Z,15,SI033,Koroška,44.3771262306403,-207.0928894681856,342.84626599401236,143.90444392956044,75,28,47,Sentinel Hub Statistical API / Sentinel-5P,P1D,good
spar_fire_2025,SPAR/BTC fire,industrial_fire,HCHO,µmol/m²,2025-12-16T00:00:00Z,2025-12-17T00:00:00Z,16,SI033,Koroška,58.63353471795563,-291.6491648647934,477.27645142003894,177.442861393571,75,50,25,Sentinel Hub Statistical API / Sentinel-5P,P1D,partial
spar_fire_2025,SPAR/BTC fire,industrial_fire,HCHO,µmol/m²,2025-12-17T00:00:00Z,2025-12-18T00:00:00Z,17,SI033,Koroška,41.872047859214945,-7.1971385295910295,84.09291331190616,37.582292071655516,75,72,3,Sentinel Hub Statistical API / Sentinel-5P,P1D,partial
spar_fire_2025,SPAR/BTC fire,industrial_fire,HCHO,µmol/m²,2025-12-18T00:00:00Z,2025-12-19T00:00:00Z,18,SI033,Koroška,64.53143016389933,-282.3778777383268,519.6927231736481,162.7410645488681,75,30,45,Sentinel Hub Statistical API / Sentinel-5P,P1D,good
spar_fire_2025,SPAR/BTC fire,industrial_fire,HCHO,µmol/m²,2025-12-19T00:00:00Z,2025-12-20T00:00:00Z,19,SI033,Koroška,,,,,75,75,0,Sentinel Hub Statistical API / Sentinel-5P,P1D,missing
spar_fire_2025,SPAR/BTC fire,industrial_fire,HCHO,µmol/m²,2025-12-20T00:00:00Z,2025-12-21T00:00:00Z,20,SI033,Koroška,62.796665361020146,-270.6616069190204,323.81905475631356,139.7902952293694,75,27,48,Sentinel Hub Statistical API / Sentinel-5P,P1D,good
spar_fire_2025,SPAR/BTC fire,industrial_fire,HCHO,µmol/m²,2025-12-21T00:00:00Z,2025-12-22T00:00:00Z,21,SI033,Koroška,40.78129117601748,-345.57777689769864,333.71165045537055,151.88740834034166,75,43,32,Sentinel Hub Statistical API / Sentinel-5P,P1D,partial
spar_fire_2025,SPAR/BTC fire,industrial_fire,HCHO,µmol/m²,2025-12-22T00:00:00Z,2025-12-23T00:00:00Z,22,SI033,Koroška,54.228805674938485,-23.17127291462384,110.92345812357962,44.111354080546555,75,70,5,Sentinel Hub Statistical API / Sentinel-5P,P1D,partial
spar_fire_2025,SPAR/BTC fire,industrial_fire,HCHO,µmol/m²,2025-12-23T00:00:00Z,2025-12-24T00:00:00Z,23,SI033,Koroška,28.258478088282068,-31.616717024007812,74.67295654350892,32.54660212100639,75,66,9,Sentinel Hub Statistical API / Sentinel-5P,P1D,partial
spar_fire_2025,SPAR/BTC fire,industrial_fire,HCHO,µmol/m²,2025-12-24T00:00:00Z,2025-12-25T00:00:00Z,24,SI033,Koroška,,,,,75,75,0,Sentinel Hub Statistical API / Sentinel-5P,P1D,missing
spar_fire_2025,SPAR/BTC fire,industrial_fire,HCHO,µmol/m²,2025-12-25T00:00:00Z,2025-12-26T00:00:00Z,25,SI033,Koroška,54.63616465970109,6.64402250549756,168.10244414955378,42.47647608864113,75,28,47,Sentinel Hub Statistical API / Sentinel-5P,P1D,good
spar_fire_2025,SPAR/BTC fire,industrial_fire,HCHO,µmol/m²,2025-12-26T00:00:00Z,2025-12-27T00:00:00Z,26,SI033,Koroška,75.04372093963492,16.030082406359725,216.37124882545322,56.30911128075956,75,41,34,Sentinel Hub Statistical API / Sentinel-5P,P1D,partial
spar_fire_2025,SPAR/BTC fire,industrial_fire,HCHO,µmol/m²,2025-12-27T00:00:00Z,2025-12-28T00:00:00Z,27,SI033,Koroška,56.86417534889188,11.404990800656378,139.28094995208085,36.12786609952313,75,66,9,Sentinel Hub Statistical API / Sentinel-5P,P1D,partial
spar_fire_2025,SPAR/BTC fire,industrial_fire,HCHO,µmol/m²,2025-12-28T00:00:00Z,2025-12-29T00:00:00Z,28,SI033,Koroška,58.860159957215984,6.490770829259418,124.19045378919691,32.25533734211445,75,40,35,Sentinel Hub Statistical API / Sentinel-5P,P1D,partial
spar_fire_2025,SPAR/BTC fire,industrial_fire,HCHO,µmol/m²,2025-12-29T00:00:00Z,2025-12-30T00:00:00Z,29,SI033,Koroška,53.05076774675399,53.05076774675399,53.05076774675399,0.0,75,74,1,Sentinel Hub Statistical API / Sentinel-5P,P1D,partial
spar_fire_2025,SPAR/BTC fire,industrial_fire,HCHO,µmol/m²,2025-12-30T00:00:00Z,2025-12-31T00:00:00Z,30,SI033,Koroška,59.20507382225794,10.397486221336294,136.4979543723166,54.14057296187629,75,64,11,Sentinel Hub Statistical API / Sentinel-5P,P1D,partial
spar_fire_2025,SPAR/BTC fire,industrial_fire,HCHO,µmol/m²,2025-12-31T00:00:00Z,2026-01-01T00:00:00Z,31,SI033,Koroška,,,,,75,75,0,Sentinel Hub Statistical API / Sentinel-5P,P1D,missing
spar_fire_2025,SPAR/BTC fire,industrial_fire,HCHO,µmol/m²,2025-12-01T00:00:00Z,2025-12-02T00:00:00Z,1,SI034,Savinjska,-20.322320738363377,-371.5836792252958,482.80373448506,218.00131971221995,225,158,67,Sentinel Hub Statistical API / Sentinel-5P,P1D,partial
spar_fire_2025,SPAR/BTC fire,industrial_fire,HCHO,µmol/m²,2025-12-02T00:00:00Z,2025-12-03T00:00:00Z,2,SI034,Savinjska,141.53707395182985,-336.0410628374666,641.1476642824709,226.10714184861894,225,197,28,Sentinel Hub Statistical API / Sentinel-5P,P1D,partial
spar_fire_2025,SPAR/BTC fire,industrial_fire,HCHO,µmol/m²,2025-12-03T00:00:00Z,2025-12-04T00:00:00Z,3,SI034,Savinjska,103.57530996331882,-105.99304368952289,373.9133826456964,113.35153601476607,225,196,29,Sentinel Hub Statistical API / Sentinel-5P,P1D,partial
spar_fire_2025,SPAR/BTC fire,industrial_fire,HCHO,µmol/m²,2025-12-04T00:00:00Z,2025-12-05T00:00:00Z,4,SI034,Savinjska,,,,,225,225,0,Sentinel Hub Statistical API / Sentinel-5P,P1D,missing
spar_fire_2025,SPAR/BTC fire,industrial_fire,HCHO,µmol/m²,2025-12-05T00:00:00Z,2025-12-06T00:00:00Z,5,SI034,Savinjska,55.20417761424983,-117.66164243454114,396.13686385564506,121.65019167541841,225,172,53,Sentinel Hub Statistical API / Sentinel-5P,P1D,partial
spar_fire_2025,SPAR/BTC fire,industrial_fire,HCHO,µmol/m²,2025-12-06T00:00:00Z,2025-12-07T00:00:00Z,6,SI034,Savinjska,61.9463866314618,15.5422676471062,149.5731994509697,49.88064123819362,225,220,5,Sentinel Hub Statistical API / Sentinel-5P,P1D,partial
spar_fire_2025,SPAR/BTC fire,industrial_fire,HCHO,µmol/m²,2025-12-07T00:00:00Z,2025-12-08T00:00:00Z,7,SI034,Savinjska,50.90163042609673,-324.0194055251777,477.0760133396834,179.03755517132353,225,125,100,Sentinel Hub Statistical API / Sentinel-5P,P1D,partial
spar_fire_2025,SPAR/BTC fire,industrial_fire,HCHO,µmol/m²,2025-12-08T00:00:00Z,2025-12-09T00:00:00Z,8,SI034,Savinjska,107.69035738381457,-116.81392788887024,473.25860941782594,166.3788382183382,225,218,7,Sentinel Hub Statistical API / Sentinel-5P,P1D,partial
spar_fire_2025,SPAR/BTC fire,industrial_fire,HCHO,µmol/m²,2025-12-09T00:00:00Z,2025-12-10T00:00:00Z,9,SI034,Savinjska,101.30973313948745,-281.9964138325304,625.5727494135499,181.88374047262153,225,101,124,Sentinel Hub Statistical API / Sentinel-5P,P1D,good
spar_fire_2025,SPAR/BTC fire,industrial_fire,HCHO,µmol/m²,2025-12-10T00:00:00Z,2025-12-11T00:00:00Z,10,SI034,Savinjska,31.569291507366845,-299.2185764014721,552.416080608964,204.91860487668467,225,100,125,Sentinel Hub Statistical API / Sentinel-5P,P1D,good
spar_fire_2025,SPAR/BTC fire,industrial_fire,HCHO,µmol/m²,2025-12-11T00:00:00Z,2025-12-12T00:00:00Z,11,SI034,Savinjska,75.90819736120642,-306.34418362751603,543.5662460513413,165.6023051769531,225,103,122,Sentinel Hub Statistical API / Sentinel-5P,P1D,good
spar_fire_2025,SPAR/BTC fire,industrial_fire,HCHO,µmol/m²,2025-12-12T00:00:00Z,2025-12-13T00:00:00Z,12,SI034,Savinjska,34.18380149488758,-342.2457375563681,459.80571303516626,180.67445962371912,225,109,116,Sentinel Hub Statistical API / Sentinel-5P,P1D,good
spar_fire_2025,SPAR/BTC fire,industrial_fire,HCHO,µmol/m²,2025-12-13T00:00:00Z,2025-12-14T00:00:00Z,13,SI034,Savinjska,39.28355479843049,-344.5803886279464,469.629856524989,142.76077682884178,225,113,112,Sentinel Hub Statistical API / Sentinel-5P,P1D,partial
spar_fire_2025,SPAR/BTC fire,industrial_fire,HCHO,µmol/m²,2025-12-14T00:00:00Z,2025-12-15T00:00:00Z,14,SI034,Savinjska,165.42606203984184,-16.803580365376547,422.9797050356865,131.44927827972865,225,193,32,Sentinel Hub Statistical API / Sentinel-5P,P1D,partial
spar_fire_2025,SPAR/BTC fire,industrial_fire,HCHO,µmol/m²,2025-12-15T00:00:00Z,2025-12-16T00:00:00Z,15,SI034,Savinjska,65.23162027034729,-240.77497073449194,419.74784107878804,157.33531394030462,225,154,71,Sentinel Hub Statistical API / Sentinel-5P,P1D,partial
spar_fire_2025,SPAR/BTC fire,industrial_fire,HCHO,µmol/m²,2025-12-16T00:00:00Z,2025-12-17T00:00:00Z,16,SI034,Savinjska,16.728867842630287,-296.1561840493232,302.1910379175097,173.93784886082025,225,180,45,Sentinel Hub Statistical API / Sentinel-5P,P1D,partial
spar_fire_2025,SPAR/BTC fire,industrial_fire,HCHO,µmol/m²,2025-12-17T00:00:00Z,2025-12-18T00:00:00Z,17,SI034,Savinjska,43.545731614358374,11.699423339450732,110.95487570855767,32.89756742896695,225,217,8,Sentinel Hub Statistical API / Sentinel-5P,P1D,partial
spar_fire_2025,SPAR/BTC fire,industrial_fire,HCHO,µmol/m²,2025-12-18T00:00:00Z,2025-12-19T00:00:00Z,18,SI034,Savinjska,53.812463578815645,-354.18348852545023,539.452419616282,192.15037412793015,225,103,122,Sentinel Hub Statistical API / Sentinel-5P,P1D,good
spar_fire_2025,SPAR/BTC fire,industrial_fire,HCHO,µmol/m²,2025-12-19T00:00:00Z,2025-12-20T00:00:00Z,19,SI034,Savinjska,,,,,225,225,0,Sentinel Hub Statistical API / Sentinel-5P,P1D,missing
spar_fire_2025,SPAR/BTC fire,industrial_fire,HCHO,µmol/m²,2025-12-20T00:00:00Z,2025-12-21T00:00:00Z,20,SI034,Savinjska,74.05536888212877,-180.15774548985064,327.39396556280553,109.72014284681727,225,119,106,Sentinel Hub Statistical API / Sentinel-5P,P1D,partial
spar_fire_2025,SPAR/BTC fire,industrial_fire,HCHO,µmol/m²,2025-12-21T00:00:00Z,2025-12-22T00:00:00Z,21,SI034,Savinjska,60.3663838110909,-345.57777689769864,429.0351353120059,150.64538911956856,225,177,48,Sentinel Hub Statistical API / Sentinel-5P,P1D,partial
spar_fire_2025,SPAR/BTC fire,industrial_fire,HCHO,µmol/m²,2025-12-22T00:00:00Z,2025-12-23T00:00:00Z,22,SI034,Savinjska,36.38330190369743,-108.89543045777828,110.92345812357962,55.13748732758231,225,209,16,Sentinel Hub Statistical API / Sentinel-5P,P1D,partial
spar_fire_2025,SPAR/BTC fire,industrial_fire,HCHO,µmol/m²,2025-12-23T00:00:00Z,2025-12-24T00:00:00Z,23,SI034,Savinjska,41.52409314883699,-31.616717024007812,92.55880286218598,29.27971464297923,225,209,16,Sentinel Hub Statistical API / Sentinel-5P,P1D,partial
spar_fire_2025,SPAR/BTC fire,industrial_fire,HCHO,µmol/m²,2025-12-24T00:00:00Z,2025-12-25T00:00:00Z,24,SI034,Savinjska,,,,,225,225,0,Sentinel Hub Statistical API / Sentinel-5P,P1D,missing
spar_fire_2025,SPAR/BTC fire,industrial_fire,HCHO,µmol/m²,2025-12-25T00:00:00Z,2025-12-26T00:00:00Z,25,SI034,Savinjska,58.38688095555153,4.716647254099371,168.10244414955378,37.753686589650414,225,126,99,Sentinel Hub Statistical API / Sentinel-5P,P1D,partial
spar_fire_2025,SPAR/BTC fire,industrial_fire,HCHO,µmol/m²,2025-12-26T00:00:00Z,2025-12-27T00:00:00Z,26,SI034,Savinjska,59.00660043649127,8.538404472346883,180.1650068955496,33.28263865602617,225,137,88,Sentinel Hub Statistical API / Sentinel-5P,P1D,partial
spar_fire_2025,SPAR/BTC fire,industrial_fire,HCHO,µmol/m²,2025-12-27T00:00:00Z,2025-12-28T00:00:00Z,27,SI034,Savinjska,45.64895486206903,-90.568202722352,214.812986087054,68.28912918899834,225,207,18,Sentinel Hub Statistical API / Sentinel-5P,P1D,partial
spar_fire_2025,SPAR/BTC fire,industrial_fire,HCHO,µmol/m²,2025-12-28T00:00:00Z,2025-12-29T00:00:00Z,28,SI034,Savinjska,56.74613561900009,5.692804279533448,150.78882279340178,36.40528660524645,225,180,45,Sentinel Hub Statistical API / Sentinel-5P,P1D,partial
spar_fire_2025,SPAR/BTC fire,industrial_fire,HCHO,µmol/m²,2025-12-29T00:00:00Z,2025-12-30T00:00:00Z,29,SI034,Savinjska,77.12188889854588,10.360467967984732,127.3132220376283,39.375222683161475,225,215,10,Sentinel Hub Statistical API / Sentinel-5P,P1D,partial
spar_fire_2025,SPAR/BTC fire,industrial_fire,HCHO,µmol/m²,2025-12-30T00:00:00Z,2025-12-31T00:00:00Z,30,SI034,Savinjska,67.68355020044095,10.397486221336294,138.03040201310068,37.958103876208725,225,170,55,Sentinel Hub Statistical API / Sentinel-5P,P1D,partial
spar_fire_2025,SPAR/BTC fire,industrial_fire,HCHO,µmol/m²,2025-12-31T00:00:00Z,2026-01-01T00:00:00Z,31,SI034,Savinjska,79.19409093422776,-89.33185017667711,242.26497043855488,126.66918676700935,225,216,9,Sentinel Hub Statistical API / Sentinel-5P,P1D,partial
spar_fire_2025,SPAR/BTC fire,industrial_fire,HCHO,µmol/m²,2025-12-01T00:00:00Z,2025-12-02T00:00:00Z,1,SI035,Zasavska,64.92338201756604,-327.1589521318674,485.97404384054244,206.4948662599016,45,10,35,Sentinel Hub Statistical API / Sentinel-5P,P1D,good
spar_fire_2025,SPAR/BTC fire,industrial_fire,HCHO,µmol/m²,2025-12-02T00:00:00Z,2025-12-03T00:00:00Z,2,SI035,Zasavska,,,,,45,45,0,Sentinel Hub Statistical API / Sentinel-5P,P1D,missing
spar_fire_2025,SPAR/BTC fire,industrial_fire,HCHO,µmol/m²,2025-12-03T00:00:00Z,2025-12-04T00:00:00Z,3,SI035,Zasavska,141.8723404640332,141.8723404640332,141.8723404640332,0.0,45,43,2,Sentinel Hub Statistical API / Sentinel-5P,P1D,partial
spar_fire_2025,SPAR/BTC fire,industrial_fire,HCHO,µmol/m²,2025-12-04T00:00:00Z,2025-12-05T00:00:00Z,4,SI035,Zasavska,,,,,45,45,0,Sentinel Hub Statistical API / Sentinel-5P,P1D,missing
spar_fire_2025,SPAR/BTC fire,industrial_fire,HCHO,µmol/m²,2025-12-05T00:00:00Z,2025-12-06T00:00:00Z,5,SI035,Zasavska,62.55362000552446,-108.32179395947605,466.6547174565494,160.45330307085632,45,27,18,Sentinel Hub Statistical API / Sentinel-5P,P1D,partial
spar_fire_2025,SPAR/BTC fire,industrial_fire,HCHO,µmol/m²,2025-12-06T00:00:00Z,2025-12-07T00:00:00Z,6,SI035,Zasavska,,,,,45,45,0,Sentinel Hub Statistical API / Sentinel-5P,P1D,missing
spar_fire_2025,SPAR/BTC fire,industrial_fire,HCHO,µmol/m²,2025-12-07T00:00:00Z,2025-12-08T00:00:00Z,7,SI035,Zasavska,42.82305765347981,-366.58349563367665,403.9610212203115,175.85199231876254,45,19,26,Sentinel Hub Statistical API / Sentinel-5P,P1D,good
spar_fire_2025,SPAR/BTC fire,industrial_fire,HCHO,µmol/m²,2025-12-08T00:00:00Z,2025-12-09T00:00:00Z,8,SI035,Zasavska,,,,,45,45,0,Sentinel Hub Statistical API / Sentinel-5P,P1D,missing
spar_fire_2025,SPAR/BTC fire,industrial_fire,HCHO,µmol/m²,2025-12-09T00:00:00Z,2025-12-10T00:00:00Z,9,SI035,Zasavska,106.51828831344443,-91.31904516834766,492.10444558411837,151.3524345954785,45,10,35,Sentinel Hub Statistical API / Sentinel-5P,P1D,good
spar_fire_2025,SPAR/BTC fire,industrial_fire,HCHO,µmol/m²,2025-12-10T00:00:00Z,2025-12-11T00:00:00Z,10,SI035,Zasavska,67.78863260998541,-361.4941088017076,361.76209687255323,149.74551149536637,45,10,35,Sentinel Hub Statistical API / Sentinel-5P,P1D,good
spar_fire_2025,SPAR/BTC fire,industrial_fire,HCHO,µmol/m²,2025-12-11T00:00:00Z,2025-12-12T00:00:00Z,11,SI035,Zasavska,-4.930935473465875,-153.46203872468323,172.8474599076435,93.55814202065942,45,36,9,Sentinel Hub Statistical API / Sentinel-5P,P1D,partial
spar_fire_2025,SPAR/BTC fire,industrial_fire,HCHO,µmol/m²,2025-12-12T00:00:00Z,2025-12-13T00:00:00Z,12,SI035,Zasavska,-19.634604768725698,-300.91547523625195,301.1260414496064,153.39172031157767,45,11,34,Sentinel Hub Statistical API / Sentinel-5P,P1D,good
spar_fire_2025,SPAR/BTC fire,industrial_fire,HCHO,µmol/m²,2025-12-13T00:00:00Z,2025-12-14T00:00:00Z,13,SI035,Zasavska,126.13975068234137,-221.88406728673726,394.83795990236104,149.9903218733292,45,10,35,Sentinel Hub Statistical API / Sentinel-5P,P1D,good
spar_fire_2025,SPAR/BTC fire,industrial_fire,HCHO,µmol/m²,2025-12-14T00:00:00Z,2025-12-15T00:00:00Z,14,SI035,Zasavska,,,,,45,45,0,Sentinel Hub Statistical API / Sentinel-5P,P1D,missing
spar_fire_2025,SPAR/BTC fire,industrial_fire,HCHO,µmol/m²,2025-12-15T00:00:00Z,2025-12-16T00:00:00Z,15,SI035,Zasavska,85.28035148186778,-214.98673595488071,465.45773511752486,158.52886759930544,45,11,34,Sentinel Hub Statistical API / Sentinel-5P,P1D,good
spar_fire_2025,SPAR/BTC fire,industrial_fire,HCHO,µmol/m²,2025-12-16T00:00:00Z,2025-12-17T00:00:00Z,16,SI035,Zasavska,125.14084651496992,-106.51856428012252,514.3447779119015,161.90868733959044,45,11,34,Sentinel Hub Statistical API / Sentinel-5P,P1D,good
spar_fire_2025,SPAR/BTC fire,industrial_fire,HCHO,µmol/m²,2025-12-17T00:00:00Z,2025-12-18T00:00:00Z,17,SI035,Zasavska,53.47959881873977,-147.46359374839813,244.77308033965528,109.16983223770322,45,35,10,Sentinel Hub Statistical API / Sentinel-5P,P1D,partial
spar_fire_2025,SPAR/BTC fire,industrial_fire,HCHO,µmol/m²,2025-12-18T00:00:00Z,2025-12-19T00:00:00Z,18,SI035,Zasavska,19.537441282997914,-332.47642568312585,225.75461480300874,146.16675281409948,45,28,17,Sentinel Hub Statistical API / Sentinel-5P,P1D,partial
spar_fire_2025,SPAR/BTC fire,industrial_fire,HCHO,µmol/m²,2025-12-19T00:00:00Z,2025-12-20T00:00:00Z,19,SI035,Zasavska,68.62435629255533,-311.315554426983,551.7611280083656,251.65719125803878,45,19,26,Sentinel Hub Statistical API / Sentinel-5P,P1D,good
spar_fire_2025,SPAR/BTC fire,industrial_fire,HCHO,µmol/m²,2025-12-20T00:00:00Z,2025-12-21T00:00:00Z,20,SI035,Zasavska,24.110439963723447,-39.722799556329846,88.28604768496007,50.22924192581878,45,34,11,Sentinel Hub Statistical API / Sentinel-5P,P1D,partial
spar_fire_2025,SPAR/BTC fire,industrial_fire,HCHO,µmol/m²,2025-12-21T00:00:00Z,2025-12-22T00:00:00Z,21,SI035,Zasavska,,,,,45,45,0,Sentinel Hub Statistical API / Sentinel-5P,P1D,missing
spar_fire_2025,SPAR/BTC fire,industrial_fire,HCHO,µmol/m²,2025-12-22T00:00:00Z,2025-12-23T00:00:00Z,22,SI035,Zasavska,,,,,45,45,0,Sentinel Hub Statistical API / Sentinel-5P,P1D,missing
spar_fire_2025,SPAR/BTC fire,industrial_fire,HCHO,µmol/m²,2025-12-23T00:00:00Z,2025-12-24T00:00:00Z,23,SI035,Zasavska,-11.94053766084835,-11.94053766084835,-11.94053766084835,0.0,45,44,1,Sentinel Hub Statistical API / Sentinel-5P,P1D,partial
spar_fire_2025,SPAR/BTC fire,industrial_fire,HCHO,µmol/m²,2025-12-24T00:00:00Z,2025-12-25T00:00:00Z,24,SI035,Zasavska,,,,,45,45,0,Sentinel Hub Statistical API / Sentinel-5P,P1D,missing
spar_fire_2025,SPAR/BTC fire,industrial_fire,HCHO,µmol/m²,2025-12-25T00:00:00Z,2025-12-26T00:00:00Z,25,SI035,Zasavska,80.23211985881277,15.023284504422918,130.48568507656455,38.90670995818791,45,28,17,Sentinel Hub Statistical API / Sentinel-5P,P1D,partial
spar_fire_2025,SPAR/BTC fire,industrial_fire,HCHO,µmol/m²,2025-12-26T00:00:00Z,2025-12-27T00:00:00Z,26,SI035,Zasavska,62.14162756266349,15.699326468165964,185.23255130276084,36.50469661516662,45,18,27,Sentinel Hub Statistical API / Sentinel-5P,P1D,good
spar_fire_2025,SPAR/BTC fire,industrial_fire,HCHO,µmol/m²,2025-12-27T00:00:00Z,2025-12-28T00:00:00Z,27,SI035,Zasavska,83.01965244754683,10.574794941931032,135.6100692646578,50.936722569299526,45,40,5,Sentinel Hub Statistical API / Sentinel-5P,P1D,partial
spar_fire_2025,SPAR/BTC fire,industrial_fire,HCHO,µmol/m²,2025-12-28T00:00:00Z,2025-12-29T00:00:00Z,28,SI035,Zasavska,49.66965740701804,11.52724234998459,113.28607070026919,29.860986934997104,45,30,15,Sentinel Hub Statistical API / Sentinel-5P,P1D,partial
spar_fire_2025,SPAR/BTC fire,industrial_fire,HCHO,µmol/m²,2025-12-29T00:00:00Z,2025-12-30T00:00:00Z,29,SI035,Zasavska,179.48003369383514,57.66979302279651,301.29027436487377,121.81024067103863,45,43,2,Sentinel Hub Statistical API / Sentinel-5P,P1D,partial
spar_fire_2025,SPAR/BTC fire,industrial_fire,HCHO,µmol/m²,2025-12-30T00:00:00Z,2025-12-31T00:00:00Z,30,SI035,Zasavska,75.28721762355417,32.53894828958437,196.8925353139639,38.2311378589948,45,30,15,Sentinel Hub Statistical API / Sentinel-5P,P1D,partial
spar_fire_2025,SPAR/BTC fire,industrial_fire,HCHO,µmol/m²,2025-12-31T00:00:00Z,2026-01-01T00:00:00Z,31,SI035,Zasavska,,,,,45,45,0,Sentinel Hub Statistical API / Sentinel-5P,P1D,missing
spar_fire_2025,SPAR/BTC fire,industrial_fire,HCHO,µmol/m²,2025-12-01T00:00:00Z,2025-12-02T00:00:00Z,1,SI036,Posavska,47.22109250110408,-365.74219120666385,647.3196553997695,232.07937801624652,78,22,56,Sentinel Hub Statistical API / Sentinel-5P,P1D,good
spar_fire_2025,SPAR/BTC fire,industrial_fire,HCHO,µmol/m²,2025-12-02T00:00:00Z,2025-12-03T00:00:00Z,2,SI036,Posavska,,,,,78,78,0,Sentinel Hub Statistical API / Sentinel-5P,P1D,missing
spar_fire_2025,SPAR/BTC fire,industrial_fire,HCHO,µmol/m²,2025-12-03T00:00:00Z,2025-12-04T00:00:00Z,3,SI036,Posavska,,,,,78,78,0,Sentinel Hub Statistical API / Sentinel-5P,P1D,missing
spar_fire_2025,SPAR/BTC fire,industrial_fire,HCHO,µmol/m²,2025-12-04T00:00:00Z,2025-12-05T00:00:00Z,4,SI036,Posavska,,,,,78,78,0,Sentinel Hub Statistical API / Sentinel-5P,P1D,missing
spar_fire_2025,SPAR/BTC fire,industrial_fire,HCHO,µmol/m²,2025-12-05T00:00:00Z,2025-12-06T00:00:00Z,5,SI036,Posavska,212.33100046304443,-33.211625122930855,402.24447729997337,146.5395091701868,78,64,14,Sentinel Hub Statistical API / Sentinel-5P,P1D,partial
spar_fire_2025,SPAR/BTC fire,industrial_fire,HCHO,µmol/m²,2025-12-06T00:00:00Z,2025-12-07T00:00:00Z,6,SI036,Posavska,,,,,78,78,0,Sentinel Hub Statistical API / Sentinel-5P,P1D,missing
spar_fire_2025,SPAR/BTC fire,industrial_fire,HCHO,µmol/m²,2025-12-07T00:00:00Z,2025-12-08T00:00:00Z,7,SI036,Posavska,80.02089681479542,-281.472341157496,493.3978780172765,174.32941472497444,78,20,58,Sentinel Hub Statistical API / Sentinel-5P,P1D,good
spar_fire_2025,SPAR/BTC fire,industrial_fire,HCHO,µmol/m²,2025-12-08T00:00:00Z,2025-12-09T00:00:00Z,8,SI036,Posavska,106.7248828121592,-295.01024982891977,620.3167140483856,291.61240320965925,78,62,16,Sentinel Hub Statistical API / Sentinel-5P,P1D,partial
spar_fire_2025,SPAR/BTC fire,industrial_fire,HCHO,µmol/m²,2025-12-09T00:00:00Z,2025-12-10T00:00:00Z,9,SI036,Posavska,87.08468204392794,-125.52562111523002,492.10444558411837,144.1481906870371,78,19,59,Sentinel Hub Statistical API / Sentinel-5P,P1D,good
spar_fire_2025,SPAR/BTC fire,industrial_fire,HCHO,µmol/m²,2025-12-10T00:00:00Z,2025-12-11T00:00:00Z,10,SI036,Posavska,102.60918598390363,-300.0014694407582,422.4969306960702,171.24309137309137,78,19,59,Sentinel Hub Statistical API / Sentinel-5P,P1D,good
spar_fire_2025,SPAR/BTC fire,industrial_fire,HCHO,µmol/m²,2025-12-11T00:00:00Z,2025-12-12T00:00:00Z,11,SI036,Posavska,95.42161792523986,-268.07209360413253,501.963309943676,176.7280350592427,78,28,50,Sentinel Hub Statistical API / Sentinel-5P,P1D,good
spar_fire_2025,SPAR/BTC fire,industrial_fire,HCHO,µmol/m²,2025-12-12T00:00:00Z,2025-12-13T00:00:00Z,12,SI036,Posavska,22.526500288222444,-345.9579893387854,282.94429648667574,155.71224201829602,78,20,58,Sentinel Hub Statistical API / Sentinel-5P,P1D,good
spar_fire_2025,SPAR/BTC fire,industrial_fire,HCHO,µmol/m²,2025-12-13T00:00:00Z,2025-12-14T00:00:00Z,13,SI036,Posavska,50.25598716770218,-155.05596820730716,310.5317591689527,90.49447729483691,78,38,40,Sentinel Hub Statistical API / Sentinel-5P,P1D,good
spar_fire_2025,SPAR/BTC fire,industrial_fire,HCHO,µmol/m²,2025-12-14T00:00:00Z,2025-12-15T00:00:00Z,14,SI036,Posavska,,,,,78,78,0,Sentinel Hub Statistical API / Sentinel-5P,P1D,missing
spar_fire_2025,SPAR/BTC fire,industrial_fire,HCHO,µmol/m²,2025-12-15T00:00:00Z,2025-12-16T00:00:00Z,15,SI036,Posavska,22.766515301500785,-211.1223730025813,311.14823650568724,148.2593921426543,78,67,11,Sentinel Hub Statistical API / Sentinel-5P,P1D,partial
spar_fire_2025,SPAR/BTC fire,industrial_fire,HCHO,µmol/m²,2025-12-16T00:00:00Z,2025-12-17T00:00:00Z,16,SI036,Posavska,28.841255243605694,-106.1547445715405,269.53473570756614,109.96519881766767,78,62,16,Sentinel Hub Statistical API / Sentinel-5P,P1D,partial
spar_fire_2025,SPAR/BTC fire,industrial_fire,HCHO,µmol/m²,2025-12-17T00:00:00Z,2025-12-18T00:00:00Z,17,SI036,Posavska,,,,,78,78,0,Sentinel Hub Statistical API / Sentinel-5P,P1D,missing
spar_fire_2025,SPAR/BTC fire,industrial_fire,HCHO,µmol/m²,2025-12-18T00:00:00Z,2025-12-19T00:00:00Z,18,SI036,Posavska,108.39114776458544,-308.75433003529906,539.452419616282,183.68144547208811,78,19,59,Sentinel Hub Statistical API / Sentinel-5P,P1D,good
spar_fire_2025,SPAR/BTC fire,industrial_fire,HCHO,µmol/m²,2025-12-19T00:00:00Z,2025-12-20T00:00:00Z,19,SI036,Posavska,194.30155954626483,-100.66250979434699,551.7611280083656,187.64727181798528,78,47,31,Sentinel Hub Statistical API / Sentinel-5P,P1D,partial
spar_fire_2025,SPAR/BTC fire,industrial_fire,HCHO,µmol/m²,2025-12-20T00:00:00Z,2025-12-21T00:00:00Z,20,SI036,Posavska,17.426494095060562,-126.83123350143433,197.9633088922128,131.47264715657394,78,69,9,Sentinel Hub Statistical API / Sentinel-5P,P1D,partial
spar_fire_2025,SPAR/BTC fire,industrial_fire,HCHO,µmol/m²,2025-12-21T00:00:00Z,2025-12-22T00:00:00Z,21,SI036,Posavska,,,,,78,78,0,Sentinel Hub Statistical API / Sentinel-5P,P1D,missing
spar_fire_2025,SPAR/BTC fire,industrial_fire,HCHO,µmol/m²,2025-12-22T00:00:00Z,2025-12-23T00:00:00Z,22,SI036,Posavska,,,,,78,78,0,Sentinel Hub Statistical API / Sentinel-5P,P1D,missing
spar_fire_2025,SPAR/BTC fire,industrial_fire,HCHO,µmol/m²,2025-12-23T00:00:00Z,2025-12-24T00:00:00Z,23,SI036,Posavska,,,,,78,78,0,Sentinel Hub Statistical API / Sentinel-5P,P1D,missing
spar_fire_2025,SPAR/BTC fire,industrial_fire,HCHO,µmol/m²,2025-12-24T00:00:00Z,2025-12-25T00:00:00Z,24,SI036,Posavska,,,,,78,78,0,Sentinel Hub Statistical API / Sentinel-5P,P1D,missing
spar_fire_2025,SPAR/BTC fire,industrial_fire,HCHO,µmol/m²,2025-12-25T00:00:00Z,2025-12-26T00:00:00Z,25,SI036,Posavska,43.58849013363436,9.00777376955375,144.74321505986154,36.11420802142295,78,55,23,Sentinel Hub Statistical API / Sentinel-5P,P1D,partial
spar_fire_2025,SPAR/BTC fire,industrial_fire,HCHO,µmol/m²,2025-12-26T00:00:00Z,2025-12-27T00:00:00Z,26,SI036,Posavska,37.7177680093155,6.068322818464367,84.17971548624337,23.243301467871056,78,41,37,Sentinel Hub Statistical API / Sentinel-5P,P1D,partial
spar_fire_2025,SPAR/BTC fire,industrial_fire,HCHO,µmol/m²,2025-12-27T00:00:00Z,2025-12-28T00:00:00Z,27,SI036,Posavska,73.9675795102812,7.328823812713381,214.812986087054,58.70626030190872,78,58,20,Sentinel Hub Statistical API / Sentinel-5P,P1D,partial
spar_fire_2025,SPAR/BTC fire,industrial_fire,HCHO,µmol/m²,2025-12-28T00:00:00Z,2025-12-29T00:00:00Z,28,SI036,Posavska,72.26414635834563,-157.80134708620608,209.45857977494597,76.6493202883897,78,52,26,Sentinel Hub Statistical API / Sentinel-5P,P1D,partial
spar_fire_2025,SPAR/BTC fire,industrial_fire,HCHO,µmol/m²,2025-12-29T00:00:00Z,2025-12-30T00:00:00Z,29,SI036,Posavska,61.75155744131189,10.18438797473209,175.9666483849287,37.54025771797915,78,53,25,Sentinel Hub Statistical API / Sentinel-5P,P1D,partial
spar_fire_2025,SPAR/BTC fire,industrial_fire,HCHO,µmol/m²,2025-12-30T00:00:00Z,2025-12-31T00:00:00Z,30,SI036,Posavska,76.19840471306816,18.935719708679244,196.8925353139639,63.69569107537148,78,58,20,Sentinel Hub Statistical API / Sentinel-5P,P1D,partial
spar_fire_2025,SPAR/BTC fire,industrial_fire,HCHO,µmol/m²,2025-12-31T00:00:00Z,2026-01-01T00:00:00Z,31,SI036,Posavska,43.25905683799647,-155.77356680296361,223.32380467560142,122.61325454712244,78,67,11,Sentinel Hub Statistical API / Sentinel-5P,P1D,partial
spar_fire_2025,SPAR/BTC fire,industrial_fire,HCHO,µmol/m²,2025-12-01T00:00:00Z,2025-12-02T00:00:00Z,1,SI037,Jugovzhodna Slovenija,86.69563461337151,-220.4456686740741,485.97404384054244,158.06900857380376,204,176,28,Sentinel Hub Statistical API / Sentinel-5P,P1D,partial
spar_fire_2025,SPAR/BTC fire,industrial_fire,HCHO,µmol/m²,2025-12-02T00:00:00Z,2025-12-03T00:00:00Z,2,SI037,Jugovzhodna Slovenija,-65.6282136333175,-102.75419481331483,-45.47207208815962,26.28424101876841,204,201,3,Sentinel Hub Statistical API / Sentinel-5P,P1D,partial
spar_fire_2025,SPAR/BTC fire,industrial_fire,HCHO,µmol/m²,2025-12-03T00:00:00Z,2025-12-04T00:00:00Z,3,SI037,Jugovzhodna Slovenija,,,,,204,204,0,Sentinel Hub Statistical API / Sentinel-5P,P1D,missing
spar_fire_2025,SPAR/BTC fire,industrial_fire,HCHO,µmol/m²,2025-12-04T00:00:00Z,2025-12-05T00:00:00Z,4,SI037,Jugovzhodna Slovenija,,,,,204,204,0,Sentinel Hub Statistical API / Sentinel-5P,P1D,missing
spar_fire_2025,SPAR/BTC fire,industrial_fire,HCHO,µmol/m²,2025-12-05T00:00:00Z,2025-12-06T00:00:00Z,5,SI037,Jugovzhodna Slovenija,121.07551349076222,-166.90700431354344,389.6053822245449,123.7956063152495,204,111,93,Sentinel Hub Statistical API / Sentinel-5P,P1D,partial
spar_fire_2025,SPAR/BTC fire,industrial_fire,HCHO,µmol/m²,2025-12-06T00:00:00Z,2025-12-07T00:00:00Z,6,SI037,Jugovzhodna Slovenija,,,,,204,204,0,Sentinel Hub Statistical API / Sentinel-5P,P1D,missing
spar_fire_2025,SPAR/BTC fire,industrial_fire,HCHO,µmol/m²,2025-12-07T00:00:00Z,2025-12-08T00:00:00Z,7,SI037,Jugovzhodna Slovenija,22.621109360513557,-289.73552980460227,360.9484701883048,132.68575212509992,204,123,81,Sentinel Hub Statistical API / Sentinel-5P,P1D,partial
spar_fire_2025,SPAR/BTC fire,industrial_fire,HCHO,µmol/m²,2025-12-08T00:00:00Z,2025-12-09T00:00:00Z,8,SI037,Jugovzhodna Slovenija,84.7583202322802,-326.83362951502204,615.9157492220402,213.54568120224877,204,139,65,Sentinel Hub Statistical API / Sentinel-5P,P1D,partial
spar_fire_2025,SPAR/BTC fire,industrial_fire,HCHO,µmol/m²,2025-12-09T00:00:00Z,2025-12-10T00:00:00Z,9,SI037,Jugovzhodna Slovenija,101.76326982455755,-275.4161541815847,418.9233004581183,179.36731345943846,204,53,151,Sentinel Hub Statistical API / Sentinel-5P,P1D,good
spar_fire_2025,SPAR/BTC fire,industrial_fire,HCHO,µmol/m²,2025-12-10T00:00:00Z,2025-12-11T00:00:00Z,10,SI037,Jugovzhodna Slovenija,31.9416457538561,-346.2278109509498,543.6225910671055,180.2249047090014,204,54,150,Sentinel Hub Statistical API / Sentinel-5P,P1D,good
spar_fire_2025,SPAR/BTC fire,industrial_fire,HCHO,µmol/m²,2025-12-11T00:00:00Z,2025-12-12T00:00:00Z,11,SI037,Jugovzhodna Slovenija,60.00017503909559,-263.2472023833543,681.48341961205,158.8562023767614,204,68,136,Sentinel Hub Statistical API / Sentinel-5P,P1D,good
spar_fire_2025,SPAR/BTC fire,industrial_fire,HCHO,µmol/m²,2025-12-12T00:00:00Z,2025-12-13T00:00:00Z,12,SI037,Jugovzhodna Slovenija,37.70853460561481,-309.89947845228016,593.8229151070118,163.97806809187801,204,73,131,Sentinel Hub Statistical API / Sentinel-5P,P1D,good
spar_fire_2025,SPAR/BTC fire,industrial_fire,HCHO,µmol/m²,2025-12-13T00:00:00Z,2025-12-14T00:00:00Z,13,SI037,Jugovzhodna Slovenija,38.60572943751556,-334.3154094181955,335.8899848535657,142.2216564306456,204,80,124,Sentinel Hub Statistical API / Sentinel-5P,P1D,good
spar_fire_2025,SPAR/BTC fire,industrial_fire,HCHO,µmol/m²,2025-12-14T00:00:00Z,2025-12-15T00:00:00Z,14,SI037,Jugovzhodna Slovenija,52.53139606793412,-141.29014743957669,295.46988662332296,107.96099901773562,204,169,35,Sentinel Hub Statistical API / Sentinel-5P,P1D,partial
spar_fire_2025,SPAR/BTC fire,industrial_fire,HCHO,µmol/m²,2025-12-15T00:00:00Z,2025-12-16T00:00:00Z,15,SI037,Jugovzhodna Slovenija,64.48641063296698,-342.284154612571,412.039429647848,177.6155341961018,204,116,88,Sentinel Hub Statistical API / Sentinel-5P,P1D,partial
spar_fire_2025,SPAR/BTC fire,industrial_fire,HCHO,µmol/m²,2025-12-16T00:00:00Z,2025-12-17T00:00:00Z,16,SI037,Jugovzhodna Slovenija,112.34645676267974,-326.58351119607687,483.3715211134404,180.78807967180907,204,104,100,Sentinel Hub Statistical API / Sentinel-5P,P1D,partial
spar_fire_2025,SPAR/BTC fire,industrial_fire,HCHO,µmol/m²,2025-12-17T00:00:00Z,2025-12-18T00:00:00Z,17,SI037,Jugovzhodna Slovenija,38.17041613963354,-95.65879736328498,295.275473035872,88.56894968559695,204,171,33,Sentinel Hub Statistical API / Sentinel-5P,P1D,partial
spar_fire_2025,SPAR/BTC fire,industrial_fire,HCHO,µmol/m²,2025-12-18T00:00:00Z,2025-12-19T00:00:00Z,18,SI037,Jugovzhodna Slovenija,65.8441228438278,-360.2278302423656,452.4703253991902,157.66662758248694,204,62,142,Sentinel Hub Statistical API / Sentinel-5P,P1D,good
spar_fire_2025,SPAR/BTC fire,industrial_fire,HCHO,µmol/m²,2025-12-19T00:00:00Z,2025-12-20T00:00:00Z,19,SI037,Jugovzhodna Slovenija,122.92529890610062,-310.88010291568935,540.8019642345607,205.14359069472687,204,102,102,Sentinel Hub Statistical API / Sentinel-5P,P1D,good
spar_fire_2025,SPAR/BTC fire,industrial_fire,HCHO,µmol/m²,2025-12-20T00:00:00Z,2025-12-21T00:00:00Z,20,SI037,Jugovzhodna Slovenija,,,,,204,204,0,Sentinel Hub Statistical API / Sentinel-5P,P1D,missing
spar_fire_2025,SPAR/BTC fire,industrial_fire,HCHO,µmol/m²,2025-12-21T00:00:00Z,2025-12-22T00:00:00Z,21,SI037,Jugovzhodna Slovenija,,,,,204,204,0,Sentinel Hub Statistical API / Sentinel-5P,P1D,missing
spar_fire_2025,SPAR/BTC fire,industrial_fire,HCHO,µmol/m²,2025-12-22T00:00:00Z,2025-12-23T00:00:00Z,22,SI037,Jugovzhodna Slovenija,,,,,204,204,0,Sentinel Hub Statistical API / Sentinel-5P,P1D,missing
spar_fire_2025,SPAR/BTC fire,industrial_fire,HCHO,µmol/m²,2025-12-23T00:00:00Z,2025-12-24T00:00:00Z,23,SI037,Jugovzhodna Slovenija,,,,,204,204,0,Sentinel Hub Statistical API / Sentinel-5P,P1D,missing
spar_fire_2025,SPAR/BTC fire,industrial_fire,HCHO,µmol/m²,2025-12-24T00:00:00Z,2025-12-25T00:00:00Z,24,SI037,Jugovzhodna Slovenija,,,,,204,204,0,Sentinel Hub Statistical API / Sentinel-5P,P1D,missing
spar_fire_2025,SPAR/BTC fire,industrial_fire,HCHO,µmol/m²,2025-12-25T00:00:00Z,2025-12-26T00:00:00Z,25,SI037,Jugovzhodna Slovenija,54.90853855008026,4.773946329805767,144.74321505986154,30.318263540736446,204,134,70,Sentinel Hub Statistical API / Sentinel-5P,P1D,partial
spar_fire_2025,SPAR/BTC fire,industrial_fire,HCHO,µmol/m²,2025-12-26T00:00:00Z,2025-12-27T00:00:00Z,26,SI037,Jugovzhodna Slovenija,35.60047802880838,5.192642674956005,114.1779066529125,25.30536919716958,204,119,85,Sentinel Hub Statistical API / Sentinel-5P,P1D,partial
spar_fire_2025,SPAR/BTC fire,industrial_fire,HCHO,µmol/m²,2025-12-27T00:00:00Z,2025-12-28T00:00:00Z,27,SI037,Jugovzhodna Slovenija,58.091132694627106,-68.59777204226702,199.7451763600111,66.0415878202556,204,166,38,Sentinel Hub Statistical API / Sentinel-5P,P1D,partial
spar_fire_2025,SPAR/BTC fire,industrial_fire,HCHO,µmol/m²,2025-12-28T00:00:00Z,2025-12-29T00:00:00Z,28,SI037,Jugovzhodna Slovenija,58.36644577752651,-167.29376511648297,240.69593928288668,58.12407039044554,204,135,69,Sentinel Hub Statistical API / Sentinel-5P,P1D,partial
spar_fire_2025,SPAR/BTC fire,industrial_fire,HCHO,µmol/m²,2025-12-29T00:00:00Z,2025-12-30T00:00:00Z,29,SI037,Jugovzhodna Slovenija,62.460021760151534,-88.81899702828377,301.29027436487377,87.24739295090689,204,176,28,Sentinel Hub Statistical API / Sentinel-5P,P1D,partial
spar_fire_2025,SPAR/BTC fire,industrial_fire,HCHO,µmol/m²,2025-12-30T00:00:00Z,2025-12-31T00:00:00Z,30,SI037,Jugovzhodna Slovenija,170.29717673722192,41.464041714789346,308.5463831666857,100.05715990050892,204,186,18,Sentinel Hub Statistical API / Sentinel-5P,P1D,partial
spar_fire_2025,SPAR/BTC fire,industrial_fire,HCHO,µmol/m²,2025-12-31T00:00:00Z,2026-01-01T00:00:00Z,31,SI037,Jugovzhodna Slovenija,201.00127658650987,-83.30182026838884,454.9133882392198,134.4422859291501,204,172,32,Sentinel Hub Statistical API / Sentinel-5P,P1D,partial
spar_fire_2025,SPAR/BTC fire,industrial_fire,HCHO,µmol/m²,2025-12-01T00:00:00Z,2025-12-02T00:00:00Z,1,SI038,Primorsko-notranjska,36.538786844175775,15.378804164356552,57.698769523995,21.159982679819223,88,86,2,Sentinel Hub Statistical API / Sentinel-5P,P1D,partial
spar_fire_2025,SPAR/BTC fire,industrial_fire,HCHO,µmol/m²,2025-12-02T00:00:00Z,2025-12-03T00:00:00Z,2,SI038,Primorsko-notranjska,27.247658181295265,10.194470632995944,49.296344514004886,16.349421831375075,88,85,3,Sentinel Hub Statistical API / Sentinel-5P,P1D,partial
spar_fire_2025,SPAR/BTC fire,industrial_fire,HCHO,µmol/m²,2025-12-03T00:00:00Z,2025-12-04T00:00:00Z,3,SI038,Primorsko-notranjska,169.12152204895392,139.63096716906875,198.6120769288391,29.490554879885167,88,86,2,Sentinel Hub Statistical API / Sentinel-5P,P1D,partial
spar_fire_2025,SPAR/BTC fire,industrial_fire,HCHO,µmol/m²,2025-12-04T00:00:00Z,2025-12-05T00:00:00Z,4,SI038,Primorsko-notranjska,,,,,88,88,0,Sentinel Hub Statistical API / Sentinel-5P,P1D,missing
spar_fire_2025,SPAR/BTC fire,industrial_fire,HCHO,µmol/m²,2025-12-05T00:00:00Z,2025-12-06T00:00:00Z,5,SI038,Primorsko-notranjska,103.64866838901635,-264.74375044927,541.3205362856388,168.38093644680282,88,16,72,Sentinel Hub Statistical API / Sentinel-5P,P1D,good
spar_fire_2025,SPAR/BTC fire,industrial_fire,HCHO,µmol/m²,2025-12-06T00:00:00Z,2025-12-07T00:00:00Z,6,SI038,Primorsko-notranjska,64.800690471466,-308.6979850195348,430.6297341827303,209.0334136734539,88,57,31,Sentinel Hub Statistical API / Sentinel-5P,P1D,partial
spar_fire_2025,SPAR/BTC fire,industrial_fire,HCHO,µmol/m²,2025-12-07T00:00:00Z,2025-12-08T00:00:00Z,7,SI038,Primorsko-notranjska,44.34593856392806,-302.5121404789388,586.465117521584,175.29399471729795,88,7,81,Sentinel Hub Statistical API / Sentinel-5P,P1D,good
spar_fire_2025,SPAR/BTC fire,industrial_fire,HCHO,µmol/m²,2025-12-08T00:00:00Z,2025-12-09T00:00:00Z,8,SI038,Primorsko-notranjska,105.04547075913413,-298.6396721098572,712.3257964849472,218.8871872029587,88,10,78,Sentinel Hub Statistical API / Sentinel-5P,P1D,good
spar_fire_2025,SPAR/BTC fire,industrial_fire,HCHO,µmol/m²,2025-12-09T00:00:00Z,2025-12-10T00:00:00Z,9,SI038,Primorsko-notranjska,46.716225381119926,-275.4161541815847,294.3531726486981,136.79472646265674,88,7,81,Sentinel Hub Statistical API / Sentinel-5P,P1D,good
spar_fire_2025,SPAR/BTC fire,industrial_fire,HCHO,µmol/m²,2025-12-10T00:00:00Z,2025-12-11T00:00:00Z,10,SI038,Primorsko-notranjska,47.23080483132967,-333.21583759970963,492.5376269966364,192.8523039284251,88,9,79,Sentinel Hub Statistical API / Sentinel-5P,P1D,good
spar_fire_2025,SPAR/BTC fire,industrial_fire,HCHO,µmol/m²,2025-12-11T00:00:00Z,2025-12-12T00:00:00Z,11,SI038,Primorsko-notranjska,97.16592800590591,-312.5178627669811,651.8637528643012,181.83508052560725,88,9,79,Sentinel Hub Statistical API / Sentinel-5P,P1D,good
spar_fire_2025,SPAR/BTC fire,industrial_fire,HCHO,µmol/m²,2025-12-12T00:00:00Z,2025-12-13T00:00:00Z,12,SI038,Primorsko-notranjska,75.90994925479323,-249.12384105846286,472.6345941890031,162.5078899279782,88,8,80,Sentinel Hub Statistical API / Sentinel-5P,P1D,good
spar_fire_2025,SPAR/BTC fire,industrial_fire,HCHO,µmol/m²,2025-12-13T00:00:00Z,2025-12-14T00:00:00Z,13,SI038,Primorsko-notranjska,80.14507670569726,-191.11660367343575,349.245936376974,141.85019650339535,88,7,81,Sentinel Hub Statistical API / Sentinel-5P,P1D,good
spar_fire_2025,SPAR/BTC fire,industrial_fire,HCHO,µmol/m²,2025-12-14T00:00:00Z,2025-12-15T00:00:00Z,14,SI038,Primorsko-notranjska,83.66226109615128,-141.29014743957669,581.4710166305304,177.42814215949153,88,8,80,Sentinel Hub Statistical API / Sentinel-5P,P1D,good
spar_fire_2025,SPAR/BTC fire,industrial_fire,HCHO,µmol/m²,2025-12-15T00:00:00Z,2025-12-16T00:00:00Z,15,SI038,Primorsko-notranjska,77.97058642159911,-360.13827775605023,490.5909299850464,202.251571562765,88,7,81,Sentinel Hub Statistical API / Sentinel-5P,P1D,good
spar_fire_2025,SPAR/BTC fire,industrial_fire,HCHO,µmol/m²,2025-12-16T00:00:00Z,2025-12-17T00:00:00Z,16,SI038,Primorsko-notranjska,8.501560660079118,-243.2184701319784,439.12860564887524,228.90190297970142,88,83,5,Sentinel Hub Statistical API / Sentinel-5P,P1D,partial
spar_fire_2025,SPAR/BTC fire,industrial_fire,HCHO,µmol/m²,2025-12-17T00:00:00Z,2025-12-18T00:00:00Z,17,SI038,Primorsko-notranjska,71.9839840712666,-48.18549132323824,190.17398881260306,83.28069721063696,88,80,8,Sentinel Hub Statistical API / Sentinel-5P,P1D,partial
spar_fire_2025,SPAR/BTC fire,industrial_fire,HCHO,µmol/m²,2025-12-18T00:00:00Z,2025-12-19T00:00:00Z,18,SI038,Primorsko-notranjska,-6.558574796144967,-40.60790524818003,33.4020696755033,26.382495717913898,88,80,8,Sentinel Hub Statistical API / Sentinel-5P,P1D,partial
spar_fire_2025,SPAR/BTC fire,industrial_fire,HCHO,µmol/m²,2025-12-19T00:00:00Z,2025-12-20T00:00:00Z,19,SI038,Primorsko-notranjska,46.37206174348566,-98.16933743422851,91.70681005343795,69.5780772413545,88,77,11,Sentinel Hub Statistical API / Sentinel-5P,P1D,partial
spar_fire_2025,SPAR/BTC fire,industrial_fire,HCHO,µmol/m²,2025-12-20T00:00:00Z,2025-12-21T00:00:00Z,20,SI038,Primorsko-notranjska,87.27757340238894,-177.21923359204084,310.40917383506894,126.12071147883762,88,58,30,Sentinel Hub Statistical API / Sentinel-5P,P1D,partial
spar_fire_2025,SPAR/BTC fire,industrial_fire,HCHO,µmol/m²,2025-12-21T00:00:00Z,2025-12-22T00:00:00Z,21,SI038,Primorsko-notranjska,70.43028580123658,-181.8060118239373,364.79916889220476,121.66292614460073,88,45,43,Sentinel Hub Statistical API / Sentinel-5P,P1D,partial
spar_fire_2025,SPAR/BTC fire,industrial_fire,HCHO,µmol/m²,2025-12-22T00:00:00Z,2025-12-23T00:00:00Z,22,SI038,Primorsko-notranjska,20.729458244804466,-332.06838998012245,498.69564827531576,155.01964058443585,88,41,47,Sentinel Hub Statistical API / Sentinel-5P,P1D,good
spar_fire_2025,SPAR/BTC fire,industrial_fire,HCHO,µmol/m²,2025-12-23T00:00:00Z,2025-12-24T00:00:00Z,23,SI038,Primorsko-notranjska,,,,,88,88,0,Sentinel Hub Statistical API / Sentinel-5P,P1D,missing
spar_fire_2025,SPAR/BTC fire,industrial_fire,HCHO,µmol/m²,2025-12-24T00:00:00Z,2025-12-25T00:00:00Z,24,SI038,Primorsko-notranjska,,,,,88,88,0,Sentinel Hub Statistical API / Sentinel-5P,P1D,missing
spar_fire_2025,SPAR/BTC fire,industrial_fire,HCHO,µmol/m²,2025-12-25T00:00:00Z,2025-12-26T00:00:00Z,25,SI038,Primorsko-notranjska,101.25222805536976,-66.40801439061761,490.4418019577861,125.07928807136393,88,41,47,Sentinel Hub Statistical API / Sentinel-5P,P1D,good
spar_fire_2025,SPAR/BTC fire,industrial_fire,HCHO,µmol/m²,2025-12-26T00:00:00Z,2025-12-27T00:00:00Z,26,SI038,Primorsko-notranjska,77.26763432197467,-67.85771256545559,302.0682488568127,80.3267204107471,88,39,49,Sentinel Hub Statistical API / Sentinel-5P,P1D,good
spar_fire_2025,SPAR/BTC fire,industrial_fire,HCHO,µmol/m²,2025-12-27T00:00:00Z,2025-12-28T00:00:00Z,27,SI038,Primorsko-notranjska,27.54790184553713,-290.71071185171604,208.5760934278369,123.65796738646591,88,58,30,Sentinel Hub Statistical API / Sentinel-5P,P1D,partial
spar_fire_2025,SPAR/BTC fire,industrial_fire,HCHO,µmol/m²,2025-12-28T00:00:00Z,2025-12-29T00:00:00Z,28,SI038,Primorsko-notranjska,2.102258847679923,-333.1718035042286,448.4253586269915,168.37949514242644,88,46,42,Sentinel Hub Statistical API / Sentinel-5P,P1D,partial
spar_fire_2025,SPAR/BTC fire,industrial_fire,HCHO,µmol/m²,2025-12-29T00:00:00Z,2025-12-30T00:00:00Z,29,SI038,Primorsko-notranjska,70.63405833070003,-200.91686747036874,326.2157260905951,157.20115854457973,88,57,31,Sentinel Hub Statistical API / Sentinel-5P,P1D,partial
spar_fire_2025,SPAR/BTC fire,industrial_fire,HCHO,µmol/m²,2025-12-30T00:00:00Z,2025-12-31T00:00:00Z,30,SI038,Primorsko-notranjska,80.64578582889226,-136.87745376955718,304.76556275971234,121.94281798710202,88,62,26,Sentinel Hub Statistical API / Sentinel-5P,P1D,partial
spar_fire_2025,SPAR/BTC fire,industrial_fire,HCHO,µmol/m²,2025-12-31T00:00:00Z,2026-01-01T00:00:00Z,31,SI038,Primorsko-notranjska,219.01145737501793,-277.33371825888753,712.345470674336,225.82713835596473,88,61,27,Sentinel Hub Statistical API / Sentinel-5P,P1D,partial
spar_fire_2025,SPAR/BTC fire,industrial_fire,HCHO,µmol/m²,2025-12-01T00:00:00Z,2025-12-02T00:00:00Z,1,SI041,Osrednjeslovenska,50.804620064831475,-379.4689255300909,538.925698492676,190.51254872710703,221,138,83,Sentinel Hub Statistical API / Sentinel-5P,P1D,partial
spar_fire_2025,SPAR/BTC fire,industrial_fire,HCHO,µmol/m²,2025-12-02T00:00:00Z,2025-12-03T00:00:00Z,2,SI041,Osrednjeslovenska,122.87525874853604,-80.82438580458984,393.83769035339355,129.83670183861642,221,196,25,Sentinel Hub Statistical API / Sentinel-5P,P1D,partial
spar_fire_2025,SPAR/BTC fire,industrial_fire,HCHO,µmol/m²,2025-12-03T00:00:00Z,2025-12-04T00:00:00Z,3,SI041,Osrednjeslovenska,126.92228483501822,126.92228483501822,126.92228483501822,0.0,221,218,3,Sentinel Hub Statistical API / Sentinel-5P,P1D,partial
spar_fire_2025,SPAR/BTC fire,industrial_fire,HCHO,µmol/m²,2025-12-04T00:00:00Z,2025-12-05T00:00:00Z,4,SI041,Osrednjeslovenska,,,,,221,221,0,Sentinel Hub Statistical API / Sentinel-5P,P1D,missing
spar_fire_2025,SPAR/BTC fire,industrial_fire,HCHO,µmol/m²,2025-12-05T00:00:00Z,2025-12-06T00:00:00Z,5,SI041,Osrednjeslovenska,77.53874042243245,-125.97293243743479,235.66308664157987,84.27397341954146,221,176,45,Sentinel Hub Statistical API / Sentinel-5P,P1D,partial
spar_fire_2025,SPAR/BTC fire,industrial_fire,HCHO,µmol/m²,2025-12-06T00:00:00Z,2025-12-07T00:00:00Z,6,SI041,Osrednjeslovenska,37.044159398647025,37.044159398647025,37.044159398647025,0.0,221,220,1,Sentinel Hub Statistical API / Sentinel-5P,P1D,partial
spar_fire_2025,SPAR/BTC fire,industrial_fire,HCHO,µmol/m²,2025-12-07T00:00:00Z,2025-12-08T00:00:00Z,7,SI041,Osrednjeslovenska,11.457022755639464,-324.0194055251777,258.6093614809215,125.83044874218683,221,180,41,Sentinel Hub Statistical API / Sentinel-5P,P1D,partial
spar_fire_2025,SPAR/BTC fire,industrial_fire,HCHO,µmol/m²,2025-12-08T00:00:00Z,2025-12-09T00:00:00Z,8,SI041,Osrednjeslovenska,202.64937800517225,-65.97015453735366,712.3257964849472,221.6134250552748,221,198,23,Sentinel Hub Statistical API / Sentinel-5P,P1D,partial
spar_fire_2025,SPAR/BTC fire,industrial_fire,HCHO,µmol/m²,2025-12-09T00:00:00Z,2025-12-10T00:00:00Z,9,SI041,Osrednjeslovenska,56.273638175708015,-234.5543762203306,388.91020813025534,143.3993672921126,221,90,131,Sentinel Hub Statistical API / Sentinel-5P,P1D,good
spar_fire_2025,SPAR/BTC fire,industrial_fire,HCHO,µmol/m²,2025-12-10T00:00:00Z,2025-12-11T00:00:00Z,10,SI041,Osrednjeslovenska,71.8346238340762,-361.4941088017076,561.1864035017788,190.43194187326668,221,84,137,Sentinel Hub Statistical API / Sentinel-5P,P1D,good
spar_fire_2025,SPAR/BTC fire,industrial_fire,HCHO,µmol/m²,2025-12-11T00:00:00Z,2025-12-12T00:00:00Z,11,SI041,Osrednjeslovenska,24.547564235813535,-315.6824968755245,821.2840766645968,155.22049603551673,221,145,76,Sentinel Hub Statistical API / Sentinel-5P,P1D,partial
spar_fire_2025,SPAR/BTC fire,industrial_fire,HCHO,µmol/m²,2025-12-12T00:00:00Z,2025-12-13T00:00:00Z,12,SI041,Osrednjeslovenska,34.654952455352635,-300.91547523625195,534.0222851373255,145.84830905297318,221,110,111,Sentinel Hub Statistical API / Sentinel-5P,P1D,good
spar_fire_2025,SPAR/BTC fire,industrial_fire,HCHO,µmol/m²,2025-12-13T00:00:00Z,2025-12-14T00:00:00Z,13,SI041,Osrednjeslovenska,111.8162783669781,-155.76891019009054,394.83795990236104,130.86576180659802,221,129,92,Sentinel Hub Statistical API / Sentinel-5P,P1D,partial
spar_fire_2025,SPAR/BTC fire,industrial_fire,HCHO,µmol/m²,2025-12-14T00:00:00Z,2025-12-15T00:00:00Z,14,SI041,Osrednjeslovenska,61.69562034062293,-74.9188257032074,189.18223213404417,72.62320419918802,221,183,38,Sentinel Hub Statistical API / Sentinel-5P,P1D,partial
spar_fire_2025,SPAR/BTC fire,industrial_fire,HCHO,µmol/m²,2025-12-15T00:00:00Z,2025-12-16T00:00:00Z,15,SI041,Osrednjeslovenska,99.53528095855181,-214.98673595488071,489.1594871878624,140.47314919751219,221,122,99,Sentinel Hub Statistical API / Sentinel-5P,P1D,partial
spar_fire_2025,SPAR/BTC fire,industrial_fire,HCHO,µmol/m²,2025-12-16T00:00:00Z,2025-12-17T00:00:00Z,16,SI041,Osrednjeslovenska,94.89329564070601,-271.08864742331207,514.3447779119015,175.85782901835472,221,135,86,Sentinel Hub Statistical API / Sentinel-5P,P1D,partial
spar_fire_2025,SPAR/BTC fire,industrial_fire,HCHO,µmol/m²,2025-12-17T00:00:00Z,2025-12-18T00:00:00Z,17,SI041,Osrednjeslovenska,43.21521190403847,-147.46359374839813,244.77308033965528,81.81483141861756,221,187,34,Sentinel Hub Statistical API / Sentinel-5P,P1D,partial
spar_fire_2025,SPAR/BTC fire,industrial_fire,HCHO,µmol/m²,2025-12-18T00:00:00Z,2025-12-19T00:00:00Z,18,SI041,Osrednjeslovenska,31.759647767363024,-360.2278302423656,257.9288266133517,120.94731511287394,221,151,70,Sentinel Hub Statistical API / Sentinel-5P,P1D,partial
spar_fire_2025,SPAR/BTC fire,industrial_fire,HCHO,µmol/m²,2025-12-19T00:00:00Z,2025-12-20T00:00:00Z,19,SI041,Osrednjeslovenska,98.30958469283054,-311.315554426983,427.88987047970295,143.25051408168872,221,102,119,Sentinel Hub Statistical API / Sentinel-5P,P1D,good
spar_fire_2025,SPAR/BTC fire,industrial_fire,HCHO,µmol/m²,2025-12-20T00:00:00Z,2025-12-21T00:00:00Z,20,SI041,Osrednjeslovenska,80.0354899078789,-69.34635894140229,381.3004877883941,98.53048962965482,221,169,52,Sentinel Hub Statistical API / Sentinel-5P,P1D,partial
spar_fire_2025,SPAR/BTC fire,industrial_fire,HCHO,µmol/m²,2025-12-21T00:00:00Z,2025-12-22T00:00:00Z,21,SI041,Osrednjeslovenska,174.01423463070387,11.038630873372313,324.27633414044976,108.19708329564895,221,213,8,Sentinel Hub Statistical API / Sentinel-5P,P1D,partial
spar_fire_2025,SPAR/BTC fire,industrial_fire,HCHO,µmol/m²,2025-12-22T00:00:00Z,2025-12-23T00:00:00Z,22,SI041,Osrednjeslovenska,48.00725710083498,14.418368664337322,88.4760229382664,27.182541614334696,221,211,10,Sentinel Hub Statistical API / Sentinel-5P,P1D,partial
spar_fire_2025,SPAR/BTC fire,industrial_fire,HCHO,µmol/m²,2025-12-23T00:00:00Z,2025-12-24T00:00:00Z,23,SI041,Osrednjeslovenska,26.73198196134763,-11.94053766084835,82.98367174575105,31.457847244260947,221,215,6,Sentinel Hub Statistical API / Sentinel-5P,P1D,partial
spar_fire_2025,SPAR/BTC fire,industrial_fire,HCHO,µmol/m²,2025-12-24T00:00:00Z,2025-12-25T00:00:00Z,24,SI041,Osrednjeslovenska,,,,,221,221,0,Sentinel Hub Statistical API / Sentinel-5P,P1D,missing
spar_fire_2025,SPAR/BTC fire,industrial_fire,HCHO,µmol/m²,2025-12-25T00:00:00Z,2025-12-26T00:00:00Z,25,SI041,Osrednjeslovenska,69.34168664248504,4.773946329805767,191.20833894703537,40.77450811389166,221,138,83,Sentinel Hub Statistical API / Sentinel-5P,P1D,partial
spar_fire_2025,SPAR/BTC fire,industrial_fire,HCHO,µmol/m²,2025-12-26T00:00:00Z,2025-12-27T00:00:00Z,26,SI041,Osrednjeslovenska,59.32406921519113,-75.24892134824768,180.1650068955496,42.49720986461114,221,144,77,Sentinel Hub Statistical API / Sentinel-5P,P1D,partial
spar_fire_2025,SPAR/BTC fire,industrial_fire,HCHO,µmol/m²,2025-12-27T00:00:00Z,2025-12-28T00:00:00Z,27,SI041,Osrednjeslovenska,47.99226751856622,-163.49018551409245,157.43360563647002,61.10946899935194,221,196,25,Sentinel Hub Statistical API / Sentinel-5P,P1D,partial
spar_fire_2025,SPAR/BTC fire,industrial_fire,HCHO,µmol/m²,2025-12-28T00:00:00Z,2025-12-29T00:00:00Z,28,SI041,Osrednjeslovenska,37.300055335739074,6.989020675973734,97.7420640992932,21.26894586169321,221,161,60,Sentinel Hub Statistical API / Sentinel-5P,P1D,partial
spar_fire_2025,SPAR/BTC fire,industrial_fire,HCHO,µmol/m²,2025-12-29T00:00:00Z,2025-12-30T00:00:00Z,29,SI041,Osrednjeslovenska,50.06003416951899,-54.78979437611997,301.29027436487377,77.69649910523312,221,189,32,Sentinel Hub Statistical API / Sentinel-5P,P1D,partial
spar_fire_2025,SPAR/BTC fire,industrial_fire,HCHO,µmol/m²,2025-12-30T00:00:00Z,2025-12-31T00:00:00Z,30,SI041,Osrednjeslovenska,98.69139832481582,-81.72837988240644,468.7797336373478,119.3854498785695,221,170,51,Sentinel Hub Statistical API / Sentinel-5P,P1D,partial
spar_fire_2025,SPAR/BTC fire,industrial_fire,HCHO,µmol/m²,2025-12-31T00:00:00Z,2026-01-01T00:00:00Z,31,SI041,Osrednjeslovenska,149.61663100621087,-118.91088070115075,454.9133882392198,166.76025067064305,221,185,36,Sentinel Hub Statistical API / Sentinel-5P,P1D,partial
spar_fire_2025,SPAR/BTC fire,industrial_fire,HCHO,µmol/m²,2025-12-01T00:00:00Z,2025-12-02T00:00:00Z,1,SI042,Gorenjska,50.35491648340138,-365.5115142464638,637.5384982675314,176.41797323076864,180,143,37,Sentinel Hub Statistical API / Sentinel-5P,P1D,partial
spar_fire_2025,SPAR/BTC fire,industrial_fire,HCHO,µmol/m²,2025-12-02T00:00:00Z,2025-12-03T00:00:00Z,2,SI042,Gorenjska,97.3311822549201,-63.453415350522846,393.83769035339355,90.27902922538432,180,114,66,Sentinel Hub Statistical API / Sentinel-5P,P1D,partial
spar_fire_2025,SPAR/BTC fire,industrial_fire,HCHO,µmol/m²,2025-12-03T00:00:00Z,2025-12-04T00:00:00Z,3,SI042,Gorenjska,70.70071626879293,35.91212589526549,135.9563902951777,26.724582945366517,180,126,54,Sentinel Hub Statistical API / Sentinel-5P,P1D,partial
spar_fire_2025,SPAR/BTC fire,industrial_fire,HCHO,µmol/m²,2025-12-04T00:00:00Z,2025-12-05T00:00:00Z,4,SI042,Gorenjska,,,,,180,180,0,Sentinel Hub Statistical API / Sentinel-5P,P1D,missing
spar_fire_2025,SPAR/BTC fire,industrial_fire,HCHO,µmol/m²,2025-12-05T00:00:00Z,2025-12-06T00:00:00Z,5,SI042,Gorenjska,52.14156973317697,-198.9990851143375,198.20551096927375,93.02618914864463,180,147,33,Sentinel Hub Statistical API / Sentinel-5P,P1D,partial
spar_fire_2025,SPAR/BTC fire,industrial_fire,HCHO,µmol/m²,2025-12-06T00:00:00Z,2025-12-07T00:00:00Z,6,SI042,Gorenjska,223.48305537889246,-168.91228733584285,577.0676070824265,215.50560012280283,180,172,8,Sentinel Hub Statistical API / Sentinel-5P,P1D,partial
spar_fire_2025,SPAR/BTC fire,industrial_fire,HCHO,µmol/m²,2025-12-07T00:00:00Z,2025-12-08T00:00:00Z,7,SI042,Gorenjska,68.76773179185895,-245.47323118895292,457.2632606141269,128.68536415462546,180,137,43,Sentinel Hub Statistical API / Sentinel-5P,P1D,partial
spar_fire_2025,SPAR/BTC fire,industrial_fire,HCHO,µmol/m²,2025-12-08T00:00:00Z,2025-12-09T00:00:00Z,8,SI042,Gorenjska,-177.71623970475048,-177.71623970475048,-177.71623970475048,0.0,180,178,2,Sentinel Hub Statistical API / Sentinel-5P,P1D,partial
spar_fire_2025,SPAR/BTC fire,industrial_fire,HCHO,µmol/m²,2025-12-09T00:00:00Z,2025-12-10T00:00:00Z,9,SI042,Gorenjska,113.16958720002457,-249.09002240747213,470.6358886323869,159.71811009579775,180,126,54,Sentinel Hub Statistical API / Sentinel-5P,P1D,partial
spar_fire_2025,SPAR/BTC fire,industrial_fire,HCHO,µmol/m²,2025-12-10T00:00:00Z,2025-12-11T00:00:00Z,10,SI042,Gorenjska,58.7429908423305,-303.73118352144957,633.7768863886595,186.49426223715975,180,99,81,Sentinel Hub Statistical API / Sentinel-5P,P1D,partial
spar_fire_2025,SPAR/BTC fire,industrial_fire,HCHO,µmol/m²,2025-12-11T00:00:00Z,2025-12-12T00:00:00Z,11,SI042,Gorenjska,72.64177101961205,-336.34051214903593,493.0265131406486,159.05018370228797,180,121,59,Sentinel Hub Statistical API / Sentinel-5P,P1D,partial
spar_fire_2025,SPAR/BTC fire,industrial_fire,HCHO,µmol/m²,2025-12-12T00:00:00Z,2025-12-13T00:00:00Z,12,SI042,Gorenjska,41.32420392958617,-339.36731051653624,402.8739931527525,151.6757971998213,180,96,84,Sentinel Hub Statistical API / Sentinel-5P,P1D,partial
spar_fire_2025,SPAR/BTC fire,industrial_fire,HCHO,µmol/m²,2025-12-13T00:00:00Z,2025-12-14T00:00:00Z,13,SI042,Gorenjska,65.81921038732501,-179.64790458790958,405.0636780448258,123.62742639333548,180,101,79,Sentinel Hub Statistical API / Sentinel-5P,P1D,partial
spar_fire_2025,SPAR/BTC fire,industrial_fire,HCHO,µmol/m²,2025-12-14T00:00:00Z,2025-12-15T00:00:00Z,14,SI042,Gorenjska,99.3129317276737,-121.85567175038159,394.21371184289455,129.55737845971697,180,101,79,Sentinel Hub Statistical API / Sentinel-5P,P1D,partial
spar_fire_2025,SPAR/BTC fire,industrial_fire,HCHO,µmol/m²,2025-12-15T00:00:00Z,2025-12-16T00:00:00Z,15,SI042,Gorenjska,62.90284621648176,-219.32520030532032,556.1936995945871,157.9393026756158,180,92,88,Sentinel Hub Statistical API / Sentinel-5P,P1D,partial
spar_fire_2025,SPAR/BTC fire,industrial_fire,HCHO,µmol/m²,2025-12-16T00:00:00Z,2025-12-17T00:00:00Z,16,SI042,Gorenjska,103.4900511701286,-297.66387888230383,629.1843019425869,255.3552274541068,180,151,29,Sentinel Hub Statistical API / Sentinel-5P,P1D,partial
spar_fire_2025,SPAR/BTC fire,industrial_fire,HCHO,µmol/m²,2025-12-17T00:00:00Z,2025-12-18T00:00:00Z,17,SI042,Gorenjska,119.05209835276763,-6.608377134398324,303.60158416442573,95.59542734562595,180,170,10,Sentinel Hub Statistical API / Sentinel-5P,P1D,partial
spar_fire_2025,SPAR/BTC fire,industrial_fire,HCHO,µmol/m²,2025-12-18T00:00:00Z,2025-12-19T00:00:00Z,18,SI042,Gorenjska,65.5204627282584,-181.28294323105365,392.9525555577129,120.70037746184066,180,117,63,Sentinel Hub Statistical API / Sentinel-5P,P1D,partial
spar_fire_2025,SPAR/BTC fire,industrial_fire,HCHO,µmol/m²,2025-12-19T00:00:00Z,2025-12-20T00:00:00Z,19,SI042,Gorenjska,95.99620902268465,-94.5497740758583,433.1145028118044,120.5909750078734,180,110,70,Sentinel Hub Statistical API / Sentinel-5P,P1D,partial
spar_fire_2025,SPAR/BTC fire,industrial_fire,HCHO,µmol/m²,2025-12-20T00:00:00Z,2025-12-21T00:00:00Z,20,SI042,Gorenjska,122.6100197660654,-253.13399964943528,425.0238707754761,159.5526753853361,180,98,82,Sentinel Hub Statistical API / Sentinel-5P,P1D,partial
spar_fire_2025,SPAR/BTC fire,industrial_fire,HCHO,µmol/m²,2025-12-21T00:00:00Z,2025-12-22T00:00:00Z,21,SI042,Gorenjska,60.27060957626738,-319.1394789610058,319.3993179593235,129.24240138084315,180,109,71,Sentinel Hub Statistical API / Sentinel-5P,P1D,partial
spar_fire_2025,SPAR/BTC fire,industrial_fire,HCHO,µmol/m²,2025-12-22T00:00:00Z,2025-12-23T00:00:00Z,22,SI042,Gorenjska,45.80582619187876,-72.18787504825741,192.78681429568678,57.822392247911424,180,152,28,Sentinel Hub Statistical API / Sentinel-5P,P1D,partial
spar_fire_2025,SPAR/BTC fire,industrial_fire,HCHO,µmol/m²,2025-12-23T00:00:00Z,2025-12-24T00:00:00Z,23,SI042,Gorenjska,58.154635180471814,-52.597537433030084,275.14371322467923,69.95679907591412,180,155,25,Sentinel Hub Statistical API / Sentinel-5P,P1D,partial
spar_fire_2025,SPAR/BTC fire,industrial_fire,HCHO,µmol/m²,2025-12-24T00:00:00Z,2025-12-25T00:00:00Z,24,SI042,Gorenjska,,,,,180,180,0,Sentinel Hub Statistical API / Sentinel-5P,P1D,missing
spar_fire_2025,SPAR/BTC fire,industrial_fire,HCHO,µmol/m²,2025-12-25T00:00:00Z,2025-12-26T00:00:00Z,25,SI042,Gorenjska,61.72331366340382,5.389358648244524,174.40922965761274,39.34185162395245,180,90,90,Sentinel Hub Statistical API / Sentinel-5P,P1D,good
spar_fire_2025,SPAR/BTC fire,industrial_fire,HCHO,µmol/m²,2025-12-26T00:00:00Z,2025-12-27T00:00:00Z,26,SI042,Gorenjska,45.691774566876106,-75.24892134824768,146.84432244393975,37.87386852377666,180,130,50,Sentinel Hub Statistical API / Sentinel-5P,P1D,partial
spar_fire_2025,SPAR/BTC fire,industrial_fire,HCHO,µmol/m²,2025-12-27T00:00:00Z,2025-12-28T00:00:00Z,27,SI042,Gorenjska,46.112342302380554,-163.49018551409245,149.32300837244838,73.8222798410133,180,169,11,Sentinel Hub Statistical API / Sentinel-5P,P1D,partial
spar_fire_2025,SPAR/BTC fire,industrial_fire,HCHO,µmol/m²,2025-12-28T00:00:00Z,2025-12-29T00:00:00Z,28,SI042,Gorenjska,71.99671199487058,13.34342232439667,208.56237097177655,45.895421258802465,180,146,34,Sentinel Hub Statistical API / Sentinel-5P,P1D,partial
spar_fire_2025,SPAR/BTC fire,industrial_fire,HCHO,µmol/m²,2025-12-29T00:00:00Z,2025-12-30T00:00:00Z,29,SI042,Gorenjska,55.03518013938446,-25.11405728000682,141.33953663986176,60.3722416994447,180,172,8,Sentinel Hub Statistical API / Sentinel-5P,P1D,partial
spar_fire_2025,SPAR/BTC fire,industrial_fire,HCHO,µmol/m²,2025-12-30T00:00:00Z,2025-12-31T00:00:00Z,30,SI042,Gorenjska,205.80374393830425,-7.7339154813671485,468.7797336373478,171.31209196784758,180,168,12,Sentinel Hub Statistical API / Sentinel-5P,P1D,partial
spar_fire_2025,SPAR/BTC fire,industrial_fire,HCHO,µmol/m²,2025-12-31T00:00:00Z,2026-01-01T00:00:00Z,31,SI042,Gorenjska,25.652664286705363,-342.62140979990363,406.7171539645642,253.643806873135,180,171,9,Sentinel Hub Statistical API / Sentinel-5P,P1D,partial
spar_fire_2025,SPAR/BTC fire,industrial_fire,HCHO,µmol/m²,2025-12-01T00:00:00Z,2025-12-02T00:00:00Z,1,SI043,Goriška,54.36557309870048,7.431084213749273,176.64626648183912,38.68150951196271,210,177,33,Sentinel Hub Statistical API / Sentinel-5P,P1D,partial
spar_fire_2025,SPAR/BTC fire,industrial_fire,HCHO,µmol/m²,2025-12-02T00:00:00Z,2025-12-03T00:00:00Z,2,SI043,Goriška,36.2096327156299,-80.82438580458984,218.97595433983952,55.18439940860397,210,162,48,Sentinel Hub Statistical API / Sentinel-5P,P1D,partial
spar_fire_2025,SPAR/BTC fire,industrial_fire,HCHO,µmol/m²,2025-12-03T00:00:00Z,2025-12-04T00:00:00Z,3,SI043,Goriška,69.70039528765945,22.318296032608487,198.6120769288391,52.11674167132056,210,147,63,Sentinel Hub Statistical API / Sentinel-5P,P1D,partial
spar_fire_2025,SPAR/BTC fire,industrial_fire,HCHO,µmol/m²,2025-12-04T00:00:00Z,2025-12-05T00:00:00Z,4,SI043,Goriška,148.63746764604002,-137.71280646324158,434.9877417553216,286.3502741092816,210,206,4,Sentinel Hub Statistical API / Sentinel-5P,P1D,partial
spar_fire_2025,SPAR/BTC fire,industrial_fire,HCHO,µmol/m²,2025-12-05T00:00:00Z,2025-12-06T00:00:00Z,5,SI043,Goriška,54.69772361266223,-313.78219136968255,387.4678513966501,191.01638287448134,210,202,8,Sentinel Hub Statistical API / Sentinel-5P,P1D,partial
spar_fire_2025,SPAR/BTC fire,industrial_fire,HCHO,µmol/m²,2025-12-06T00:00:00Z,2025-12-07T00:00:00Z,6,SI043,Goriška,54.95570082196222,-313.7235762551427,531.3038709573448,183.64337638373766,210,161,49,Sentinel Hub Statistical API / Sentinel-5P,P1D,partial
spar_fire_2025,SPAR/BTC fire,industrial_fire,HCHO,µmol/m²,2025-12-07T00:00:00Z,2025-12-08T00:00:00Z,7,SI043,Goriška,88.67435577127979,-294.34473253786564,831.8899781443179,181.84569877928584,210,107,103,Sentinel Hub Statistical API / Sentinel-5P,P1D,partial
spar_fire_2025,SPAR/BTC fire,industrial_fire,HCHO,µmol/m²,2025-12-08T00:00:00Z,2025-12-09T00:00:00Z,8,SI043,Goriška,105.68911502957006,-287.5432255677879,459.7123770508915,206.78465889086607,210,127,83,Sentinel Hub Statistical API / Sentinel-5P,P1D,partial
spar_fire_2025,SPAR/BTC fire,industrial_fire,HCHO,µmol/m²,2025-12-09T00:00:00Z,2025-12-10T00:00:00Z,9,SI043,Goriška,46.06670802930145,-264.2370527610183,470.6358886323869,150.7274754899183,210,96,114,Sentinel Hub Statistical API / Sentinel-5P,P1D,good
spar_fire_2025,SPAR/BTC fire,industrial_fire,HCHO,µmol/m²,2025-12-10T00:00:00Z,2025-12-11T00:00:00Z,10,SI043,Goriška,73.34243805149418,-344.67081422917545,670.3356048092246,188.77776524868176,210,125,85,Sentinel Hub Statistical API / Sentinel-5P,P1D,partial
spar_fire_2025,SPAR/BTC fire,industrial_fire,HCHO,µmol/m²,2025-12-11T00:00:00Z,2025-12-12T00:00:00Z,11,SI043,Goriška,82.34527547301695,-311.331037664786,558.3963356912136,166.85823416929057,210,95,115,Sentinel Hub Statistical API / Sentinel-5P,P1D,good
spar_fire_2025,SPAR/BTC fire,industrial_fire,HCHO,µmol/m²,2025-12-12T00:00:00Z,2025-12-13T00:00:00Z,12,SI043,Goriška,31.581955331686412,-273.0632550083101,409.53553980216384,153.41433593874527,210,87,123,Sentinel Hub Statistical API / Sentinel-5P,P1D,good
spar_fire_2025,SPAR/BTC fire,industrial_fire,HCHO,µmol/m²,2025-12-13T00:00:00Z,2025-12-14T00:00:00Z,13,SI043,Goriška,49.17502252701164,-154.53503874596208,358.6377133615315,120.44588875862406,210,128,82,Sentinel Hub Statistical API / Sentinel-5P,P1D,partial
spar_fire_2025,SPAR/BTC fire,industrial_fire,HCHO,µmol/m²,2025-12-14T00:00:00Z,2025-12-15T00:00:00Z,14,SI043,Goriška,68.96728199001427,-243.87569283135235,415.975897340104,139.34214572389908,210,84,126,Sentinel Hub Statistical API / Sentinel-5P,P1D,good
spar_fire_2025,SPAR/BTC fire,industrial_fire,HCHO,µmol/m²,2025-12-15T00:00:00Z,2025-12-16T00:00:00Z,15,SI043,Goriška,59.88760496200902,-280.6868578772992,489.1594871878624,157.93140312971514,210,80,130,Sentinel Hub Statistical API / Sentinel-5P,P1D,good
spar_fire_2025,SPAR/BTC fire,industrial_fire,HCHO,µmol/m²,2025-12-16T00:00:00Z,2025-12-17T00:00:00Z,16,SI043,Goriška,-168.94718282856047,-168.94718282856047,-168.94718282856047,0.0,210,209,1,Sentinel Hub Statistical API / Sentinel-5P,P1D,partial
spar_fire_2025,SPAR/BTC fire,industrial_fire,HCHO,µmol/m²,2025-12-17T00:00:00Z,2025-12-18T00:00:00Z,17,SI043,Goriška,36.33620599430287,-59.9831655563321,113.07211389066651,64.81769237550547,210,206,4,Sentinel Hub Statistical API / Sentinel-5P,P1D,partial
spar_fire_2025,SPAR/BTC fire,industrial_fire,HCHO,µmol/m²,2025-12-18T00:00:00Z,2025-12-19T00:00:00Z,18,SI043,Goriška,81.15783162389157,24.931148800533265,151.81406342890114,39.97591732500659,210,201,9,Sentinel Hub Statistical API / Sentinel-5P,P1D,partial
spar_fire_2025,SPAR/BTC fire,industrial_fire,HCHO,µmol/m²,2025-12-19T00:00:00Z,2025-12-20T00:00:00Z,19,SI043,Goriška,37.64508166299989,-90.24394967127591,203.94801686052233,59.596326466984394,210,177,33,Sentinel Hub Statistical API / Sentinel-5P,P1D,partial
spar_fire_2025,SPAR/BTC fire,industrial_fire,HCHO,µmol/m²,2025-12-20T00:00:00Z,2025-12-21T00:00:00Z,20,SI043,Goriška,103.34029279146502,-299.6512339450419,513.8998967595398,176.41387767082534,210,82,128,Sentinel Hub Statistical API / Sentinel-5P,P1D,good
spar_fire_2025,SPAR/BTC fire,industrial_fire,HCHO,µmol/m²,2025-12-21T00:00:00Z,2025-12-22T00:00:00Z,21,SI043,Goriška,100.6348961381648,-160.82735965028405,416.1941178608686,138.45637764061144,210,106,104,Sentinel Hub Statistical API / Sentinel-5P,P1D,partial
spar_fire_2025,SPAR/BTC fire,industrial_fire,HCHO,µmol/m²,2025-12-22T00:00:00Z,2025-12-23T00:00:00Z,22,SI043,Goriška,38.28414263967556,-214.4389000022784,452.8303106781095,134.962781184301,210,119,91,Sentinel Hub Statistical API / Sentinel-5P,P1D,partial
spar_fire_2025,SPAR/BTC fire,industrial_fire,HCHO,µmol/m²,2025-12-23T00:00:00Z,2025-12-24T00:00:00Z,23,SI043,Goriška,40.228329908131855,6.023946298228111,92.20811625709757,31.450917672058992,210,204,6,Sentinel Hub Statistical API / Sentinel-5P,P1D,partial
spar_fire_2025,SPAR/BTC fire,industrial_fire,HCHO,µmol/m²,2025-12-24T00:00:00Z,2025-12-25T00:00:00Z,24,SI043,Goriška,,,,,210,210,0,Sentinel Hub Statistical API / Sentinel-5P,P1D,missing
spar_fire_2025,SPAR/BTC fire,industrial_fire,HCHO,µmol/m²,2025-12-25T00:00:00Z,2025-12-26T00:00:00Z,25,SI043,Goriška,107.47882643787604,6.197643870109459,339.1919599380344,70.54279285326267,210,161,49,Sentinel Hub Statistical API / Sentinel-5P,P1D,partial
spar_fire_2025,SPAR/BTC fire,industrial_fire,HCHO,µmol/m²,2025-12-26T00:00:00Z,2025-12-27T00:00:00Z,26,SI043,Goriška,73.27471224651734,-229.76164473220706,534.6516845747828,128.72824211890844,210,137,73,Sentinel Hub Statistical API / Sentinel-5P,P1D,partial
spar_fire_2025,SPAR/BTC fire,industrial_fire,HCHO,µmol/m²,2025-12-27T00:00:00Z,2025-12-28T00:00:00Z,27,SI043,Goriška,96.4982047820661,-344.09796353429556,422.6233286317438,146.55794194121816,210,164,46,Sentinel Hub Statistical API / Sentinel-5P,P1D,partial
spar_fire_2025,SPAR/BTC fire,industrial_fire,HCHO,µmol/m²,2025-12-28T00:00:00Z,2025-12-29T00:00:00Z,28,SI043,Goriška,31.91889863784418,-300.5858161486685,396.63983625359833,148.5229917853333,210,157,53,Sentinel Hub Statistical API / Sentinel-5P,P1D,partial
spar_fire_2025,SPAR/BTC fire,industrial_fire,HCHO,µmol/m²,2025-12-29T00:00:00Z,2025-12-30T00:00:00Z,29,SI043,Goriška,144.68330103007813,-111.16734094684944,580.0440558232367,183.40024692271322,210,181,29,Sentinel Hub Statistical API / Sentinel-5P,P1D,partial
spar_fire_2025,SPAR/BTC fire,industrial_fire,HCHO,µmol/m²,2025-12-30T00:00:00Z,2025-12-31T00:00:00Z,30,SI043,Goriška,41.472671670673755,-217.60632807854563,235.36314256489277,124.71839985406187,210,172,38,Sentinel Hub Statistical API / Sentinel-5P,P1D,partial
spar_fire_2025,SPAR/BTC fire,industrial_fire,HCHO,µmol/m²,2025-12-31T00:00:00Z,2026-01-01T00:00:00Z,31,SI043,Goriška,109.37069187953917,-207.44194625876844,527.1778209134936,173.02603575920946,210,173,37,Sentinel Hub Statistical API / Sentinel-5P,P1D,partial
spar_fire_2025,SPAR/BTC fire,industrial_fire,HCHO,µmol/m²,2025-12-01T00:00:00Z,2025-12-02T00:00:00Z,1,SI044,Obalno-kraška,48.59072396357078,33.662985515547916,63.518462411593646,14.927738448022865,99,97,2,Sentinel Hub Statistical API / Sentinel-5P,P1D,partial
spar_fire_2025,SPAR/BTC fire,industrial_fire,HCHO,µmol/m²,2025-12-02T00:00:00Z,2025-12-03T00:00:00Z,2,SI044,Obalno-kraška,-91.79531480185688,-91.79531480185688,-91.79531480185688,0.0,99,98,1,Sentinel Hub Statistical API / Sentinel-5P,P1D,partial
spar_fire_2025,SPAR/BTC fire,industrial_fire,HCHO,µmol/m²,2025-12-03T00:00:00Z,2025-12-04T00:00:00Z,3,SI044,Obalno-kraška,110.27172264508216,57.22907371819019,198.6120769288391,43.4413883416372,99,80,19,Sentinel Hub Statistical API / Sentinel-5P,P1D,partial
spar_fire_2025,SPAR/BTC fire,industrial_fire,HCHO,µmol/m²,2025-12-04T00:00:00Z,2025-12-05T00:00:00Z,4,SI044,Obalno-kraška,,,,,99,99,0,Sentinel Hub Statistical API / Sentinel-5P,P1D,missing
spar_fire_2025,SPAR/BTC fire,industrial_fire,HCHO,µmol/m²,2025-12-05T00:00:00Z,2025-12-06T00:00:00Z,5,SI044,Obalno-kraška,56.31272938444454,-232.2212530998513,387.4678513966501,220.7738961393751,99,91,8,Sentinel Hub Statistical API / Sentinel-5P,P1D,partial
spar_fire_2025,SPAR/BTC fire,industrial_fire,HCHO,µmol/m²,2025-12-06T00:00:00Z,2025-12-07T00:00:00Z,6,SI044,Obalno-kraška,86.05791121890189,-308.50470648147166,584.0379744768143,205.68706576156052,99,25,74,Sentinel Hub Statistical API / Sentinel-5P,P1D,good
spar_fire_2025,SPAR/BTC fire,industrial_fire,HCHO,µmol/m²,2025-12-07T00:00:00Z,2025-12-08T00:00:00Z,7,SI044,Obalno-kraška,93.36592666514683,-236.81329912506044,489.0688578598201,171.70175790147167,99,21,78,Sentinel Hub Statistical API / Sentinel-5P,P1D,good
spar_fire_2025,SPAR/BTC fire,industrial_fire,HCHO,µmol/m²,2025-12-08T00:00:00Z,2025-12-09T00:00:00Z,8,SI044,Obalno-kraška,136.13398807038737,-210.8216576743871,669.9534715153277,212.3004206171902,99,21,78,Sentinel Hub Statistical API / Sentinel-5P,P1D,good
spar_fire_2025,SPAR/BTC fire,industrial_fire,HCHO,µmol/m²,2025-12-09T00:00:00Z,2025-12-10T00:00:00Z,9,SI044,Obalno-kraška,32.942541481180605,-227.23466099705547,383.88121174648404,141.24361169442457,99,21,78,Sentinel Hub Statistical API / Sentinel-5P,P1D,good
spar_fire_2025,SPAR/BTC fire,industrial_fire,HCHO,µmol/m²,2025-12-10T00:00:00Z,2025-12-11T00:00:00Z,10,SI044,Obalno-kraška,129.61325715127188,-114.65357238193974,601.886713411659,156.85010323247937,99,56,43,Sentinel Hub Statistical API / Sentinel-5P,P1D,partial
spar_fire_2025,SPAR/BTC fire,industrial_fire,HCHO,µmol/m²,2025-12-11T00:00:00Z,2025-12-12T00:00:00Z,11,SI044,Obalno-kraška,78.53180431993678,-286.5316055249423,444.28222463466227,177.0042710831168,99,22,77,Sentinel Hub Statistical API / Sentinel-5P,P1D,good
spar_fire_2025,SPAR/BTC fire,industrial_fire,HCHO,µmol/m²,2025-12-12T00:00:00Z,2025-12-13T00:00:00Z,12,SI044,Obalno-kraška,26.580521058215044,-285.92461603693664,400.86463559418917,151.02377011986803,99,22,77,Sentinel Hub Statistical API / Sentinel-5P,P1D,good
spar_fire_2025,SPAR/BTC fire,industrial_fire,HCHO,µmol/m²,2025-12-13T00:00:00Z,2025-12-14T00:00:00Z,13,SI044,Obalno-kraška,72.4072751396424,-150.53949027787894,283.8925865944475,105.87669824714722,99,37,62,Sentinel Hub Statistical API / Sentinel-5P,P1D,good
spar_fire_2025,SPAR/BTC fire,industrial_fire,HCHO,µmol/m²,2025-12-14T00:00:00Z,2025-12-15T00:00:00Z,14,SI044,Obalno-kraška,92.2864708580817,-228.6283124703914,429.34605153277516,169.93313622900772,99,21,78,Sentinel Hub Statistical API / Sentinel-5P,P1D,good
spar_fire_2025,SPAR/BTC fire,industrial_fire,HCHO,µmol/m²,2025-12-15T00:00:00Z,2025-12-16T00:00:00Z,15,SI044,Obalno-kraška,82.27428210490855,-288.24590845033526,517.4145917408168,203.31298634809653,99,36,63,Sentinel Hub Statistical API / Sentinel-5P,P1D,good
spar_fire_2025,SPAR/BTC fire,industrial_fire,HCHO,µmol/m²,2025-12-16T00:00:00Z,2025-12-17T00:00:00Z,16,SI044,Obalno-kraška,,,,,99,99,0,Sentinel Hub Statistical API / Sentinel-5P,P1D,missing
spar_fire_2025,SPAR/BTC fire,industrial_fire,HCHO,µmol/m²,2025-12-17T00:00:00Z,2025-12-18T00:00:00Z,17,SI044,Obalno-kraška,2.35362654166238,-114.1290704254061,113.07211389066651,74.94952770894933,99,91,8,Sentinel Hub Statistical API / Sentinel-5P,P1D,partial
spar_fire_2025,SPAR/BTC fire,industrial_fire,HCHO,µmol/m²,2025-12-18T00:00:00Z,2025-12-19T00:00:00Z,18,SI044,Obalno-kraška,,,,,99,99,0,Sentinel Hub Statistical API / Sentinel-5P,P1D,missing
spar_fire_2025,SPAR/BTC fire,industrial_fire,HCHO,µmol/m²,2025-12-19T00:00:00Z,2025-12-20T00:00:00Z,19,SI044,Obalno-kraška,-51.87390100521346,-98.16933743422851,40.71697185281664,65.47163407389455,99,96,3,Sentinel Hub Statistical API / Sentinel-5P,P1D,partial
spar_fire_2025,SPAR/BTC fire,industrial_fire,HCHO,µmol/m²,2025-12-20T00:00:00Z,2025-12-21T00:00:00Z,20,SI044,Obalno-kraška,110.145135287275,-194.97622270137072,492.59845400229096,147.24964960879421,99,27,72,Sentinel Hub Statistical API / Sentinel-5P,P1D,good
spar_fire_2025,SPAR/BTC fire,industrial_fire,HCHO,µmol/m²,2025-12-21T00:00:00Z,2025-12-22T00:00:00Z,21,SI044,Obalno-kraška,106.3453399136704,-265.58616082184017,545.7830266095698,160.85822886023718,99,21,78,Sentinel Hub Statistical API / Sentinel-5P,P1D,good
spar_fire_2025,SPAR/BTC fire,industrial_fire,HCHO,µmol/m²,2025-12-22T00:00:00Z,2025-12-23T00:00:00Z,22,SI044,Obalno-kraška,20.944527551518,-247.36786144785583,385.79769898205996,139.80788813953032,99,22,77,Sentinel Hub Statistical API / Sentinel-5P,P1D,good
spar_fire_2025,SPAR/BTC fire,industrial_fire,HCHO,µmol/m²,2025-12-23T00:00:00Z,2025-12-24T00:00:00Z,23,SI044,Obalno-kraška,,,,,99,99,0,Sentinel Hub Statistical API / Sentinel-5P,P1D,missing
spar_fire_2025,SPAR/BTC fire,industrial_fire,HCHO,µmol/m²,2025-12-24T00:00:00Z,2025-12-25T00:00:00Z,24,SI044,Obalno-kraška,,,,,99,99,0,Sentinel Hub Statistical API / Sentinel-5P,P1D,missing
spar_fire_2025,SPAR/BTC fire,industrial_fire,HCHO,µmol/m²,2025-12-25T00:00:00Z,2025-12-26T00:00:00Z,25,SI044,Obalno-kraška,2.493317155809072,-356.22910945676267,283.5546329151839,157.57411138415458,99,55,44,Sentinel Hub Statistical API / Sentinel-5P,P1D,partial
spar_fire_2025,SPAR/BTC fire,industrial_fire,HCHO,µmol/m²,2025-12-26T00:00:00Z,2025-12-27T00:00:00Z,26,SI044,Obalno-kraška,61.320996425108305,-314.2343775834888,439.11830289289355,142.53052819063797,99,23,76,Sentinel Hub Statistical API / Sentinel-5P,P1D,good
spar_fire_2025,SPAR/BTC fire,industrial_fire,HCHO,µmol/m²,2025-12-27T00:00:00Z,2025-12-28T00:00:00Z,27,SI044,Obalno-kraška,26.60563219554509,-344.6578630246222,481.6186265088618,165.40221523352724,99,24,75,Sentinel Hub Statistical API / Sentinel-5P,P1D,good
spar_fire_2025,SPAR/BTC fire,industrial_fire,HCHO,µmol/m²,2025-12-28T00:00:00Z,2025-12-29T00:00:00Z,28,SI044,Obalno-kraška,-21.521849429182247,-344.9470386840403,445.05030382424593,174.82674873546134,99,26,73,Sentinel Hub Statistical API / Sentinel-5P,P1D,good
spar_fire_2025,SPAR/BTC fire,industrial_fire,HCHO,µmol/m²,2025-12-29T00:00:00Z,2025-12-30T00:00:00Z,29,SI044,Obalno-kraška,90.10938044992953,-211.7503754561767,330.2923869341612,144.00638840551676,99,27,72,Sentinel Hub Statistical API / Sentinel-5P,P1D,good
spar_fire_2025,SPAR/BTC fire,industrial_fire,HCHO,µmol/m²,2025-12-30T00:00:00Z,2025-12-31T00:00:00Z,30,SI044,Obalno-kraška,97.90400924047343,-190.5970711959526,304.76556275971234,139.469615190346,99,23,76,Sentinel Hub Statistical API / Sentinel-5P,P1D,good
spar_fire_2025,SPAR/BTC fire,industrial_fire,HCHO,µmol/m²,2025-12-31T00:00:00Z,2026-01-01T00:00:00Z,31,SI044,Obalno-kraška,121.48703682681256,-277.33371825888753,529.2656715027988,188.38243465310643,99,23,76,Sentinel Hub Statistical API / Sentinel-5P,P1D,good
spar_fire_2025,SPAR/BTC fire,industrial_fire,AAI,indeks,2025-12-01T00:00:00Z,2025-12-02T00:00:00Z,1,SI031,Pomurska,-0.5588034272602781,-1.0839715003967285,0.11287049949169159,0.27867714093152435,128,46,82,Sentinel Hub Statistical API / Sentinel-5P,P1D,good
spar_fire_2025,SPAR/BTC fire,industrial_fire,AAI,indeks,2025-12-02T00:00:00Z,2025-12-03T00:00:00Z,2,SI031,Pomurska,-1.2571086056030745,-3.3145651817321777,1.1988316774368286,1.0757369307900215,128,46,82,Sentinel Hub Statistical API / Sentinel-5P,P1D,good
spar_fire_2025,SPAR/BTC fire,industrial_fire,AAI,indeks,2025-12-03T00:00:00Z,2025-12-04T00:00:00Z,3,SI031,Pomurska,0.47501149083056093,0.18610849976539612,1.0818108320236206,0.1823451919080493,128,46,82,Sentinel Hub Statistical API / Sentinel-5P,P1D,good
spar_fire_2025,SPAR/BTC fire,industrial_fire,AAI,indeks,2025-12-04T00:00:00Z,2025-12-05T00:00:00Z,4,SI031,Pomurska,0.20414750779646718,-0.0004825725336559117,0.2949381470680237,0.05106138068306353,128,46,82,Sentinel Hub Statistical API / Sentinel-5P,P1D,good
spar_fire_2025,SPAR/BTC fire,industrial_fire,AAI,indeks,2025-12-05T00:00:00Z,2025-12-06T00:00:00Z,5,SI031,Pomurska,-0.014197470858783985,-0.3430112898349762,0.34015098214149475,0.16364325705162358,128,46,82,Sentinel Hub Statistical API / Sentinel-5P,P1D,good
spar_fire_2025,SPAR/BTC fire,industrial_fire,AAI,indeks,2025-12-06T00:00:00Z,2025-12-07T00:00:00Z,6,SI031,Pomurska,-0.9370514143530915,-1.9244318008422852,-0.3094457685947418,0.3231401158863687,128,46,82,Sentinel Hub Statistical API / Sentinel-5P,P1D,good
spar_fire_2025,SPAR/BTC fire,industrial_fire,AAI,indeks,2025-12-07T00:00:00Z,2025-12-08T00:00:00Z,7,SI031,Pomurska,-0.2509807121213072,-0.6138305068016052,0.06614072620868683,0.135869334925661,128,46,82,Sentinel Hub Statistical API / Sentinel-5P,P1D,good
spar_fire_2025,SPAR/BTC fire,industrial_fire,AAI,indeks,2025-12-08T00:00:00Z,2025-12-09T00:00:00Z,8,SI031,Pomurska,-0.8109563414643449,-0.9264301657676697,-0.64656001329422,0.0662279363321565,128,46,82,Sentinel Hub Statistical API / Sentinel-5P,P1D,good
spar_fire_2025,SPAR/BTC fire,industrial_fire,AAI,indeks,2025-12-09T00:00:00Z,2025-12-10T00:00:00Z,9,SI031,Pomurska,0.8148742130980259,0.22297434508800507,1.2888587713241577,0.30834512761298966,128,46,82,Sentinel Hub Statistical API / Sentinel-5P,P1D,good
spar_fire_2025,SPAR/BTC fire,industrial_fire,AAI,indeks,2025-12-10T00:00:00Z,2025-12-11T00:00:00Z,10,SI031,Pomurska,0.20626551557968303,-0.46012160181999207,0.5947274565696716,0.27272641224831345,128,46,82,Sentinel Hub Statistical API / Sentinel-5P,P1D,good
spar_fire_2025,SPAR/BTC fire,industrial_fire,AAI,indeks,2025-12-11T00:00:00Z,2025-12-12T00:00:00Z,11,SI031,Pomurska,-0.11505779874988077,-0.4386320114135742,0.14748340845108032,0.10282857005222457,128,46,82,Sentinel Hub Statistical API / Sentinel-5P,P1D,good
spar_fire_2025,SPAR/BTC fire,industrial_fire,AAI,indeks,2025-12-12T00:00:00Z,2025-12-13T00:00:00Z,12,SI031,Pomurska,-0.11064474332350784,-0.22582469880580902,-0.024499760940670967,0.042576225167451145,128,46,82,Sentinel Hub Statistical API / Sentinel-5P,P1D,good
spar_fire_2025,SPAR/BTC fire,industrial_fire,AAI,indeks,2025-12-13T00:00:00Z,2025-12-14T00:00:00Z,13,SI031,Pomurska,-0.3377367771435075,-1.258872628211975,0.5564501285552979,0.4697839718170743,128,46,82,Sentinel Hub Statistical API / Sentinel-5P,P1D,good
spar_fire_2025,SPAR/BTC fire,industrial_fire,AAI,indeks,2025-12-14T00:00:00Z,2025-12-15T00:00:00Z,14,SI031,Pomurska,0.510743273104109,0.3966298997402191,0.7025092840194702,0.06910286127993367,128,46,82,Sentinel Hub Statistical API / Sentinel-5P,P1D,good
spar_fire_2025,SPAR/BTC fire,industrial_fire,AAI,indeks,2025-12-15T00:00:00Z,2025-12-16T00:00:00Z,15,SI031,Pomurska,-0.12878946237629502,-0.2137405276298523,-0.050251591950654984,0.0449208933862065,128,46,82,Sentinel Hub Statistical API / Sentinel-5P,P1D,good
spar_fire_2025,SPAR/BTC fire,industrial_fire,AAI,indeks,2025-12-16T00:00:00Z,2025-12-17T00:00:00Z,16,SI031,Pomurska,-0.17169902346696053,-0.6513425707817078,0.41707858443260193,0.25380574153591884,128,46,82,Sentinel Hub Statistical API / Sentinel-5P,P1D,good
spar_fire_2025,SPAR/BTC fire,industrial_fire,AAI,indeks,2025-12-17T00:00:00Z,2025-12-18T00:00:00Z,17,SI031,Pomurska,-0.6590540795246278,-2.1503584384918213,1.8821630477905273,0.8094224862691167,128,46,82,Sentinel Hub Statistical API / Sentinel-5P,P1D,good
spar_fire_2025,SPAR/BTC fire,industrial_fire,AAI,indeks,2025-12-18T00:00:00Z,2025-12-19T00:00:00Z,18,SI031,Pomurska,-0.5220355545965639,-1.145403265953064,-0.15568599104881287,0.21863587611268642,128,46,82,Sentinel Hub Statistical API / Sentinel-5P,P1D,good
spar_fire_2025,SPAR/BTC fire,industrial_fire,AAI,indeks,2025-12-19T00:00:00Z,2025-12-20T00:00:00Z,19,SI031,Pomurska,0.7198914209517039,0.5726510882377625,0.946426272392273,0.07969099430544828,128,46,82,Sentinel Hub Statistical API / Sentinel-5P,P1D,good
spar_fire_2025,SPAR/BTC fire,industrial_fire,AAI,indeks,2025-12-20T00:00:00Z,2025-12-21T00:00:00Z,20,SI031,Pomurska,0.2842976771204211,-0.30802154541015625,0.568494439125061,0.206350787605984,128,46,82,Sentinel Hub Statistical API / Sentinel-5P,P1D,good
spar_fire_2025,SPAR/BTC fire,industrial_fire,AAI,indeks,2025-12-21T00:00:00Z,2025-12-22T00:00:00Z,21,SI031,Pomurska,-0.49550253080158707,-0.598393976688385,-0.314155638217926,0.06216253902390989,128,46,82,Sentinel Hub Statistical API / Sentinel-5P,P1D,good
spar_fire_2025,SPAR/BTC fire,industrial_fire,AAI,indeks,2025-12-22T00:00:00Z,2025-12-23T00:00:00Z,22,SI031,Pomurska,-1.2064381358100151,-1.3291094303131104,-1.071752667427063,0.049336595353391424,128,46,82,Sentinel Hub Statistical API / Sentinel-5P,P1D,good
spar_fire_2025,SPAR/BTC fire,industrial_fire,AAI,indeks,2025-12-23T00:00:00Z,2025-12-24T00:00:00Z,23,SI031,Pomurska,-1.55269178280198,-3.0874135494232178,0.046818479895591736,0.7101533666899612,128,46,82,Sentinel Hub Statistical API / Sentinel-5P,P1D,good
spar_fire_2025,SPAR/BTC fire,industrial_fire,AAI,indeks,2025-12-24T00:00:00Z,2025-12-25T00:00:00Z,24,SI031,Pomurska,-0.29877612012915494,-1.254309058189392,0.557971179485321,0.4741065456271319,128,46,82,Sentinel Hub Statistical API / Sentinel-5P,P1D,good
spar_fire_2025,SPAR/BTC fire,industrial_fire,AAI,indeks,2025-12-25T00:00:00Z,2025-12-26T00:00:00Z,25,SI031,Pomurska,0.019396932159618626,-0.4366593658924103,0.6310791969299316,0.239441697977841,128,46,82,Sentinel Hub Statistical API / Sentinel-5P,P1D,good
spar_fire_2025,SPAR/BTC fire,industrial_fire,AAI,indeks,2025-12-26T00:00:00Z,2025-12-27T00:00:00Z,26,SI031,Pomurska,-0.29754328157571025,-0.6522067189216614,-0.011810371652245522,0.1574151269932521,128,46,82,Sentinel Hub Statistical API / Sentinel-5P,P1D,good
spar_fire_2025,SPAR/BTC fire,industrial_fire,AAI,indeks,2025-12-27T00:00:00Z,2025-12-28T00:00:00Z,27,SI031,Pomurska,-0.3306344171826979,-0.7307342886924744,0.02589130774140358,0.2152602174535881,128,46,82,Sentinel Hub Statistical API / Sentinel-5P,P1D,good
spar_fire_2025,SPAR/BTC fire,industrial_fire,AAI,indeks,2025-12-28T00:00:00Z,2025-12-29T00:00:00Z,28,SI031,Pomurska,-0.3176495666365797,-0.6316874027252197,-0.11067628115415573,0.13127269635192118,128,46,82,Sentinel Hub Statistical API / Sentinel-5P,P1D,good
spar_fire_2025,SPAR/BTC fire,industrial_fire,AAI,indeks,2025-12-29T00:00:00Z,2025-12-30T00:00:00Z,29,SI031,Pomurska,-0.2642830968465337,-0.9650344252586365,0.2794380486011505,0.3374093107762722,128,46,82,Sentinel Hub Statistical API / Sentinel-5P,P1D,good
spar_fire_2025,SPAR/BTC fire,industrial_fire,AAI,indeks,2025-12-30T00:00:00Z,2025-12-31T00:00:00Z,30,SI031,Pomurska,-0.1067669080632807,-0.5148279070854187,0.16325420141220093,0.1743319295608302,128,46,82,Sentinel Hub Statistical API / Sentinel-5P,P1D,good
spar_fire_2025,SPAR/BTC fire,industrial_fire,AAI,indeks,2025-12-31T00:00:00Z,2026-01-01T00:00:00Z,31,SI031,Pomurska,-0.0633554418185135,-0.36965808272361755,0.2302541881799698,0.12540845685378527,128,46,82,Sentinel Hub Statistical API / Sentinel-5P,P1D,good
spar_fire_2025,SPAR/BTC fire,industrial_fire,AAI,indeks,2025-12-01T00:00:00Z,2025-12-02T00:00:00Z,1,SI032,Podravska,-0.7272642788302621,-1.090675711631775,-0.051992643624544144,0.1719644630195011,180,52,128,Sentinel Hub Statistical API / Sentinel-5P,P1D,good
spar_fire_2025,SPAR/BTC fire,industrial_fire,AAI,indeks,2025-12-02T00:00:00Z,2025-12-03T00:00:00Z,2,SI032,Podravska,-1.1084138378209902,-2.8883328437805176,1.0397144556045532,0.921565435924573,180,52,128,Sentinel Hub Statistical API / Sentinel-5P,P1D,good
spar_fire_2025,SPAR/BTC fire,industrial_fire,AAI,indeks,2025-12-03T00:00:00Z,2025-12-04T00:00:00Z,3,SI032,Podravska,0.7022538110904861,-0.14075320959091187,1.4440971612930298,0.3260419283886195,180,52,128,Sentinel Hub Statistical API / Sentinel-5P,P1D,good
spar_fire_2025,SPAR/BTC fire,industrial_fire,AAI,indeks,2025-12-04T00:00:00Z,2025-12-05T00:00:00Z,4,SI032,Podravska,0.23891902627656236,0.09803923219442368,0.39377161860466003,0.0674285986432934,180,52,128,Sentinel Hub Statistical API / Sentinel-5P,P1D,good
spar_fire_2025,SPAR/BTC fire,industrial_fire,AAI,indeks,2025-12-05T00:00:00Z,2025-12-06T00:00:00Z,5,SI032,Podravska,-0.13708709216007262,-0.6980012655258179,0.41314294934272766,0.2394052242808316,180,52,128,Sentinel Hub Statistical API / Sentinel-5P,P1D,good
spar_fire_2025,SPAR/BTC fire,industrial_fire,AAI,indeks,2025-12-06T00:00:00Z,2025-12-07T00:00:00Z,6,SI032,Podravska,-1.0758564951829608,-1.7885311841964722,-0.3108258545398712,0.2693424322816401,180,52,128,Sentinel Hub Statistical API / Sentinel-5P,P1D,good
spar_fire_2025,SPAR/BTC fire,industrial_fire,AAI,indeks,2025-12-07T00:00:00Z,2025-12-08T00:00:00Z,7,SI032,Podravska,-0.2885517777176574,-1.2346506118774414,0.10548839718103409,0.19204499101734177,180,52,128,Sentinel Hub Statistical API / Sentinel-5P,P1D,good
spar_fire_2025,SPAR/BTC fire,industrial_fire,AAI,indeks,2025-12-08T00:00:00Z,2025-12-09T00:00:00Z,8,SI032,Podravska,-0.7120278221555056,-0.882056474685669,-0.31420212984085083,0.10566513245955582,180,52,128,Sentinel Hub Statistical API / Sentinel-5P,P1D,good
spar_fire_2025,SPAR/BTC fire,industrial_fire,AAI,indeks,2025-12-09T00:00:00Z,2025-12-10T00:00:00Z,9,SI032,Podravska,0.4140001180930994,-0.05846025049686432,1.2888587713241577,0.19498671637950493,180,52,128,Sentinel Hub Statistical API / Sentinel-5P,P1D,good
spar_fire_2025,SPAR/BTC fire,industrial_fire,AAI,indeks,2025-12-10T00:00:00Z,2025-12-11T00:00:00Z,10,SI032,Podravska,-0.0226366836577654,-0.4217471480369568,0.2277269959449768,0.1189515576341193,180,52,128,Sentinel Hub Statistical API / Sentinel-5P,P1D,good
spar_fire_2025,SPAR/BTC fire,industrial_fire,AAI,indeks,2025-12-11T00:00:00Z,2025-12-12T00:00:00Z,11,SI032,Podravska,-0.09724064464359829,-0.8084683418273926,0.20512795448303223,0.15393361439008618,180,52,128,Sentinel Hub Statistical API / Sentinel-5P,P1D,good
spar_fire_2025,SPAR/BTC fire,industrial_fire,AAI,indeks,2025-12-12T00:00:00Z,2025-12-13T00:00:00Z,12,SI032,Podravska,-0.10360007019244226,-0.6587621569633484,0.1256982684135437,0.13352956343356473,180,52,128,Sentinel Hub Statistical API / Sentinel-5P,P1D,good
spar_fire_2025,SPAR/BTC fire,industrial_fire,AAI,indeks,2025-12-13T00:00:00Z,2025-12-14T00:00:00Z,13,SI032,Podravska,-0.46482261615256,-1.3521391153335571,0.5545627474784851,0.31968634248649735,180,52,128,Sentinel Hub Statistical API / Sentinel-5P,P1D,good
spar_fire_2025,SPAR/BTC fire,industrial_fire,AAI,indeks,2025-12-14T00:00:00Z,2025-12-15T00:00:00Z,14,SI032,Podravska,0.6059231324543359,-0.4028298854827881,1.072830080986023,0.3458542190340856,180,52,128,Sentinel Hub Statistical API / Sentinel-5P,P1D,good
spar_fire_2025,SPAR/BTC fire,industrial_fire,AAI,indeks,2025-12-15T00:00:00Z,2025-12-16T00:00:00Z,15,SI032,Podravska,0.03336223269798212,-0.7710447311401367,0.6730443835258484,0.2793295077235137,180,52,128,Sentinel Hub Statistical API / Sentinel-5P,P1D,good
spar_fire_2025,SPAR/BTC fire,industrial_fire,AAI,indeks,2025-12-16T00:00:00Z,2025-12-17T00:00:00Z,16,SI032,Podravska,-0.1658339910495669,-0.5793398022651672,0.2095862478017807,0.14531665885711215,180,52,128,Sentinel Hub Statistical API / Sentinel-5P,P1D,good
spar_fire_2025,SPAR/BTC fire,industrial_fire,AAI,indeks,2025-12-17T00:00:00Z,2025-12-18T00:00:00Z,17,SI032,Podravska,-1.1600766638293867,-2.3034677505493164,1.120779275894165,0.622939512295609,180,52,128,Sentinel Hub Statistical API / Sentinel-5P,P1D,good
spar_fire_2025,SPAR/BTC fire,industrial_fire,AAI,indeks,2025-12-18T00:00:00Z,2025-12-19T00:00:00Z,18,SI032,Podravska,-0.49352257204009226,-1.0115126371383667,0.2511606812477112,0.22406953889672743,180,52,128,Sentinel Hub Statistical API / Sentinel-5P,P1D,good
spar_fire_2025,SPAR/BTC fire,industrial_fire,AAI,indeks,2025-12-19T00:00:00Z,2025-12-20T00:00:00Z,19,SI032,Podravska,0.8517872177471876,-0.10268814116716385,1.484942078590393,0.3458600988322687,180,52,128,Sentinel Hub Statistical API / Sentinel-5P,P1D,good
spar_fire_2025,SPAR/BTC fire,industrial_fire,AAI,indeks,2025-12-20T00:00:00Z,2025-12-21T00:00:00Z,20,SI032,Podravska,0.42034497929853387,-0.437831848859787,0.9557454586029053,0.33009832438255154,180,52,128,Sentinel Hub Statistical API / Sentinel-5P,P1D,good
spar_fire_2025,SPAR/BTC fire,industrial_fire,AAI,indeks,2025-12-21T00:00:00Z,2025-12-22T00:00:00Z,21,SI032,Podravska,-0.46620865829754615,-1.1228556632995605,0.12430206686258316,0.2654357658390194,180,52,128,Sentinel Hub Statistical API / Sentinel-5P,P1D,good
spar_fire_2025,SPAR/BTC fire,industrial_fire,AAI,indeks,2025-12-22T00:00:00Z,2025-12-23T00:00:00Z,22,SI032,Podravska,-1.270381222479046,-2.394489049911499,-0.9180310964584351,0.22228900619726602,180,52,128,Sentinel Hub Statistical API / Sentinel-5P,P1D,good
spar_fire_2025,SPAR/BTC fire,industrial_fire,AAI,indeks,2025-12-23T00:00:00Z,2025-12-24T00:00:00Z,23,SI032,Podravska,-1.3144157365895806,-2.648463249206543,-0.2694172263145447,0.4249619534097128,180,52,128,Sentinel Hub Statistical API / Sentinel-5P,P1D,good
spar_fire_2025,SPAR/BTC fire,industrial_fire,AAI,indeks,2025-12-24T00:00:00Z,2025-12-25T00:00:00Z,24,SI032,Podravska,-0.5354030192247592,-1.3776592016220093,0.557971179485321,0.37857416705954355,180,52,128,Sentinel Hub Statistical API / Sentinel-5P,P1D,good
spar_fire_2025,SPAR/BTC fire,industrial_fire,AAI,indeks,2025-12-25T00:00:00Z,2025-12-26T00:00:00Z,25,SI032,Podravska,0.022585688701383333,-0.7331647276878357,0.4623417258262634,0.2506373268134966,180,52,128,Sentinel Hub Statistical API / Sentinel-5P,P1D,good
spar_fire_2025,SPAR/BTC fire,industrial_fire,AAI,indeks,2025-12-26T00:00:00Z,2025-12-27T00:00:00Z,26,SI032,Podravska,-0.3354728639242237,-0.6522067189216614,-0.02648051455616951,0.15072822101395214,180,52,128,Sentinel Hub Statistical API / Sentinel-5P,P1D,good
spar_fire_2025,SPAR/BTC fire,industrial_fire,AAI,indeks,2025-12-27T00:00:00Z,2025-12-28T00:00:00Z,27,SI032,Podravska,-0.3531418282218511,-1.3196308612823486,0.43348538875579834,0.31396911153243157,180,52,128,Sentinel Hub Statistical API / Sentinel-5P,P1D,good
spar_fire_2025,SPAR/BTC fire,industrial_fire,AAI,indeks,2025-12-28T00:00:00Z,2025-12-29T00:00:00Z,28,SI032,Podravska,-0.5514470966190859,-1.7462948560714722,0.2531781494617462,0.3472289002840728,180,52,128,Sentinel Hub Statistical API / Sentinel-5P,P1D,good
spar_fire_2025,SPAR/BTC fire,industrial_fire,AAI,indeks,2025-12-29T00:00:00Z,2025-12-30T00:00:00Z,29,SI032,Podravska,-0.5424650234053844,-1.2502572536468506,0.29848408699035645,0.276521110963891,180,52,128,Sentinel Hub Statistical API / Sentinel-5P,P1D,good
spar_fire_2025,SPAR/BTC fire,industrial_fire,AAI,indeks,2025-12-30T00:00:00Z,2025-12-31T00:00:00Z,30,SI032,Podravska,0.10133417691395154,-0.20144478976726532,0.5006269216537476,0.13920760041676694,180,52,128,Sentinel Hub Statistical API / Sentinel-5P,P1D,good
spar_fire_2025,SPAR/BTC fire,industrial_fire,AAI,indeks,2025-12-31T00:00:00Z,2026-01-01T00:00:00Z,31,SI032,Podravska,-0.016944243945545154,-0.42407485842704773,0.638758659362793,0.1908006842163769,180,52,128,Sentinel Hub Statistical API / Sentinel-5P,P1D,good
spar_fire_2025,SPAR/BTC fire,industrial_fire,AAI,indeks,2025-12-01T00:00:00Z,2025-12-02T00:00:00Z,1,SI033,Koroška,-0.6547488428620716,-1.02475905418396,0.01137769315391779,0.217572999941416,75,16,59,Sentinel Hub Statistical API / Sentinel-5P,P1D,good
spar_fire_2025,SPAR/BTC fire,industrial_fire,AAI,indeks,2025-12-02T00:00:00Z,2025-12-03T00:00:00Z,2,SI033,Koroška,-0.9506257696677062,-2.0207715034484863,0.10867191851139069,0.38945107002965534,75,16,59,Sentinel Hub Statistical API / Sentinel-5P,P1D,good
spar_fire_2025,SPAR/BTC fire,industrial_fire,AAI,indeks,2025-12-03T00:00:00Z,2025-12-04T00:00:00Z,3,SI033,Koroška,0.1238358931584378,-0.2495615929365158,0.8858714699745178,0.333899439930819,75,16,59,Sentinel Hub Statistical API / Sentinel-5P,P1D,good
spar_fire_2025,SPAR/BTC fire,industrial_fire,AAI,indeks,2025-12-04T00:00:00Z,2025-12-05T00:00:00Z,4,SI033,Koroška,0.23046258584422583,-0.021810537204146385,0.4015272259712219,0.11584217532803764,75,16,59,Sentinel Hub Statistical API / Sentinel-5P,P1D,good
spar_fire_2025,SPAR/BTC fire,industrial_fire,AAI,indeks,2025-12-05T00:00:00Z,2025-12-06T00:00:00Z,5,SI033,Koroška,-0.2909723505756613,-0.7885813117027283,0.2753443717956543,0.24085203619075674,75,16,59,Sentinel Hub Statistical API / Sentinel-5P,P1D,good
spar_fire_2025,SPAR/BTC fire,industrial_fire,AAI,indeks,2025-12-06T00:00:00Z,2025-12-07T00:00:00Z,6,SI033,Koroška,-1.0447442733635337,-1.7885311841964722,-0.5920624732971191,0.259411948875503,75,16,59,Sentinel Hub Statistical API / Sentinel-5P,P1D,good
spar_fire_2025,SPAR/BTC fire,industrial_fire,AAI,indeks,2025-12-07T00:00:00Z,2025-12-08T00:00:00Z,7,SI033,Koroška,-0.5037478523770883,-1.4736970663070679,0.6559156775474548,0.46999808663641246,75,16,59,Sentinel Hub Statistical API / Sentinel-5P,P1D,good
spar_fire_2025,SPAR/BTC fire,industrial_fire,AAI,indeks,2025-12-08T00:00:00Z,2025-12-09T00:00:00Z,8,SI033,Koroška,0.14855280862404754,-0.7662209868431091,0.5792210698127747,0.35365598709485396,75,23,52,Sentinel Hub Statistical API / Sentinel-5P,P1D,good
spar_fire_2025,SPAR/BTC fire,industrial_fire,AAI,indeks,2025-12-09T00:00:00Z,2025-12-10T00:00:00Z,9,SI033,Koroška,0.029400017866233405,-0.34841397404670715,0.3456258177757263,0.15777069811133657,75,16,59,Sentinel Hub Statistical API / Sentinel-5P,P1D,good
spar_fire_2025,SPAR/BTC fire,industrial_fire,AAI,indeks,2025-12-10T00:00:00Z,2025-12-11T00:00:00Z,10,SI033,Koroška,-0.2555053728648414,-0.6969547867774963,0.1185993105173111,0.1938974469299157,75,16,59,Sentinel Hub Statistical API / Sentinel-5P,P1D,good
spar_fire_2025,SPAR/BTC fire,industrial_fire,AAI,indeks,2025-12-11T00:00:00Z,2025-12-12T00:00:00Z,11,SI033,Koroška,-0.45219714617577644,-1.1522351503372192,0.40542536973953247,0.31505098502221035,75,16,59,Sentinel Hub Statistical API / Sentinel-5P,P1D,good
spar_fire_2025,SPAR/BTC fire,industrial_fire,AAI,indeks,2025-12-12T00:00:00Z,2025-12-13T00:00:00Z,12,SI033,Koroška,-0.4475214661067447,-1.117530107498169,0.106485515832901,0.3415452351665857,75,16,59,Sentinel Hub Statistical API / Sentinel-5P,P1D,good
spar_fire_2025,SPAR/BTC fire,industrial_fire,AAI,indeks,2025-12-13T00:00:00Z,2025-12-14T00:00:00Z,13,SI033,Koroška,-0.6332715605148825,-1.291221022605896,0.43886294960975647,0.347053590109439,75,16,59,Sentinel Hub Statistical API / Sentinel-5P,P1D,good
spar_fire_2025,SPAR/BTC fire,industrial_fire,AAI,indeks,2025-12-14T00:00:00Z,2025-12-15T00:00:00Z,14,SI033,Koroška,-0.08721901662055784,-0.4106040894985199,0.44127950072288513,0.22016555377935912,75,16,59,Sentinel Hub Statistical API / Sentinel-5P,P1D,good
spar_fire_2025,SPAR/BTC fire,industrial_fire,AAI,indeks,2025-12-15T00:00:00Z,2025-12-16T00:00:00Z,15,SI033,Koroška,-0.39390384014380175,-0.7407932877540588,0.21393071115016937,0.2012593787999745,75,16,59,Sentinel Hub Statistical API / Sentinel-5P,P1D,good
spar_fire_2025,SPAR/BTC fire,industrial_fire,AAI,indeks,2025-12-16T00:00:00Z,2025-12-17T00:00:00Z,16,SI033,Koroška,-0.060039039164529025,-0.4837672710418701,0.19973202049732208,0.14507404583140662,75,16,59,Sentinel Hub Statistical API / Sentinel-5P,P1D,good
spar_fire_2025,SPAR/BTC fire,industrial_fire,AAI,indeks,2025-12-17T00:00:00Z,2025-12-18T00:00:00Z,17,SI033,Koroška,-1.414215318227219,-2.446965217590332,-0.5518117547035217,0.38174669476962414,75,16,59,Sentinel Hub Statistical API / Sentinel-5P,P1D,good
spar_fire_2025,SPAR/BTC fire,industrial_fire,AAI,indeks,2025-12-18T00:00:00Z,2025-12-19T00:00:00Z,18,SI033,Koroška,-0.46970458486575195,-1.40572988986969,0.7844527363777161,0.4824629444865432,75,16,59,Sentinel Hub Statistical API / Sentinel-5P,P1D,good
spar_fire_2025,SPAR/BTC fire,industrial_fire,AAI,indeks,2025-12-19T00:00:00Z,2025-12-20T00:00:00Z,19,SI033,Koroška,0.0528528041648284,-0.27560317516326904,0.6030460000038147,0.15063214714877776,75,16,59,Sentinel Hub Statistical API / Sentinel-5P,P1D,good
spar_fire_2025,SPAR/BTC fire,industrial_fire,AAI,indeks,2025-12-20T00:00:00Z,2025-12-21T00:00:00Z,20,SI033,Koroška,-0.15745600691791306,-0.5937564373016357,0.6049248576164246,0.3033292927437454,75,16,59,Sentinel Hub Statistical API / Sentinel-5P,P1D,good
spar_fire_2025,SPAR/BTC fire,industrial_fire,AAI,indeks,2025-12-21T00:00:00Z,2025-12-22T00:00:00Z,21,SI033,Koroška,-0.48788314408196487,-1.1172585487365723,0.32714909315109253,0.36171396427678226,75,16,59,Sentinel Hub Statistical API / Sentinel-5P,P1D,good
spar_fire_2025,SPAR/BTC fire,industrial_fire,AAI,indeks,2025-12-22T00:00:00Z,2025-12-23T00:00:00Z,22,SI033,Koroška,-1.2255514395439016,-2.394489049911499,-0.5738099217414856,0.3168941416842388,75,16,59,Sentinel Hub Statistical API / Sentinel-5P,P1D,good
spar_fire_2025,SPAR/BTC fire,industrial_fire,AAI,indeks,2025-12-23T00:00:00Z,2025-12-24T00:00:00Z,23,SI033,Koroška,-1.3619076218140331,-2.2030680179595947,-0.19149459898471832,0.4092940923021201,75,16,59,Sentinel Hub Statistical API / Sentinel-5P,P1D,good
spar_fire_2025,SPAR/BTC fire,industrial_fire,AAI,indeks,2025-12-24T00:00:00Z,2025-12-25T00:00:00Z,24,SI033,Koroška,-0.33220842673822687,-0.833922266960144,0.5396875143051147,0.22658870715687227,75,21,54,Sentinel Hub Statistical API / Sentinel-5P,P1D,good
spar_fire_2025,SPAR/BTC fire,industrial_fire,AAI,indeks,2025-12-25T00:00:00Z,2025-12-26T00:00:00Z,25,SI033,Koroška,0.008658482306400116,-0.43158671259880066,0.4166380763053894,0.23821092625581344,75,16,59,Sentinel Hub Statistical API / Sentinel-5P,P1D,good
spar_fire_2025,SPAR/BTC fire,industrial_fire,AAI,indeks,2025-12-26T00:00:00Z,2025-12-27T00:00:00Z,26,SI033,Koroška,-0.47448070801920816,-0.8045575618743896,-0.2480158656835556,0.13977392581828196,75,16,59,Sentinel Hub Statistical API / Sentinel-5P,P1D,good
spar_fire_2025,SPAR/BTC fire,industrial_fire,AAI,indeks,2025-12-27T00:00:00Z,2025-12-28T00:00:00Z,27,SI033,Koroška,-0.6728263533342692,-1.4149444103240967,0.13779957592487335,0.35553848156831636,75,16,59,Sentinel Hub Statistical API / Sentinel-5P,P1D,good
spar_fire_2025,SPAR/BTC fire,industrial_fire,AAI,indeks,2025-12-28T00:00:00Z,2025-12-29T00:00:00Z,28,SI033,Koroška,-0.927463692123607,-1.873714566230774,-0.3587409555912018,0.4467903067301068,75,16,59,Sentinel Hub Statistical API / Sentinel-5P,P1D,good
spar_fire_2025,SPAR/BTC fire,industrial_fire,AAI,indeks,2025-12-29T00:00:00Z,2025-12-30T00:00:00Z,29,SI033,Koroška,-0.6698771525742644,-1.2598273754119873,0.3797661364078522,0.324583969964182,75,16,59,Sentinel Hub Statistical API / Sentinel-5P,P1D,good
spar_fire_2025,SPAR/BTC fire,industrial_fire,AAI,indeks,2025-12-30T00:00:00Z,2025-12-31T00:00:00Z,30,SI033,Koroška,0.32918090939963773,-0.03587788715958595,0.8003621101379395,0.2245273872069891,75,16,59,Sentinel Hub Statistical API / Sentinel-5P,P1D,good
spar_fire_2025,SPAR/BTC fire,industrial_fire,AAI,indeks,2025-12-31T00:00:00Z,2026-01-01T00:00:00Z,31,SI033,Koroška,-0.11724452890645143,-0.42407485842704773,0.13988913595676422,0.1391047674905648,75,16,59,Sentinel Hub Statistical API / Sentinel-5P,P1D,good
spar_fire_2025,SPAR/BTC fire,industrial_fire,AAI,indeks,2025-12-01T00:00:00Z,2025-12-02T00:00:00Z,1,SI034,Savinjska,-0.7150993031887892,-1.4036664962768555,0.21289944648742676,0.3061423026291231,225,89,136,Sentinel Hub Statistical API / Sentinel-5P,P1D,good
spar_fire_2025,SPAR/BTC fire,industrial_fire,AAI,indeks,2025-12-02T00:00:00Z,2025-12-03T00:00:00Z,2,SI034,Savinjska,-1.048968466875308,-2.229759454727173,0.3472667932510376,0.38852313452828435,225,89,136,Sentinel Hub Statistical API / Sentinel-5P,P1D,good
spar_fire_2025,SPAR/BTC fire,industrial_fire,AAI,indeks,2025-12-03T00:00:00Z,2025-12-04T00:00:00Z,3,SI034,Savinjska,0.3768847041133354,-0.4606158137321472,0.9874989986419678,0.3287376922432181,225,89,136,Sentinel Hub Statistical API / Sentinel-5P,P1D,good
spar_fire_2025,SPAR/BTC fire,industrial_fire,AAI,indeks,2025-12-04T00:00:00Z,2025-12-05T00:00:00Z,4,SI034,Savinjska,0.2542065599358038,-0.01022887509316206,0.45967236161231995,0.115934443173464,225,89,136,Sentinel Hub Statistical API / Sentinel-5P,P1D,good
spar_fire_2025,SPAR/BTC fire,industrial_fire,AAI,indeks,2025-12-05T00:00:00Z,2025-12-06T00:00:00Z,5,SI034,Savinjska,-0.13294996445449003,-0.7361069917678833,0.9384515285491943,0.2931129759733951,225,89,136,Sentinel Hub Statistical API / Sentinel-5P,P1D,good
spar_fire_2025,SPAR/BTC fire,industrial_fire,AAI,indeks,2025-12-06T00:00:00Z,2025-12-07T00:00:00Z,6,SI034,Savinjska,-1.0979229682946907,-1.7456016540527344,-0.34785130620002747,0.23702657024040258,225,89,136,Sentinel Hub Statistical API / Sentinel-5P,P1D,good
spar_fire_2025,SPAR/BTC fire,industrial_fire,AAI,indeks,2025-12-07T00:00:00Z,2025-12-08T00:00:00Z,7,SI034,Savinjska,-0.4669534078360918,-1.5777281522750854,0.31225326657295227,0.34377759120621193,225,89,136,Sentinel Hub Statistical API / Sentinel-5P,P1D,good
spar_fire_2025,SPAR/BTC fire,industrial_fire,AAI,indeks,2025-12-08T00:00:00Z,2025-12-09T00:00:00Z,8,SI034,Savinjska,-0.10879498873911206,-0.882056474685669,0.6560615301132202,0.49417388435822585,225,99,126,Sentinel Hub Statistical API / Sentinel-5P,P1D,good
spar_fire_2025,SPAR/BTC fire,industrial_fire,AAI,indeks,2025-12-09T00:00:00Z,2025-12-10T00:00:00Z,9,SI034,Savinjska,0.226746280253043,-0.21196623146533966,1.1029963493347168,0.19556618178247198,225,89,136,Sentinel Hub Statistical API / Sentinel-5P,P1D,good
spar_fire_2025,SPAR/BTC fire,industrial_fire,AAI,indeks,2025-12-10T00:00:00Z,2025-12-11T00:00:00Z,10,SI034,Savinjska,-0.02292867908802099,-0.5380635261535645,0.37402957677841187,0.15733798803104698,225,89,136,Sentinel Hub Statistical API / Sentinel-5P,P1D,good
spar_fire_2025,SPAR/BTC fire,industrial_fire,AAI,indeks,2025-12-11T00:00:00Z,2025-12-12T00:00:00Z,11,SI034,Savinjska,-0.4110042428246341,-1.3255716562271118,5.320986929291394e-06,0.25604393683128335,225,89,136,Sentinel Hub Statistical API / Sentinel-5P,P1D,good
spar_fire_2025,SPAR/BTC fire,industrial_fire,AAI,indeks,2025-12-12T00:00:00Z,2025-12-13T00:00:00Z,12,SI034,Savinjska,-0.21130714877782494,-1.173054814338684,0.5467749834060669,0.31000066835463547,225,89,136,Sentinel Hub Statistical API / Sentinel-5P,P1D,good
spar_fire_2025,SPAR/BTC fire,industrial_fire,AAI,indeks,2025-12-13T00:00:00Z,2025-12-14T00:00:00Z,13,SI034,Savinjska,-0.5887177756247931,-1.3636741638183594,0.02495449036359787,0.2790023438240761,225,89,136,Sentinel Hub Statistical API / Sentinel-5P,P1D,good
spar_fire_2025,SPAR/BTC fire,industrial_fire,AAI,indeks,2025-12-14T00:00:00Z,2025-12-15T00:00:00Z,14,SI034,Savinjska,0.36984297586604953,-0.3832913339138031,1.118210792541504,0.44103529173862266,225,89,136,Sentinel Hub Statistical API / Sentinel-5P,P1D,good
spar_fire_2025,SPAR/BTC fire,industrial_fire,AAI,indeks,2025-12-15T00:00:00Z,2025-12-16T00:00:00Z,15,SI034,Savinjska,-0.05203156273209429,-0.7710447311401367,0.8442262411117554,0.39665503234037236,225,89,136,Sentinel Hub Statistical API / Sentinel-5P,P1D,good
spar_fire_2025,SPAR/BTC fire,industrial_fire,AAI,indeks,2025-12-16T00:00:00Z,2025-12-17T00:00:00Z,16,SI034,Savinjska,-0.0902907464932308,-0.6151126623153687,0.4971890151500702,0.21362137713794052,225,89,136,Sentinel Hub Statistical API / Sentinel-5P,P1D,good
spar_fire_2025,SPAR/BTC fire,industrial_fire,AAI,indeks,2025-12-17T00:00:00Z,2025-12-18T00:00:00Z,17,SI034,Savinjska,-1.3801238931962014,-3.1345834732055664,0.009961238130927086,0.528230803781534,225,89,136,Sentinel Hub Statistical API / Sentinel-5P,P1D,good
spar_fire_2025,SPAR/BTC fire,industrial_fire,AAI,indeks,2025-12-18T00:00:00Z,2025-12-19T00:00:00Z,18,SI034,Savinjska,-0.4332221209290713,-1.40572988986969,0.6603367328643799,0.3976184661913669,225,89,136,Sentinel Hub Statistical API / Sentinel-5P,P1D,good
spar_fire_2025,SPAR/BTC fire,industrial_fire,AAI,indeks,2025-12-19T00:00:00Z,2025-12-20T00:00:00Z,19,SI034,Savinjska,0.3119635714889121,-0.22897063195705414,1.2195501327514648,0.21405124527839622,225,89,136,Sentinel Hub Statistical API / Sentinel-5P,P1D,good
spar_fire_2025,SPAR/BTC fire,industrial_fire,AAI,indeks,2025-12-20T00:00:00Z,2025-12-21T00:00:00Z,20,SI034,Savinjska,-0.027842390728491245,-0.6517320871353149,0.9557454586029053,0.3424567355632118,225,89,136,Sentinel Hub Statistical API / Sentinel-5P,P1D,good
spar_fire_2025,SPAR/BTC fire,industrial_fire,AAI,indeks,2025-12-21T00:00:00Z,2025-12-22T00:00:00Z,21,SI034,Savinjska,-0.5713918811148583,-1.1228556632995605,0.06450825184583664,0.23400147903843999,225,89,136,Sentinel Hub Statistical API / Sentinel-5P,P1D,good
spar_fire_2025,SPAR/BTC fire,industrial_fire,AAI,indeks,2025-12-22T00:00:00Z,2025-12-23T00:00:00Z,22,SI034,Savinjska,-1.1928830948822642,-2.394489049911499,-0.6444706320762634,0.28610563115869775,225,89,136,Sentinel Hub Statistical API / Sentinel-5P,P1D,good
spar_fire_2025,SPAR/BTC fire,industrial_fire,AAI,indeks,2025-12-23T00:00:00Z,2025-12-24T00:00:00Z,23,SI034,Savinjska,-1.2480275297729189,-2.609862804412842,0.044384535402059555,0.5591574432071801,225,89,136,Sentinel Hub Statistical API / Sentinel-5P,P1D,good
spar_fire_2025,SPAR/BTC fire,industrial_fire,AAI,indeks,2025-12-24T00:00:00Z,2025-12-25T00:00:00Z,24,SI034,Savinjska,-0.39041251793066983,-1.7525382041931152,0.7490803599357605,0.5335204620131312,225,96,129,Sentinel Hub Statistical API / Sentinel-5P,P1D,good
spar_fire_2025,SPAR/BTC fire,industrial_fire,AAI,indeks,2025-12-25T00:00:00Z,2025-12-26T00:00:00Z,25,SI034,Savinjska,-0.02101649940938359,-0.43158671259880066,0.33694666624069214,0.16072574811029933,225,89,136,Sentinel Hub Statistical API / Sentinel-5P,P1D,good
spar_fire_2025,SPAR/BTC fire,industrial_fire,AAI,indeks,2025-12-26T00:00:00Z,2025-12-27T00:00:00Z,26,SI034,Savinjska,-0.4695731289136934,-0.8045575618743896,-0.069155253469944,0.11910198146408935,225,89,136,Sentinel Hub Statistical API / Sentinel-5P,P1D,good
spar_fire_2025,SPAR/BTC fire,industrial_fire,AAI,indeks,2025-12-27T00:00:00Z,2025-12-28T00:00:00Z,27,SI034,Savinjska,-0.5771037273362334,-1.5333985090255737,0.12271735817193985,0.2917739329811592,225,89,136,Sentinel Hub Statistical API / Sentinel-5P,P1D,good
spar_fire_2025,SPAR/BTC fire,industrial_fire,AAI,indeks,2025-12-28T00:00:00Z,2025-12-29T00:00:00Z,28,SI034,Savinjska,-0.8524399855557612,-2.289781332015991,-0.11258936673402786,0.4004800201822768,225,89,136,Sentinel Hub Statistical API / Sentinel-5P,P1D,good
spar_fire_2025,SPAR/BTC fire,industrial_fire,AAI,indeks,2025-12-29T00:00:00Z,2025-12-30T00:00:00Z,29,SI034,Savinjska,-0.5621344680651366,-1.2038898468017578,0.09847252815961838,0.2939474189568419,225,89,136,Sentinel Hub Statistical API / Sentinel-5P,P1D,good
spar_fire_2025,SPAR/BTC fire,industrial_fire,AAI,indeks,2025-12-30T00:00:00Z,2025-12-31T00:00:00Z,30,SI034,Savinjska,0.7136266459984816,-0.01848568767309189,1.4460793733596802,0.3754739879926763,225,89,136,Sentinel Hub Statistical API / Sentinel-5P,P1D,good
spar_fire_2025,SPAR/BTC fire,industrial_fire,AAI,indeks,2025-12-31T00:00:00Z,2026-01-01T00:00:00Z,31,SI034,Savinjska,-0.05375506136881412,-0.43548524379730225,0.46765100955963135,0.16176252969402669,225,89,136,Sentinel Hub Statistical API / Sentinel-5P,P1D,good
spar_fire_2025,SPAR/BTC fire,industrial_fire,AAI,indeks,2025-12-01T00:00:00Z,2025-12-02T00:00:00Z,1,SI035,Zasavska,-0.943934985569545,-1.153051733970642,-0.5966618657112122,0.13117111002030402,45,10,35,Sentinel Hub Statistical API / Sentinel-5P,P1D,good
spar_fire_2025,SPAR/BTC fire,industrial_fire,AAI,indeks,2025-12-02T00:00:00Z,2025-12-03T00:00:00Z,2,SI035,Zasavska,-0.8257823075566975,-1.4905056953430176,-0.06717899441719055,0.2722370030923162,45,10,35,Sentinel Hub Statistical API / Sentinel-5P,P1D,good
spar_fire_2025,SPAR/BTC fire,industrial_fire,AAI,indeks,2025-12-03T00:00:00Z,2025-12-04T00:00:00Z,3,SI035,Zasavska,0.07093126103281977,-0.4606158137321472,0.4819798767566681,0.26817771266260304,45,10,35,Sentinel Hub Statistical API / Sentinel-5P,P1D,good
spar_fire_2025,SPAR/BTC fire,industrial_fire,AAI,indeks,2025-12-04T00:00:00Z,2025-12-05T00:00:00Z,4,SI035,Zasavska,-0.060801345056721155,-0.270591139793396,0.26650750637054443,0.15211915806826407,45,10,35,Sentinel Hub Statistical API / Sentinel-5P,P1D,good
spar_fire_2025,SPAR/BTC fire,industrial_fire,AAI,indeks,2025-12-05T00:00:00Z,2025-12-06T00:00:00Z,5,SI035,Zasavska,-0.16749579651015148,-0.5727333426475525,0.39624255895614624,0.29451169237944425,45,10,35,Sentinel Hub Statistical API / Sentinel-5P,P1D,good
spar_fire_2025,SPAR/BTC fire,industrial_fire,AAI,indeks,2025-12-06T00:00:00Z,2025-12-07T00:00:00Z,6,SI035,Zasavska,-1.2483897430556161,-1.6982377767562866,-0.7501357197761536,0.2076178069664373,45,10,35,Sentinel Hub Statistical API / Sentinel-5P,P1D,good
spar_fire_2025,SPAR/BTC fire,industrial_fire,AAI,indeks,2025-12-07T00:00:00Z,2025-12-08T00:00:00Z,7,SI035,Zasavska,-0.45601910618799063,-1.0023947954177856,0.07832562178373337,0.2750337217651473,45,10,35,Sentinel Hub Statistical API / Sentinel-5P,P1D,good
spar_fire_2025,SPAR/BTC fire,industrial_fire,AAI,indeks,2025-12-08T00:00:00Z,2025-12-09T00:00:00Z,8,SI035,Zasavska,0.29770414403506684,0.2425788938999176,0.43987688422203064,0.04781755097721734,45,10,35,Sentinel Hub Statistical API / Sentinel-5P,P1D,good
spar_fire_2025,SPAR/BTC fire,industrial_fire,AAI,indeks,2025-12-09T00:00:00Z,2025-12-10T00:00:00Z,9,SI035,Zasavska,0.12019956492419752,-0.01351581048220396,0.2435116469860077,0.06546982991940786,45,10,35,Sentinel Hub Statistical API / Sentinel-5P,P1D,good
spar_fire_2025,SPAR/BTC fire,industrial_fire,AAI,indeks,2025-12-10T00:00:00Z,2025-12-11T00:00:00Z,10,SI035,Zasavska,-0.009936020609789658,-0.13060510158538818,0.07448963820934296,0.051271846862640094,45,10,35,Sentinel Hub Statistical API / Sentinel-5P,P1D,good
spar_fire_2025,SPAR/BTC fire,industrial_fire,AAI,indeks,2025-12-11T00:00:00Z,2025-12-12T00:00:00Z,11,SI035,Zasavska,-0.306780454409974,-0.6783213019371033,0.11091025918722153,0.1864981931491058,45,10,35,Sentinel Hub Statistical API / Sentinel-5P,P1D,good
spar_fire_2025,SPAR/BTC fire,industrial_fire,AAI,indeks,2025-12-12T00:00:00Z,2025-12-13T00:00:00Z,12,SI035,Zasavska,-0.17021776083690512,-0.8292596340179443,0.5467749834060669,0.362630799137908,45,10,35,Sentinel Hub Statistical API / Sentinel-5P,P1D,good
spar_fire_2025,SPAR/BTC fire,industrial_fire,AAI,indeks,2025-12-13T00:00:00Z,2025-12-14T00:00:00Z,13,SI035,Zasavska,-0.2189701741162156,-0.697613000869751,0.2620432376861572,0.22919552947833738,45,10,35,Sentinel Hub Statistical API / Sentinel-5P,P1D,good
spar_fire_2025,SPAR/BTC fire,industrial_fire,AAI,indeks,2025-12-14T00:00:00Z,2025-12-15T00:00:00Z,14,SI035,Zasavska,0.2450222850910255,-0.38378721475601196,0.6201515793800354,0.26349959239696896,45,10,35,Sentinel Hub Statistical API / Sentinel-5P,P1D,good
spar_fire_2025,SPAR/BTC fire,industrial_fire,AAI,indeks,2025-12-15T00:00:00Z,2025-12-16T00:00:00Z,15,SI035,Zasavska,-0.26361764648130964,-0.6195359230041504,0.5681270360946655,0.2472449455677797,45,10,35,Sentinel Hub Statistical API / Sentinel-5P,P1D,good
spar_fire_2025,SPAR/BTC fire,industrial_fire,AAI,indeks,2025-12-16T00:00:00Z,2025-12-17T00:00:00Z,16,SI035,Zasavska,-0.16628924938184875,-0.37879958748817444,0.19527184963226318,0.1067462338513329,45,10,35,Sentinel Hub Statistical API / Sentinel-5P,P1D,good
spar_fire_2025,SPAR/BTC fire,industrial_fire,AAI,indeks,2025-12-17T00:00:00Z,2025-12-18T00:00:00Z,17,SI035,Zasavska,-1.3185767397284507,-2.4700400829315186,-0.06270845979452133,0.7026697863049826,45,10,35,Sentinel Hub Statistical API / Sentinel-5P,P1D,good
spar_fire_2025,SPAR/BTC fire,industrial_fire,AAI,indeks,2025-12-18T00:00:00Z,2025-12-19T00:00:00Z,18,SI035,Zasavska,-0.24862261755125864,-1.1968761682510376,1.3592538833618164,0.5706825891438385,45,10,35,Sentinel Hub Statistical API / Sentinel-5P,P1D,good
spar_fire_2025,SPAR/BTC fire,industrial_fire,AAI,indeks,2025-12-19T00:00:00Z,2025-12-20T00:00:00Z,19,SI035,Zasavska,0.30269726514816286,0.1900750696659088,0.4610883295536041,0.060425936877183284,45,10,35,Sentinel Hub Statistical API / Sentinel-5P,P1D,good
spar_fire_2025,SPAR/BTC fire,industrial_fire,AAI,indeks,2025-12-20T00:00:00Z,2025-12-21T00:00:00Z,20,SI035,Zasavska,0.00977053291031292,-0.6374678611755371,0.33795344829559326,0.22674073501496012,45,10,35,Sentinel Hub Statistical API / Sentinel-5P,P1D,good
spar_fire_2025,SPAR/BTC fire,industrial_fire,AAI,indeks,2025-12-21T00:00:00Z,2025-12-22T00:00:00Z,21,SI035,Zasavska,-0.5118241940225874,-0.6652054786682129,-0.2844431400299072,0.09600959750158396,45,10,35,Sentinel Hub Statistical API / Sentinel-5P,P1D,good
spar_fire_2025,SPAR/BTC fire,industrial_fire,AAI,indeks,2025-12-22T00:00:00Z,2025-12-23T00:00:00Z,22,SI035,Zasavska,-1.235886398383549,-1.7709521055221558,-0.8372783064842224,0.24505015625104762,45,10,35,Sentinel Hub Statistical API / Sentinel-5P,P1D,good
spar_fire_2025,SPAR/BTC fire,industrial_fire,AAI,indeks,2025-12-23T00:00:00Z,2025-12-24T00:00:00Z,23,SI035,Zasavska,-1.8264127101216998,-3.170504331588745,-0.5185178518295288,0.6808946883909094,45,10,35,Sentinel Hub Statistical API / Sentinel-5P,P1D,good
spar_fire_2025,SPAR/BTC fire,industrial_fire,AAI,indeks,2025-12-24T00:00:00Z,2025-12-25T00:00:00Z,24,SI035,Zasavska,0.10207547630582542,-0.53456050157547,0.7490803599357605,0.29615781264855773,45,10,35,Sentinel Hub Statistical API / Sentinel-5P,P1D,good
spar_fire_2025,SPAR/BTC fire,industrial_fire,AAI,indeks,2025-12-25T00:00:00Z,2025-12-26T00:00:00Z,25,SI035,Zasavska,-0.11166339953030859,-0.26705724000930786,0.11039968580007553,0.08586734378221529,45,10,35,Sentinel Hub Statistical API / Sentinel-5P,P1D,good
spar_fire_2025,SPAR/BTC fire,industrial_fire,AAI,indeks,2025-12-26T00:00:00Z,2025-12-27T00:00:00Z,26,SI035,Zasavska,-0.5886256056172506,-0.7564076781272888,-0.4579959809780121,0.07323295541568259,45,10,35,Sentinel Hub Statistical API / Sentinel-5P,P1D,good
spar_fire_2025,SPAR/BTC fire,industrial_fire,AAI,indeks,2025-12-27T00:00:00Z,2025-12-28T00:00:00Z,27,SI035,Zasavska,-0.6825936530317578,-0.9998007416725159,-0.3203169107437134,0.17995220216192717,45,10,35,Sentinel Hub Statistical API / Sentinel-5P,P1D,good
spar_fire_2025,SPAR/BTC fire,industrial_fire,AAI,indeks,2025-12-28T00:00:00Z,2025-12-29T00:00:00Z,28,SI035,Zasavska,-0.93022928748812,-1.3811180591583252,-0.44552773237228394,0.19987542016010146,45,10,35,Sentinel Hub Statistical API / Sentinel-5P,P1D,good
spar_fire_2025,SPAR/BTC fire,industrial_fire,AAI,indeks,2025-12-29T00:00:00Z,2025-12-30T00:00:00Z,29,SI035,Zasavska,-0.5224264955946377,-0.9800133109092712,0.33158552646636963,0.2614834034656027,45,10,35,Sentinel Hub Statistical API / Sentinel-5P,P1D,good
spar_fire_2025,SPAR/BTC fire,industrial_fire,AAI,indeks,2025-12-30T00:00:00Z,2025-12-31T00:00:00Z,30,SI035,Zasavska,0.5753984561988286,-0.031045908108353615,1.3568065166473389,0.3865330379187706,45,10,35,Sentinel Hub Statistical API / Sentinel-5P,P1D,good
spar_fire_2025,SPAR/BTC fire,industrial_fire,AAI,indeks,2025-12-31T00:00:00Z,2026-01-01T00:00:00Z,31,SI035,Zasavska,-0.057244903155203385,-0.20690305531024933,0.03945552557706833,0.06587326576540009,45,10,35,Sentinel Hub Statistical API / Sentinel-5P,P1D,good
spar_fire_2025,SPAR/BTC fire,industrial_fire,AAI,indeks,2025-12-01T00:00:00Z,2025-12-02T00:00:00Z,1,SI036,Posavska,-0.7020998814190594,-1.223595380783081,0.21946126222610474,0.34619537213096435,78,19,59,Sentinel Hub Statistical API / Sentinel-5P,P1D,good
spar_fire_2025,SPAR/BTC fire,industrial_fire,AAI,indeks,2025-12-02T00:00:00Z,2025-12-03T00:00:00Z,2,SI036,Posavska,-1.1010579476922246,-2.275365114212036,0.340558260679245,0.4998023212476689,78,19,59,Sentinel Hub Statistical API / Sentinel-5P,P1D,good
spar_fire_2025,SPAR/BTC fire,industrial_fire,AAI,indeks,2025-12-03T00:00:00Z,2025-12-04T00:00:00Z,3,SI036,Posavska,0.24813565179326783,-0.40568840503692627,0.7290478944778442,0.3115671110205456,78,19,59,Sentinel Hub Statistical API / Sentinel-5P,P1D,good
spar_fire_2025,SPAR/BTC fire,industrial_fire,AAI,indeks,2025-12-04T00:00:00Z,2025-12-05T00:00:00Z,4,SI036,Posavska,0.22811924192612454,-0.045288171619176865,0.5228462219238281,0.15235973261555666,78,19,59,Sentinel Hub Statistical API / Sentinel-5P,P1D,good
spar_fire_2025,SPAR/BTC fire,industrial_fire,AAI,indeks,2025-12-05T00:00:00Z,2025-12-06T00:00:00Z,5,SI036,Posavska,0.0350010203655367,-0.329169899225235,0.36103880405426025,0.16990998231295065,78,19,59,Sentinel Hub Statistical API / Sentinel-5P,P1D,good
spar_fire_2025,SPAR/BTC fire,industrial_fire,AAI,indeks,2025-12-06T00:00:00Z,2025-12-07T00:00:00Z,6,SI036,Posavska,-0.8950360273405655,-1.2657846212387085,-0.005888268351554871,0.2573869002553031,78,19,59,Sentinel Hub Statistical API / Sentinel-5P,P1D,good
spar_fire_2025,SPAR/BTC fire,industrial_fire,AAI,indeks,2025-12-07T00:00:00Z,2025-12-08T00:00:00Z,7,SI036,Posavska,-0.29927973657593876,-0.7886675596237183,0.2576056122779846,0.18183967339911622,78,19,59,Sentinel Hub Statistical API / Sentinel-5P,P1D,good
spar_fire_2025,SPAR/BTC fire,industrial_fire,AAI,indeks,2025-12-08T00:00:00Z,2025-12-09T00:00:00Z,8,SI036,Posavska,-0.2914391045591661,-0.7757527828216553,0.39801907539367676,0.37789156214224584,78,22,56,Sentinel Hub Statistical API / Sentinel-5P,P1D,good
spar_fire_2025,SPAR/BTC fire,industrial_fire,AAI,indeks,2025-12-09T00:00:00Z,2025-12-10T00:00:00Z,9,SI036,Posavska,0.3129152694748621,0.07807251811027527,0.9880865216255188,0.18938636438911105,78,19,59,Sentinel Hub Statistical API / Sentinel-5P,P1D,good
spar_fire_2025,SPAR/BTC fire,industrial_fire,AAI,indeks,2025-12-10T00:00:00Z,2025-12-11T00:00:00Z,10,SI036,Posavska,0.08249186012515074,-0.09876293689012527,0.360975444316864,0.10269300839336937,78,19,59,Sentinel Hub Statistical API / Sentinel-5P,P1D,good
spar_fire_2025,SPAR/BTC fire,industrial_fire,AAI,indeks,2025-12-11T00:00:00Z,2025-12-12T00:00:00Z,11,SI036,Posavska,-0.2945498657902165,-0.6941203474998474,0.22809933125972748,0.19402729844893496,78,19,59,Sentinel Hub Statistical API / Sentinel-5P,P1D,good
spar_fire_2025,SPAR/BTC fire,industrial_fire,AAI,indeks,2025-12-12T00:00:00Z,2025-12-13T00:00:00Z,12,SI036,Posavska,-0.1901532550168745,-0.7247533202171326,0.3332210183143616,0.2083792704136816,78,19,59,Sentinel Hub Statistical API / Sentinel-5P,P1D,good
spar_fire_2025,SPAR/BTC fire,industrial_fire,AAI,indeks,2025-12-13T00:00:00Z,2025-12-14T00:00:00Z,13,SI036,Posavska,-0.4594073761570251,-1.2780085802078247,0.1395540088415146,0.3450309282298073,78,19,59,Sentinel Hub Statistical API / Sentinel-5P,P1D,good
spar_fire_2025,SPAR/BTC fire,industrial_fire,AAI,indeks,2025-12-14T00:00:00Z,2025-12-15T00:00:00Z,14,SI036,Posavska,0.4451420949929851,-0.38378721475601196,0.6544768810272217,0.22455675399680983,78,19,59,Sentinel Hub Statistical API / Sentinel-5P,P1D,good
spar_fire_2025,SPAR/BTC fire,industrial_fire,AAI,indeks,2025-12-15T00:00:00Z,2025-12-16T00:00:00Z,15,SI036,Posavska,0.08626109017532764,-0.7277052998542786,0.4436808228492737,0.3039541739664398,78,19,59,Sentinel Hub Statistical API / Sentinel-5P,P1D,good
spar_fire_2025,SPAR/BTC fire,industrial_fire,AAI,indeks,2025-12-16T00:00:00Z,2025-12-17T00:00:00Z,16,SI036,Posavska,-0.10857357749502346,-0.4087834656238556,0.33742475509643555,0.1822065631617271,78,19,59,Sentinel Hub Statistical API / Sentinel-5P,P1D,good
spar_fire_2025,SPAR/BTC fire,industrial_fire,AAI,indeks,2025-12-17T00:00:00Z,2025-12-18T00:00:00Z,17,SI036,Posavska,-1.5370527920076398,-3.1345834732055664,-0.3718235492706299,0.6038812330818948,78,19,59,Sentinel Hub Statistical API / Sentinel-5P,P1D,good
spar_fire_2025,SPAR/BTC fire,industrial_fire,AAI,indeks,2025-12-18T00:00:00Z,2025-12-19T00:00:00Z,18,SI036,Posavska,-0.28461732698793885,-0.6966552138328552,0.24451272189617157,0.1982895019748366,78,19,59,Sentinel Hub Statistical API / Sentinel-5P,P1D,good
spar_fire_2025,SPAR/BTC fire,industrial_fire,AAI,indeks,2025-12-19T00:00:00Z,2025-12-20T00:00:00Z,19,SI036,Posavska,0.35076637919676523,0.17454855144023895,0.4601175785064697,0.056879390139779135,78,19,59,Sentinel Hub Statistical API / Sentinel-5P,P1D,good
spar_fire_2025,SPAR/BTC fire,industrial_fire,AAI,indeks,2025-12-20T00:00:00Z,2025-12-21T00:00:00Z,20,SI036,Posavska,0.08156090147667011,-0.6374678611755371,0.4472253918647766,0.31460373178823026,78,19,59,Sentinel Hub Statistical API / Sentinel-5P,P1D,good
spar_fire_2025,SPAR/BTC fire,industrial_fire,AAI,indeks,2025-12-21T00:00:00Z,2025-12-22T00:00:00Z,21,SI036,Posavska,-0.598952339867414,-0.8130313754081726,-0.4645560383796692,0.07733757344861625,78,19,59,Sentinel Hub Statistical API / Sentinel-5P,P1D,good
spar_fire_2025,SPAR/BTC fire,industrial_fire,AAI,indeks,2025-12-22T00:00:00Z,2025-12-23T00:00:00Z,22,SI036,Posavska,-1.1685994540230702,-1.7709521055221558,-0.6628358364105225,0.25737389540880945,78,19,59,Sentinel Hub Statistical API / Sentinel-5P,P1D,good
spar_fire_2025,SPAR/BTC fire,industrial_fire,AAI,indeks,2025-12-23T00:00:00Z,2025-12-24T00:00:00Z,23,SI036,Posavska,-1.1350277346574653,-2.331374168395996,-0.19757281243801117,0.45468274710609535,78,19,59,Sentinel Hub Statistical API / Sentinel-5P,P1D,good
spar_fire_2025,SPAR/BTC fire,industrial_fire,AAI,indeks,2025-12-24T00:00:00Z,2025-12-25T00:00:00Z,24,SI036,Posavska,-0.6590195709331466,-1.7639728784561157,0.5453305244445801,0.6690914179026468,78,23,55,Sentinel Hub Statistical API / Sentinel-5P,P1D,good
spar_fire_2025,SPAR/BTC fire,industrial_fire,AAI,indeks,2025-12-25T00:00:00Z,2025-12-26T00:00:00Z,25,SI036,Posavska,-0.09881888490991067,-0.25698328018188477,0.10486364364624023,0.08896694275437202,78,19,59,Sentinel Hub Statistical API / Sentinel-5P,P1D,good
spar_fire_2025,SPAR/BTC fire,industrial_fire,AAI,indeks,2025-12-26T00:00:00Z,2025-12-27T00:00:00Z,26,SI036,Posavska,-0.5433523053840057,-0.7616407871246338,-0.4053642749786377,0.0949259931932215,78,19,59,Sentinel Hub Statistical API / Sentinel-5P,P1D,good
spar_fire_2025,SPAR/BTC fire,industrial_fire,AAI,indeks,2025-12-27T00:00:00Z,2025-12-28T00:00:00Z,27,SI036,Posavska,-0.601243663642366,-1.0912365913391113,-0.2615044116973877,0.2345727096748662,78,19,59,Sentinel Hub Statistical API / Sentinel-5P,P1D,good
spar_fire_2025,SPAR/BTC fire,industrial_fire,AAI,indeks,2025-12-28T00:00:00Z,2025-12-29T00:00:00Z,28,SI036,Posavska,-0.7262598521123499,-1.4490376710891724,-0.11258936673402786,0.34931467143371103,78,19,59,Sentinel Hub Statistical API / Sentinel-5P,P1D,good
spar_fire_2025,SPAR/BTC fire,industrial_fire,AAI,indeks,2025-12-29T00:00:00Z,2025-12-30T00:00:00Z,29,SI036,Posavska,-0.2636943049728871,-1.3326979875564575,0.41157007217407227,0.4230968356915867,78,19,59,Sentinel Hub Statistical API / Sentinel-5P,P1D,good
spar_fire_2025,SPAR/BTC fire,industrial_fire,AAI,indeks,2025-12-30T00:00:00Z,2025-12-31T00:00:00Z,30,SI036,Posavska,0.7034700669474521,0.2665535807609558,1.2981141805648804,0.2772624155295004,78,19,59,Sentinel Hub Statistical API / Sentinel-5P,P1D,good
spar_fire_2025,SPAR/BTC fire,industrial_fire,AAI,indeks,2025-12-31T00:00:00Z,2026-01-01T00:00:00Z,31,SI036,Posavska,0.013501972970315966,-0.2132304161787033,0.3825283944606781,0.12123570134743464,78,19,59,Sentinel Hub Statistical API / Sentinel-5P,P1D,good
spar_fire_2025,SPAR/BTC fire,industrial_fire,AAI,indeks,2025-12-01T00:00:00Z,2025-12-02T00:00:00Z,1,SI037,Jugovzhodna Slovenija,-1.2309290502245065,-2.533184051513672,-0.4792211651802063,0.406716110232726,204,53,151,Sentinel Hub Statistical API / Sentinel-5P,P1D,good
spar_fire_2025,SPAR/BTC fire,industrial_fire,AAI,indeks,2025-12-02T00:00:00Z,2025-12-03T00:00:00Z,2,SI037,Jugovzhodna Slovenija,-0.9634355522371483,-2.097238063812256,0.376723974943161,0.514035453145516,204,53,151,Sentinel Hub Statistical API / Sentinel-5P,P1D,good
spar_fire_2025,SPAR/BTC fire,industrial_fire,AAI,indeks,2025-12-03T00:00:00Z,2025-12-04T00:00:00Z,3,SI037,Jugovzhodna Slovenija,0.2119493738251632,-0.23422463238239288,0.5948982238769531,0.1586787087674171,204,53,151,Sentinel Hub Statistical API / Sentinel-5P,P1D,good
spar_fire_2025,SPAR/BTC fire,industrial_fire,AAI,indeks,2025-12-04T00:00:00Z,2025-12-05T00:00:00Z,4,SI037,Jugovzhodna Slovenija,-0.0957963601038452,-0.270591139793396,0.39206692576408386,0.11984721645921992,204,53,151,Sentinel Hub Statistical API / Sentinel-5P,P1D,good
spar_fire_2025,SPAR/BTC fire,industrial_fire,AAI,indeks,2025-12-05T00:00:00Z,2025-12-06T00:00:00Z,5,SI037,Jugovzhodna Slovenija,-0.31066767070812507,-0.8771659731864929,0.3251893222332001,0.25853619666886796,204,53,151,Sentinel Hub Statistical API / Sentinel-5P,P1D,good
spar_fire_2025,SPAR/BTC fire,industrial_fire,AAI,indeks,2025-12-06T00:00:00Z,2025-12-07T00:00:00Z,6,SI037,Jugovzhodna Slovenija,-0.8777291785419877,-2.045498847961426,0.5541154146194458,0.4124035594408821,204,53,151,Sentinel Hub Statistical API / Sentinel-5P,P1D,good
spar_fire_2025,SPAR/BTC fire,industrial_fire,AAI,indeks,2025-12-07T00:00:00Z,2025-12-08T00:00:00Z,7,SI037,Jugovzhodna Slovenija,-0.6257373686164418,-1.4877256155014038,0.2576056122779846,0.32907785177318444,204,53,151,Sentinel Hub Statistical API / Sentinel-5P,P1D,good
spar_fire_2025,SPAR/BTC fire,industrial_fire,AAI,indeks,2025-12-08T00:00:00Z,2025-12-09T00:00:00Z,8,SI037,Jugovzhodna Slovenija,0.34955260793075854,-1.1057920455932617,0.5966534614562988,0.22001428551339805,204,68,136,Sentinel Hub Statistical API / Sentinel-5P,P1D,good
spar_fire_2025,SPAR/BTC fire,industrial_fire,AAI,indeks,2025-12-09T00:00:00Z,2025-12-10T00:00:00Z,9,SI037,Jugovzhodna Slovenija,0.19609484848695874,0.028572311624884605,0.36798545718193054,0.07106519102091026,204,53,151,Sentinel Hub Statistical API / Sentinel-5P,P1D,good
spar_fire_2025,SPAR/BTC fire,industrial_fire,AAI,indeks,2025-12-10T00:00:00Z,2025-12-11T00:00:00Z,10,SI037,Jugovzhodna Slovenija,0.0179256151202104,-0.18588779866695404,0.16938446462154388,0.0773452527957539,204,53,151,Sentinel Hub Statistical API / Sentinel-5P,P1D,good
spar_fire_2025,SPAR/BTC fire,industrial_fire,AAI,indeks,2025-12-11T00:00:00Z,2025-12-12T00:00:00Z,11,SI037,Jugovzhodna Slovenija,-0.38451412277888286,-0.9423645734786987,0.22809933125972748,0.2223836852227501,204,53,151,Sentinel Hub Statistical API / Sentinel-5P,P1D,good
spar_fire_2025,SPAR/BTC fire,industrial_fire,AAI,indeks,2025-12-12T00:00:00Z,2025-12-13T00:00:00Z,12,SI037,Jugovzhodna Slovenija,-0.5091639207552701,-1.273231863975525,0.3332210183143616,0.3119294750351895,204,53,151,Sentinel Hub Statistical API / Sentinel-5P,P1D,good
spar_fire_2025,SPAR/BTC fire,industrial_fire,AAI,indeks,2025-12-13T00:00:00Z,2025-12-14T00:00:00Z,13,SI037,Jugovzhodna Slovenija,-0.5877199187005148,-1.4407525062561035,0.3953951895236969,0.38725161212980197,204,53,151,Sentinel Hub Statistical API / Sentinel-5P,P1D,good
spar_fire_2025,SPAR/BTC fire,industrial_fire,AAI,indeks,2025-12-14T00:00:00Z,2025-12-15T00:00:00Z,14,SI037,Jugovzhodna Slovenija,0.5717071184382732,-0.4750501811504364,1.082300066947937,0.30918279215086264,204,53,151,Sentinel Hub Statistical API / Sentinel-5P,P1D,good
spar_fire_2025,SPAR/BTC fire,industrial_fire,AAI,indeks,2025-12-15T00:00:00Z,2025-12-16T00:00:00Z,15,SI037,Jugovzhodna Slovenija,0.07981490024322313,-1.1291160583496094,0.7104311585426331,0.32767573953534795,204,53,151,Sentinel Hub Statistical API / Sentinel-5P,P1D,good
spar_fire_2025,SPAR/BTC fire,industrial_fire,AAI,indeks,2025-12-16T00:00:00Z,2025-12-17T00:00:00Z,16,SI037,Jugovzhodna Slovenija,-0.2166076458497928,-0.9033755660057068,0.20477047562599182,0.20229252856460242,204,53,151,Sentinel Hub Statistical API / Sentinel-5P,P1D,good
spar_fire_2025,SPAR/BTC fire,industrial_fire,AAI,indeks,2025-12-17T00:00:00Z,2025-12-18T00:00:00Z,17,SI037,Jugovzhodna Slovenija,-1.16762177163846,-2.351569652557373,1.864923119544983,0.8122432826511529,204,53,151,Sentinel Hub Statistical API / Sentinel-5P,P1D,good
spar_fire_2025,SPAR/BTC fire,industrial_fire,AAI,indeks,2025-12-18T00:00:00Z,2025-12-19T00:00:00Z,18,SI037,Jugovzhodna Slovenija,-0.40820062415526304,-1.1582858562469482,0.15947134792804718,0.25017793869231536,204,53,151,Sentinel Hub Statistical API / Sentinel-5P,P1D,good
spar_fire_2025,SPAR/BTC fire,industrial_fire,AAI,indeks,2025-12-19T00:00:00Z,2025-12-20T00:00:00Z,19,SI037,Jugovzhodna Slovenija,0.2839478581946417,-0.5794785618782043,1.3167448043823242,0.429223608836613,204,53,151,Sentinel Hub Statistical API / Sentinel-5P,P1D,good
spar_fire_2025,SPAR/BTC fire,industrial_fire,AAI,indeks,2025-12-20T00:00:00Z,2025-12-21T00:00:00Z,20,SI037,Jugovzhodna Slovenija,0.08680757563191147,-0.47912654280662537,0.8212893605232239,0.2061606229511517,204,53,151,Sentinel Hub Statistical API / Sentinel-5P,P1D,good
spar_fire_2025,SPAR/BTC fire,industrial_fire,AAI,indeks,2025-12-21T00:00:00Z,2025-12-22T00:00:00Z,21,SI037,Jugovzhodna Slovenija,-0.6481635934667083,-0.8320508003234863,-0.1634613424539566,0.11206816780025426,204,53,151,Sentinel Hub Statistical API / Sentinel-5P,P1D,good
spar_fire_2025,SPAR/BTC fire,industrial_fire,AAI,indeks,2025-12-22T00:00:00Z,2025-12-23T00:00:00Z,22,SI037,Jugovzhodna Slovenija,-1.0711988806724548,-1.8041731119155884,0.11808744072914124,0.35644739459650693,204,53,151,Sentinel Hub Statistical API / Sentinel-5P,P1D,good
spar_fire_2025,SPAR/BTC fire,industrial_fire,AAI,indeks,2025-12-23T00:00:00Z,2025-12-24T00:00:00Z,23,SI037,Jugovzhodna Slovenija,-1.3539882128601826,-2.101732015609741,-0.4655900001525879,0.38036163738726997,204,53,151,Sentinel Hub Statistical API / Sentinel-5P,P1D,good
spar_fire_2025,SPAR/BTC fire,industrial_fire,AAI,indeks,2025-12-24T00:00:00Z,2025-12-25T00:00:00Z,24,SI037,Jugovzhodna Slovenija,0.07959219561366743,-2.0614895820617676,0.7235303521156311,0.38463280465939137,204,66,138,Sentinel Hub Statistical API / Sentinel-5P,P1D,good
spar_fire_2025,SPAR/BTC fire,industrial_fire,AAI,indeks,2025-12-25T00:00:00Z,2025-12-26T00:00:00Z,25,SI037,Jugovzhodna Slovenija,-0.04079146691850874,-0.9050809144973755,0.6720367074012756,0.25002314557983474,204,53,151,Sentinel Hub Statistical API / Sentinel-5P,P1D,good
spar_fire_2025,SPAR/BTC fire,industrial_fire,AAI,indeks,2025-12-26T00:00:00Z,2025-12-27T00:00:00Z,26,SI037,Jugovzhodna Slovenija,-0.5958944906462107,-0.8331573009490967,-0.30486154556274414,0.09095501498890438,204,53,151,Sentinel Hub Statistical API / Sentinel-5P,P1D,good
spar_fire_2025,SPAR/BTC fire,industrial_fire,AAI,indeks,2025-12-27T00:00:00Z,2025-12-28T00:00:00Z,27,SI037,Jugovzhodna Slovenija,-0.6668189915008103,-1.513870120048523,-0.09298752248287201,0.28880750956459006,204,53,151,Sentinel Hub Statistical API / Sentinel-5P,P1D,good
spar_fire_2025,SPAR/BTC fire,industrial_fire,AAI,indeks,2025-12-28T00:00:00Z,2025-12-29T00:00:00Z,28,SI037,Jugovzhodna Slovenija,-0.8767610028484797,-1.789896845817566,-0.24104532599449158,0.28723365848680404,204,53,151,Sentinel Hub Statistical API / Sentinel-5P,P1D,good
spar_fire_2025,SPAR/BTC fire,industrial_fire,AAI,indeks,2025-12-29T00:00:00Z,2025-12-30T00:00:00Z,29,SI037,Jugovzhodna Slovenija,-0.4692069422576997,-1.5496736764907837,0.5168954730033875,0.43214192443936145,204,53,151,Sentinel Hub Statistical API / Sentinel-5P,P1D,good
spar_fire_2025,SPAR/BTC fire,industrial_fire,AAI,indeks,2025-12-30T00:00:00Z,2025-12-31T00:00:00Z,30,SI037,Jugovzhodna Slovenija,0.3748611151209927,-0.220368430018425,1.129483699798584,0.3035581665464994,204,53,151,Sentinel Hub Statistical API / Sentinel-5P,P1D,good
spar_fire_2025,SPAR/BTC fire,industrial_fire,AAI,indeks,2025-12-31T00:00:00Z,2026-01-01T00:00:00Z,31,SI037,Jugovzhodna Slovenija,-0.03830990281313757,-0.33801642060279846,0.39753487706184387,0.1200106937303101,204,53,151,Sentinel Hub Statistical API / Sentinel-5P,P1D,good
spar_fire_2025,SPAR/BTC fire,industrial_fire,AAI,indeks,2025-12-01T00:00:00Z,2025-12-02T00:00:00Z,1,SI038,Primorsko-notranjska,-1.0402588288725159,-1.8172200918197632,-0.35372045636177063,0.2590633625176582,88,7,81,Sentinel Hub Statistical API / Sentinel-5P,P1D,good
spar_fire_2025,SPAR/BTC fire,industrial_fire,AAI,indeks,2025-12-02T00:00:00Z,2025-12-03T00:00:00Z,2,SI038,Primorsko-notranjska,-0.7873118072748186,-2.010131597518921,-0.1568010300397873,0.3414782993967829,88,7,81,Sentinel Hub Statistical API / Sentinel-5P,P1D,good
spar_fire_2025,SPAR/BTC fire,industrial_fire,AAI,indeks,2025-12-03T00:00:00Z,2025-12-04T00:00:00Z,3,SI038,Primorsko-notranjska,0.2999796119093159,-0.2546435296535492,0.7278817296028137,0.14034921411351678,88,7,81,Sentinel Hub Statistical API / Sentinel-5P,P1D,good
spar_fire_2025,SPAR/BTC fire,industrial_fire,AAI,indeks,2025-12-04T00:00:00Z,2025-12-05T00:00:00Z,4,SI038,Primorsko-notranjska,0.009916666806043117,-0.19366860389709473,0.1318829357624054,0.07603488393569635,88,7,81,Sentinel Hub Statistical API / Sentinel-5P,P1D,good
spar_fire_2025,SPAR/BTC fire,industrial_fire,AAI,indeks,2025-12-05T00:00:00Z,2025-12-06T00:00:00Z,5,SI038,Primorsko-notranjska,-0.2610348136865615,-0.5506687760353088,0.07464931905269623,0.15403928519223922,88,7,81,Sentinel Hub Statistical API / Sentinel-5P,P1D,good
spar_fire_2025,SPAR/BTC fire,industrial_fire,AAI,indeks,2025-12-06T00:00:00Z,2025-12-07T00:00:00Z,6,SI038,Primorsko-notranjska,-1.0202453895299526,-1.5876781940460205,-0.062442846596241,0.3306698101511048,88,7,81,Sentinel Hub Statistical API / Sentinel-5P,P1D,good
spar_fire_2025,SPAR/BTC fire,industrial_fire,AAI,indeks,2025-12-07T00:00:00Z,2025-12-08T00:00:00Z,7,SI038,Primorsko-notranjska,-0.7397849419970571,-1.2904276847839355,-0.2632667124271393,0.24837910101174962,88,7,81,Sentinel Hub Statistical API / Sentinel-5P,P1D,good
spar_fire_2025,SPAR/BTC fire,industrial_fire,AAI,indeks,2025-12-08T00:00:00Z,2025-12-09T00:00:00Z,8,SI038,Primorsko-notranjska,0.2893992478464856,0.139762744307518,0.4181416630744934,0.05705654644662929,88,7,81,Sentinel Hub Statistical API / Sentinel-5P,P1D,good
spar_fire_2025,SPAR/BTC fire,industrial_fire,AAI,indeks,2025-12-09T00:00:00Z,2025-12-10T00:00:00Z,9,SI038,Primorsko-notranjska,0.07156812314541985,-0.06850861012935638,0.1767590343952179,0.06110238267348785,88,7,81,Sentinel Hub Statistical API / Sentinel-5P,P1D,good
spar_fire_2025,SPAR/BTC fire,industrial_fire,AAI,indeks,2025-12-10T00:00:00Z,2025-12-11T00:00:00Z,10,SI038,Primorsko-notranjska,-0.35636487543398954,-0.853751003742218,0.15292413532733917,0.17676323302471184,88,7,81,Sentinel Hub Statistical API / Sentinel-5P,P1D,good
spar_fire_2025,SPAR/BTC fire,industrial_fire,AAI,indeks,2025-12-11T00:00:00Z,2025-12-12T00:00:00Z,11,SI038,Primorsko-notranjska,-0.30206451291379366,-0.6871185302734375,0.14819121360778809,0.19618695763798696,88,7,81,Sentinel Hub Statistical API / Sentinel-5P,P1D,good
spar_fire_2025,SPAR/BTC fire,industrial_fire,AAI,indeks,2025-12-12T00:00:00Z,2025-12-13T00:00:00Z,12,SI038,Primorsko-notranjska,-0.4442975097968254,-1.0665059089660645,-0.12514951825141907,0.1972256871216564,88,7,81,Sentinel Hub Statistical API / Sentinel-5P,P1D,good
spar_fire_2025,SPAR/BTC fire,industrial_fire,AAI,indeks,2025-12-13T00:00:00Z,2025-12-14T00:00:00Z,13,SI038,Primorsko-notranjska,-0.4886239888031541,-1.179796814918518,0.06663001328706741,0.3628192828443352,88,7,81,Sentinel Hub Statistical API / Sentinel-5P,P1D,good
spar_fire_2025,SPAR/BTC fire,industrial_fire,AAI,indeks,2025-12-14T00:00:00Z,2025-12-15T00:00:00Z,14,SI038,Primorsko-notranjska,0.12750533241548653,-0.057162296026945114,0.5539425611495972,0.1034423013241732,88,7,81,Sentinel Hub Statistical API / Sentinel-5P,P1D,good
spar_fire_2025,SPAR/BTC fire,industrial_fire,AAI,indeks,2025-12-15T00:00:00Z,2025-12-16T00:00:00Z,15,SI038,Primorsko-notranjska,-0.13294139844767844,-0.33621612191200256,-0.010425779968500137,0.07771074539605881,88,7,81,Sentinel Hub Statistical API / Sentinel-5P,P1D,good
spar_fire_2025,SPAR/BTC fire,industrial_fire,AAI,indeks,2025-12-16T00:00:00Z,2025-12-17T00:00:00Z,16,SI038,Primorsko-notranjska,-0.6729276069888359,-0.8811082243919373,-0.3695395886898041,0.12878110430051654,88,7,81,Sentinel Hub Statistical API / Sentinel-5P,P1D,good
spar_fire_2025,SPAR/BTC fire,industrial_fire,AAI,indeks,2025-12-17T00:00:00Z,2025-12-18T00:00:00Z,17,SI038,Primorsko-notranjska,-1.1395890385266045,-3.611565351486206,0.7589206695556641,1.1290855501142563,88,7,81,Sentinel Hub Statistical API / Sentinel-5P,P1D,good
spar_fire_2025,SPAR/BTC fire,industrial_fire,AAI,indeks,2025-12-18T00:00:00Z,2025-12-19T00:00:00Z,18,SI038,Primorsko-notranjska,-0.3353214865251456,-1.4942610263824463,0.6028754115104675,0.5074392824245518,88,7,81,Sentinel Hub Statistical API / Sentinel-5P,P1D,good
spar_fire_2025,SPAR/BTC fire,industrial_fire,AAI,indeks,2025-12-19T00:00:00Z,2025-12-20T00:00:00Z,19,SI038,Primorsko-notranjska,0.09586625265670408,-0.7709628939628601,0.6139712333679199,0.3964971889589615,88,7,81,Sentinel Hub Statistical API / Sentinel-5P,P1D,good
spar_fire_2025,SPAR/BTC fire,industrial_fire,AAI,indeks,2025-12-20T00:00:00Z,2025-12-21T00:00:00Z,20,SI038,Primorsko-notranjska,0.458208404964319,-0.15501485764980316,1.1791958808898926,0.35488036868858486,88,7,81,Sentinel Hub Statistical API / Sentinel-5P,P1D,good
spar_fire_2025,SPAR/BTC fire,industrial_fire,AAI,indeks,2025-12-21T00:00:00Z,2025-12-22T00:00:00Z,21,SI038,Primorsko-notranjska,-0.31600748250881816,-0.8898029923439026,0.3701888918876648,0.26658561711998435,88,7,81,Sentinel Hub Statistical API / Sentinel-5P,P1D,good
spar_fire_2025,SPAR/BTC fire,industrial_fire,AAI,indeks,2025-12-22T00:00:00Z,2025-12-23T00:00:00Z,22,SI038,Primorsko-notranjska,-1.001022693183688,-1.8714550733566284,-0.4351852536201477,0.33601110460643413,88,7,81,Sentinel Hub Statistical API / Sentinel-5P,P1D,good
spar_fire_2025,SPAR/BTC fire,industrial_fire,AAI,indeks,2025-12-23T00:00:00Z,2025-12-24T00:00:00Z,23,SI038,Primorsko-notranjska,-1.1107933845049067,-1.7892311811447144,-0.5141661167144775,0.28667142291003633,88,7,81,Sentinel Hub Statistical API / Sentinel-5P,P1D,good
spar_fire_2025,SPAR/BTC fire,industrial_fire,AAI,indeks,2025-12-24T00:00:00Z,2025-12-25T00:00:00Z,24,SI038,Primorsko-notranjska,0.25293732010816916,-0.13913467526435852,0.8862202167510986,0.21196882622009242,88,7,81,Sentinel Hub Statistical API / Sentinel-5P,P1D,good
spar_fire_2025,SPAR/BTC fire,industrial_fire,AAI,indeks,2025-12-25T00:00:00Z,2025-12-26T00:00:00Z,25,SI038,Primorsko-notranjska,0.20501319387996644,-0.5543055534362793,0.7827067375183105,0.30024483170357474,88,7,81,Sentinel Hub Statistical API / Sentinel-5P,P1D,good
spar_fire_2025,SPAR/BTC fire,industrial_fire,AAI,indeks,2025-12-26T00:00:00Z,2025-12-27T00:00:00Z,26,SI038,Primorsko-notranjska,-0.19690798011458943,-0.808296799659729,0.7095822095870972,0.2916574931904172,88,7,81,Sentinel Hub Statistical API / Sentinel-5P,P1D,good
spar_fire_2025,SPAR/BTC fire,industrial_fire,AAI,indeks,2025-12-27T00:00:00Z,2025-12-28T00:00:00Z,27,SI038,Primorsko-notranjska,-0.5002644280500618,-1.190975308418274,-0.036843039095401764,0.32398639674453733,88,7,81,Sentinel Hub Statistical API / Sentinel-5P,P1D,good
spar_fire_2025,SPAR/BTC fire,industrial_fire,AAI,indeks,2025-12-28T00:00:00Z,2025-12-29T00:00:00Z,28,SI038,Primorsko-notranjska,-0.8277790302663673,-1.8183709383010864,-0.0795525312423706,0.4443002262121748,88,7,81,Sentinel Hub Statistical API / Sentinel-5P,P1D,good
spar_fire_2025,SPAR/BTC fire,industrial_fire,AAI,indeks,2025-12-29T00:00:00Z,2025-12-30T00:00:00Z,29,SI038,Primorsko-notranjska,-0.3623809489594642,-1.0204473733901978,0.12169814109802246,0.2925709766210618,88,7,81,Sentinel Hub Statistical API / Sentinel-5P,P1D,good
spar_fire_2025,SPAR/BTC fire,industrial_fire,AAI,indeks,2025-12-30T00:00:00Z,2025-12-31T00:00:00Z,30,SI038,Primorsko-notranjska,0.1918596362718093,0.028887689113616943,0.4265117645263672,0.09448535902696675,88,7,81,Sentinel Hub Statistical API / Sentinel-5P,P1D,good
spar_fire_2025,SPAR/BTC fire,industrial_fire,AAI,indeks,2025-12-31T00:00:00Z,2026-01-01T00:00:00Z,31,SI038,Primorsko-notranjska,-0.0456553009212201,-0.26457226276397705,0.16125361621379852,0.1191745518941408,88,7,81,Sentinel Hub Statistical API / Sentinel-5P,P1D,good
spar_fire_2025,SPAR/BTC fire,industrial_fire,AAI,indeks,2025-12-01T00:00:00Z,2025-12-02T00:00:00Z,1,SI041,Osrednjeslovenska,-0.9540995879933751,-1.965492844581604,0.20327028632164001,0.47223760522929903,221,76,145,Sentinel Hub Statistical API / Sentinel-5P,P1D,good
spar_fire_2025,SPAR/BTC fire,industrial_fire,AAI,indeks,2025-12-02T00:00:00Z,2025-12-03T00:00:00Z,2,SI041,Osrednjeslovenska,-0.8479235444603297,-2.0529487133026123,0.4226287007331848,0.32010951464806786,221,76,145,Sentinel Hub Statistical API / Sentinel-5P,P1D,good
spar_fire_2025,SPAR/BTC fire,industrial_fire,AAI,indeks,2025-12-03T00:00:00Z,2025-12-04T00:00:00Z,3,SI041,Osrednjeslovenska,0.35547264509770127,-0.4321829676628113,0.7698296308517456,0.24665682195316435,221,76,145,Sentinel Hub Statistical API / Sentinel-5P,P1D,good
spar_fire_2025,SPAR/BTC fire,industrial_fire,AAI,indeks,2025-12-04T00:00:00Z,2025-12-05T00:00:00Z,4,SI041,Osrednjeslovenska,-0.04248610552127378,-0.270591139793396,0.1750815063714981,0.08960617481718572,221,76,145,Sentinel Hub Statistical API / Sentinel-5P,P1D,good
spar_fire_2025,SPAR/BTC fire,industrial_fire,AAI,indeks,2025-12-05T00:00:00Z,2025-12-06T00:00:00Z,5,SI041,Osrednjeslovenska,-0.27546486517992524,-0.828904390335083,0.9384515285491943,0.28805204962818215,221,76,145,Sentinel Hub Statistical API / Sentinel-5P,P1D,good
spar_fire_2025,SPAR/BTC fire,industrial_fire,AAI,indeks,2025-12-06T00:00:00Z,2025-12-07T00:00:00Z,6,SI041,Osrednjeslovenska,-1.011494567303051,-1.5876781940460205,0.5541154146194458,0.3231817489284768,221,76,145,Sentinel Hub Statistical API / Sentinel-5P,P1D,good
spar_fire_2025,SPAR/BTC fire,industrial_fire,AAI,indeks,2025-12-07T00:00:00Z,2025-12-08T00:00:00Z,7,SI041,Osrednjeslovenska,-0.562193876305788,-1.3910027742385864,0.07832562178373337,0.32204028711177535,221,76,145,Sentinel Hub Statistical API / Sentinel-5P,P1D,good
spar_fire_2025,SPAR/BTC fire,industrial_fire,AAI,indeks,2025-12-08T00:00:00Z,2025-12-09T00:00:00Z,8,SI041,Osrednjeslovenska,0.3954165125715321,0.14721401035785675,1.0795234441757202,0.15480558098207167,221,76,145,Sentinel Hub Statistical API / Sentinel-5P,P1D,good
spar_fire_2025,SPAR/BTC fire,industrial_fire,AAI,indeks,2025-12-09T00:00:00Z,2025-12-10T00:00:00Z,9,SI041,Osrednjeslovenska,0.2408352144833266,-0.08335516601800919,0.9123131632804871,0.2738090735719532,221,76,145,Sentinel Hub Statistical API / Sentinel-5P,P1D,good
spar_fire_2025,SPAR/BTC fire,industrial_fire,AAI,indeks,2025-12-10T00:00:00Z,2025-12-11T00:00:00Z,10,SI041,Osrednjeslovenska,-0.04117404906769637,-0.6183558106422424,0.37402957677841187,0.14666342381281167,221,76,145,Sentinel Hub Statistical API / Sentinel-5P,P1D,good
spar_fire_2025,SPAR/BTC fire,industrial_fire,AAI,indeks,2025-12-11T00:00:00Z,2025-12-12T00:00:00Z,11,SI041,Osrednjeslovenska,-0.3897547434449421,-0.9784010648727417,1.0804698467254639,0.3694761822756073,221,76,145,Sentinel Hub Statistical API / Sentinel-5P,P1D,good
spar_fire_2025,SPAR/BTC fire,industrial_fire,AAI,indeks,2025-12-12T00:00:00Z,2025-12-13T00:00:00Z,12,SI041,Osrednjeslovenska,-0.39057621110616053,-1.173054814338684,0.6648530960083008,0.3646382489423909,221,76,145,Sentinel Hub Statistical API / Sentinel-5P,P1D,good
spar_fire_2025,SPAR/BTC fire,industrial_fire,AAI,indeks,2025-12-13T00:00:00Z,2025-12-14T00:00:00Z,13,SI041,Osrednjeslovenska,-0.3487469779070596,-1.179796814918518,0.8168321251869202,0.4816001218375647,221,76,145,Sentinel Hub Statistical API / Sentinel-5P,P1D,good
spar_fire_2025,SPAR/BTC fire,industrial_fire,AAI,indeks,2025-12-14T00:00:00Z,2025-12-15T00:00:00Z,14,SI041,Osrednjeslovenska,0.5175098032337322,-0.3832913339138031,1.1744247674942017,0.40446351144878123,221,76,145,Sentinel Hub Statistical API / Sentinel-5P,P1D,good
spar_fire_2025,SPAR/BTC fire,industrial_fire,AAI,indeks,2025-12-15T00:00:00Z,2025-12-16T00:00:00Z,15,SI041,Osrednjeslovenska,0.03754522293035331,-0.6195359230041504,0.8185979723930359,0.3323669106802113,221,76,145,Sentinel Hub Statistical API / Sentinel-5P,P1D,good
spar_fire_2025,SPAR/BTC fire,industrial_fire,AAI,indeks,2025-12-16T00:00:00Z,2025-12-17T00:00:00Z,16,SI041,Osrednjeslovenska,-0.39217001842013705,-0.7543624639511108,-0.06253743171691895,0.1469822068333705,221,76,145,Sentinel Hub Statistical API / Sentinel-5P,P1D,good
spar_fire_2025,SPAR/BTC fire,industrial_fire,AAI,indeks,2025-12-17T00:00:00Z,2025-12-18T00:00:00Z,17,SI041,Osrednjeslovenska,-1.1291311982505279,-3.611565351486206,2.210277557373047,1.2936268600110858,221,76,145,Sentinel Hub Statistical API / Sentinel-5P,P1D,good
spar_fire_2025,SPAR/BTC fire,industrial_fire,AAI,indeks,2025-12-18T00:00:00Z,2025-12-19T00:00:00Z,18,SI041,Osrednjeslovenska,-0.33084788021856343,-1.1313807964324951,1.3592538833618164,0.46132024724317283,221,76,145,Sentinel Hub Statistical API / Sentinel-5P,P1D,good
spar_fire_2025,SPAR/BTC fire,industrial_fire,AAI,indeks,2025-12-19T00:00:00Z,2025-12-20T00:00:00Z,19,SI041,Osrednjeslovenska,0.13739153821832215,-0.7018049359321594,0.5460571646690369,0.21487370328569927,221,76,145,Sentinel Hub Statistical API / Sentinel-5P,P1D,good
spar_fire_2025,SPAR/BTC fire,industrial_fire,AAI,indeks,2025-12-20T00:00:00Z,2025-12-21T00:00:00Z,20,SI041,Osrednjeslovenska,-0.06057963203317647,-1.3409942388534546,1.0480700731277466,0.5408722172071574,221,76,145,Sentinel Hub Statistical API / Sentinel-5P,P1D,good
spar_fire_2025,SPAR/BTC fire,industrial_fire,AAI,indeks,2025-12-21T00:00:00Z,2025-12-22T00:00:00Z,21,SI041,Osrednjeslovenska,-0.5094879372495,-1.0815128087997437,0.3701888918876648,0.24509619731348764,221,76,145,Sentinel Hub Statistical API / Sentinel-5P,P1D,good
spar_fire_2025,SPAR/BTC fire,industrial_fire,AAI,indeks,2025-12-22T00:00:00Z,2025-12-23T00:00:00Z,22,SI041,Osrednjeslovenska,-1.1546232032364814,-1.9505192041397095,0.07479478418827057,0.3796844738119045,221,76,145,Sentinel Hub Statistical API / Sentinel-5P,P1D,good
spar_fire_2025,SPAR/BTC fire,industrial_fire,AAI,indeks,2025-12-23T00:00:00Z,2025-12-24T00:00:00Z,23,SI041,Osrednjeslovenska,-1.3646475532959246,-2.8940670490264893,-0.5166672468185425,0.34890515402440536,221,76,145,Sentinel Hub Statistical API / Sentinel-5P,P1D,good
spar_fire_2025,SPAR/BTC fire,industrial_fire,AAI,indeks,2025-12-24T00:00:00Z,2025-12-25T00:00:00Z,24,SI041,Osrednjeslovenska,-0.05942059861945687,-0.8337308168411255,0.8862202167510986,0.35092990017814085,221,76,145,Sentinel Hub Statistical API / Sentinel-5P,P1D,good
spar_fire_2025,SPAR/BTC fire,industrial_fire,AAI,indeks,2025-12-25T00:00:00Z,2025-12-26T00:00:00Z,25,SI041,Osrednjeslovenska,0.11877118605991892,-0.5764243602752686,0.6720367074012756,0.2652786787153877,221,76,145,Sentinel Hub Statistical API / Sentinel-5P,P1D,good
spar_fire_2025,SPAR/BTC fire,industrial_fire,AAI,indeks,2025-12-26T00:00:00Z,2025-12-27T00:00:00Z,26,SI041,Osrednjeslovenska,-0.5046932855556747,-0.8606853485107422,-0.06898695975542068,0.17825327279952893,221,76,145,Sentinel Hub Statistical API / Sentinel-5P,P1D,good
spar_fire_2025,SPAR/BTC fire,industrial_fire,AAI,indeks,2025-12-27T00:00:00Z,2025-12-28T00:00:00Z,27,SI041,Osrednjeslovenska,-0.6929989715074673,-1.3353792428970337,-0.09352098405361176,0.24800027565636135,221,76,145,Sentinel Hub Statistical API / Sentinel-5P,P1D,good
spar_fire_2025,SPAR/BTC fire,industrial_fire,AAI,indeks,2025-12-28T00:00:00Z,2025-12-29T00:00:00Z,28,SI041,Osrednjeslovenska,-0.9658043696962552,-1.5951372385025024,-0.39310163259506226,0.18359919980320866,221,76,145,Sentinel Hub Statistical API / Sentinel-5P,P1D,good
spar_fire_2025,SPAR/BTC fire,industrial_fire,AAI,indeks,2025-12-29T00:00:00Z,2025-12-30T00:00:00Z,29,SI041,Osrednjeslovenska,-0.26966949846627647,-1.1586447954177856,0.6359829306602478,0.4240585652066385,221,76,145,Sentinel Hub Statistical API / Sentinel-5P,P1D,good
spar_fire_2025,SPAR/BTC fire,industrial_fire,AAI,indeks,2025-12-30T00:00:00Z,2025-12-31T00:00:00Z,30,SI041,Osrednjeslovenska,0.4151438796700077,-0.031045908108353615,1.3691229820251465,0.34504446248742104,221,76,145,Sentinel Hub Statistical API / Sentinel-5P,P1D,good
spar_fire_2025,SPAR/BTC fire,industrial_fire,AAI,indeks,2025-12-31T00:00:00Z,2026-01-01T00:00:00Z,31,SI041,Osrednjeslovenska,-0.038760415608352354,-0.22642844915390015,0.26971739530563354,0.09505243544922273,221,76,145,Sentinel Hub Statistical API / Sentinel-5P,P1D,good
spar_fire_2025,SPAR/BTC fire,industrial_fire,AAI,indeks,2025-12-01T00:00:00Z,2025-12-02T00:00:00Z,1,SI042,Gorenjska,-0.9087996075793008,-2.5210115909576416,-0.06230650842189789,0.46993484074488573,180,57,123,Sentinel Hub Statistical API / Sentinel-5P,P1D,good
spar_fire_2025,SPAR/BTC fire,industrial_fire,AAI,indeks,2025-12-02T00:00:00Z,2025-12-03T00:00:00Z,2,SI042,Gorenjska,-0.5853050688236223,-1.911055326461792,0.9176399111747742,0.5666509092865086,180,57,123,Sentinel Hub Statistical API / Sentinel-5P,P1D,good
spar_fire_2025,SPAR/BTC fire,industrial_fire,AAI,indeks,2025-12-03T00:00:00Z,2025-12-04T00:00:00Z,3,SI042,Gorenjska,0.3250185614073181,-0.19539563357830048,0.7363099455833435,0.20476858405858853,180,57,123,Sentinel Hub Statistical API / Sentinel-5P,P1D,good
spar_fire_2025,SPAR/BTC fire,industrial_fire,AAI,indeks,2025-12-04T00:00:00Z,2025-12-05T00:00:00Z,4,SI042,Gorenjska,-0.0037928554153721116,-0.3380507230758667,0.24351517856121063,0.12930141406025575,180,57,123,Sentinel Hub Statistical API / Sentinel-5P,P1D,good
spar_fire_2025,SPAR/BTC fire,industrial_fire,AAI,indeks,2025-12-05T00:00:00Z,2025-12-06T00:00:00Z,5,SI042,Gorenjska,-0.503426117625663,-0.9665957689285278,0.47721752524375916,0.28931775200302967,180,57,123,Sentinel Hub Statistical API / Sentinel-5P,P1D,good
spar_fire_2025,SPAR/BTC fire,industrial_fire,AAI,indeks,2025-12-06T00:00:00Z,2025-12-07T00:00:00Z,6,SI042,Gorenjska,-0.9812751296089917,-1.4429137706756592,-0.6166152954101562,0.15192612049714405,180,57,123,Sentinel Hub Statistical API / Sentinel-5P,P1D,good
spar_fire_2025,SPAR/BTC fire,industrial_fire,AAI,indeks,2025-12-07T00:00:00Z,2025-12-08T00:00:00Z,7,SI042,Gorenjska,-0.748018221293644,-1.4990997314453125,0.5126234889030457,0.3990927863514485,180,57,123,Sentinel Hub Statistical API / Sentinel-5P,P1D,good
spar_fire_2025,SPAR/BTC fire,industrial_fire,AAI,indeks,2025-12-08T00:00:00Z,2025-12-09T00:00:00Z,8,SI042,Gorenjska,0.34701642660590687,-0.09045547991991043,1.0795234441757202,0.2472057722737113,180,57,123,Sentinel Hub Statistical API / Sentinel-5P,P1D,good
spar_fire_2025,SPAR/BTC fire,industrial_fire,AAI,indeks,2025-12-09T00:00:00Z,2025-12-10T00:00:00Z,9,SI042,Gorenjska,0.11159745626136416,-0.29883623123168945,0.8588266372680664,0.28481159480399304,180,57,123,Sentinel Hub Statistical API / Sentinel-5P,P1D,good
spar_fire_2025,SPAR/BTC fire,industrial_fire,AAI,indeks,2025-12-10T00:00:00Z,2025-12-11T00:00:00Z,10,SI042,Gorenjska,-0.17666656163528688,-0.7286171913146973,0.7606800198554993,0.289202453731944,180,57,123,Sentinel Hub Statistical API / Sentinel-5P,P1D,good
spar_fire_2025,SPAR/BTC fire,industrial_fire,AAI,indeks,2025-12-11T00:00:00Z,2025-12-12T00:00:00Z,11,SI042,Gorenjska,-0.6470748736500375,-1.4959768056869507,0.12542444467544556,0.35232023901174553,180,57,123,Sentinel Hub Statistical API / Sentinel-5P,P1D,good
spar_fire_2025,SPAR/BTC fire,industrial_fire,AAI,indeks,2025-12-12T00:00:00Z,2025-12-13T00:00:00Z,12,SI042,Gorenjska,-0.6143291983450573,-1.50059175491333,0.13247191905975342,0.3694752720833204,180,57,123,Sentinel Hub Statistical API / Sentinel-5P,P1D,good
spar_fire_2025,SPAR/BTC fire,industrial_fire,AAI,indeks,2025-12-13T00:00:00Z,2025-12-14T00:00:00Z,13,SI042,Gorenjska,-0.5512772855477605,-1.5512505769729614,0.7769018411636353,0.47881647287003776,180,57,123,Sentinel Hub Statistical API / Sentinel-5P,P1D,good
spar_fire_2025,SPAR/BTC fire,industrial_fire,AAI,indeks,2025-12-14T00:00:00Z,2025-12-15T00:00:00Z,14,SI042,Gorenjska,0.20000946886716325,-0.39684680104255676,1.1521414518356323,0.37820124357233154,180,57,123,Sentinel Hub Statistical API / Sentinel-5P,P1D,good
spar_fire_2025,SPAR/BTC fire,industrial_fire,AAI,indeks,2025-12-15T00:00:00Z,2025-12-16T00:00:00Z,15,SI042,Gorenjska,-0.11521110055226134,-0.5694104433059692,0.7716599702835083,0.29923369503032177,180,57,123,Sentinel Hub Statistical API / Sentinel-5P,P1D,good
spar_fire_2025,SPAR/BTC fire,industrial_fire,AAI,indeks,2025-12-16T00:00:00Z,2025-12-17T00:00:00Z,16,SI042,Gorenjska,-0.5535311015035076,-0.9653254747390747,-0.10725102573633194,0.18167122808210395,180,57,123,Sentinel Hub Statistical API / Sentinel-5P,P1D,good
spar_fire_2025,SPAR/BTC fire,industrial_fire,AAI,indeks,2025-12-17T00:00:00Z,2025-12-18T00:00:00Z,17,SI042,Gorenjska,-1.21426714895808,-3.25665283203125,2.137286901473999,1.0828296887036062,180,57,123,Sentinel Hub Statistical API / Sentinel-5P,P1D,good
spar_fire_2025,SPAR/BTC fire,industrial_fire,AAI,indeks,2025-12-18T00:00:00Z,2025-12-19T00:00:00Z,18,SI042,Gorenjska,-0.721212752276986,-2.1084060668945312,0.8535110950469971,0.5698781095810942,180,57,123,Sentinel Hub Statistical API / Sentinel-5P,P1D,good
spar_fire_2025,SPAR/BTC fire,industrial_fire,AAI,indeks,2025-12-19T00:00:00Z,2025-12-20T00:00:00Z,19,SI042,Gorenjska,0.04114898112488953,-0.5277267694473267,0.5460571646690369,0.21313231415014047,180,57,123,Sentinel Hub Statistical API / Sentinel-5P,P1D,good
spar_fire_2025,SPAR/BTC fire,industrial_fire,AAI,indeks,2025-12-20T00:00:00Z,2025-12-21T00:00:00Z,20,SI042,Gorenjska,0.05022935154355641,-0.5917187333106995,1.0623321533203125,0.3659071955411162,180,57,123,Sentinel Hub Statistical API / Sentinel-5P,P1D,good
spar_fire_2025,SPAR/BTC fire,industrial_fire,AAI,indeks,2025-12-21T00:00:00Z,2025-12-22T00:00:00Z,21,SI042,Gorenjska,-0.4259087823679655,-1.2017576694488525,0.18806219100952148,0.3028867027963776,180,57,123,Sentinel Hub Statistical API / Sentinel-5P,P1D,good
spar_fire_2025,SPAR/BTC fire,industrial_fire,AAI,indeks,2025-12-22T00:00:00Z,2025-12-23T00:00:00Z,22,SI042,Gorenjska,-1.1658533416627865,-2.1866514682769775,-0.28196725249290466,0.3206473113354639,180,57,123,Sentinel Hub Statistical API / Sentinel-5P,P1D,good
spar_fire_2025,SPAR/BTC fire,industrial_fire,AAI,indeks,2025-12-23T00:00:00Z,2025-12-24T00:00:00Z,23,SI042,Gorenjska,-1.4256850156357623,-2.070247173309326,-0.45502036809921265,0.2973782939539541,180,57,123,Sentinel Hub Statistical API / Sentinel-5P,P1D,good
spar_fire_2025,SPAR/BTC fire,industrial_fire,AAI,indeks,2025-12-24T00:00:00Z,2025-12-25T00:00:00Z,24,SI042,Gorenjska,-0.27415161410240607,-0.9833197593688965,0.5626673102378845,0.329803257546875,180,57,123,Sentinel Hub Statistical API / Sentinel-5P,P1D,good
spar_fire_2025,SPAR/BTC fire,industrial_fire,AAI,indeks,2025-12-25T00:00:00Z,2025-12-26T00:00:00Z,25,SI042,Gorenjska,0.007054482847906459,-0.34564995765686035,0.41506919264793396,0.2116831244594601,180,57,123,Sentinel Hub Statistical API / Sentinel-5P,P1D,good
spar_fire_2025,SPAR/BTC fire,industrial_fire,AAI,indeks,2025-12-26T00:00:00Z,2025-12-27T00:00:00Z,26,SI042,Gorenjska,-0.5101259499788285,-1.4528697729110718,0.4672303795814514,0.37382686137102594,180,57,123,Sentinel Hub Statistical API / Sentinel-5P,P1D,good
spar_fire_2025,SPAR/BTC fire,industrial_fire,AAI,indeks,2025-12-27T00:00:00Z,2025-12-28T00:00:00Z,27,SI042,Gorenjska,-0.870754542874127,-1.7723783254623413,0.21523800492286682,0.42469599977246425,180,57,123,Sentinel Hub Statistical API / Sentinel-5P,P1D,good
spar_fire_2025,SPAR/BTC fire,industrial_fire,AAI,indeks,2025-12-28T00:00:00Z,2025-12-29T00:00:00Z,28,SI042,Gorenjska,-1.1708901280128374,-2.472487449645996,0.035564590245485306,0.5588189644168485,180,57,123,Sentinel Hub Statistical API / Sentinel-5P,P1D,good
spar_fire_2025,SPAR/BTC fire,industrial_fire,AAI,indeks,2025-12-29T00:00:00Z,2025-12-30T00:00:00Z,29,SI042,Gorenjska,-0.6508867087209887,-1.6860333681106567,0.7375710010528564,0.5730418883381881,180,57,123,Sentinel Hub Statistical API / Sentinel-5P,P1D,good
spar_fire_2025,SPAR/BTC fire,industrial_fire,AAI,indeks,2025-12-30T00:00:00Z,2025-12-31T00:00:00Z,30,SI042,Gorenjska,0.11472235413881514,-0.3892989754676819,0.7416008114814758,0.23833752499403246,180,57,123,Sentinel Hub Statistical API / Sentinel-5P,P1D,good
spar_fire_2025,SPAR/BTC fire,industrial_fire,AAI,indeks,2025-12-31T00:00:00Z,2026-01-01T00:00:00Z,31,SI042,Gorenjska,-0.19798357155158877,-0.7891073822975159,0.30918142199516296,0.23353771933681733,180,57,123,Sentinel Hub Statistical API / Sentinel-5P,P1D,good
spar_fire_2025,SPAR/BTC fire,industrial_fire,AAI,indeks,2025-12-01T00:00:00Z,2025-12-02T00:00:00Z,1,SI043,Goriška,-1.2337191504366853,-2.364920139312744,-0.21479979157447815,0.4026062352050027,210,69,141,Sentinel Hub Statistical API / Sentinel-5P,P1D,good
spar_fire_2025,SPAR/BTC fire,industrial_fire,AAI,indeks,2025-12-02T00:00:00Z,2025-12-03T00:00:00Z,2,SI043,Goriška,-0.5763868202343054,-1.4383739233016968,0.4473361372947693,0.46677804650825155,210,69,141,Sentinel Hub Statistical API / Sentinel-5P,P1D,good
spar_fire_2025,SPAR/BTC fire,industrial_fire,AAI,indeks,2025-12-03T00:00:00Z,2025-12-04T00:00:00Z,3,SI043,Goriška,0.16262065227298694,-0.7477285861968994,0.6494207382202148,0.281052946987591,210,69,141,Sentinel Hub Statistical API / Sentinel-5P,P1D,good
spar_fire_2025,SPAR/BTC fire,industrial_fire,AAI,indeks,2025-12-04T00:00:00Z,2025-12-05T00:00:00Z,4,SI043,Goriška,0.21925154036399747,-0.19281524419784546,0.42844948172569275,0.13047034590312478,210,69,141,Sentinel Hub Statistical API / Sentinel-5P,P1D,good
spar_fire_2025,SPAR/BTC fire,industrial_fire,AAI,indeks,2025-12-05T00:00:00Z,2025-12-06T00:00:00Z,5,SI043,Goriška,-0.4366480876156625,-0.8027988076210022,-0.20559312403202057,0.09997733579578995,210,69,141,Sentinel Hub Statistical API / Sentinel-5P,P1D,good
spar_fire_2025,SPAR/BTC fire,industrial_fire,AAI,indeks,2025-12-06T00:00:00Z,2025-12-07T00:00:00Z,6,SI043,Goriška,-0.8556054981676401,-1.213847279548645,0.09942109882831573,0.18221941486572404,210,69,141,Sentinel Hub Statistical API / Sentinel-5P,P1D,good
spar_fire_2025,SPAR/BTC fire,industrial_fire,AAI,indeks,2025-12-07T00:00:00Z,2025-12-08T00:00:00Z,7,SI043,Goriška,-0.7715080298866469,-1.3681519031524658,0.09903087466955185,0.3234575464241067,210,69,141,Sentinel Hub Statistical API / Sentinel-5P,P1D,good
spar_fire_2025,SPAR/BTC fire,industrial_fire,AAI,indeks,2025-12-08T00:00:00Z,2025-12-09T00:00:00Z,8,SI043,Goriška,0.4178210156606444,0.12797871232032776,0.9289939999580383,0.18117853866039885,210,69,141,Sentinel Hub Statistical API / Sentinel-5P,P1D,good
spar_fire_2025,SPAR/BTC fire,industrial_fire,AAI,indeks,2025-12-09T00:00:00Z,2025-12-10T00:00:00Z,9,SI043,Goriška,0.1709783653371987,-0.10878138989210129,0.7847493886947632,0.1888062254516308,210,69,141,Sentinel Hub Statistical API / Sentinel-5P,P1D,good
spar_fire_2025,SPAR/BTC fire,industrial_fire,AAI,indeks,2025-12-10T00:00:00Z,2025-12-11T00:00:00Z,10,SI043,Goriška,-0.12522482035305108,-0.8763198852539062,0.617421567440033,0.31186274464627023,210,69,141,Sentinel Hub Statistical API / Sentinel-5P,P1D,good
spar_fire_2025,SPAR/BTC fire,industrial_fire,AAI,indeks,2025-12-11T00:00:00Z,2025-12-12T00:00:00Z,11,SI043,Goriška,-0.2683724883881047,-1.232213020324707,0.3803884983062744,0.24398267874689522,210,69,141,Sentinel Hub Statistical API / Sentinel-5P,P1D,good
spar_fire_2025,SPAR/BTC fire,industrial_fire,AAI,indeks,2025-12-12T00:00:00Z,2025-12-13T00:00:00Z,12,SI043,Goriška,-0.3784166776132603,-1.3330966234207153,0.28031405806541443,0.3477576416001764,210,69,141,Sentinel Hub Statistical API / Sentinel-5P,P1D,good
spar_fire_2025,SPAR/BTC fire,industrial_fire,AAI,indeks,2025-12-13T00:00:00Z,2025-12-14T00:00:00Z,13,SI043,Goriška,-0.10720129347429047,-1.3602408170700073,0.6557627320289612,0.44705313924792073,210,87,123,Sentinel Hub Statistical API / Sentinel-5P,P1D,good
spar_fire_2025,SPAR/BTC fire,industrial_fire,AAI,indeks,2025-12-14T00:00:00Z,2025-12-15T00:00:00Z,14,SI043,Goriška,0.22003988943439226,-0.17923402786254883,0.5429107546806335,0.12248878898674191,210,69,141,Sentinel Hub Statistical API / Sentinel-5P,P1D,good
spar_fire_2025,SPAR/BTC fire,industrial_fire,AAI,indeks,2025-12-15T00:00:00Z,2025-12-16T00:00:00Z,15,SI043,Goriška,0.006017812689077289,-0.40224143862724304,0.5526944994926453,0.14356373751480608,210,69,141,Sentinel Hub Statistical API / Sentinel-5P,P1D,good
spar_fire_2025,SPAR/BTC fire,industrial_fire,AAI,indeks,2025-12-16T00:00:00Z,2025-12-17T00:00:00Z,16,SI043,Goriška,-0.7182471971985295,-1.0036073923110962,-0.49972254037857056,0.10361551430627067,210,69,141,Sentinel Hub Statistical API / Sentinel-5P,P1D,good
spar_fire_2025,SPAR/BTC fire,industrial_fire,AAI,indeks,2025-12-17T00:00:00Z,2025-12-18T00:00:00Z,17,SI043,Goriška,-0.7048426203112653,-3.5793306827545166,1.1837736368179321,0.9515251109271341,210,69,141,Sentinel Hub Statistical API / Sentinel-5P,P1D,good
spar_fire_2025,SPAR/BTC fire,industrial_fire,AAI,indeks,2025-12-18T00:00:00Z,2025-12-19T00:00:00Z,18,SI043,Goriška,-0.31552730258290024,-1.2438876628875732,0.8154326677322388,0.43605061869806705,210,69,141,Sentinel Hub Statistical API / Sentinel-5P,P1D,good
spar_fire_2025,SPAR/BTC fire,industrial_fire,AAI,indeks,2025-12-19T00:00:00Z,2025-12-20T00:00:00Z,19,SI043,Goriška,0.2319153207519376,-0.7018049359321594,0.6780490875244141,0.3432687155115559,210,69,141,Sentinel Hub Statistical API / Sentinel-5P,P1D,good
spar_fire_2025,SPAR/BTC fire,industrial_fire,AAI,indeks,2025-12-20T00:00:00Z,2025-12-21T00:00:00Z,20,SI043,Goriška,0.4942055024365161,-0.07260157912969589,1.3139675855636597,0.2635766568993004,210,69,141,Sentinel Hub Statistical API / Sentinel-5P,P1D,good
spar_fire_2025,SPAR/BTC fire,industrial_fire,AAI,indeks,2025-12-21T00:00:00Z,2025-12-22T00:00:00Z,21,SI043,Goriška,-0.11385482122646048,-0.8728135228157043,0.5220564603805542,0.27205712818606853,210,69,141,Sentinel Hub Statistical API / Sentinel-5P,P1D,good
spar_fire_2025,SPAR/BTC fire,industrial_fire,AAI,indeks,2025-12-22T00:00:00Z,2025-12-23T00:00:00Z,22,SI043,Goriška,-0.8577929908502185,-1.8547887802124023,-0.11930805444717407,0.33931936583931643,210,69,141,Sentinel Hub Statistical API / Sentinel-5P,P1D,good
spar_fire_2025,SPAR/BTC fire,industrial_fire,AAI,indeks,2025-12-23T00:00:00Z,2025-12-24T00:00:00Z,23,SI043,Goriška,-1.042097985850158,-1.9263644218444824,-0.04509764164686203,0.43239813189663845,210,69,141,Sentinel Hub Statistical API / Sentinel-5P,P1D,good
spar_fire_2025,SPAR/BTC fire,industrial_fire,AAI,indeks,2025-12-24T00:00:00Z,2025-12-25T00:00:00Z,24,SI043,Goriška,0.03799646757774267,-0.6891058683395386,0.7041314244270325,0.28200007066511323,210,69,141,Sentinel Hub Statistical API / Sentinel-5P,P1D,good
spar_fire_2025,SPAR/BTC fire,industrial_fire,AAI,indeks,2025-12-25T00:00:00Z,2025-12-26T00:00:00Z,25,SI043,Goriška,0.19463133727405085,-0.5747128129005432,0.8586118817329407,0.311455053348429,210,69,141,Sentinel Hub Statistical API / Sentinel-5P,P1D,good
spar_fire_2025,SPAR/BTC fire,industrial_fire,AAI,indeks,2025-12-26T00:00:00Z,2025-12-27T00:00:00Z,26,SI043,Goriška,-0.18032378621452255,-0.7936505079269409,1.13811457157135,0.35021515629340666,210,69,141,Sentinel Hub Statistical API / Sentinel-5P,P1D,good
spar_fire_2025,SPAR/BTC fire,industrial_fire,AAI,indeks,2025-12-27T00:00:00Z,2025-12-28T00:00:00Z,27,SI043,Goriška,-0.360840697727494,-1.2853187322616577,0.2395005226135254,0.35119199254342415,210,69,141,Sentinel Hub Statistical API / Sentinel-5P,P1D,good
spar_fire_2025,SPAR/BTC fire,industrial_fire,AAI,indeks,2025-12-28T00:00:00Z,2025-12-29T00:00:00Z,28,SI043,Goriška,-0.634615131916399,-1.7812968492507935,0.1454983651638031,0.4721419721425994,210,69,141,Sentinel Hub Statistical API / Sentinel-5P,P1D,good
spar_fire_2025,SPAR/BTC fire,industrial_fire,AAI,indeks,2025-12-29T00:00:00Z,2025-12-30T00:00:00Z,29,SI043,Goriška,-0.22707184527387164,-1.6173739433288574,0.5478443503379822,0.45031471509809734,210,84,126,Sentinel Hub Statistical API / Sentinel-5P,P1D,good
spar_fire_2025,SPAR/BTC fire,industrial_fire,AAI,indeks,2025-12-30T00:00:00Z,2025-12-31T00:00:00Z,30,SI043,Goriška,0.22372838665883166,0.019929321482777596,0.38988494873046875,0.09178790971686929,210,69,141,Sentinel Hub Statistical API / Sentinel-5P,P1D,good
spar_fire_2025,SPAR/BTC fire,industrial_fire,AAI,indeks,2025-12-31T00:00:00Z,2026-01-01T00:00:00Z,31,SI043,Goriška,0.010612519078141617,-0.46739092469215393,0.39674338698387146,0.15442335810572666,210,69,141,Sentinel Hub Statistical API / Sentinel-5P,P1D,good
spar_fire_2025,SPAR/BTC fire,industrial_fire,AAI,indeks,2025-12-01T00:00:00Z,2025-12-02T00:00:00Z,1,SI044,Obalno-kraška,-1.036822272798954,-1.759979009628296,-0.45399653911590576,0.2695347998028666,99,21,78,Sentinel Hub Statistical API / Sentinel-5P,P1D,good
spar_fire_2025,SPAR/BTC fire,industrial_fire,AAI,indeks,2025-12-02T00:00:00Z,2025-12-03T00:00:00Z,2,SI044,Obalno-kraška,-0.6909403231663582,-1.3341491222381592,-0.10855318605899811,0.28823395488960135,99,21,78,Sentinel Hub Statistical API / Sentinel-5P,P1D,good
spar_fire_2025,SPAR/BTC fire,industrial_fire,AAI,indeks,2025-12-03T00:00:00Z,2025-12-04T00:00:00Z,3,SI044,Obalno-kraška,0.30504438400459605,-0.3627243936061859,0.7278817296028137,0.25910416771824657,99,21,78,Sentinel Hub Statistical API / Sentinel-5P,P1D,good
spar_fire_2025,SPAR/BTC fire,industrial_fire,AAI,indeks,2025-12-04T00:00:00Z,2025-12-05T00:00:00Z,4,SI044,Obalno-kraška,0.12197130959098923,0.004723365418612957,0.2373749017715454,0.05858937524899957,99,21,78,Sentinel Hub Statistical API / Sentinel-5P,P1D,good
spar_fire_2025,SPAR/BTC fire,industrial_fire,AAI,indeks,2025-12-05T00:00:00Z,2025-12-06T00:00:00Z,5,SI044,Obalno-kraška,-0.41933930092133004,-0.5851357579231262,-0.14153195917606354,0.07446160955073863,99,21,78,Sentinel Hub Statistical API / Sentinel-5P,P1D,good
spar_fire_2025,SPAR/BTC fire,industrial_fire,AAI,indeks,2025-12-06T00:00:00Z,2025-12-07T00:00:00Z,6,SI044,Obalno-kraška,-0.6685468898369716,-1.0591472387313843,-0.20438618957996368,0.17440992141209327,99,21,78,Sentinel Hub Statistical API / Sentinel-5P,P1D,good
spar_fire_2025,SPAR/BTC fire,industrial_fire,AAI,indeks,2025-12-07T00:00:00Z,2025-12-08T00:00:00Z,7,SI044,Obalno-kraška,-0.5711241144901861,-1.2904276847839355,0.15655356645584106,0.3499518092761669,99,21,78,Sentinel Hub Statistical API / Sentinel-5P,P1D,good
spar_fire_2025,SPAR/BTC fire,industrial_fire,AAI,indeks,2025-12-08T00:00:00Z,2025-12-09T00:00:00Z,8,SI044,Obalno-kraška,0.35450919698446215,0.20630617439746857,0.5935847163200378,0.09173031835099854,99,21,78,Sentinel Hub Statistical API / Sentinel-5P,P1D,good
spar_fire_2025,SPAR/BTC fire,industrial_fire,AAI,indeks,2025-12-09T00:00:00Z,2025-12-10T00:00:00Z,9,SI044,Obalno-kraška,0.10114302710653877,-0.03310753032565117,0.31318768858909607,0.06078215770314685,99,21,78,Sentinel Hub Statistical API / Sentinel-5P,P1D,good
spar_fire_2025,SPAR/BTC fire,industrial_fire,AAI,indeks,2025-12-10T00:00:00Z,2025-12-11T00:00:00Z,10,SI044,Obalno-kraška,-0.11110180218775687,-0.599282443523407,0.5422191023826599,0.29360890680237806,99,21,78,Sentinel Hub Statistical API / Sentinel-5P,P1D,good
spar_fire_2025,SPAR/BTC fire,industrial_fire,AAI,indeks,2025-12-11T00:00:00Z,2025-12-12T00:00:00Z,11,SI044,Obalno-kraška,-0.1883727930581723,-0.4462851285934448,0.07963121682405472,0.11089707330032246,99,21,78,Sentinel Hub Statistical API / Sentinel-5P,P1D,good
spar_fire_2025,SPAR/BTC fire,industrial_fire,AAI,indeks,2025-12-12T00:00:00Z,2025-12-13T00:00:00Z,12,SI044,Obalno-kraška,-0.25299670771122557,-0.5973373651504517,0.05232981964945793,0.15282975876219027,99,21,78,Sentinel Hub Statistical API / Sentinel-5P,P1D,good
spar_fire_2025,SPAR/BTC fire,industrial_fire,AAI,indeks,2025-12-13T00:00:00Z,2025-12-14T00:00:00Z,13,SI044,Obalno-kraška,0.042626330437248235,-0.24103794991970062,0.4972890615463257,0.1951181214290205,99,31,68,Sentinel Hub Statistical API / Sentinel-5P,P1D,good
spar_fire_2025,SPAR/BTC fire,industrial_fire,AAI,indeks,2025-12-14T00:00:00Z,2025-12-15T00:00:00Z,14,SI044,Obalno-kraška,0.1970595467644624,0.051996972411870956,0.3152223229408264,0.060773517554007096,99,21,78,Sentinel Hub Statistical API / Sentinel-5P,P1D,good
spar_fire_2025,SPAR/BTC fire,industrial_fire,AAI,indeks,2025-12-15T00:00:00Z,2025-12-16T00:00:00Z,15,SI044,Obalno-kraška,-0.18765473663986013,-0.9206432104110718,0.5364572405815125,0.30231096558346904,99,21,78,Sentinel Hub Statistical API / Sentinel-5P,P1D,good
spar_fire_2025,SPAR/BTC fire,industrial_fire,AAI,indeks,2025-12-16T00:00:00Z,2025-12-17T00:00:00Z,16,SI044,Obalno-kraška,-0.820976136586605,-0.9418129920959473,-0.6678274273872375,0.056420039254374756,99,21,78,Sentinel Hub Statistical API / Sentinel-5P,P1D,good
spar_fire_2025,SPAR/BTC fire,industrial_fire,AAI,indeks,2025-12-17T00:00:00Z,2025-12-18T00:00:00Z,17,SI044,Obalno-kraška,-1.0301330684167818,-3.905247449874878,2.4034957885742188,1.6260287984324788,99,21,78,Sentinel Hub Statistical API / Sentinel-5P,P1D,good
spar_fire_2025,SPAR/BTC fire,industrial_fire,AAI,indeks,2025-12-18T00:00:00Z,2025-12-19T00:00:00Z,18,SI044,Obalno-kraška,-0.2526271808653688,-1.3261773586273193,0.6655404567718506,0.4296923035530108,99,21,78,Sentinel Hub Statistical API / Sentinel-5P,P1D,good
spar_fire_2025,SPAR/BTC fire,industrial_fire,AAI,indeks,2025-12-19T00:00:00Z,2025-12-20T00:00:00Z,19,SI044,Obalno-kraška,0.05220460079801388,-0.9082056283950806,0.6780490875244141,0.5237224428754957,99,21,78,Sentinel Hub Statistical API / Sentinel-5P,P1D,good
spar_fire_2025,SPAR/BTC fire,industrial_fire,AAI,indeks,2025-12-20T00:00:00Z,2025-12-21T00:00:00Z,20,SI044,Obalno-kraška,0.3557126585943385,-0.15501485764980316,0.7383890748023987,0.23589535192468042,99,21,78,Sentinel Hub Statistical API / Sentinel-5P,P1D,good
spar_fire_2025,SPAR/BTC fire,industrial_fire,AAI,indeks,2025-12-21T00:00:00Z,2025-12-22T00:00:00Z,21,SI044,Obalno-kraška,-0.06095746316191836,-0.3662535846233368,0.21152722835540771,0.11487387234649461,99,21,78,Sentinel Hub Statistical API / Sentinel-5P,P1D,good
spar_fire_2025,SPAR/BTC fire,industrial_fire,AAI,indeks,2025-12-22T00:00:00Z,2025-12-23T00:00:00Z,22,SI044,Obalno-kraška,-0.7040262783949189,-1.1596455574035645,-0.4005867838859558,0.14318501683478946,99,21,78,Sentinel Hub Statistical API / Sentinel-5P,P1D,good
spar_fire_2025,SPAR/BTC fire,industrial_fire,AAI,indeks,2025-12-23T00:00:00Z,2025-12-24T00:00:00Z,23,SI044,Obalno-kraška,-0.8153855098554721,-1.569244623184204,0.2758372128009796,0.49513204279411244,99,21,78,Sentinel Hub Statistical API / Sentinel-5P,P1D,good
spar_fire_2025,SPAR/BTC fire,industrial_fire,AAI,indeks,2025-12-24T00:00:00Z,2025-12-25T00:00:00Z,24,SI044,Obalno-kraška,0.2955512915773748,-0.07077028602361679,0.5766215324401855,0.18118363020265504,99,21,78,Sentinel Hub Statistical API / Sentinel-5P,P1D,good
spar_fire_2025,SPAR/BTC fire,industrial_fire,AAI,indeks,2025-12-25T00:00:00Z,2025-12-26T00:00:00Z,25,SI044,Obalno-kraška,0.6707675335451196,0.023495381698012352,1.082251787185669,0.20704902403236522,99,21,78,Sentinel Hub Statistical API / Sentinel-5P,P1D,good
spar_fire_2025,SPAR/BTC fire,industrial_fire,AAI,indeks,2025-12-26T00:00:00Z,2025-12-27T00:00:00Z,26,SI044,Obalno-kraška,-0.10752879912988877,-0.33142414689064026,0.4906781315803528,0.1451768221415902,99,21,78,Sentinel Hub Statistical API / Sentinel-5P,P1D,good
spar_fire_2025,SPAR/BTC fire,industrial_fire,AAI,indeks,2025-12-27T00:00:00Z,2025-12-28T00:00:00Z,27,SI044,Obalno-kraška,-0.08345454877976756,-0.45410749316215515,0.15533287823200226,0.11860452324774591,99,21,78,Sentinel Hub Statistical API / Sentinel-5P,P1D,good
spar_fire_2025,SPAR/BTC fire,industrial_fire,AAI,indeks,2025-12-28T00:00:00Z,2025-12-29T00:00:00Z,28,SI044,Obalno-kraška,-0.22855185955846444,-0.9383712410926819,0.1832960844039917,0.220232098847979,99,21,78,Sentinel Hub Statistical API / Sentinel-5P,P1D,good
spar_fire_2025,SPAR/BTC fire,industrial_fire,AAI,indeks,2025-12-29T00:00:00Z,2025-12-30T00:00:00Z,29,SI044,Obalno-kraška,0.04824762848783022,-0.19171325862407684,0.42998772859573364,0.12589017014966453,99,28,71,Sentinel Hub Statistical API / Sentinel-5P,P1D,good
spar_fire_2025,SPAR/BTC fire,industrial_fire,AAI,indeks,2025-12-30T00:00:00Z,2025-12-31T00:00:00Z,30,SI044,Obalno-kraška,0.2354445880613266,0.10640347748994827,0.37909507751464844,0.050346942151828174,99,21,78,Sentinel Hub Statistical API / Sentinel-5P,P1D,good
spar_fire_2025,SPAR/BTC fire,industrial_fire,AAI,indeks,2025-12-31T00:00:00Z,2026-01-01T00:00:00Z,31,SI044,Obalno-kraška,0.08217758086557761,-0.10725224763154984,0.3198029100894928,0.08736289405365766,99,21,78,Sentinel Hub Statistical API / Sentinel-5P,P1D,good
kras_fire_2022,Goriški Kras wildfire,wildfire,AAI,indeks,2022-07-01T00:00:00Z,2022-07-02T00:00:00Z,1,SI031,Pomurska,-0.11168832227831885,-0.30960720777511597,0.06672876328229904,0.07586878709987757,128,46,82,Sentinel Hub Statistical API / Sentinel-5P,P1D,good
kras_fire_2022,Goriški Kras wildfire,wildfire,AAI,indeks,2022-07-02T00:00:00Z,2022-07-03T00:00:00Z,2,SI031,Pomurska,-0.3714198271130643,-0.5298991203308105,-0.11805722862482071,0.0894553832125325,128,46,82,Sentinel Hub Statistical API / Sentinel-5P,P1D,good
kras_fire_2022,Goriški Kras wildfire,wildfire,AAI,indeks,2022-07-03T00:00:00Z,2022-07-04T00:00:00Z,3,SI031,Pomurska,-0.36166177035831837,-0.6174352169036865,-0.1254495531320572,0.11919972358738076,128,46,82,Sentinel Hub Statistical API / Sentinel-5P,P1D,good
kras_fire_2022,Goriški Kras wildfire,wildfire,AAI,indeks,2022-07-04T00:00:00Z,2022-07-05T00:00:00Z,4,SI031,Pomurska,0.6055946877089944,-0.7150142192840576,1.404800534248352,0.47151281987936544,128,46,82,Sentinel Hub Statistical API / Sentinel-5P,P1D,good
kras_fire_2022,Goriški Kras wildfire,wildfire,AAI,indeks,2022-07-05T00:00:00Z,2022-07-06T00:00:00Z,5,SI031,Pomurska,0.22511340143931344,-0.893807590007782,1.7850992679595947,0.7092833306222178,128,46,82,Sentinel Hub Statistical API / Sentinel-5P,P1D,good
kras_fire_2022,Goriški Kras wildfire,wildfire,AAI,indeks,2022-07-06T00:00:00Z,2022-07-07T00:00:00Z,6,SI031,Pomurska,-0.5978192027385643,-1.2832931280136108,1.3105169534683228,0.5409211000764502,128,46,82,Sentinel Hub Statistical API / Sentinel-5P,P1D,good
kras_fire_2022,Goriški Kras wildfire,wildfire,AAI,indeks,2022-07-07T00:00:00Z,2022-07-08T00:00:00Z,7,SI031,Pomurska,-0.8927145103992122,-1.9007956981658936,0.6080675721168518,0.6862079025667261,128,46,82,Sentinel Hub Statistical API / Sentinel-5P,P1D,good
kras_fire_2022,Goriški Kras wildfire,wildfire,AAI,indeks,2022-07-08T00:00:00Z,2022-07-09T00:00:00Z,8,SI031,Pomurska,-1.001348178379419,-1.9304627180099487,1.0246421098709106,0.6894258535656743,128,46,82,Sentinel Hub Statistical API / Sentinel-5P,P1D,good
kras_fire_2022,Goriški Kras wildfire,wildfire,AAI,indeks,2022-07-09T00:00:00Z,2022-07-10T00:00:00Z,9,SI031,Pomurska,-1.2486531176581617,-1.9596138000488281,-0.0751190260052681,0.4054433490809447,128,46,82,Sentinel Hub Statistical API / Sentinel-5P,P1D,good
kras_fire_2022,Goriški Kras wildfire,wildfire,AAI,indeks,2022-07-10T00:00:00Z,2022-07-11T00:00:00Z,10,SI031,Pomurska,-0.3007993239670903,-1.9295774698257446,1.424562931060791,0.8992162812962887,128,46,82,Sentinel Hub Statistical API / Sentinel-5P,P1D,good
kras_fire_2022,Goriški Kras wildfire,wildfire,AAI,indeks,2022-07-11T00:00:00Z,2022-07-12T00:00:00Z,11,SI031,Pomurska,-0.5392204476293266,-1.255510687828064,0.739267885684967,0.4376106335732029,128,46,82,Sentinel Hub Statistical API / Sentinel-5P,P1D,good
kras_fire_2022,Goriški Kras wildfire,wildfire,AAI,indeks,2022-07-12T00:00:00Z,2022-07-13T00:00:00Z,12,SI031,Pomurska,-0.9812778874141415,-1.5489201545715332,0.06475941836833954,0.3155080802255381,128,46,82,Sentinel Hub Statistical API / Sentinel-5P,P1D,good
kras_fire_2022,Goriški Kras wildfire,wildfire,AAI,indeks,2022-07-13T00:00:00Z,2022-07-14T00:00:00Z,13,SI031,Pomurska,-0.3234723047694055,-0.5619755983352661,-0.06969575583934784,0.1083970024729641,128,46,82,Sentinel Hub Statistical API / Sentinel-5P,P1D,good
kras_fire_2022,Goriški Kras wildfire,wildfire,AAI,indeks,2022-07-14T00:00:00Z,2022-07-15T00:00:00Z,14,SI031,Pomurska,-1.1076620497354654,-1.7707164287567139,-0.5855647325515747,0.3296963986098013,128,46,82,Sentinel Hub Statistical API / Sentinel-5P,P1D,good
kras_fire_2022,Goriški Kras wildfire,wildfire,AAI,indeks,2022-07-15T00:00:00Z,2022-07-16T00:00:00Z,15,SI031,Pomurska,-0.3881678001546278,-1.2074309587478638,0.7687076926231384,0.5960796860322684,128,46,82,Sentinel Hub Statistical API / Sentinel-5P,P1D,good
kras_fire_2022,Goriški Kras wildfire,wildfire,AAI,indeks,2022-07-16T00:00:00Z,2022-07-17T00:00:00Z,16,SI031,Pomurska,-0.5449867760989723,-0.8306975960731506,0.0546870157122612,0.18874123508498908,128,46,82,Sentinel Hub Statistical API / Sentinel-5P,P1D,good
kras_fire_2022,Goriški Kras wildfire,wildfire,AAI,indeks,2022-07-17T00:00:00Z,2022-07-18T00:00:00Z,17,SI031,Pomurska,-0.5598527552877984,-0.7286449074745178,-0.41427722573280334,0.06600705493939986,128,46,82,Sentinel Hub Statistical API / Sentinel-5P,P1D,good
kras_fire_2022,Goriški Kras wildfire,wildfire,AAI,indeks,2022-07-18T00:00:00Z,2022-07-19T00:00:00Z,18,SI031,Pomurska,-0.33960947280795106,-0.5388632416725159,-0.05487910285592079,0.11887921435747259,128,46,82,Sentinel Hub Statistical API / Sentinel-5P,P1D,good
kras_fire_2022,Goriški Kras wildfire,wildfire,AAI,indeks,2022-07-19T00:00:00Z,2022-07-20T00:00:00Z,19,SI031,Pomurska,-0.48345695454172954,-0.7115863561630249,-0.2480251044034958,0.10879839680185385,128,46,82,Sentinel Hub Statistical API / Sentinel-5P,P1D,good
kras_fire_2022,Goriški Kras wildfire,wildfire,AAI,indeks,2022-07-20T00:00:00Z,2022-07-21T00:00:00Z,20,SI031,Pomurska,0.4408885120618634,0.35942918062210083,0.5321357250213623,0.05110363172640272,128,46,82,Sentinel Hub Statistical API / Sentinel-5P,P1D,good
kras_fire_2022,Goriški Kras wildfire,wildfire,AAI,indeks,2022-07-21T00:00:00Z,2022-07-22T00:00:00Z,21,SI031,Pomurska,-0.04382914760172729,-0.1813812106847763,0.09868445992469788,0.0728968541261105,128,46,82,Sentinel Hub Statistical API / Sentinel-5P,P1D,good
kras_fire_2022,Goriški Kras wildfire,wildfire,AAI,indeks,2022-07-22T00:00:00Z,2022-07-23T00:00:00Z,22,SI031,Pomurska,-0.6232881386105606,-0.8749901056289673,-0.33214816451072693,0.1294547974798676,128,46,82,Sentinel Hub Statistical API / Sentinel-5P,P1D,good
kras_fire_2022,Goriški Kras wildfire,wildfire,AAI,indeks,2022-07-23T00:00:00Z,2022-07-24T00:00:00Z,23,SI031,Pomurska,-1.066624799879586,-1.3284847736358643,-0.8275673389434814,0.11869959254273184,128,46,82,Sentinel Hub Statistical API / Sentinel-5P,P1D,good
kras_fire_2022,Goriški Kras wildfire,wildfire,AAI,indeks,2022-07-24T00:00:00Z,2022-07-25T00:00:00Z,24,SI031,Pomurska,-0.9554368991677351,-1.4468883275985718,-0.5817614197731018,0.18320700672874116,128,46,82,Sentinel Hub Statistical API / Sentinel-5P,P1D,good
kras_fire_2022,Goriški Kras wildfire,wildfire,AAI,indeks,2022-07-25T00:00:00Z,2022-07-26T00:00:00Z,25,SI031,Pomurska,-0.6082374566211934,-0.8184268474578857,-0.36923685669898987,0.10279326358472211,128,46,82,Sentinel Hub Statistical API / Sentinel-5P,P1D,good
kras_fire_2022,Goriški Kras wildfire,wildfire,AAI,indeks,2022-07-26T00:00:00Z,2022-07-27T00:00:00Z,26,SI031,Pomurska,0.005769546913187506,-0.1124165877699852,0.19223496317863464,0.08305449804418738,128,46,82,Sentinel Hub Statistical API / Sentinel-5P,P1D,good
kras_fire_2022,Goriški Kras wildfire,wildfire,AAI,indeks,2022-07-27T00:00:00Z,2022-07-28T00:00:00Z,27,SI031,Pomurska,-0.550239884476291,-1.4812296628952026,0.8839501738548279,0.5418688781750673,128,46,82,Sentinel Hub Statistical API / Sentinel-5P,P1D,good
kras_fire_2022,Goriški Kras wildfire,wildfire,AAI,indeks,2022-07-28T00:00:00Z,2022-07-29T00:00:00Z,28,SI031,Pomurska,-0.6422813283960994,-1.012315273284912,-0.2809407413005829,0.1415015572427761,128,46,82,Sentinel Hub Statistical API / Sentinel-5P,P1D,good
kras_fire_2022,Goriški Kras wildfire,wildfire,AAI,indeks,2022-07-29T00:00:00Z,2022-07-30T00:00:00Z,29,SI031,Pomurska,-0.9002468883991243,-1.5667190551757812,-0.5312709808349609,0.24354347763180056,128,46,82,Sentinel Hub Statistical API / Sentinel-5P,P1D,good
kras_fire_2022,Goriški Kras wildfire,wildfire,AAI,indeks,2022-07-30T00:00:00Z,2022-07-31T00:00:00Z,30,SI031,Pomurska,-1.0159240201479054,-1.7057801485061646,-0.46773895621299744,0.26714001447613456,128,46,82,Sentinel Hub Statistical API / Sentinel-5P,P1D,good
kras_fire_2022,Goriški Kras wildfire,wildfire,AAI,indeks,2022-07-31T00:00:00Z,2022-08-01T00:00:00Z,31,SI031,Pomurska,-0.2129042751252333,-0.6145914196968079,0.596730649471283,0.3061221550674392,128,46,82,Sentinel Hub Statistical API / Sentinel-5P,P1D,good
kras_fire_2022,Goriški Kras wildfire,wildfire,AAI,indeks,2022-07-01T00:00:00Z,2022-07-02T00:00:00Z,1,SI032,Podravska,-0.1381539090789375,-0.5512324571609497,0.19481338560581207,0.1348772312163379,180,52,128,Sentinel Hub Statistical API / Sentinel-5P,P1D,good
kras_fire_2022,Goriški Kras wildfire,wildfire,AAI,indeks,2022-07-02T00:00:00Z,2022-07-03T00:00:00Z,2,SI032,Podravska,-0.5124031007653684,-1.2139519453048706,1.0344011783599854,0.31816576799985086,180,52,128,Sentinel Hub Statistical API / Sentinel-5P,P1D,good
kras_fire_2022,Goriški Kras wildfire,wildfire,AAI,indeks,2022-07-03T00:00:00Z,2022-07-04T00:00:00Z,3,SI032,Podravska,-0.48845018085557945,-1.0287275314331055,-0.057625606656074524,0.16754486690449857,180,52,128,Sentinel Hub Statistical API / Sentinel-5P,P1D,good
kras_fire_2022,Goriški Kras wildfire,wildfire,AAI,indeks,2022-07-04T00:00:00Z,2022-07-05T00:00:00Z,4,SI032,Podravska,0.339357746168389,-0.5234826803207397,1.404800534248352,0.43567337690136165,180,52,128,Sentinel Hub Statistical API / Sentinel-5P,P1D,good
kras_fire_2022,Goriški Kras wildfire,wildfire,AAI,indeks,2022-07-05T00:00:00Z,2022-07-06T00:00:00Z,5,SI032,Podravska,-0.232508103508735,-1.0743602514266968,1.4857503175735474,0.5433219027317754,180,52,128,Sentinel Hub Statistical API / Sentinel-5P,P1D,good
kras_fire_2022,Goriški Kras wildfire,wildfire,AAI,indeks,2022-07-06T00:00:00Z,2022-07-07T00:00:00Z,6,SI032,Podravska,-0.7910766740242249,-1.6997075080871582,0.5257790088653564,0.3858639587896545,180,52,128,Sentinel Hub Statistical API / Sentinel-5P,P1D,good
kras_fire_2022,Goriški Kras wildfire,wildfire,AAI,indeks,2022-07-07T00:00:00Z,2022-07-08T00:00:00Z,7,SI032,Podravska,-0.83773474478221,-1.9603755474090576,0.3765866756439209,0.5519655425384642,180,52,128,Sentinel Hub Statistical API / Sentinel-5P,P1D,good
kras_fire_2022,Goriški Kras wildfire,wildfire,AAI,indeks,2022-07-08T00:00:00Z,2022-07-09T00:00:00Z,8,SI032,Podravska,-0.9606961398376369,-2.6875689029693604,0.7252628207206726,0.818887029917777,180,52,128,Sentinel Hub Statistical API / Sentinel-5P,P1D,good
kras_fire_2022,Goriški Kras wildfire,wildfire,AAI,indeks,2022-07-09T00:00:00Z,2022-07-10T00:00:00Z,9,SI032,Podravska,-0.5003869859945207,-1.2200415134429932,-0.08664989471435547,0.35887561237034826,180,159,21,Sentinel Hub Statistical API / Sentinel-5P,P1D,partial
kras_fire_2022,Goriški Kras wildfire,wildfire,AAI,indeks,2022-07-10T00:00:00Z,2022-07-11T00:00:00Z,10,SI032,Podravska,-0.39402483903904795,-1.6857415437698364,1.4371904134750366,0.7214491983166051,180,52,128,Sentinel Hub Statistical API / Sentinel-5P,P1D,good
kras_fire_2022,Goriški Kras wildfire,wildfire,AAI,indeks,2022-07-11T00:00:00Z,2022-07-12T00:00:00Z,11,SI032,Podravska,-0.6497887697769328,-1.5871115922927856,0.8443455696105957,0.6157103986502774,180,52,128,Sentinel Hub Statistical API / Sentinel-5P,P1D,good
kras_fire_2022,Goriški Kras wildfire,wildfire,AAI,indeks,2022-07-12T00:00:00Z,2022-07-13T00:00:00Z,12,SI032,Podravska,-0.9735825532115996,-1.6875338554382324,0.38159579038619995,0.4150208898175071,180,52,128,Sentinel Hub Statistical API / Sentinel-5P,P1D,good
kras_fire_2022,Goriški Kras wildfire,wildfire,AAI,indeks,2022-07-13T00:00:00Z,2022-07-14T00:00:00Z,13,SI032,Podravska,-0.4021933703334071,-0.8957163095474243,0.10682325065135956,0.15844861067211907,180,52,128,Sentinel Hub Statistical API / Sentinel-5P,P1D,good
kras_fire_2022,Goriški Kras wildfire,wildfire,AAI,indeks,2022-07-14T00:00:00Z,2022-07-15T00:00:00Z,14,SI032,Podravska,-1.4750569532625384,-2.198514461517334,-0.5060026049613953,0.3473877772278178,180,52,128,Sentinel Hub Statistical API / Sentinel-5P,P1D,good
kras_fire_2022,Goriški Kras wildfire,wildfire,AAI,indeks,2022-07-15T00:00:00Z,2022-07-16T00:00:00Z,15,SI032,Podravska,-0.7299392871209421,-1.2550177574157715,0.7970899939537048,0.35148422544739233,180,52,128,Sentinel Hub Statistical API / Sentinel-5P,P1D,good
kras_fire_2022,Goriški Kras wildfire,wildfire,AAI,indeks,2022-07-16T00:00:00Z,2022-07-17T00:00:00Z,16,SI032,Podravska,-0.5526353906607254,-0.974130392074585,0.2105802446603775,0.20517606319395562,180,52,128,Sentinel Hub Statistical API / Sentinel-5P,P1D,good
kras_fire_2022,Goriški Kras wildfire,wildfire,AAI,indeks,2022-07-17T00:00:00Z,2022-07-18T00:00:00Z,17,SI032,Podravska,-0.5681869909167289,-0.924730658531189,-0.27684730291366577,0.11650311748985132,180,52,128,Sentinel Hub Statistical API / Sentinel-5P,P1D,good
kras_fire_2022,Goriški Kras wildfire,wildfire,AAI,indeks,2022-07-18T00:00:00Z,2022-07-19T00:00:00Z,18,SI032,Podravska,-0.5029493783949875,-1.1285938024520874,-0.09075585007667542,0.20507637046430444,180,52,128,Sentinel Hub Statistical API / Sentinel-5P,P1D,good
kras_fire_2022,Goriški Kras wildfire,wildfire,AAI,indeks,2022-07-19T00:00:00Z,2022-07-20T00:00:00Z,19,SI032,Podravska,-0.5496759065426889,-1.1345628499984741,-0.19424252212047577,0.1686302150452188,180,52,128,Sentinel Hub Statistical API / Sentinel-5P,P1D,good
kras_fire_2022,Goriški Kras wildfire,wildfire,AAI,indeks,2022-07-20T00:00:00Z,2022-07-21T00:00:00Z,20,SI032,Podravska,0.3870891106635098,-0.16209256649017334,0.5800483226776123,0.14058851797178087,180,52,128,Sentinel Hub Statistical API / Sentinel-5P,P1D,good
kras_fire_2022,Goriški Kras wildfire,wildfire,AAI,indeks,2022-07-21T00:00:00Z,2022-07-22T00:00:00Z,21,SI032,Podravska,-0.17385925003327427,-0.8081031441688538,0.0698428750038147,0.1819907475126436,180,52,128,Sentinel Hub Statistical API / Sentinel-5P,P1D,good
kras_fire_2022,Goriški Kras wildfire,wildfire,AAI,indeks,2022-07-22T00:00:00Z,2022-07-23T00:00:00Z,22,SI032,Podravska,-0.7137478985823692,-1.2864644527435303,-0.3884629011154175,0.16133568908658977,180,52,128,Sentinel Hub Statistical API / Sentinel-5P,P1D,good
kras_fire_2022,Goriški Kras wildfire,wildfire,AAI,indeks,2022-07-23T00:00:00Z,2022-07-24T00:00:00Z,23,SI032,Podravska,-1.0530009770300237,-1.479144811630249,-0.331394761800766,0.17687393082701955,180,52,128,Sentinel Hub Statistical API / Sentinel-5P,P1D,good
kras_fire_2022,Goriški Kras wildfire,wildfire,AAI,indeks,2022-07-24T00:00:00Z,2022-07-25T00:00:00Z,24,SI032,Podravska,-1.0424005254171786,-1.8047109842300415,0.2111048847436905,0.24904189461326004,180,52,128,Sentinel Hub Statistical API / Sentinel-5P,P1D,good
kras_fire_2022,Goriški Kras wildfire,wildfire,AAI,indeks,2022-07-25T00:00:00Z,2022-07-26T00:00:00Z,25,SI032,Podravska,-0.07965087035999578,-0.46174582839012146,0.2028592824935913,0.19644618069444983,180,163,17,Sentinel Hub Statistical API / Sentinel-5P,P1D,partial
kras_fire_2022,Goriški Kras wildfire,wildfire,AAI,indeks,2022-07-26T00:00:00Z,2022-07-27T00:00:00Z,26,SI032,Podravska,-0.006581274285053951,-0.1896018534898758,0.16422468423843384,0.094908661178686,180,52,128,Sentinel Hub Statistical API / Sentinel-5P,P1D,good
kras_fire_2022,Goriški Kras wildfire,wildfire,AAI,indeks,2022-07-27T00:00:00Z,2022-07-28T00:00:00Z,27,SI032,Podravska,-0.5485437774286764,-1.2854191064834595,0.8839501738548279,0.5678090843447298,180,52,128,Sentinel Hub Statistical API / Sentinel-5P,P1D,good
kras_fire_2022,Goriški Kras wildfire,wildfire,AAI,indeks,2022-07-28T00:00:00Z,2022-07-29T00:00:00Z,28,SI032,Podravska,-0.8537211661459879,-1.488452434539795,-0.23691685497760773,0.23545029432616374,180,52,128,Sentinel Hub Statistical API / Sentinel-5P,P1D,good
kras_fire_2022,Goriški Kras wildfire,wildfire,AAI,indeks,2022-07-29T00:00:00Z,2022-07-30T00:00:00Z,29,SI032,Podravska,-0.9997756162192672,-1.8303476572036743,-0.30651620030403137,0.2843507994125925,180,52,128,Sentinel Hub Statistical API / Sentinel-5P,P1D,good
kras_fire_2022,Goriški Kras wildfire,wildfire,AAI,indeks,2022-07-30T00:00:00Z,2022-07-31T00:00:00Z,30,SI032,Podravska,-1.0953009887598457,-2.3941915035247803,-0.5571115016937256,0.40769935982322414,180,52,128,Sentinel Hub Statistical API / Sentinel-5P,P1D,good
kras_fire_2022,Goriški Kras wildfire,wildfire,AAI,indeks,2022-07-31T00:00:00Z,2022-08-01T00:00:00Z,31,SI032,Podravska,-0.3347861513248062,-0.9000353813171387,0.4750879406929016,0.37312706621854164,180,52,128,Sentinel Hub Statistical API / Sentinel-5P,P1D,good
kras_fire_2022,Goriški Kras wildfire,wildfire,AAI,indeks,2022-07-01T00:00:00Z,2022-07-02T00:00:00Z,1,SI033,Koroška,-0.26485320784435684,-0.5241557359695435,0.0547301359474659,0.13474828341288125,75,16,59,Sentinel Hub Statistical API / Sentinel-5P,P1D,good
kras_fire_2022,Goriški Kras wildfire,wildfire,AAI,indeks,2022-07-02T00:00:00Z,2022-07-03T00:00:00Z,2,SI033,Koroška,-0.7287921173087619,-1.2819513082504272,1.0344011783599854,0.3299915355077599,75,16,59,Sentinel Hub Statistical API / Sentinel-5P,P1D,good
kras_fire_2022,Goriški Kras wildfire,wildfire,AAI,indeks,2022-07-03T00:00:00Z,2022-07-04T00:00:00Z,3,SI033,Koroška,-0.724002097622823,-1.0803265571594238,-0.4201701283454895,0.16069172852033886,75,16,59,Sentinel Hub Statistical API / Sentinel-5P,P1D,good
kras_fire_2022,Goriški Kras wildfire,wildfire,AAI,indeks,2022-07-04T00:00:00Z,2022-07-05T00:00:00Z,4,SI033,Koroška,-0.17404288639140839,-0.6911236643791199,0.253756582736969,0.26435451475251004,75,16,59,Sentinel Hub Statistical API / Sentinel-5P,P1D,good
kras_fire_2022,Goriški Kras wildfire,wildfire,AAI,indeks,2022-07-05T00:00:00Z,2022-07-06T00:00:00Z,5,SI033,Koroška,-0.20600446604065983,-1.0743602514266968,0.8481953144073486,0.5526814753202733,75,16,59,Sentinel Hub Statistical API / Sentinel-5P,P1D,good
kras_fire_2022,Goriški Kras wildfire,wildfire,AAI,indeks,2022-07-06T00:00:00Z,2022-07-07T00:00:00Z,6,SI033,Koroška,-0.8161962095458629,-1.6424767971038818,1.0630100965499878,0.6003835827733469,75,16,59,Sentinel Hub Statistical API / Sentinel-5P,P1D,good
kras_fire_2022,Goriški Kras wildfire,wildfire,AAI,indeks,2022-07-07T00:00:00Z,2022-07-08T00:00:00Z,7,SI033,Koroška,-0.7596957559334273,-1.6202744245529175,0.18101665377616882,0.40443673161013116,75,16,59,Sentinel Hub Statistical API / Sentinel-5P,P1D,good
kras_fire_2022,Goriški Kras wildfire,wildfire,AAI,indeks,2022-07-08T00:00:00Z,2022-07-09T00:00:00Z,8,SI033,Koroška,-1.034370883794154,-1.8515063524246216,0.3701121211051941,0.5650835379069546,75,16,59,Sentinel Hub Statistical API / Sentinel-5P,P1D,good
kras_fire_2022,Goriški Kras wildfire,wildfire,AAI,indeks,2022-07-09T00:00:00Z,2022-07-10T00:00:00Z,9,SI033,Koroška,-0.0965299726921623,-1.2200415134429932,0.9743542075157166,0.5773264789500376,75,16,59,Sentinel Hub Statistical API / Sentinel-5P,P1D,good
kras_fire_2022,Goriški Kras wildfire,wildfire,AAI,indeks,2022-07-10T00:00:00Z,2022-07-11T00:00:00Z,10,SI033,Koroška,-0.5076537891212156,-2.047473192214966,0.8398140668869019,0.8348213714171767,75,16,59,Sentinel Hub Statistical API / Sentinel-5P,P1D,good
kras_fire_2022,Goriški Kras wildfire,wildfire,AAI,indeks,2022-07-11T00:00:00Z,2022-07-12T00:00:00Z,11,SI033,Koroška,-0.4321900274509848,-1.6815236806869507,0.7877905368804932,0.5769519116616314,75,16,59,Sentinel Hub Statistical API / Sentinel-5P,P1D,good
kras_fire_2022,Goriški Kras wildfire,wildfire,AAI,indeks,2022-07-12T00:00:00Z,2022-07-13T00:00:00Z,12,SI033,Koroška,-0.7720951967146565,-1.8497697114944458,0.41574007272720337,0.47343182143754187,75,16,59,Sentinel Hub Statistical API / Sentinel-5P,P1D,good
kras_fire_2022,Goriški Kras wildfire,wildfire,AAI,indeks,2022-07-13T00:00:00Z,2022-07-14T00:00:00Z,13,SI033,Koroška,-0.5377091573456586,-0.8713279962539673,-0.28370851278305054,0.1291905848246604,75,16,59,Sentinel Hub Statistical API / Sentinel-5P,P1D,good
kras_fire_2022,Goriški Kras wildfire,wildfire,AAI,indeks,2022-07-14T00:00:00Z,2022-07-15T00:00:00Z,14,SI033,Koroška,-0.9987394440982299,-1.8334451913833618,-0.41195574402809143,0.3270893778041186,75,16,59,Sentinel Hub Statistical API / Sentinel-5P,P1D,good
kras_fire_2022,Goriški Kras wildfire,wildfire,AAI,indeks,2022-07-15T00:00:00Z,2022-07-16T00:00:00Z,15,SI033,Koroška,-0.3312139275594283,-1.3657280206680298,0.8424617052078247,0.6198405624482711,75,16,59,Sentinel Hub Statistical API / Sentinel-5P,P1D,good
kras_fire_2022,Goriški Kras wildfire,wildfire,AAI,indeks,2022-07-16T00:00:00Z,2022-07-17T00:00:00Z,16,SI033,Koroška,-0.6693651512012643,-1.0115290880203247,0.3700507581233978,0.3373971393116441,75,16,59,Sentinel Hub Statistical API / Sentinel-5P,P1D,good
kras_fire_2022,Goriški Kras wildfire,wildfire,AAI,indeks,2022-07-17T00:00:00Z,2022-07-18T00:00:00Z,17,SI033,Koroška,-0.7136444363553647,-1.14385187625885,-0.435712605714798,0.1414080594838667,75,16,59,Sentinel Hub Statistical API / Sentinel-5P,P1D,good
kras_fire_2022,Goriški Kras wildfire,wildfire,AAI,indeks,2022-07-18T00:00:00Z,2022-07-19T00:00:00Z,18,SI033,Koroška,-0.8113541888483498,-1.1285938024520874,-0.1686786562204361,0.1771591415999755,75,16,59,Sentinel Hub Statistical API / Sentinel-5P,P1D,good
kras_fire_2022,Goriški Kras wildfire,wildfire,AAI,indeks,2022-07-19T00:00:00Z,2022-07-20T00:00:00Z,19,SI033,Koroška,-0.7925752653913979,-1.1284031867980957,-0.34893035888671875,0.15165801296413003,75,16,59,Sentinel Hub Statistical API / Sentinel-5P,P1D,good
kras_fire_2022,Goriški Kras wildfire,wildfire,AAI,indeks,2022-07-20T00:00:00Z,2022-07-21T00:00:00Z,20,SI033,Koroška,0.22702523706070443,-0.19158624112606049,0.4703250825405121,0.17670144144583227,75,16,59,Sentinel Hub Statistical API / Sentinel-5P,P1D,good
kras_fire_2022,Goriški Kras wildfire,wildfire,AAI,indeks,2022-07-21T00:00:00Z,2022-07-22T00:00:00Z,21,SI033,Koroška,-0.6108249067249946,-0.912326455116272,-0.3692863881587982,0.14071470509303655,75,16,59,Sentinel Hub Statistical API / Sentinel-5P,P1D,good
kras_fire_2022,Goriški Kras wildfire,wildfire,AAI,indeks,2022-07-22T00:00:00Z,2022-07-23T00:00:00Z,22,SI033,Koroška,-0.9672740870550022,-1.2864644527435303,0.026269489899277687,0.20136182716997864,75,16,59,Sentinel Hub Statistical API / Sentinel-5P,P1D,good
kras_fire_2022,Goriški Kras wildfire,wildfire,AAI,indeks,2022-07-23T00:00:00Z,2022-07-24T00:00:00Z,23,SI033,Koroška,-1.3000355423507042,-1.5619475841522217,-0.6560903191566467,0.15162104693237113,75,16,59,Sentinel Hub Statistical API / Sentinel-5P,P1D,good
kras_fire_2022,Goriški Kras wildfire,wildfire,AAI,indeks,2022-07-24T00:00:00Z,2022-07-25T00:00:00Z,24,SI033,Koroška,-1.215781482548248,-1.9166858196258545,0.4896705448627472,0.5749442232022052,75,16,59,Sentinel Hub Statistical API / Sentinel-5P,P1D,good
kras_fire_2022,Goriški Kras wildfire,wildfire,AAI,indeks,2022-07-25T00:00:00Z,2022-07-26T00:00:00Z,25,SI033,Koroška,-0.006408646991831591,-0.46174582839012146,0.6876633167266846,0.253872789712539,75,16,59,Sentinel Hub Statistical API / Sentinel-5P,P1D,good
kras_fire_2022,Goriški Kras wildfire,wildfire,AAI,indeks,2022-07-26T00:00:00Z,2022-07-27T00:00:00Z,26,SI033,Koroška,-0.00044057399855326664,-0.25828561186790466,0.1878710687160492,0.1258350353005949,75,16,59,Sentinel Hub Statistical API / Sentinel-5P,P1D,good
kras_fire_2022,Goriški Kras wildfire,wildfire,AAI,indeks,2022-07-27T00:00:00Z,2022-07-28T00:00:00Z,27,SI033,Koroška,-0.5134697885201235,-1.2798283100128174,0.22706903517246246,0.357523864952105,75,16,59,Sentinel Hub Statistical API / Sentinel-5P,P1D,good
kras_fire_2022,Goriški Kras wildfire,wildfire,AAI,indeks,2022-07-28T00:00:00Z,2022-07-29T00:00:00Z,28,SI033,Koroška,-0.8501147107552675,-1.5615313053131104,-0.10163293778896332,0.3675137864586122,75,16,59,Sentinel Hub Statistical API / Sentinel-5P,P1D,good
kras_fire_2022,Goriški Kras wildfire,wildfire,AAI,indeks,2022-07-29T00:00:00Z,2022-07-30T00:00:00Z,29,SI033,Koroška,-1.0378071627879544,-2.257378339767456,-0.061146244406700134,0.5562735551739166,75,16,59,Sentinel Hub Statistical API / Sentinel-5P,P1D,good
kras_fire_2022,Goriški Kras wildfire,wildfire,AAI,indeks,2022-07-30T00:00:00Z,2022-07-31T00:00:00Z,30,SI033,Koroška,-1.252569453696073,-2.3022496700286865,-0.4520484507083893,0.45565574551905597,75,16,59,Sentinel Hub Statistical API / Sentinel-5P,P1D,good
kras_fire_2022,Goriški Kras wildfire,wildfire,AAI,indeks,2022-07-31T00:00:00Z,2022-08-01T00:00:00Z,31,SI033,Koroška,-0.3436115559632495,-1.534720540046692,0.34718993306159973,0.4713083729836407,75,16,59,Sentinel Hub Statistical API / Sentinel-5P,P1D,good
kras_fire_2022,Goriški Kras wildfire,wildfire,AAI,indeks,2022-07-01T00:00:00Z,2022-07-02T00:00:00Z,1,SI034,Savinjska,-0.13998256465150494,-0.5829374194145203,0.36016711592674255,0.17412571773033597,225,89,136,Sentinel Hub Statistical API / Sentinel-5P,P1D,good
kras_fire_2022,Goriški Kras wildfire,wildfire,AAI,indeks,2022-07-02T00:00:00Z,2022-07-03T00:00:00Z,2,SI034,Savinjska,-0.6373080432634143,-1.2819513082504272,1.0344011783599854,0.287865297249796,225,89,136,Sentinel Hub Statistical API / Sentinel-5P,P1D,good
kras_fire_2022,Goriški Kras wildfire,wildfire,AAI,indeks,2022-07-03T00:00:00Z,2022-07-04T00:00:00Z,3,SI034,Savinjska,-0.5911940273774021,-1.1123851537704468,-0.1893528550863266,0.19339910746583722,225,89,136,Sentinel Hub Statistical API / Sentinel-5P,P1D,good
kras_fire_2022,Goriški Kras wildfire,wildfire,AAI,indeks,2022-07-04T00:00:00Z,2022-07-05T00:00:00Z,4,SI034,Savinjska,-0.07111793700331714,-0.8967199921607971,0.9906541109085083,0.4241396660333956,225,89,136,Sentinel Hub Statistical API / Sentinel-5P,P1D,good
kras_fire_2022,Goriški Kras wildfire,wildfire,AAI,indeks,2022-07-05T00:00:00Z,2022-07-06T00:00:00Z,5,SI034,Savinjska,-0.27006664605441455,-1.1264997720718384,1.3513309955596924,0.5287006206042754,225,89,136,Sentinel Hub Statistical API / Sentinel-5P,P1D,good
kras_fire_2022,Goriški Kras wildfire,wildfire,AAI,indeks,2022-07-06T00:00:00Z,2022-07-07T00:00:00Z,6,SI034,Savinjska,-0.8014436408685632,-1.6253968477249146,0.866456925868988,0.4904998507652024,225,89,136,Sentinel Hub Statistical API / Sentinel-5P,P1D,good
kras_fire_2022,Goriški Kras wildfire,wildfire,AAI,indeks,2022-07-07T00:00:00Z,2022-07-08T00:00:00Z,7,SI034,Savinjska,-1.2043391049647816,-2.2191128730773926,0.3260820508003235,0.5068169742758453,225,89,136,Sentinel Hub Statistical API / Sentinel-5P,P1D,good
kras_fire_2022,Goriški Kras wildfire,wildfire,AAI,indeks,2022-07-08T00:00:00Z,2022-07-09T00:00:00Z,8,SI034,Savinjska,-0.9373822059098845,-2.568317413330078,0.7264118194580078,0.6959462636190248,225,89,136,Sentinel Hub Statistical API / Sentinel-5P,P1D,good
kras_fire_2022,Goriški Kras wildfire,wildfire,AAI,indeks,2022-07-09T00:00:00Z,2022-07-10T00:00:00Z,9,SI034,Savinjska,0.02851210210977471,-1.0904618501663208,1.0158164501190186,0.47886818416623345,225,107,118,Sentinel Hub Statistical API / Sentinel-5P,P1D,good
kras_fire_2022,Goriški Kras wildfire,wildfire,AAI,indeks,2022-07-10T00:00:00Z,2022-07-11T00:00:00Z,10,SI034,Savinjska,-0.3884310275316236,-1.7809299230575562,0.9357168674468994,0.6580917124848171,225,89,136,Sentinel Hub Statistical API / Sentinel-5P,P1D,good
kras_fire_2022,Goriški Kras wildfire,wildfire,AAI,indeks,2022-07-11T00:00:00Z,2022-07-12T00:00:00Z,11,SI034,Savinjska,-0.3451129925327702,-1.689850091934204,0.8560384511947632,0.6454585759233591,225,89,136,Sentinel Hub Statistical API / Sentinel-5P,P1D,good
kras_fire_2022,Goriški Kras wildfire,wildfire,AAI,indeks,2022-07-12T00:00:00Z,2022-07-13T00:00:00Z,12,SI034,Savinjska,-0.8097157191300273,-2.273134469985962,0.7833581566810608,0.6415436006200382,225,89,136,Sentinel Hub Statistical API / Sentinel-5P,P1D,good
kras_fire_2022,Goriški Kras wildfire,wildfire,AAI,indeks,2022-07-13T00:00:00Z,2022-07-14T00:00:00Z,13,SI034,Savinjska,-0.4873929697581952,-0.8957163095474243,0.04757923632860184,0.14494247175661104,225,89,136,Sentinel Hub Statistical API / Sentinel-5P,P1D,good
kras_fire_2022,Goriški Kras wildfire,wildfire,AAI,indeks,2022-07-14T00:00:00Z,2022-07-15T00:00:00Z,14,SI034,Savinjska,-1.643063873929136,-3.011157751083374,-0.4397602677345276,0.5683309205420279,225,89,136,Sentinel Hub Statistical API / Sentinel-5P,P1D,good
kras_fire_2022,Goriški Kras wildfire,wildfire,AAI,indeks,2022-07-15T00:00:00Z,2022-07-16T00:00:00Z,15,SI034,Savinjska,-0.7213851915371109,-1.5491327047348022,0.8424617052078247,0.5359622710465745,225,89,136,Sentinel Hub Statistical API / Sentinel-5P,P1D,good
kras_fire_2022,Goriški Kras wildfire,wildfire,AAI,indeks,2022-07-16T00:00:00Z,2022-07-17T00:00:00Z,16,SI034,Savinjska,-0.5415343667435293,-1.0109100341796875,0.49645763635635376,0.24950049119513176,225,89,136,Sentinel Hub Statistical API / Sentinel-5P,P1D,good
kras_fire_2022,Goriški Kras wildfire,wildfire,AAI,indeks,2022-07-17T00:00:00Z,2022-07-18T00:00:00Z,17,SI034,Savinjska,-0.5601396531085756,-1.14385187625885,-0.13658861815929413,0.16832212473374092,225,89,136,Sentinel Hub Statistical API / Sentinel-5P,P1D,good
kras_fire_2022,Goriški Kras wildfire,wildfire,AAI,indeks,2022-07-18T00:00:00Z,2022-07-19T00:00:00Z,18,SI034,Savinjska,-0.6040077241247193,-1.0655949115753174,-0.1686786562204361,0.17312962306168675,225,89,136,Sentinel Hub Statistical API / Sentinel-5P,P1D,good
kras_fire_2022,Goriški Kras wildfire,wildfire,AAI,indeks,2022-07-19T00:00:00Z,2022-07-20T00:00:00Z,19,SI034,Savinjska,-0.6638787861584742,-1.1345628499984741,-0.05514540523290634,0.18488156763078514,225,89,136,Sentinel Hub Statistical API / Sentinel-5P,P1D,good
kras_fire_2022,Goriški Kras wildfire,wildfire,AAI,indeks,2022-07-20T00:00:00Z,2022-07-21T00:00:00Z,20,SI034,Savinjska,0.27258826069095554,-0.19158624112606049,0.5524114966392517,0.17885114519348252,225,89,136,Sentinel Hub Statistical API / Sentinel-5P,P1D,good
kras_fire_2022,Goriški Kras wildfire,wildfire,AAI,indeks,2022-07-21T00:00:00Z,2022-07-22T00:00:00Z,21,SI034,Savinjska,-0.38430085077005277,-0.912326455116272,-0.05965397506952286,0.2187355998437761,225,89,136,Sentinel Hub Statistical API / Sentinel-5P,P1D,good
kras_fire_2022,Goriški Kras wildfire,wildfire,AAI,indeks,2022-07-22T00:00:00Z,2022-07-23T00:00:00Z,22,SI034,Savinjska,-0.8072475737015555,-1.2864644527435303,0.026269489899277687,0.19071652333313727,225,89,136,Sentinel Hub Statistical API / Sentinel-5P,P1D,good
kras_fire_2022,Goriški Kras wildfire,wildfire,AAI,indeks,2022-07-23T00:00:00Z,2022-07-24T00:00:00Z,23,SI034,Savinjska,-1.1936617528691016,-1.5619475841522217,-0.5980445146560669,0.18792707806046982,225,89,136,Sentinel Hub Statistical API / Sentinel-5P,P1D,good
kras_fire_2022,Goriški Kras wildfire,wildfire,AAI,indeks,2022-07-24T00:00:00Z,2022-07-25T00:00:00Z,24,SI034,Savinjska,-1.1250671864048956,-2.0434954166412354,0.2111048847436905,0.35752169126507516,225,89,136,Sentinel Hub Statistical API / Sentinel-5P,P1D,good
kras_fire_2022,Goriški Kras wildfire,wildfire,AAI,indeks,2022-07-25T00:00:00Z,2022-07-26T00:00:00Z,25,SI034,Savinjska,0.05289950028300881,-0.46174582839012146,0.6876633167266846,0.18730128390111703,225,112,113,Sentinel Hub Statistical API / Sentinel-5P,P1D,good
kras_fire_2022,Goriški Kras wildfire,wildfire,AAI,indeks,2022-07-26T00:00:00Z,2022-07-27T00:00:00Z,26,SI034,Savinjska,-0.0007918718175086159,-0.546924352645874,0.293100506067276,0.15987077334188127,225,89,136,Sentinel Hub Statistical API / Sentinel-5P,P1D,good
kras_fire_2022,Goriški Kras wildfire,wildfire,AAI,indeks,2022-07-27T00:00:00Z,2022-07-28T00:00:00Z,27,SI034,Savinjska,-0.8546237643150721,-1.3826937675476074,-0.15316301584243774,0.2907655983915235,225,89,136,Sentinel Hub Statistical API / Sentinel-5P,P1D,good
kras_fire_2022,Goriški Kras wildfire,wildfire,AAI,indeks,2022-07-28T00:00:00Z,2022-07-29T00:00:00Z,28,SI034,Savinjska,-0.9822473826626418,-1.6441590785980225,-0.011987140402197838,0.34762507831854167,225,89,136,Sentinel Hub Statistical API / Sentinel-5P,P1D,good
kras_fire_2022,Goriški Kras wildfire,wildfire,AAI,indeks,2022-07-29T00:00:00Z,2022-07-30T00:00:00Z,29,SI034,Savinjska,-1.118212810662739,-2.1222498416900635,0.5147126913070679,0.39871832399838536,225,89,136,Sentinel Hub Statistical API / Sentinel-5P,P1D,good
kras_fire_2022,Goriški Kras wildfire,wildfire,AAI,indeks,2022-07-30T00:00:00Z,2022-07-31T00:00:00Z,30,SI034,Savinjska,-1.0387112553067068,-2.3474721908569336,-0.4520484507083893,0.35531303283754084,225,89,136,Sentinel Hub Statistical API / Sentinel-5P,P1D,good
kras_fire_2022,Goriški Kras wildfire,wildfire,AAI,indeks,2022-07-31T00:00:00Z,2022-08-01T00:00:00Z,31,SI034,Savinjska,-0.3311744248220589,-1.320022463798523,0.4750879406929016,0.47176181029023734,225,89,136,Sentinel Hub Statistical API / Sentinel-5P,P1D,good
kras_fire_2022,Goriški Kras wildfire,wildfire,AAI,indeks,2022-07-01T00:00:00Z,2022-07-02T00:00:00Z,1,SI035,Zasavska,-0.16237825591649332,-0.32771700620651245,0.045178912580013275,0.07537831058467874,45,10,35,Sentinel Hub Statistical API / Sentinel-5P,P1D,good
kras_fire_2022,Goriški Kras wildfire,wildfire,AAI,indeks,2022-07-02T00:00:00Z,2022-07-03T00:00:00Z,2,SI035,Zasavska,-0.6205903402396612,-0.8356819748878479,-0.1830275058746338,0.16639425919390208,45,10,35,Sentinel Hub Statistical API / Sentinel-5P,P1D,good
kras_fire_2022,Goriški Kras wildfire,wildfire,AAI,indeks,2022-07-03T00:00:00Z,2022-07-04T00:00:00Z,3,SI035,Zasavska,-0.5764793149062567,-0.7458052039146423,-0.45437300205230713,0.08387439231822298,45,10,35,Sentinel Hub Statistical API / Sentinel-5P,P1D,good
kras_fire_2022,Goriški Kras wildfire,wildfire,AAI,indeks,2022-07-04T00:00:00Z,2022-07-05T00:00:00Z,4,SI035,Zasavska,-0.4401208051613399,-0.8967199921607971,0.537643313407898,0.44634644412915386,45,10,35,Sentinel Hub Statistical API / Sentinel-5P,P1D,good
kras_fire_2022,Goriški Kras wildfire,wildfire,AAI,indeks,2022-07-05T00:00:00Z,2022-07-06T00:00:00Z,5,SI035,Zasavska,-0.7532453324113573,-1.2792140245437622,-0.18849381804466248,0.3013704652066109,45,10,35,Sentinel Hub Statistical API / Sentinel-5P,P1D,good
kras_fire_2022,Goriški Kras wildfire,wildfire,AAI,indeks,2022-07-06T00:00:00Z,2022-07-07T00:00:00Z,6,SI035,Zasavska,-0.7469864904880524,-1.5127593278884888,0.35449591279029846,0.5366798843252332,45,10,35,Sentinel Hub Statistical API / Sentinel-5P,P1D,good
kras_fire_2022,Goriški Kras wildfire,wildfire,AAI,indeks,2022-07-07T00:00:00Z,2022-07-08T00:00:00Z,7,SI035,Zasavska,-1.5291069303240097,-1.8191983699798584,-1.096693515777588,0.16418558064745323,45,10,35,Sentinel Hub Statistical API / Sentinel-5P,P1D,good
kras_fire_2022,Goriški Kras wildfire,wildfire,AAI,indeks,2022-07-08T00:00:00Z,2022-07-09T00:00:00Z,8,SI035,Zasavska,-1.4740885887827189,-2.605229616165161,-0.13881556689739227,0.5941335472437365,45,10,35,Sentinel Hub Statistical API / Sentinel-5P,P1D,good
kras_fire_2022,Goriški Kras wildfire,wildfire,AAI,indeks,2022-07-09T00:00:00Z,2022-07-10T00:00:00Z,9,SI035,Zasavska,-0.0122495007821791,-1.1926946640014648,1.0614426136016846,0.6135237191757218,45,10,35,Sentinel Hub Statistical API / Sentinel-5P,P1D,good
kras_fire_2022,Goriški Kras wildfire,wildfire,AAI,indeks,2022-07-10T00:00:00Z,2022-07-11T00:00:00Z,10,SI035,Zasavska,-0.18373862462384358,-1.365479588508606,0.7224074602127075,0.7304300819889127,45,10,35,Sentinel Hub Statistical API / Sentinel-5P,P1D,good
kras_fire_2022,Goriški Kras wildfire,wildfire,AAI,indeks,2022-07-11T00:00:00Z,2022-07-12T00:00:00Z,11,SI035,Zasavska,-0.6651061641318458,-1.0748974084854126,0.35696619749069214,0.39180141835350657,45,10,35,Sentinel Hub Statistical API / Sentinel-5P,P1D,good
kras_fire_2022,Goriški Kras wildfire,wildfire,AAI,indeks,2022-07-12T00:00:00Z,2022-07-13T00:00:00Z,12,SI035,Zasavska,-0.8855759603636605,-1.6816911697387695,0.8474084138870239,0.596123261908998,45,10,35,Sentinel Hub Statistical API / Sentinel-5P,P1D,good
kras_fire_2022,Goriški Kras wildfire,wildfire,AAI,indeks,2022-07-13T00:00:00Z,2022-07-14T00:00:00Z,13,SI035,Zasavska,-0.4785796463489533,-0.6311696767807007,-0.2937108874320984,0.08049636116163833,45,10,35,Sentinel Hub Statistical API / Sentinel-5P,P1D,good
kras_fire_2022,Goriški Kras wildfire,wildfire,AAI,indeks,2022-07-14T00:00:00Z,2022-07-15T00:00:00Z,14,SI035,Zasavska,-1.8044751337596348,-2.238525629043579,-1.4170485734939575,0.1841850444342899,45,10,35,Sentinel Hub Statistical API / Sentinel-5P,P1D,good
kras_fire_2022,Goriški Kras wildfire,wildfire,AAI,indeks,2022-07-15T00:00:00Z,2022-07-16T00:00:00Z,15,SI035,Zasavska,0.08098632240934033,-0.4695782959461212,0.8279672861099243,0.38531581989847025,45,10,35,Sentinel Hub Statistical API / Sentinel-5P,P1D,good
kras_fire_2022,Goriški Kras wildfire,wildfire,AAI,indeks,2022-07-16T00:00:00Z,2022-07-17T00:00:00Z,16,SI035,Zasavska,-0.6576735854148866,-0.7721311450004578,-0.5586796998977661,0.05633283644442823,45,10,35,Sentinel Hub Statistical API / Sentinel-5P,P1D,good
kras_fire_2022,Goriški Kras wildfire,wildfire,AAI,indeks,2022-07-17T00:00:00Z,2022-07-18T00:00:00Z,17,SI035,Zasavska,-0.5005625673702784,-0.6383624076843262,-0.37724998593330383,0.06957762329484693,45,10,35,Sentinel Hub Statistical API / Sentinel-5P,P1D,good
kras_fire_2022,Goriški Kras wildfire,wildfire,AAI,indeks,2022-07-18T00:00:00Z,2022-07-19T00:00:00Z,18,SI035,Zasavska,-0.5303520832742965,-0.6643586158752441,-0.2992478907108307,0.07453651813855265,45,10,35,Sentinel Hub Statistical API / Sentinel-5P,P1D,good
kras_fire_2022,Goriški Kras wildfire,wildfire,AAI,indeks,2022-07-19T00:00:00Z,2022-07-20T00:00:00Z,19,SI035,Zasavska,-0.6458185017108917,-0.7732774019241333,-0.4936222732067108,0.0756127124304677,45,10,35,Sentinel Hub Statistical API / Sentinel-5P,P1D,good
kras_fire_2022,Goriški Kras wildfire,wildfire,AAI,indeks,2022-07-20T00:00:00Z,2022-07-21T00:00:00Z,20,SI035,Zasavska,0.19068435473101478,0.040464337915182114,0.3017098307609558,0.06327073877830039,45,10,35,Sentinel Hub Statistical API / Sentinel-5P,P1D,good
kras_fire_2022,Goriški Kras wildfire,wildfire,AAI,indeks,2022-07-21T00:00:00Z,2022-07-22T00:00:00Z,21,SI035,Zasavska,-0.42887658051082067,-0.5723869204521179,-0.22723957896232605,0.09096027582962796,45,10,35,Sentinel Hub Statistical API / Sentinel-5P,P1D,good
kras_fire_2022,Goriški Kras wildfire,wildfire,AAI,indeks,2022-07-22T00:00:00Z,2022-07-23T00:00:00Z,22,SI035,Zasavska,-0.8711475576673231,-0.9909459352493286,-0.7316144108772278,0.06776031233881263,45,10,35,Sentinel Hub Statistical API / Sentinel-5P,P1D,good
kras_fire_2022,Goriški Kras wildfire,wildfire,AAI,indeks,2022-07-23T00:00:00Z,2022-07-24T00:00:00Z,23,SI035,Zasavska,-1.2647179262978692,-1.4335768222808838,-1.0544514656066895,0.07381843730706172,45,10,35,Sentinel Hub Statistical API / Sentinel-5P,P1D,good
kras_fire_2022,Goriški Kras wildfire,wildfire,AAI,indeks,2022-07-24T00:00:00Z,2022-07-25T00:00:00Z,24,SI035,Zasavska,-1.1009949530873977,-1.4031696319580078,-0.6904132962226868,0.20734099675684656,45,10,35,Sentinel Hub Statistical API / Sentinel-5P,P1D,good
kras_fire_2022,Goriški Kras wildfire,wildfire,AAI,indeks,2022-07-25T00:00:00Z,2022-07-26T00:00:00Z,25,SI035,Zasavska,-0.09972768519073726,-0.24608732759952545,0.003033782122656703,0.06100134168235479,45,10,35,Sentinel Hub Statistical API / Sentinel-5P,P1D,good
kras_fire_2022,Goriški Kras wildfire,wildfire,AAI,indeks,2022-07-26T00:00:00Z,2022-07-27T00:00:00Z,26,SI035,Zasavska,0.059140630465533056,-0.020955795422196388,0.19043660163879395,0.05969980343062889,45,10,35,Sentinel Hub Statistical API / Sentinel-5P,P1D,good
kras_fire_2022,Goriški Kras wildfire,wildfire,AAI,indeks,2022-07-27T00:00:00Z,2022-07-28T00:00:00Z,27,SI035,Zasavska,-0.9175549251692635,-1.2227787971496582,-0.5667959451675415,0.14930078074974165,45,10,35,Sentinel Hub Statistical API / Sentinel-5P,P1D,good
kras_fire_2022,Goriški Kras wildfire,wildfire,AAI,indeks,2022-07-28T00:00:00Z,2022-07-29T00:00:00Z,28,SI035,Zasavska,-0.9373723898615156,-1.5272026062011719,-0.3610384166240692,0.29125760087210056,45,10,35,Sentinel Hub Statistical API / Sentinel-5P,P1D,good
kras_fire_2022,Goriški Kras wildfire,wildfire,AAI,indeks,2022-07-29T00:00:00Z,2022-07-30T00:00:00Z,29,SI035,Zasavska,-1.216941588265555,-1.4917185306549072,-0.5389373302459717,0.17069747975685826,45,10,35,Sentinel Hub Statistical API / Sentinel-5P,P1D,good
kras_fire_2022,Goriški Kras wildfire,wildfire,AAI,indeks,2022-07-30T00:00:00Z,2022-07-31T00:00:00Z,30,SI035,Zasavska,-1.0651232532092503,-1.5660074949264526,-0.7344874739646912,0.20069158265177334,45,10,35,Sentinel Hub Statistical API / Sentinel-5P,P1D,good
kras_fire_2022,Goriški Kras wildfire,wildfire,AAI,indeks,2022-07-31T00:00:00Z,2022-08-01T00:00:00Z,31,SI035,Zasavska,-0.2675634272396565,-0.9333218336105347,0.44104552268981934,0.4111990490205235,45,10,35,Sentinel Hub Statistical API / Sentinel-5P,P1D,good
kras_fire_2022,Goriški Kras wildfire,wildfire,AAI,indeks,2022-07-01T00:00:00Z,2022-07-02T00:00:00Z,1,SI036,Posavska,-0.042704689371699495,-0.3064347505569458,0.26529428362846375,0.11524530208812289,78,19,59,Sentinel Hub Statistical API / Sentinel-5P,P1D,good
kras_fire_2022,Goriški Kras wildfire,wildfire,AAI,indeks,2022-07-02T00:00:00Z,2022-07-03T00:00:00Z,2,SI036,Posavska,-0.5327436730770743,-0.9223237037658691,-0.10850005596876144,0.1530914071869288,78,19,59,Sentinel Hub Statistical API / Sentinel-5P,P1D,good
kras_fire_2022,Goriški Kras wildfire,wildfire,AAI,indeks,2022-07-03T00:00:00Z,2022-07-04T00:00:00Z,3,SI036,Posavska,-0.4790302886296127,-0.7863394021987915,-0.1944379359483719,0.12943393480767576,78,19,59,Sentinel Hub Statistical API / Sentinel-5P,P1D,good
kras_fire_2022,Goriški Kras wildfire,wildfire,AAI,indeks,2022-07-04T00:00:00Z,2022-07-05T00:00:00Z,4,SI036,Posavska,-0.06935719565500235,-0.8793478012084961,0.36161357164382935,0.22406186029477868,78,19,59,Sentinel Hub Statistical API / Sentinel-5P,P1D,good
kras_fire_2022,Goriški Kras wildfire,wildfire,AAI,indeks,2022-07-05T00:00:00Z,2022-07-06T00:00:00Z,5,SI036,Posavska,-0.19029085450190097,-0.6300588846206665,0.1023455560207367,0.1495655346007142,78,19,59,Sentinel Hub Statistical API / Sentinel-5P,P1D,good
kras_fire_2022,Goriški Kras wildfire,wildfire,AAI,indeks,2022-07-06T00:00:00Z,2022-07-07T00:00:00Z,6,SI036,Posavska,-0.7453405559062958,-1.2237839698791504,0.3140780031681061,0.32556987925426734,78,19,59,Sentinel Hub Statistical API / Sentinel-5P,P1D,good
kras_fire_2022,Goriški Kras wildfire,wildfire,AAI,indeks,2022-07-07T00:00:00Z,2022-07-08T00:00:00Z,7,SI036,Posavska,-1.0830372076923565,-1.5774987936019897,-0.5760480165481567,0.27937702207758924,78,19,59,Sentinel Hub Statistical API / Sentinel-5P,P1D,good
kras_fire_2022,Goriški Kras wildfire,wildfire,AAI,indeks,2022-07-08T00:00:00Z,2022-07-09T00:00:00Z,8,SI036,Posavska,-0.3524924718323005,-2.5157546997070312,0.6332026720046997,0.7259183678829049,78,19,59,Sentinel Hub Statistical API / Sentinel-5P,P1D,good
kras_fire_2022,Goriški Kras wildfire,wildfire,AAI,indeks,2022-07-09T00:00:00Z,2022-07-10T00:00:00Z,9,SI036,Posavska,-0.13438025604756104,-1.0044606924057007,1.0734738111495972,0.6040066590768318,78,36,42,Sentinel Hub Statistical API / Sentinel-5P,P1D,good
kras_fire_2022,Goriški Kras wildfire,wildfire,AAI,indeks,2022-07-10T00:00:00Z,2022-07-11T00:00:00Z,10,SI036,Posavska,-0.33346363586389405,-0.8490906953811646,0.7224074602127075,0.31117151863135445,78,19,59,Sentinel Hub Statistical API / Sentinel-5P,P1D,good
kras_fire_2022,Goriški Kras wildfire,wildfire,AAI,indeks,2022-07-11T00:00:00Z,2022-07-12T00:00:00Z,11,SI036,Posavska,-0.6615192135006698,-1.1651116609573364,0.35696619749069214,0.277983051087888,78,19,59,Sentinel Hub Statistical API / Sentinel-5P,P1D,good
kras_fire_2022,Goriški Kras wildfire,wildfire,AAI,indeks,2022-07-12T00:00:00Z,2022-07-13T00:00:00Z,12,SI036,Posavska,-0.614196439321011,-1.7166941165924072,0.7437116503715515,0.6368526787775193,78,19,59,Sentinel Hub Statistical API / Sentinel-5P,P1D,good
kras_fire_2022,Goriški Kras wildfire,wildfire,AAI,indeks,2022-07-13T00:00:00Z,2022-07-14T00:00:00Z,13,SI036,Posavska,-0.4171152948322942,-0.6984645128250122,-0.050065577030181885,0.12457105286072333,78,19,59,Sentinel Hub Statistical API / Sentinel-5P,P1D,good
kras_fire_2022,Goriški Kras wildfire,wildfire,AAI,indeks,2022-07-14T00:00:00Z,2022-07-15T00:00:00Z,14,SI036,Posavska,-1.509585304785583,-1.857798457145691,-0.8183791637420654,0.20983318015409239,78,19,59,Sentinel Hub Statistical API / Sentinel-5P,P1D,good
kras_fire_2022,Goriški Kras wildfire,wildfire,AAI,indeks,2022-07-15T00:00:00Z,2022-07-16T00:00:00Z,15,SI036,Posavska,-0.7964744305206557,-1.3488367795944214,0.8408514857292175,0.3434398726702715,78,19,59,Sentinel Hub Statistical API / Sentinel-5P,P1D,good
kras_fire_2022,Goriški Kras wildfire,wildfire,AAI,indeks,2022-07-16T00:00:00Z,2022-07-17T00:00:00Z,16,SI036,Posavska,-0.519094695479183,-0.9071093797683716,-0.32722416520118713,0.1283254121206795,78,19,59,Sentinel Hub Statistical API / Sentinel-5P,P1D,good
kras_fire_2022,Goriški Kras wildfire,wildfire,AAI,indeks,2022-07-17T00:00:00Z,2022-07-18T00:00:00Z,17,SI036,Posavska,-0.4480190075049966,-0.6934215426445007,-0.209135040640831,0.10666934794329726,78,19,59,Sentinel Hub Statistical API / Sentinel-5P,P1D,good
kras_fire_2022,Goriški Kras wildfire,wildfire,AAI,indeks,2022-07-18T00:00:00Z,2022-07-19T00:00:00Z,18,SI036,Posavska,-0.42319426445637714,-0.6799511909484863,-0.1389549970626831,0.12388293267132672,78,19,59,Sentinel Hub Statistical API / Sentinel-5P,P1D,good
kras_fire_2022,Goriški Kras wildfire,wildfire,AAI,indeks,2022-07-19T00:00:00Z,2022-07-20T00:00:00Z,19,SI036,Posavska,-0.5413438596967922,-0.8824566602706909,-0.14573940634727478,0.13378305708586996,78,19,59,Sentinel Hub Statistical API / Sentinel-5P,P1D,good
kras_fire_2022,Goriški Kras wildfire,wildfire,AAI,indeks,2022-07-20T00:00:00Z,2022-07-21T00:00:00Z,20,SI036,Posavska,0.29111063622443345,-0.03502792492508888,0.4671430289745331,0.12008666664419816,78,19,59,Sentinel Hub Statistical API / Sentinel-5P,P1D,good
kras_fire_2022,Goriški Kras wildfire,wildfire,AAI,indeks,2022-07-21T00:00:00Z,2022-07-22T00:00:00Z,21,SI036,Posavska,-0.2501073319906906,-0.5219459533691406,-0.0507451631128788,0.10157759050115511,78,19,59,Sentinel Hub Statistical API / Sentinel-5P,P1D,good
kras_fire_2022,Goriški Kras wildfire,wildfire,AAI,indeks,2022-07-22T00:00:00Z,2022-07-23T00:00:00Z,22,SI036,Posavska,-0.6673308848324468,-0.8925191760063171,-0.3908844292163849,0.12998994676122047,78,19,59,Sentinel Hub Statistical API / Sentinel-5P,P1D,good
kras_fire_2022,Goriški Kras wildfire,wildfire,AAI,indeks,2022-07-23T00:00:00Z,2022-07-24T00:00:00Z,23,SI036,Posavska,-1.1582488357010534,-1.4335768222808838,-0.8551173210144043,0.14397784693187657,78,19,59,Sentinel Hub Statistical API / Sentinel-5P,P1D,good
kras_fire_2022,Goriški Kras wildfire,wildfire,AAI,indeks,2022-07-24T00:00:00Z,2022-07-25T00:00:00Z,24,SI036,Posavska,-0.9700129272068964,-1.4455558061599731,-0.22648034989833832,0.16906110769358035,78,19,59,Sentinel Hub Statistical API / Sentinel-5P,P1D,good
kras_fire_2022,Goriški Kras wildfire,wildfire,AAI,indeks,2022-07-25T00:00:00Z,2022-07-26T00:00:00Z,25,SI036,Posavska,0.044314398967589326,-0.147925466299057,0.17116227746009827,0.08700108072870999,78,39,39,Sentinel Hub Statistical API / Sentinel-5P,P1D,good
kras_fire_2022,Goriški Kras wildfire,wildfire,AAI,indeks,2022-07-26T00:00:00Z,2022-07-27T00:00:00Z,26,SI036,Posavska,-0.20012401181699357,-0.4727121591567993,-0.013280193321406841,0.10645703871543297,78,19,59,Sentinel Hub Statistical API / Sentinel-5P,P1D,good
kras_fire_2022,Goriški Kras wildfire,wildfire,AAI,indeks,2022-07-27T00:00:00Z,2022-07-28T00:00:00Z,27,SI036,Posavska,-0.9868093145600818,-1.293026089668274,0.19623403251171112,0.21938455997647363,78,19,59,Sentinel Hub Statistical API / Sentinel-5P,P1D,good
kras_fire_2022,Goriški Kras wildfire,wildfire,AAI,indeks,2022-07-28T00:00:00Z,2022-07-29T00:00:00Z,28,SI036,Posavska,-0.896734627752991,-1.46388578414917,-0.10009626299142838,0.24885531603576436,78,19,59,Sentinel Hub Statistical API / Sentinel-5P,P1D,good
kras_fire_2022,Goriški Kras wildfire,wildfire,AAI,indeks,2022-07-29T00:00:00Z,2022-07-30T00:00:00Z,29,SI036,Posavska,-0.923266170893685,-1.4917185306549072,-0.498289555311203,0.20980728322892794,78,19,59,Sentinel Hub Statistical API / Sentinel-5P,P1D,good
kras_fire_2022,Goriški Kras wildfire,wildfire,AAI,indeks,2022-07-30T00:00:00Z,2022-07-31T00:00:00Z,30,SI036,Posavska,-0.9964855424428392,-1.5583454370498657,-0.5356575846672058,0.2343570181455104,78,19,59,Sentinel Hub Statistical API / Sentinel-5P,P1D,good
kras_fire_2022,Goriški Kras wildfire,wildfire,AAI,indeks,2022-07-31T00:00:00Z,2022-08-01T00:00:00Z,31,SI036,Posavska,-0.4104325771331786,-0.9554840326309204,0.31165286898612976,0.2824298006941494,78,19,59,Sentinel Hub Statistical API / Sentinel-5P,P1D,good
kras_fire_2022,Goriški Kras wildfire,wildfire,AAI,indeks,2022-07-01T00:00:00Z,2022-07-02T00:00:00Z,1,SI037,Jugovzhodna Slovenija,-0.07501758489486395,-0.6092007160186768,0.5539078712463379,0.19902987169484204,204,53,151,Sentinel Hub Statistical API / Sentinel-5P,P1D,good
kras_fire_2022,Goriški Kras wildfire,wildfire,AAI,indeks,2022-07-02T00:00:00Z,2022-07-03T00:00:00Z,2,SI037,Jugovzhodna Slovenija,-0.6242143486854653,-1.0052242279052734,0.45294618606567383,0.24005098273343262,204,53,151,Sentinel Hub Statistical API / Sentinel-5P,P1D,good
kras_fire_2022,Goriški Kras wildfire,wildfire,AAI,indeks,2022-07-03T00:00:00Z,2022-07-04T00:00:00Z,3,SI037,Jugovzhodna Slovenija,-0.5828524859535773,-0.8350327014923096,-0.2267637401819229,0.1259086329306966,204,53,151,Sentinel Hub Statistical API / Sentinel-5P,P1D,good
kras_fire_2022,Goriški Kras wildfire,wildfire,AAI,indeks,2022-07-04T00:00:00Z,2022-07-05T00:00:00Z,4,SI037,Jugovzhodna Slovenija,-0.02140289057194199,-0.9010031223297119,1.3635153770446777,0.5442455463016235,204,53,151,Sentinel Hub Statistical API / Sentinel-5P,P1D,good
kras_fire_2022,Goriški Kras wildfire,wildfire,AAI,indeks,2022-07-05T00:00:00Z,2022-07-06T00:00:00Z,5,SI037,Jugovzhodna Slovenija,-0.35974355574253186,-1.255231499671936,0.494864821434021,0.38275325614047273,204,53,151,Sentinel Hub Statistical API / Sentinel-5P,P1D,good
kras_fire_2022,Goriški Kras wildfire,wildfire,AAI,indeks,2022-07-06T00:00:00Z,2022-07-07T00:00:00Z,6,SI037,Jugovzhodna Slovenija,-0.742159778215238,-1.3215734958648682,0.25606855750083923,0.2969284136073674,204,53,151,Sentinel Hub Statistical API / Sentinel-5P,P1D,good
kras_fire_2022,Goriški Kras wildfire,wildfire,AAI,indeks,2022-07-07T00:00:00Z,2022-07-08T00:00:00Z,7,SI037,Jugovzhodna Slovenija,-1.2939877859409286,-1.8365815877914429,-0.2848580479621887,0.2996229935329482,204,53,151,Sentinel Hub Statistical API / Sentinel-5P,P1D,good
kras_fire_2022,Goriški Kras wildfire,wildfire,AAI,indeks,2022-07-08T00:00:00Z,2022-07-09T00:00:00Z,8,SI037,Jugovzhodna Slovenija,-0.7537058989659248,-3.485342502593994,0.6815546154975891,0.8791481497632466,204,53,151,Sentinel Hub Statistical API / Sentinel-5P,P1D,good
kras_fire_2022,Goriški Kras wildfire,wildfire,AAI,indeks,2022-07-09T00:00:00Z,2022-07-10T00:00:00Z,9,SI037,Jugovzhodna Slovenija,0.09206640705622776,-0.8741492629051208,1.2908085584640503,0.4864861658929387,204,53,151,Sentinel Hub Statistical API / Sentinel-5P,P1D,good
kras_fire_2022,Goriški Kras wildfire,wildfire,AAI,indeks,2022-07-10T00:00:00Z,2022-07-11T00:00:00Z,10,SI037,Jugovzhodna Slovenija,-0.666628095487885,-2.0832111835479736,0.6475028991699219,0.42184419438075776,204,53,151,Sentinel Hub Statistical API / Sentinel-5P,P1D,good
kras_fire_2022,Goriški Kras wildfire,wildfire,AAI,indeks,2022-07-11T00:00:00Z,2022-07-12T00:00:00Z,11,SI037,Jugovzhodna Slovenija,-0.7880302934185754,-1.4603750705718994,0.12525559961795807,0.3032045231364837,204,53,151,Sentinel Hub Statistical API / Sentinel-5P,P1D,good
kras_fire_2022,Goriški Kras wildfire,wildfire,AAI,indeks,2022-07-12T00:00:00Z,2022-07-13T00:00:00Z,12,SI037,Jugovzhodna Slovenija,-0.9579607913307601,-1.9318757057189941,0.5817604660987854,0.41282769235414823,204,53,151,Sentinel Hub Statistical API / Sentinel-5P,P1D,good
kras_fire_2022,Goriški Kras wildfire,wildfire,AAI,indeks,2022-07-13T00:00:00Z,2022-07-14T00:00:00Z,13,SI037,Jugovzhodna Slovenija,-0.4703759575719076,-0.7259014844894409,-0.15098394453525543,0.11335465750776808,204,53,151,Sentinel Hub Statistical API / Sentinel-5P,P1D,good
kras_fire_2022,Goriški Kras wildfire,wildfire,AAI,indeks,2022-07-14T00:00:00Z,2022-07-15T00:00:00Z,14,SI037,Jugovzhodna Slovenija,-1.08542202995313,-1.7750277519226074,-0.5506637692451477,0.2881350039751923,204,53,151,Sentinel Hub Statistical API / Sentinel-5P,P1D,good
kras_fire_2022,Goriški Kras wildfire,wildfire,AAI,indeks,2022-07-15T00:00:00Z,2022-07-16T00:00:00Z,15,SI037,Jugovzhodna Slovenija,0.013605016425548044,-1.1471997499465942,1.473869800567627,0.6526504118421196,204,53,151,Sentinel Hub Statistical API / Sentinel-5P,P1D,good
kras_fire_2022,Goriški Kras wildfire,wildfire,AAI,indeks,2022-07-16T00:00:00Z,2022-07-17T00:00:00Z,16,SI037,Jugovzhodna Slovenija,-0.8182137757539746,-1.5916483402252197,0.5487148761749268,0.3365416926882784,204,53,151,Sentinel Hub Statistical API / Sentinel-5P,P1D,good
kras_fire_2022,Goriški Kras wildfire,wildfire,AAI,indeks,2022-07-17T00:00:00Z,2022-07-18T00:00:00Z,17,SI037,Jugovzhodna Slovenija,-0.5425688349055925,-0.7830452919006348,-0.1386898308992386,0.11800908743370901,204,53,151,Sentinel Hub Statistical API / Sentinel-5P,P1D,good
kras_fire_2022,Goriški Kras wildfire,wildfire,AAI,indeks,2022-07-18T00:00:00Z,2022-07-19T00:00:00Z,18,SI037,Jugovzhodna Slovenija,-0.46807757913079484,-0.7607883214950562,-0.12277602404356003,0.12356350726978703,204,53,151,Sentinel Hub Statistical API / Sentinel-5P,P1D,good
kras_fire_2022,Goriški Kras wildfire,wildfire,AAI,indeks,2022-07-19T00:00:00Z,2022-07-20T00:00:00Z,19,SI037,Jugovzhodna Slovenija,-0.5830190225152784,-0.908093273639679,-0.32037225365638733,0.12177982624462107,204,53,151,Sentinel Hub Statistical API / Sentinel-5P,P1D,good
kras_fire_2022,Goriški Kras wildfire,wildfire,AAI,indeks,2022-07-20T00:00:00Z,2022-07-21T00:00:00Z,20,SI037,Jugovzhodna Slovenija,0.15903144210749706,-0.1432633250951767,0.3985835909843445,0.13706486310184832,204,53,151,Sentinel Hub Statistical API / Sentinel-5P,P1D,good
kras_fire_2022,Goriški Kras wildfire,wildfire,AAI,indeks,2022-07-21T00:00:00Z,2022-07-22T00:00:00Z,21,SI037,Jugovzhodna Slovenija,-0.4260914574395743,-1.0048067569732666,-0.14656668901443481,0.17892638609111716,204,53,151,Sentinel Hub Statistical API / Sentinel-5P,P1D,good
kras_fire_2022,Goriški Kras wildfire,wildfire,AAI,indeks,2022-07-22T00:00:00Z,2022-07-23T00:00:00Z,22,SI037,Jugovzhodna Slovenija,-0.8304269282233637,-1.5252386331558228,-0.5010154843330383,0.17023855261473697,204,53,151,Sentinel Hub Statistical API / Sentinel-5P,P1D,good
kras_fire_2022,Goriški Kras wildfire,wildfire,AAI,indeks,2022-07-23T00:00:00Z,2022-07-24T00:00:00Z,23,SI037,Jugovzhodna Slovenija,-1.1520786292308216,-1.6740256547927856,0.2979062497615814,0.3151550201142761,204,53,151,Sentinel Hub Statistical API / Sentinel-5P,P1D,good
kras_fire_2022,Goriški Kras wildfire,wildfire,AAI,indeks,2022-07-24T00:00:00Z,2022-07-25T00:00:00Z,24,SI037,Jugovzhodna Slovenija,-1.2625547895170988,-1.6787333488464355,0.7609306573867798,0.2864626764525409,204,53,151,Sentinel Hub Statistical API / Sentinel-5P,P1D,good
kras_fire_2022,Goriški Kras wildfire,wildfire,AAI,indeks,2022-07-25T00:00:00Z,2022-07-26T00:00:00Z,25,SI037,Jugovzhodna Slovenija,-0.1579698381933156,-0.7731954455375671,0.9441415667533875,0.30746732267360366,204,53,151,Sentinel Hub Statistical API / Sentinel-5P,P1D,good
kras_fire_2022,Goriški Kras wildfire,wildfire,AAI,indeks,2022-07-26T00:00:00Z,2022-07-27T00:00:00Z,26,SI037,Jugovzhodna Slovenija,-0.11972594568012468,-0.6674795746803284,0.16402235627174377,0.15654413387588237,204,53,151,Sentinel Hub Statistical API / Sentinel-5P,P1D,good
kras_fire_2022,Goriški Kras wildfire,wildfire,AAI,indeks,2022-07-27T00:00:00Z,2022-07-28T00:00:00Z,27,SI037,Jugovzhodna Slovenija,-0.5743223256832419,-1.93668794631958,0.614938497543335,0.5387845080056017,204,53,151,Sentinel Hub Statistical API / Sentinel-5P,P1D,good
kras_fire_2022,Goriški Kras wildfire,wildfire,AAI,indeks,2022-07-28T00:00:00Z,2022-07-29T00:00:00Z,28,SI037,Jugovzhodna Slovenija,-0.9527209859020661,-1.3943803310394287,-0.3610384166240692,0.22106666109112144,204,53,151,Sentinel Hub Statistical API / Sentinel-5P,P1D,good
kras_fire_2022,Goriški Kras wildfire,wildfire,AAI,indeks,2022-07-29T00:00:00Z,2022-07-30T00:00:00Z,29,SI037,Jugovzhodna Slovenija,-1.0770975212375355,-2.3358471393585205,0.6053972244262695,0.5034126102007811,204,53,151,Sentinel Hub Statistical API / Sentinel-5P,P1D,good
kras_fire_2022,Goriški Kras wildfire,wildfire,AAI,indeks,2022-07-30T00:00:00Z,2022-07-31T00:00:00Z,30,SI037,Jugovzhodna Slovenija,-1.0089340547457433,-2.3852384090423584,-0.4369998872280121,0.3326402403672213,204,53,151,Sentinel Hub Statistical API / Sentinel-5P,P1D,good
kras_fire_2022,Goriški Kras wildfire,wildfire,AAI,indeks,2022-07-31T00:00:00Z,2022-08-01T00:00:00Z,31,SI037,Jugovzhodna Slovenija,-0.4562991145282789,-1.2274669408798218,0.6050936579704285,0.3754921325101842,204,53,151,Sentinel Hub Statistical API / Sentinel-5P,P1D,good
kras_fire_2022,Goriški Kras wildfire,wildfire,AAI,indeks,2022-07-01T00:00:00Z,2022-07-02T00:00:00Z,1,SI038,Primorsko-notranjska,-0.2778619786747444,-1.1143910884857178,1.571668028831482,0.41181847518225456,88,7,81,Sentinel Hub Statistical API / Sentinel-5P,P1D,good
kras_fire_2022,Goriški Kras wildfire,wildfire,AAI,indeks,2022-07-02T00:00:00Z,2022-07-03T00:00:00Z,2,SI038,Primorsko-notranjska,-0.6647615285567294,-0.9250950813293457,-0.3724038004875183,0.11547198435820091,88,7,81,Sentinel Hub Statistical API / Sentinel-5P,P1D,good
kras_fire_2022,Goriški Kras wildfire,wildfire,AAI,indeks,2022-07-03T00:00:00Z,2022-07-04T00:00:00Z,3,SI038,Primorsko-notranjska,-0.7287825614581874,-1.197736382484436,-0.45707517862319946,0.1649529426995205,88,7,81,Sentinel Hub Statistical API / Sentinel-5P,P1D,good
kras_fire_2022,Goriški Kras wildfire,wildfire,AAI,indeks,2022-07-04T00:00:00Z,2022-07-05T00:00:00Z,4,SI038,Primorsko-notranjska,0.5877770184550759,-0.9442228078842163,1.5988686084747314,0.5952667644763365,88,7,81,Sentinel Hub Statistical API / Sentinel-5P,P1D,good
kras_fire_2022,Goriški Kras wildfire,wildfire,AAI,indeks,2022-07-05T00:00:00Z,2022-07-06T00:00:00Z,5,SI038,Primorsko-notranjska,-0.49627348058569604,-1.2019156217575073,0.22975149750709534,0.35352641929163575,88,7,81,Sentinel Hub Statistical API / Sentinel-5P,P1D,good
kras_fire_2022,Goriški Kras wildfire,wildfire,AAI,indeks,2022-07-06T00:00:00Z,2022-07-07T00:00:00Z,6,SI038,Primorsko-notranjska,-0.8346487609324632,-1.5513372421264648,0.24837476015090942,0.32703485497235085,88,7,81,Sentinel Hub Statistical API / Sentinel-5P,P1D,good
kras_fire_2022,Goriški Kras wildfire,wildfire,AAI,indeks,2022-07-07T00:00:00Z,2022-07-08T00:00:00Z,7,SI038,Primorsko-notranjska,-1.2972047124517923,-2.1529386043548584,0.6565122008323669,0.5757019414113779,88,7,81,Sentinel Hub Statistical API / Sentinel-5P,P1D,good
kras_fire_2022,Goriški Kras wildfire,wildfire,AAI,indeks,2022-07-08T00:00:00Z,2022-07-09T00:00:00Z,8,SI038,Primorsko-notranjska,-0.8986725285189389,-2.553743362426758,0.6710259318351746,0.8968396464919098,88,7,81,Sentinel Hub Statistical API / Sentinel-5P,P1D,good
kras_fire_2022,Goriški Kras wildfire,wildfire,AAI,indeks,2022-07-09T00:00:00Z,2022-07-10T00:00:00Z,9,SI038,Primorsko-notranjska,0.18788769473264247,-0.5970920324325562,0.9877161383628845,0.3794320142452585,88,7,81,Sentinel Hub Statistical API / Sentinel-5P,P1D,good
kras_fire_2022,Goriški Kras wildfire,wildfire,AAI,indeks,2022-07-10T00:00:00Z,2022-07-11T00:00:00Z,10,SI038,Primorsko-notranjska,-0.5257320188325082,-1.932945966720581,0.6601424217224121,0.7008833415046991,88,7,81,Sentinel Hub Statistical API / Sentinel-5P,P1D,good
kras_fire_2022,Goriški Kras wildfire,wildfire,AAI,indeks,2022-07-11T00:00:00Z,2022-07-12T00:00:00Z,11,SI038,Primorsko-notranjska,-0.6438943923071578,-1.942681908607483,0.517681360244751,0.6058395213894643,88,7,81,Sentinel Hub Statistical API / Sentinel-5P,P1D,good
kras_fire_2022,Goriški Kras wildfire,wildfire,AAI,indeks,2022-07-12T00:00:00Z,2022-07-13T00:00:00Z,12,SI038,Primorsko-notranjska,-1.0401452913604405,-1.6887049674987793,0.27703168988227844,0.41234227513085836,88,7,81,Sentinel Hub Statistical API / Sentinel-5P,P1D,good
kras_fire_2022,Goriški Kras wildfire,wildfire,AAI,indeks,2022-07-13T00:00:00Z,2022-07-14T00:00:00Z,13,SI038,Primorsko-notranjska,-0.5992230346173417,-0.904310405254364,-0.3815157115459442,0.12290555406381101,88,7,81,Sentinel Hub Statistical API / Sentinel-5P,P1D,good
kras_fire_2022,Goriški Kras wildfire,wildfire,AAI,indeks,2022-07-14T00:00:00Z,2022-07-15T00:00:00Z,14,SI038,Primorsko-notranjska,-1.1879823575785138,-1.5504103899002075,-0.8793628811836243,0.16979766894438078,88,7,81,Sentinel Hub Statistical API / Sentinel-5P,P1D,good
kras_fire_2022,Goriški Kras wildfire,wildfire,AAI,indeks,2022-07-15T00:00:00Z,2022-07-16T00:00:00Z,15,SI038,Primorsko-notranjska,-0.3902182852228484,-1.175476312637329,1.209932565689087,0.6431210899755814,88,7,81,Sentinel Hub Statistical API / Sentinel-5P,P1D,good
kras_fire_2022,Goriški Kras wildfire,wildfire,AAI,indeks,2022-07-16T00:00:00Z,2022-07-17T00:00:00Z,16,SI038,Primorsko-notranjska,-0.8591178608828306,-1.4730894565582275,0.5487148761749268,0.4699938422893144,88,7,81,Sentinel Hub Statistical API / Sentinel-5P,P1D,good
kras_fire_2022,Goriški Kras wildfire,wildfire,AAI,indeks,2022-07-17T00:00:00Z,2022-07-18T00:00:00Z,17,SI038,Primorsko-notranjska,-0.6760874225033652,-0.9838576912879944,-0.41611775755882263,0.11928748815105267,88,7,81,Sentinel Hub Statistical API / Sentinel-5P,P1D,good
kras_fire_2022,Goriški Kras wildfire,wildfire,AAI,indeks,2022-07-18T00:00:00Z,2022-07-19T00:00:00Z,18,SI038,Primorsko-notranjska,-0.6959371081104988,-1.0217987298965454,-0.3946147859096527,0.13117668852255,88,7,81,Sentinel Hub Statistical API / Sentinel-5P,P1D,good
kras_fire_2022,Goriški Kras wildfire,wildfire,AAI,indeks,2022-07-19T00:00:00Z,2022-07-20T00:00:00Z,19,SI038,Primorsko-notranjska,-0.6154203955773955,-0.9637446999549866,-0.3248961567878723,0.14589108520141078,88,7,81,Sentinel Hub Statistical API / Sentinel-5P,P1D,good
kras_fire_2022,Goriški Kras wildfire,wildfire,AAI,indeks,2022-07-20T00:00:00Z,2022-07-21T00:00:00Z,20,SI038,Primorsko-notranjska,-0.029341678284568552,-0.4903709590435028,0.12096467614173889,0.14169473476925398,88,7,81,Sentinel Hub Statistical API / Sentinel-5P,P1D,good
kras_fire_2022,Goriški Kras wildfire,wildfire,AAI,indeks,2022-07-21T00:00:00Z,2022-07-22T00:00:00Z,21,SI038,Primorsko-notranjska,-0.6456804957993927,-1.2012455463409424,0.7438426613807678,0.37244516381591264,88,7,81,Sentinel Hub Statistical API / Sentinel-5P,P1D,good
kras_fire_2022,Goriški Kras wildfire,wildfire,AAI,indeks,2022-07-22T00:00:00Z,2022-07-23T00:00:00Z,22,SI038,Primorsko-notranjska,-0.8975642976856986,-1.5857224464416504,0.5048552751541138,0.4363389418809426,88,7,81,Sentinel Hub Statistical API / Sentinel-5P,P1D,good
kras_fire_2022,Goriški Kras wildfire,wildfire,AAI,indeks,2022-07-23T00:00:00Z,2022-07-24T00:00:00Z,23,SI038,Primorsko-notranjska,-1.1864511444244858,-1.6017978191375732,-0.4622647762298584,0.2152655089155405,88,7,81,Sentinel Hub Statistical API / Sentinel-5P,P1D,good
kras_fire_2022,Goriški Kras wildfire,wildfire,AAI,indeks,2022-07-24T00:00:00Z,2022-07-25T00:00:00Z,24,SI038,Primorsko-notranjska,-1.3850853715413878,-1.655785083770752,-0.8398890495300293,0.17377555122881932,88,7,81,Sentinel Hub Statistical API / Sentinel-5P,P1D,good
kras_fire_2022,Goriški Kras wildfire,wildfire,AAI,indeks,2022-07-25T00:00:00Z,2022-07-26T00:00:00Z,25,SI038,Primorsko-notranjska,0.3717706913795369,-0.5700832605361938,1.2513539791107178,0.47410217107939484,88,7,81,Sentinel Hub Statistical API / Sentinel-5P,P1D,good
kras_fire_2022,Goriški Kras wildfire,wildfire,AAI,indeks,2022-07-26T00:00:00Z,2022-07-27T00:00:00Z,26,SI038,Primorsko-notranjska,-0.08943821104059435,-0.6205654144287109,0.43294501304626465,0.24176965238464604,88,7,81,Sentinel Hub Statistical API / Sentinel-5P,P1D,good
kras_fire_2022,Goriški Kras wildfire,wildfire,AAI,indeks,2022-07-27T00:00:00Z,2022-07-28T00:00:00Z,27,SI038,Primorsko-notranjska,-0.8802131085116184,-1.9197407960891724,-0.16820542514324188,0.45473103861698355,88,7,81,Sentinel Hub Statistical API / Sentinel-5P,P1D,good
kras_fire_2022,Goriški Kras wildfire,wildfire,AAI,indeks,2022-07-28T00:00:00Z,2022-07-29T00:00:00Z,28,SI038,Primorsko-notranjska,-0.9277426096392266,-1.2191333770751953,-0.26498785614967346,0.18457989705932795,88,7,81,Sentinel Hub Statistical API / Sentinel-5P,P1D,good
kras_fire_2022,Goriški Kras wildfire,wildfire,AAI,indeks,2022-07-29T00:00:00Z,2022-07-30T00:00:00Z,29,SI038,Primorsko-notranjska,-1.1607973575592045,-2.2961504459381104,0.6053972244262695,0.5193824342575298,88,7,81,Sentinel Hub Statistical API / Sentinel-5P,P1D,good
kras_fire_2022,Goriški Kras wildfire,wildfire,AAI,indeks,2022-07-30T00:00:00Z,2022-07-31T00:00:00Z,30,SI038,Primorsko-notranjska,-0.8610783410661015,-2.3168654441833496,-0.3924418091773987,0.3569425620582053,88,7,81,Sentinel Hub Statistical API / Sentinel-5P,P1D,good
kras_fire_2022,Goriški Kras wildfire,wildfire,AAI,indeks,2022-07-31T00:00:00Z,2022-08-01T00:00:00Z,31,SI038,Primorsko-notranjska,0.0642026106332555,-1.2274669408798218,1.3648875951766968,0.6219521414379127,88,7,81,Sentinel Hub Statistical API / Sentinel-5P,P1D,good
kras_fire_2022,Goriški Kras wildfire,wildfire,AAI,indeks,2022-07-01T00:00:00Z,2022-07-02T00:00:00Z,1,SI041,Osrednjeslovenska,-0.21819672961077047,-1.1143910884857178,0.6346700191497803,0.29010674170189765,221,76,145,Sentinel Hub Statistical API / Sentinel-5P,P1D,good
kras_fire_2022,Goriški Kras wildfire,wildfire,AAI,indeks,2022-07-02T00:00:00Z,2022-07-03T00:00:00Z,2,SI041,Osrednjeslovenska,-0.5779455431191058,-1.0374740362167358,0.08935216814279556,0.18716257393079855,221,76,145,Sentinel Hub Statistical API / Sentinel-5P,P1D,good
kras_fire_2022,Goriški Kras wildfire,wildfire,AAI,indeks,2022-07-03T00:00:00Z,2022-07-04T00:00:00Z,3,SI041,Osrednjeslovenska,-0.5385947911518402,-1.1123851537704468,0.017067713662981987,0.18569885547825912,221,76,145,Sentinel Hub Statistical API / Sentinel-5P,P1D,good
kras_fire_2022,Goriški Kras wildfire,wildfire,AAI,indeks,2022-07-04T00:00:00Z,2022-07-05T00:00:00Z,4,SI041,Osrednjeslovenska,0.11383014589805024,-0.8967199921607971,1.479690432548523,0.5274679761047629,221,76,145,Sentinel Hub Statistical API / Sentinel-5P,P1D,good
kras_fire_2022,Goriški Kras wildfire,wildfire,AAI,indeks,2022-07-05T00:00:00Z,2022-07-06T00:00:00Z,5,SI041,Osrednjeslovenska,-0.5402368524914676,-1.5794605016708374,0.45963335037231445,0.4177765567344186,221,76,145,Sentinel Hub Statistical API / Sentinel-5P,P1D,good
kras_fire_2022,Goriški Kras wildfire,wildfire,AAI,indeks,2022-07-06T00:00:00Z,2022-07-07T00:00:00Z,6,SI041,Osrednjeslovenska,-0.8134169537445594,-1.630448818206787,0.7073927521705627,0.4572121411024674,221,76,145,Sentinel Hub Statistical API / Sentinel-5P,P1D,good
kras_fire_2022,Goriški Kras wildfire,wildfire,AAI,indeks,2022-07-07T00:00:00Z,2022-07-08T00:00:00Z,7,SI041,Osrednjeslovenska,-1.430853560772436,-2.160365581512451,0.0635204166173935,0.29659759895742116,221,76,145,Sentinel Hub Statistical API / Sentinel-5P,P1D,good
kras_fire_2022,Goriški Kras wildfire,wildfire,AAI,indeks,2022-07-08T00:00:00Z,2022-07-09T00:00:00Z,8,SI041,Osrednjeslovenska,-1.1705740654263008,-2.2435200214385986,0.5179046988487244,0.534167916394327,221,76,145,Sentinel Hub Statistical API / Sentinel-5P,P1D,good
kras_fire_2022,Goriški Kras wildfire,wildfire,AAI,indeks,2022-07-09T00:00:00Z,2022-07-10T00:00:00Z,9,SI041,Osrednjeslovenska,0.4312088110869556,-0.7278974056243896,1.7111855745315552,0.5782627777423717,221,76,145,Sentinel Hub Statistical API / Sentinel-5P,P1D,good
kras_fire_2022,Goriški Kras wildfire,wildfire,AAI,indeks,2022-07-10T00:00:00Z,2022-07-11T00:00:00Z,10,SI041,Osrednjeslovenska,-0.7966283546696448,-2.2701306343078613,0.7323535084724426,0.8023233305729297,221,76,145,Sentinel Hub Statistical API / Sentinel-5P,P1D,good
kras_fire_2022,Goriški Kras wildfire,wildfire,AAI,indeks,2022-07-11T00:00:00Z,2022-07-12T00:00:00Z,11,SI041,Osrednjeslovenska,-0.7527844607059297,-1.76601243019104,0.5627977848052979,0.5065226075545953,221,76,145,Sentinel Hub Statistical API / Sentinel-5P,P1D,good
kras_fire_2022,Goriški Kras wildfire,wildfire,AAI,indeks,2022-07-12T00:00:00Z,2022-07-13T00:00:00Z,12,SI041,Osrednjeslovenska,-0.9379683460654883,-1.8114415407180786,0.8802985548973083,0.5013893463320279,221,76,145,Sentinel Hub Statistical API / Sentinel-5P,P1D,good
kras_fire_2022,Goriški Kras wildfire,wildfire,AAI,indeks,2022-07-13T00:00:00Z,2022-07-14T00:00:00Z,13,SI041,Osrednjeslovenska,-0.40912173199246565,-0.7954615354537964,0.3117053806781769,0.19238220878486126,221,76,145,Sentinel Hub Statistical API / Sentinel-5P,P1D,good
kras_fire_2022,Goriški Kras wildfire,wildfire,AAI,indeks,2022-07-14T00:00:00Z,2022-07-15T00:00:00Z,14,SI041,Osrednjeslovenska,-1.4854234773537205,-3.011157751083374,-0.763251781463623,0.41438148213935705,221,76,145,Sentinel Hub Statistical API / Sentinel-5P,P1D,good
kras_fire_2022,Goriški Kras wildfire,wildfire,AAI,indeks,2022-07-15T00:00:00Z,2022-07-16T00:00:00Z,15,SI041,Osrednjeslovenska,-0.08024609059834019,-0.9943926930427551,1.9837348461151123,0.6530358035114612,221,76,145,Sentinel Hub Statistical API / Sentinel-5P,P1D,good
kras_fire_2022,Goriški Kras wildfire,wildfire,AAI,indeks,2022-07-16T00:00:00Z,2022-07-17T00:00:00Z,16,SI041,Osrednjeslovenska,-0.7075672039184082,-1.2885297536849976,0.49645763635635376,0.304313266645116,221,76,145,Sentinel Hub Statistical API / Sentinel-5P,P1D,good
kras_fire_2022,Goriški Kras wildfire,wildfire,AAI,indeks,2022-07-17T00:00:00Z,2022-07-18T00:00:00Z,17,SI041,Osrednjeslovenska,-0.4698783220080979,-0.9809010028839111,0.1525430679321289,0.18443855104246498,221,76,145,Sentinel Hub Statistical API / Sentinel-5P,P1D,good
kras_fire_2022,Goriški Kras wildfire,wildfire,AAI,indeks,2022-07-18T00:00:00Z,2022-07-19T00:00:00Z,18,SI041,Osrednjeslovenska,-0.5121211264410926,-1.1078782081604004,0.2192830592393875,0.1906093634449458,221,76,145,Sentinel Hub Statistical API / Sentinel-5P,P1D,good
kras_fire_2022,Goriški Kras wildfire,wildfire,AAI,indeks,2022-07-19T00:00:00Z,2022-07-20T00:00:00Z,19,SI041,Osrednjeslovenska,-0.5646759534704274,-0.9928817749023438,0.054028481245040894,0.17632900893745265,221,76,145,Sentinel Hub Statistical API / Sentinel-5P,P1D,good
kras_fire_2022,Goriški Kras wildfire,wildfire,AAI,indeks,2022-07-20T00:00:00Z,2022-07-21T00:00:00Z,20,SI041,Osrednjeslovenska,0.21978861211060444,-0.20351026952266693,0.507874608039856,0.15025560298002577,221,76,145,Sentinel Hub Statistical API / Sentinel-5P,P1D,good
kras_fire_2022,Goriški Kras wildfire,wildfire,AAI,indeks,2022-07-21T00:00:00Z,2022-07-22T00:00:00Z,21,SI041,Osrednjeslovenska,-0.5877931635955285,-1.0470997095108032,-0.1999329775571823,0.17726754557180804,221,76,145,Sentinel Hub Statistical API / Sentinel-5P,P1D,good
kras_fire_2022,Goriški Kras wildfire,wildfire,AAI,indeks,2022-07-22T00:00:00Z,2022-07-23T00:00:00Z,22,SI041,Osrednjeslovenska,-0.826946630149052,-1.3346924781799316,-0.2620077431201935,0.21881458033326645,221,76,145,Sentinel Hub Statistical API / Sentinel-5P,P1D,good
kras_fire_2022,Goriški Kras wildfire,wildfire,AAI,indeks,2022-07-23T00:00:00Z,2022-07-24T00:00:00Z,23,SI041,Osrednjeslovenska,-1.1679626357966462,-1.6999863386154175,-0.4988446831703186,0.2034310681361762,221,76,145,Sentinel Hub Statistical API / Sentinel-5P,P1D,good
kras_fire_2022,Goriški Kras wildfire,wildfire,AAI,indeks,2022-07-24T00:00:00Z,2022-07-25T00:00:00Z,24,SI041,Osrednjeslovenska,-1.2247898848920038,-1.6198440790176392,0.16481104493141174,0.3046614062544996,221,76,145,Sentinel Hub Statistical API / Sentinel-5P,P1D,good
kras_fire_2022,Goriški Kras wildfire,wildfire,AAI,indeks,2022-07-25T00:00:00Z,2022-07-26T00:00:00Z,25,SI041,Osrednjeslovenska,-0.1632391553050999,-0.5106465816497803,0.19626833498477936,0.1461851222414563,221,76,145,Sentinel Hub Statistical API / Sentinel-5P,P1D,good
kras_fire_2022,Goriški Kras wildfire,wildfire,AAI,indeks,2022-07-26T00:00:00Z,2022-07-27T00:00:00Z,26,SI041,Osrednjeslovenska,0.0911427403242199,-0.349687397480011,0.7644690871238708,0.20911315368194508,221,76,145,Sentinel Hub Statistical API / Sentinel-5P,P1D,good
kras_fire_2022,Goriški Kras wildfire,wildfire,AAI,indeks,2022-07-27T00:00:00Z,2022-07-28T00:00:00Z,27,SI041,Osrednjeslovenska,-0.7270844677495288,-1.576140284538269,0.2124626636505127,0.4230444818738719,221,76,145,Sentinel Hub Statistical API / Sentinel-5P,P1D,good
kras_fire_2022,Goriški Kras wildfire,wildfire,AAI,indeks,2022-07-28T00:00:00Z,2022-07-29T00:00:00Z,28,SI041,Osrednjeslovenska,-0.9162569391316377,-1.5272026062011719,-0.18681034445762634,0.2985798321324052,221,76,145,Sentinel Hub Statistical API / Sentinel-5P,P1D,good
kras_fire_2022,Goriški Kras wildfire,wildfire,AAI,indeks,2022-07-29T00:00:00Z,2022-07-30T00:00:00Z,29,SI041,Osrednjeslovenska,-1.215411905276364,-1.860545039176941,0.5434491038322449,0.34028085498534516,221,76,145,Sentinel Hub Statistical API / Sentinel-5P,P1D,good
kras_fire_2022,Goriški Kras wildfire,wildfire,AAI,indeks,2022-07-30T00:00:00Z,2022-07-31T00:00:00Z,30,SI041,Osrednjeslovenska,-0.95642842301007,-1.8513822555541992,-0.4839724004268646,0.2430823324814221,221,76,145,Sentinel Hub Statistical API / Sentinel-5P,P1D,good
kras_fire_2022,Goriški Kras wildfire,wildfire,AAI,indeks,2022-07-31T00:00:00Z,2022-08-01T00:00:00Z,31,SI041,Osrednjeslovenska,-0.14583195106865018,-1.1654776334762573,0.663507342338562,0.46976135103346767,221,76,145,Sentinel Hub Statistical API / Sentinel-5P,P1D,good
kras_fire_2022,Goriški Kras wildfire,wildfire,AAI,indeks,2022-07-01T00:00:00Z,2022-07-02T00:00:00Z,1,SI042,Gorenjska,-0.4977234046663938,-1.4317686557769775,0.5276923775672913,0.3644948199859035,180,57,123,Sentinel Hub Statistical API / Sentinel-5P,P1D,good
kras_fire_2022,Goriški Kras wildfire,wildfire,AAI,indeks,2022-07-02T00:00:00Z,2022-07-03T00:00:00Z,2,SI042,Gorenjska,-0.6736855098629385,-1.0923876762390137,-0.14003413915634155,0.18316885507972674,180,57,123,Sentinel Hub Statistical API / Sentinel-5P,P1D,good
kras_fire_2022,Goriški Kras wildfire,wildfire,AAI,indeks,2022-07-03T00:00:00Z,2022-07-04T00:00:00Z,3,SI042,Gorenjska,-0.7962547625468032,-1.2272051572799683,-0.31320998072624207,0.21859943003746726,180,57,123,Sentinel Hub Statistical API / Sentinel-5P,P1D,good
kras_fire_2022,Goriški Kras wildfire,wildfire,AAI,indeks,2022-07-04T00:00:00Z,2022-07-05T00:00:00Z,4,SI042,Gorenjska,-0.1698482037802053,-1.1374468803405762,1.1320712566375732,0.5434318702268827,180,57,123,Sentinel Hub Statistical API / Sentinel-5P,P1D,good
kras_fire_2022,Goriški Kras wildfire,wildfire,AAI,indeks,2022-07-05T00:00:00Z,2022-07-06T00:00:00Z,5,SI042,Gorenjska,-0.4517131390322635,-1.2917245626449585,0.6131542921066284,0.3467809189366373,180,57,123,Sentinel Hub Statistical API / Sentinel-5P,P1D,good
kras_fire_2022,Goriški Kras wildfire,wildfire,AAI,indeks,2022-07-06T00:00:00Z,2022-07-07T00:00:00Z,6,SI042,Gorenjska,-0.8171727854788792,-1.6372185945510864,0.7073927521705627,0.4358203828902273,180,57,123,Sentinel Hub Statistical API / Sentinel-5P,P1D,good
kras_fire_2022,Goriški Kras wildfire,wildfire,AAI,indeks,2022-07-07T00:00:00Z,2022-07-08T00:00:00Z,7,SI042,Gorenjska,-1.3087530539473287,-2.3429031372070312,0.5489809513092041,0.6381406775820563,180,57,123,Sentinel Hub Statistical API / Sentinel-5P,P1D,good
kras_fire_2022,Goriški Kras wildfire,wildfire,AAI,indeks,2022-07-08T00:00:00Z,2022-07-09T00:00:00Z,8,SI042,Gorenjska,-0.9624493971573025,-1.6534062623977661,0.19783249497413635,0.403005037213629,180,57,123,Sentinel Hub Statistical API / Sentinel-5P,P1D,good
kras_fire_2022,Goriški Kras wildfire,wildfire,AAI,indeks,2022-07-09T00:00:00Z,2022-07-10T00:00:00Z,9,SI042,Gorenjska,0.2605142324436002,-0.5982283353805542,1.3372341394424438,0.4575849159975972,180,57,123,Sentinel Hub Statistical API / Sentinel-5P,P1D,good
kras_fire_2022,Goriški Kras wildfire,wildfire,AAI,indeks,2022-07-10T00:00:00Z,2022-07-11T00:00:00Z,10,SI042,Gorenjska,-0.2972558965467341,-2.1102163791656494,0.6753536462783813,0.7128809272165093,180,57,123,Sentinel Hub Statistical API / Sentinel-5P,P1D,good
kras_fire_2022,Goriški Kras wildfire,wildfire,AAI,indeks,2022-07-11T00:00:00Z,2022-07-12T00:00:00Z,11,SI042,Gorenjska,-0.6939928962175194,-1.9889541864395142,0.7082422375679016,0.6384573335394558,180,57,123,Sentinel Hub Statistical API / Sentinel-5P,P1D,good
kras_fire_2022,Goriški Kras wildfire,wildfire,AAI,indeks,2022-07-12T00:00:00Z,2022-07-13T00:00:00Z,12,SI042,Gorenjska,-0.9820237846030452,-2.1571688652038574,0.683032214641571,0.6418442272065483,180,57,123,Sentinel Hub Statistical API / Sentinel-5P,P1D,good
kras_fire_2022,Goriški Kras wildfire,wildfire,AAI,indeks,2022-07-13T00:00:00Z,2022-07-14T00:00:00Z,13,SI042,Gorenjska,-0.4780680770584479,-0.8721939921379089,0.3115461766719818,0.22473727191659587,180,57,123,Sentinel Hub Statistical API / Sentinel-5P,P1D,good
kras_fire_2022,Goriški Kras wildfire,wildfire,AAI,indeks,2022-07-14T00:00:00Z,2022-07-15T00:00:00Z,14,SI042,Gorenjska,0.3809470571577549,0.06173422932624817,0.9185898303985596,0.24017514018546252,180,154,26,Sentinel Hub Statistical API / Sentinel-5P,P1D,partial
kras_fire_2022,Goriški Kras wildfire,wildfire,AAI,indeks,2022-07-15T00:00:00Z,2022-07-16T00:00:00Z,15,SI042,Gorenjska,0.35930252686801667,-0.8979447484016418,1.9837348461151123,0.6801290465979096,180,57,123,Sentinel Hub Statistical API / Sentinel-5P,P1D,good
kras_fire_2022,Goriški Kras wildfire,wildfire,AAI,indeks,2022-07-16T00:00:00Z,2022-07-17T00:00:00Z,16,SI042,Gorenjska,-0.5838978064314622,-1.1693991422653198,0.5703058838844299,0.34269456785012026,180,57,123,Sentinel Hub Statistical API / Sentinel-5P,P1D,good
kras_fire_2022,Goriški Kras wildfire,wildfire,AAI,indeks,2022-07-17T00:00:00Z,2022-07-18T00:00:00Z,17,SI042,Gorenjska,-0.5694769128733052,-1.0589040517807007,0.2908328175544739,0.22988462268541374,180,57,123,Sentinel Hub Statistical API / Sentinel-5P,P1D,good
kras_fire_2022,Goriški Kras wildfire,wildfire,AAI,indeks,2022-07-18T00:00:00Z,2022-07-19T00:00:00Z,18,SI042,Gorenjska,-0.7157766610626283,-1.275987148284912,-0.14502745866775513,0.20832306849322602,180,57,123,Sentinel Hub Statistical API / Sentinel-5P,P1D,good
kras_fire_2022,Goriški Kras wildfire,wildfire,AAI,indeks,2022-07-19T00:00:00Z,2022-07-20T00:00:00Z,19,SI042,Gorenjska,-0.7380819766502071,-1.1659553050994873,-0.2936915159225464,0.21225738347586665,180,57,123,Sentinel Hub Statistical API / Sentinel-5P,P1D,good
kras_fire_2022,Goriški Kras wildfire,wildfire,AAI,indeks,2022-07-20T00:00:00Z,2022-07-21T00:00:00Z,20,SI042,Gorenjska,0.07912641876127298,-0.27913498878479004,0.5028871297836304,0.2072759650899999,180,57,123,Sentinel Hub Statistical API / Sentinel-5P,P1D,good
kras_fire_2022,Goriški Kras wildfire,wildfire,AAI,indeks,2022-07-21T00:00:00Z,2022-07-22T00:00:00Z,21,SI042,Gorenjska,-0.7628705363448077,-1.233821988105774,-0.16392095386981964,0.22181692055315652,180,57,123,Sentinel Hub Statistical API / Sentinel-5P,P1D,good
kras_fire_2022,Goriški Kras wildfire,wildfire,AAI,indeks,2022-07-22T00:00:00Z,2022-07-23T00:00:00Z,22,SI042,Gorenjska,-0.8153894965241595,-1.1809558868408203,-0.33025646209716797,0.21110417817449026,180,57,123,Sentinel Hub Statistical API / Sentinel-5P,P1D,good
kras_fire_2022,Goriški Kras wildfire,wildfire,AAI,indeks,2022-07-23T00:00:00Z,2022-07-24T00:00:00Z,23,SI042,Gorenjska,-1.4159898719167312,-2.0024590492248535,-0.7698565721511841,0.25582065974196944,180,57,123,Sentinel Hub Statistical API / Sentinel-5P,P1D,good
kras_fire_2022,Goriški Kras wildfire,wildfire,AAI,indeks,2022-07-24T00:00:00Z,2022-07-25T00:00:00Z,24,SI042,Gorenjska,-1.3524022265299556,-1.9766658544540405,0.17008370161056519,0.4666941455310377,180,57,123,Sentinel Hub Statistical API / Sentinel-5P,P1D,good
kras_fire_2022,Goriški Kras wildfire,wildfire,AAI,indeks,2022-07-25T00:00:00Z,2022-07-26T00:00:00Z,25,SI042,Gorenjska,-0.05440021526235026,-0.5852254033088684,0.9841818809509277,0.3900605093897348,180,57,123,Sentinel Hub Statistical API / Sentinel-5P,P1D,good
kras_fire_2022,Goriški Kras wildfire,wildfire,AAI,indeks,2022-07-26T00:00:00Z,2022-07-27T00:00:00Z,26,SI042,Gorenjska,-0.18971027702763224,-0.6344725489616394,0.7644690871238708,0.2755192695615881,180,57,123,Sentinel Hub Statistical API / Sentinel-5P,P1D,good
kras_fire_2022,Goriški Kras wildfire,wildfire,AAI,indeks,2022-07-27T00:00:00Z,2022-07-28T00:00:00Z,27,SI042,Gorenjska,-0.47163388585743726,-2.028088331222534,0.4956604242324829,0.6203731562151891,180,57,123,Sentinel Hub Statistical API / Sentinel-5P,P1D,good
kras_fire_2022,Goriški Kras wildfire,wildfire,AAI,indeks,2022-07-28T00:00:00Z,2022-07-29T00:00:00Z,28,SI042,Gorenjska,-0.9068706617879919,-1.6054155826568604,0.22421471774578094,0.39694289864945453,180,57,123,Sentinel Hub Statistical API / Sentinel-5P,P1D,good
kras_fire_2022,Goriški Kras wildfire,wildfire,AAI,indeks,2022-07-29T00:00:00Z,2022-07-30T00:00:00Z,29,SI042,Gorenjska,-1.2423577074839813,-2.208834171295166,0.04771590232849121,0.45613990811727945,180,57,123,Sentinel Hub Statistical API / Sentinel-5P,P1D,good
kras_fire_2022,Goriški Kras wildfire,wildfire,AAI,indeks,2022-07-30T00:00:00Z,2022-07-31T00:00:00Z,30,SI042,Gorenjska,-1.3719919648510022,-2.86702561378479,0.8506587743759155,0.9376614144929015,180,58,122,Sentinel Hub Statistical API / Sentinel-5P,P1D,good
kras_fire_2022,Goriški Kras wildfire,wildfire,AAI,indeks,2022-07-31T00:00:00Z,2022-08-01T00:00:00Z,31,SI042,Gorenjska,0.1161083029280228,-0.9623441696166992,0.8026772737503052,0.39266012636415404,180,57,123,Sentinel Hub Statistical API / Sentinel-5P,P1D,good
kras_fire_2022,Goriški Kras wildfire,wildfire,AAI,indeks,2022-07-01T00:00:00Z,2022-07-02T00:00:00Z,1,SI043,Goriška,-0.26329513596278353,-1.1680371761322021,1.571668028831482,0.5472940790685729,210,69,141,Sentinel Hub Statistical API / Sentinel-5P,P1D,good
kras_fire_2022,Goriški Kras wildfire,wildfire,AAI,indeks,2022-07-02T00:00:00Z,2022-07-03T00:00:00Z,2,SI043,Goriška,-0.6155806357529783,-1.0923876762390137,-0.023313334211707115,0.18960903544039182,210,69,141,Sentinel Hub Statistical API / Sentinel-5P,P1D,good
kras_fire_2022,Goriški Kras wildfire,wildfire,AAI,indeks,2022-07-03T00:00:00Z,2022-07-04T00:00:00Z,3,SI043,Goriška,-0.6871811471192554,-1.3308789730072021,-0.09178394824266434,0.23166224533534144,210,69,141,Sentinel Hub Statistical API / Sentinel-5P,P1D,good
kras_fire_2022,Goriški Kras wildfire,wildfire,AAI,indeks,2022-07-04T00:00:00Z,2022-07-05T00:00:00Z,4,SI043,Goriška,0.10658494035667142,-0.5233291983604431,1.340800166130066,0.44420477659554797,210,69,141,Sentinel Hub Statistical API / Sentinel-5P,P1D,good
kras_fire_2022,Goriški Kras wildfire,wildfire,AAI,indeks,2022-07-05T00:00:00Z,2022-07-06T00:00:00Z,5,SI043,Goriška,-0.14095683395862577,-1.5375069379806519,1.1537845134735107,0.6685428732275915,210,69,141,Sentinel Hub Statistical API / Sentinel-5P,P1D,good
kras_fire_2022,Goriški Kras wildfire,wildfire,AAI,indeks,2022-07-06T00:00:00Z,2022-07-07T00:00:00Z,6,SI043,Goriška,-0.6195783156237786,-1.6372185945510864,1.094283938407898,0.5412128703219834,210,69,141,Sentinel Hub Statistical API / Sentinel-5P,P1D,good
kras_fire_2022,Goriški Kras wildfire,wildfire,AAI,indeks,2022-07-07T00:00:00Z,2022-07-08T00:00:00Z,7,SI043,Goriška,-1.251522353785905,-2.8078343868255615,0.32066717743873596,0.6324951306214255,210,69,141,Sentinel Hub Statistical API / Sentinel-5P,P1D,good
kras_fire_2022,Goriški Kras wildfire,wildfire,AAI,indeks,2022-07-08T00:00:00Z,2022-07-09T00:00:00Z,8,SI043,Goriška,-0.9850636773960704,-1.985227108001709,0.3985098898410797,0.40698627092136186,210,69,141,Sentinel Hub Statistical API / Sentinel-5P,P1D,good
kras_fire_2022,Goriški Kras wildfire,wildfire,AAI,indeks,2022-07-09T00:00:00Z,2022-07-10T00:00:00Z,9,SI043,Goriška,0.3181358078190831,-0.6988512277603149,1.2257628440856934,0.5254041532572519,210,69,141,Sentinel Hub Statistical API / Sentinel-5P,P1D,good
kras_fire_2022,Goriški Kras wildfire,wildfire,AAI,indeks,2022-07-10T00:00:00Z,2022-07-11T00:00:00Z,10,SI043,Goriška,-0.41189350087380583,-1.7918119430541992,0.798352062702179,0.6589577919390204,210,69,141,Sentinel Hub Statistical API / Sentinel-5P,P1D,good
kras_fire_2022,Goriški Kras wildfire,wildfire,AAI,indeks,2022-07-11T00:00:00Z,2022-07-12T00:00:00Z,11,SI043,Goriška,-0.4920697935463874,-1.6853110790252686,0.7572140693664551,0.5797467426147874,210,69,141,Sentinel Hub Statistical API / Sentinel-5P,P1D,good
kras_fire_2022,Goriški Kras wildfire,wildfire,AAI,indeks,2022-07-12T00:00:00Z,2022-07-13T00:00:00Z,12,SI043,Goriška,-0.963890934561161,-2.2020297050476074,0.5179002285003662,0.5180143967542316,210,69,141,Sentinel Hub Statistical API / Sentinel-5P,P1D,good
kras_fire_2022,Goriški Kras wildfire,wildfire,AAI,indeks,2022-07-13T00:00:00Z,2022-07-14T00:00:00Z,13,SI043,Goriška,-0.5964453480741447,-1.0825703144073486,0.3115461766719818,0.22266186458336437,210,69,141,Sentinel Hub Statistical API / Sentinel-5P,P1D,good
kras_fire_2022,Goriški Kras wildfire,wildfire,AAI,indeks,2022-07-14T00:00:00Z,2022-07-15T00:00:00Z,14,SI043,Goriška,0.34176057245133923,-0.31182795763015747,0.8519412875175476,0.2519690886049292,210,102,108,Sentinel Hub Statistical API / Sentinel-5P,P1D,good
kras_fire_2022,Goriški Kras wildfire,wildfire,AAI,indeks,2022-07-15T00:00:00Z,2022-07-16T00:00:00Z,15,SI043,Goriška,-0.2591258302225287,-1.2818882465362549,1.4785993099212646,0.6829939803474339,210,69,141,Sentinel Hub Statistical API / Sentinel-5P,P1D,good
kras_fire_2022,Goriški Kras wildfire,wildfire,AAI,indeks,2022-07-16T00:00:00Z,2022-07-17T00:00:00Z,16,SI043,Goriška,-0.7569698917527571,-1.3189219236373901,0.28811487555503845,0.26599559534640266,210,69,141,Sentinel Hub Statistical API / Sentinel-5P,P1D,good
kras_fire_2022,Goriški Kras wildfire,wildfire,AAI,indeks,2022-07-17T00:00:00Z,2022-07-18T00:00:00Z,17,SI043,Goriška,-0.5052845577398938,-0.9789033532142639,2.1197779178619385,0.35263231573488757,210,69,141,Sentinel Hub Statistical API / Sentinel-5P,P1D,good
kras_fire_2022,Goriški Kras wildfire,wildfire,AAI,indeks,2022-07-18T00:00:00Z,2022-07-19T00:00:00Z,18,SI043,Goriška,-0.7189241180605923,-1.275987148284912,-0.178719162940979,0.1770015192980633,210,69,141,Sentinel Hub Statistical API / Sentinel-5P,P1D,good
kras_fire_2022,Goriški Kras wildfire,wildfire,AAI,indeks,2022-07-19T00:00:00Z,2022-07-20T00:00:00Z,19,SI043,Goriška,-0.6006768327998988,-1.018815040588379,-0.026626156643033028,0.1781906460402095,210,69,141,Sentinel Hub Statistical API / Sentinel-5P,P1D,good
kras_fire_2022,Goriški Kras wildfire,wildfire,AAI,indeks,2022-07-20T00:00:00Z,2022-07-21T00:00:00Z,20,SI043,Goriška,0.1077753740679869,-0.2506141662597656,1.803294062614441,0.36409384218185964,210,69,141,Sentinel Hub Statistical API / Sentinel-5P,P1D,good
kras_fire_2022,Goriški Kras wildfire,wildfire,AAI,indeks,2022-07-21T00:00:00Z,2022-07-22T00:00:00Z,21,SI043,Goriška,-0.5585262808710971,-0.998829185962677,1.7512229681015015,0.5010150325018734,210,69,141,Sentinel Hub Statistical API / Sentinel-5P,P1D,good
kras_fire_2022,Goriški Kras wildfire,wildfire,AAI,indeks,2022-07-22T00:00:00Z,2022-07-23T00:00:00Z,22,SI043,Goriška,-0.6808774102849107,-1.3192682266235352,2.6198651790618896,0.5519014941780339,210,69,141,Sentinel Hub Statistical API / Sentinel-5P,P1D,good
kras_fire_2022,Goriški Kras wildfire,wildfire,AAI,indeks,2022-07-23T00:00:00Z,2022-07-24T00:00:00Z,23,SI043,Goriška,-1.232232991685259,-1.816983938217163,-0.6263766288757324,0.25900639499067535,210,69,141,Sentinel Hub Statistical API / Sentinel-5P,P1D,good
kras_fire_2022,Goriški Kras wildfire,wildfire,AAI,indeks,2022-07-24T00:00:00Z,2022-07-25T00:00:00Z,24,SI043,Goriška,-1.3198172997498347,-1.9766658544540405,-0.4597289264202118,0.2623102914404249,210,69,141,Sentinel Hub Statistical API / Sentinel-5P,P1D,good
kras_fire_2022,Goriški Kras wildfire,wildfire,AAI,indeks,2022-07-25T00:00:00Z,2022-07-26T00:00:00Z,25,SI043,Goriška,0.10914162930979628,-0.48479995131492615,0.900301456451416,0.3642042582002015,210,69,141,Sentinel Hub Statistical API / Sentinel-5P,P1D,good
kras_fire_2022,Goriški Kras wildfire,wildfire,AAI,indeks,2022-07-26T00:00:00Z,2022-07-27T00:00:00Z,26,SI043,Goriška,-0.3084909958989484,-1.0814486742019653,0.6488862633705139,0.2631085855506449,210,69,141,Sentinel Hub Statistical API / Sentinel-5P,P1D,good
kras_fire_2022,Goriški Kras wildfire,wildfire,AAI,indeks,2022-07-27T00:00:00Z,2022-07-28T00:00:00Z,27,SI043,Goriška,-0.8018797629162773,-1.6941176652908325,0.6691336035728455,0.43710582666681935,210,69,141,Sentinel Hub Statistical API / Sentinel-5P,P1D,good
kras_fire_2022,Goriški Kras wildfire,wildfire,AAI,indeks,2022-07-28T00:00:00Z,2022-07-29T00:00:00Z,28,SI043,Goriška,-0.9162527943122469,-1.460673451423645,-0.17357319593429565,0.2676475168843802,210,69,141,Sentinel Hub Statistical API / Sentinel-5P,P1D,good
kras_fire_2022,Goriški Kras wildfire,wildfire,AAI,indeks,2022-07-29T00:00:00Z,2022-07-30T00:00:00Z,29,SI043,Goriška,-1.1501979457993874,-1.9919021129608154,-0.33666083216667175,0.37032041417488704,210,69,141,Sentinel Hub Statistical API / Sentinel-5P,P1D,good
kras_fire_2022,Goriški Kras wildfire,wildfire,AAI,indeks,2022-07-30T00:00:00Z,2022-07-31T00:00:00Z,30,SI043,Goriška,-0.11462138445515713,-2.38028621673584,1.3826433420181274,0.8740976556236415,210,70,140,Sentinel Hub Statistical API / Sentinel-5P,P1D,good
kras_fire_2022,Goriški Kras wildfire,wildfire,AAI,indeks,2022-07-31T00:00:00Z,2022-08-01T00:00:00Z,31,SI043,Goriška,0.47356853385766345,-0.5317542552947998,1.1056407690048218,0.3138678467239431,210,69,141,Sentinel Hub Statistical API / Sentinel-5P,P1D,good
kras_fire_2022,Goriški Kras wildfire,wildfire,AAI,indeks,2022-07-01T00:00:00Z,2022-07-02T00:00:00Z,1,SI044,Obalno-kraška,-0.2684810230783067,-0.6947383284568787,0.9299840927124023,0.3044808973088795,99,21,78,Sentinel Hub Statistical API / Sentinel-5P,P1D,good
kras_fire_2022,Goriški Kras wildfire,wildfire,AAI,indeks,2022-07-02T00:00:00Z,2022-07-03T00:00:00Z,2,SI044,Obalno-kraška,-0.5657992225426896,-1.0276906490325928,0.12304786592721939,0.25071703246319693,99,21,78,Sentinel Hub Statistical API / Sentinel-5P,P1D,good
kras_fire_2022,Goriški Kras wildfire,wildfire,AAI,indeks,2022-07-03T00:00:00Z,2022-07-04T00:00:00Z,3,SI044,Obalno-kraška,-0.7298495769500731,-1.3964850902557373,-0.2793201804161072,0.22790166603307183,99,21,78,Sentinel Hub Statistical API / Sentinel-5P,P1D,good
kras_fire_2022,Goriški Kras wildfire,wildfire,AAI,indeks,2022-07-04T00:00:00Z,2022-07-05T00:00:00Z,4,SI044,Obalno-kraška,-0.06437335152608843,-0.5149067640304565,0.6509647965431213,0.2988187547500139,99,21,78,Sentinel Hub Statistical API / Sentinel-5P,P1D,good
kras_fire_2022,Goriški Kras wildfire,wildfire,AAI,indeks,2022-07-05T00:00:00Z,2022-07-06T00:00:00Z,5,SI044,Obalno-kraška,-0.5261702831022633,-1.2019156217575073,0.9473291635513306,0.3610533815682873,99,21,78,Sentinel Hub Statistical API / Sentinel-5P,P1D,good
kras_fire_2022,Goriški Kras wildfire,wildfire,AAI,indeks,2022-07-06T00:00:00Z,2022-07-07T00:00:00Z,6,SI044,Obalno-kraška,-0.7803269597964411,-1.2303186655044556,-0.11928681284189224,0.3024423836400901,99,21,78,Sentinel Hub Statistical API / Sentinel-5P,P1D,good
kras_fire_2022,Goriški Kras wildfire,wildfire,AAI,indeks,2022-07-07T00:00:00Z,2022-07-08T00:00:00Z,7,SI044,Obalno-kraška,-1.1379615250759967,-2.193859338760376,0.6247674226760864,0.703762652027076,99,21,78,Sentinel Hub Statistical API / Sentinel-5P,P1D,good
kras_fire_2022,Goriški Kras wildfire,wildfire,AAI,indeks,2022-07-08T00:00:00Z,2022-07-09T00:00:00Z,8,SI044,Obalno-kraška,-1.1197534148127606,-2.553743362426758,0.04578254744410515,0.562313502111129,99,21,78,Sentinel Hub Statistical API / Sentinel-5P,P1D,good
kras_fire_2022,Goriški Kras wildfire,wildfire,AAI,indeks,2022-07-09T00:00:00Z,2022-07-10T00:00:00Z,9,SI044,Obalno-kraška,0.25467810394146895,-0.17999829351902008,1.1235566139221191,0.3406740312071798,99,21,78,Sentinel Hub Statistical API / Sentinel-5P,P1D,good
kras_fire_2022,Goriški Kras wildfire,wildfire,AAI,indeks,2022-07-10T00:00:00Z,2022-07-11T00:00:00Z,10,SI044,Obalno-kraška,-0.08141468068919122,-1.3937387466430664,0.798352062702179,0.5597394272138395,99,21,78,Sentinel Hub Statistical API / Sentinel-5P,P1D,good
kras_fire_2022,Goriški Kras wildfire,wildfire,AAI,indeks,2022-07-11T00:00:00Z,2022-07-12T00:00:00Z,11,SI044,Obalno-kraška,-0.7231674798024007,-1.590200662612915,0.21538333594799042,0.41978902114427724,99,21,78,Sentinel Hub Statistical API / Sentinel-5P,P1D,good
kras_fire_2022,Goriški Kras wildfire,wildfire,AAI,indeks,2022-07-12T00:00:00Z,2022-07-13T00:00:00Z,12,SI044,Obalno-kraška,-0.9924738640204459,-1.555422306060791,-0.34094762802124023,0.2564767724432401,99,21,78,Sentinel Hub Statistical API / Sentinel-5P,P1D,good
kras_fire_2022,Goriški Kras wildfire,wildfire,AAI,indeks,2022-07-13T00:00:00Z,2022-07-14T00:00:00Z,13,SI044,Obalno-kraška,-0.4934320766001176,-0.7758639454841614,0.16918131709098816,0.23120895670124894,99,21,78,Sentinel Hub Statistical API / Sentinel-5P,P1D,good
kras_fire_2022,Goriški Kras wildfire,wildfire,AAI,indeks,2022-07-14T00:00:00Z,2022-07-15T00:00:00Z,14,SI044,Obalno-kraška,0.4095425745472312,0.02164752595126629,0.9715983271598816,0.23707647254710634,99,41,58,Sentinel Hub Statistical API / Sentinel-5P,P1D,good
kras_fire_2022,Goriški Kras wildfire,wildfire,AAI,indeks,2022-07-15T00:00:00Z,2022-07-16T00:00:00Z,15,SI044,Obalno-kraška,-0.2797713671357203,-0.8930546045303345,1.209932565689087,0.47879796101297195,99,21,78,Sentinel Hub Statistical API / Sentinel-5P,P1D,good
kras_fire_2022,Goriški Kras wildfire,wildfire,AAI,indeks,2022-07-16T00:00:00Z,2022-07-17T00:00:00Z,16,SI044,Obalno-kraška,-0.8471077752227967,-1.298795223236084,0.5547235012054443,0.2625498586997792,99,21,78,Sentinel Hub Statistical API / Sentinel-5P,P1D,good
kras_fire_2022,Goriški Kras wildfire,wildfire,AAI,indeks,2022-07-17T00:00:00Z,2022-07-18T00:00:00Z,17,SI044,Obalno-kraška,-0.5761792885963449,-0.8720727562904358,2.1197779178619385,0.36970063541969206,99,21,78,Sentinel Hub Statistical API / Sentinel-5P,P1D,good
kras_fire_2022,Goriški Kras wildfire,wildfire,AAI,indeks,2022-07-18T00:00:00Z,2022-07-19T00:00:00Z,18,SI044,Obalno-kraška,-0.8330204047453706,-1.162835955619812,-0.45056822896003723,0.16926206141347436,99,21,78,Sentinel Hub Statistical API / Sentinel-5P,P1D,good
kras_fire_2022,Goriški Kras wildfire,wildfire,AAI,indeks,2022-07-19T00:00:00Z,2022-07-20T00:00:00Z,19,SI044,Obalno-kraška,-0.4625150893623821,-0.7279101610183716,0.004983917344361544,0.15375920259524614,99,21,78,Sentinel Hub Statistical API / Sentinel-5P,P1D,good
kras_fire_2022,Goriški Kras wildfire,wildfire,AAI,indeks,2022-07-20T00:00:00Z,2022-07-21T00:00:00Z,20,SI044,Obalno-kraška,0.33016538317912286,-0.13784852623939514,2.606708526611328,0.5574621582374948,99,21,78,Sentinel Hub Statistical API / Sentinel-5P,P1D,good
kras_fire_2022,Goriški Kras wildfire,wildfire,AAI,indeks,2022-07-21T00:00:00Z,2022-07-22T00:00:00Z,21,SI044,Obalno-kraška,0.17212161147752067,-0.854403555393219,1.9271200895309448,0.7745128233635206,99,21,78,Sentinel Hub Statistical API / Sentinel-5P,P1D,good
kras_fire_2022,Goriški Kras wildfire,wildfire,AAI,indeks,2022-07-22T00:00:00Z,2022-07-23T00:00:00Z,22,SI044,Obalno-kraška,-0.8505196015899761,-1.3681609630584717,0.05825478956103325,0.25674034701518506,99,21,78,Sentinel Hub Statistical API / Sentinel-5P,P1D,good
kras_fire_2022,Goriški Kras wildfire,wildfire,AAI,indeks,2022-07-23T00:00:00Z,2022-07-24T00:00:00Z,23,SI044,Obalno-kraška,-0.8857902254049598,-1.3293116092681885,-0.3249084949493408,0.2255450417594787,99,21,78,Sentinel Hub Statistical API / Sentinel-5P,P1D,good
kras_fire_2022,Goriški Kras wildfire,wildfire,AAI,indeks,2022-07-24T00:00:00Z,2022-07-25T00:00:00Z,24,SI044,Obalno-kraška,-1.2421231873524494,-1.7171324491500854,-0.5764786005020142,0.2164335920141906,99,21,78,Sentinel Hub Statistical API / Sentinel-5P,P1D,good
kras_fire_2022,Goriški Kras wildfire,wildfire,AAI,indeks,2022-07-25T00:00:00Z,2022-07-26T00:00:00Z,25,SI044,Obalno-kraška,-0.20275727110222366,-0.4147458076477051,0.8365094661712646,0.17038653785357108,99,21,78,Sentinel Hub Statistical API / Sentinel-5P,P1D,good
kras_fire_2022,Goriški Kras wildfire,wildfire,AAI,indeks,2022-07-26T00:00:00Z,2022-07-27T00:00:00Z,26,SI044,Obalno-kraška,-0.17134932182633716,-0.4533325433731079,0.07963275909423828,0.11348250037477857,99,21,78,Sentinel Hub Statistical API / Sentinel-5P,P1D,good
kras_fire_2022,Goriški Kras wildfire,wildfire,AAI,indeks,2022-07-27T00:00:00Z,2022-07-28T00:00:00Z,27,SI044,Obalno-kraška,-0.49315638669456047,-1.2078213691711426,0.18497949838638306,0.33081356205108564,99,21,78,Sentinel Hub Statistical API / Sentinel-5P,P1D,good
kras_fire_2022,Goriški Kras wildfire,wildfire,AAI,indeks,2022-07-28T00:00:00Z,2022-07-29T00:00:00Z,28,SI044,Obalno-kraška,-0.7656792505429342,-1.0316649675369263,-0.34313681721687317,0.1458174616160282,99,21,78,Sentinel Hub Statistical API / Sentinel-5P,P1D,good
kras_fire_2022,Goriški Kras wildfire,wildfire,AAI,indeks,2022-07-29T00:00:00Z,2022-07-30T00:00:00Z,29,SI044,Obalno-kraška,-1.0319881378076017,-1.6951509714126587,-0.22918817400932312,0.31820939784125296,99,21,78,Sentinel Hub Statistical API / Sentinel-5P,P1D,good
kras_fire_2022,Goriški Kras wildfire,wildfire,AAI,indeks,2022-07-30T00:00:00Z,2022-07-31T00:00:00Z,30,SI044,Obalno-kraška,-0.32686375117359245,-2.6745145320892334,0.8818537592887878,0.9053299729738461,99,21,78,Sentinel Hub Statistical API / Sentinel-5P,P1D,good
kras_fire_2022,Goriški Kras wildfire,wildfire,AAI,indeks,2022-07-31T00:00:00Z,2022-08-01T00:00:00Z,31,SI044,Obalno-kraška,-0.17236618344218296,-0.8244342803955078,0.9937952756881714,0.535416696842665,99,21,78,Sentinel Hub Statistical API / Sentinel-5P,P1D,good
kras_fire_2022,Goriški Kras wildfire,wildfire,CO,mmol/m²,2022-07-01T00:00:00Z,2022-07-02T00:00:00Z,1,SI031,Pomurska,27.419336396269507,23.259934037923813,31.26692771911621,1.7635590407636876,128,48,80,Sentinel Hub Statistical API / Sentinel-5P,P1D,good
kras_fire_2022,Goriški Kras wildfire,wildfire,CO,mmol/m²,2022-07-02T00:00:00Z,2022-07-03T00:00:00Z,2,SI031,Pomurska,26.973738959884354,23.73562753200531,31.571529805660248,1.975080982876651,128,49,79,Sentinel Hub Statistical API / Sentinel-5P,P1D,good
kras_fire_2022,Goriški Kras wildfire,wildfire,CO,mmol/m²,2022-07-03T00:00:00Z,2022-07-04T00:00:00Z,3,SI031,Pomurska,25.722838279146416,21.551745012402534,29.6326857060194,1.9784139050156402,128,63,65,Sentinel Hub Statistical API / Sentinel-5P,P1D,good
kras_fire_2022,Goriški Kras wildfire,wildfire,CO,mmol/m²,2022-07-04T00:00:00Z,2022-07-05T00:00:00Z,4,SI031,Pomurska,27.633454321938398,25.15295147895813,28.557687997817993,1.258720773730288,128,111,17,Sentinel Hub Statistical API / Sentinel-5P,P1D,partial
kras_fire_2022,Goriški Kras wildfire,wildfire,CO,mmol/m²,2022-07-05T00:00:00Z,2022-07-06T00:00:00Z,5,SI031,Pomurska,27.44789190945172,21.197078749537468,29.90969456732273,2.5251079114709185,128,86,42,Sentinel Hub Statistical API / Sentinel-5P,P1D,partial
kras_fire_2022,Goriški Kras wildfire,wildfire,CO,mmol/m²,2022-07-06T00:00:00Z,2022-07-07T00:00:00Z,6,SI031,Pomurska,31.17998495387534,25.691427290439606,34.45805236697197,1.9643729635366067,128,56,72,Sentinel Hub Statistical API / Sentinel-5P,P1D,good
kras_fire_2022,Goriški Kras wildfire,wildfire,CO,mmol/m²,2022-07-07T00:00:00Z,2022-07-08T00:00:00Z,7,SI031,Pomurska,26.754425499926914,22.68814854323864,29.878167435526848,2.2892097906273543,128,117,11,Sentinel Hub Statistical API / Sentinel-5P,P1D,partial
kras_fire_2022,Goriški Kras wildfire,wildfire,CO,mmol/m²,2022-07-08T00:00:00Z,2022-07-09T00:00:00Z,8,SI031,Pomurska,28.27781956579726,22.10429683327675,34.39134731888771,2.107359079378117,128,69,59,Sentinel Hub Statistical API / Sentinel-5P,P1D,partial
kras_fire_2022,Goriški Kras wildfire,wildfire,CO,mmol/m²,2022-07-09T00:00:00Z,2022-07-10T00:00:00Z,9,SI031,Pomurska,27.02041213176674,22.744422778487206,31.712766736745834,2.3977146276655823,128,49,79,Sentinel Hub Statistical API / Sentinel-5P,P1D,good
kras_fire_2022,Goriški Kras wildfire,wildfire,CO,mmol/m²,2022-07-10T00:00:00Z,2022-07-11T00:00:00Z,10,SI031,Pomurska,26.996362227492213,22.618969902396202,30.129441991448402,2.2539837134363903,128,87,41,Sentinel Hub Statistical API / Sentinel-5P,P1D,partial
kras_fire_2022,Goriški Kras wildfire,wildfire,CO,mmol/m²,2022-07-11T00:00:00Z,2022-07-12T00:00:00Z,11,SI031,Pomurska,24.067659012001496,20.675431936979294,26.824433356523514,1.657961079017877,128,59,69,Sentinel Hub Statistical API / Sentinel-5P,P1D,good
kras_fire_2022,Goriški Kras wildfire,wildfire,CO,mmol/m²,2022-07-12T00:00:00Z,2022-07-13T00:00:00Z,12,SI031,Pomurska,23.782779392786324,21.317293867468834,26.9512627273798,1.3175506299161155,128,48,80,Sentinel Hub Statistical API / Sentinel-5P,P1D,good
kras_fire_2022,Goriški Kras wildfire,wildfire,CO,mmol/m²,2022-07-13T00:00:00Z,2022-07-14T00:00:00Z,13,SI031,Pomurska,25.360618960367496,20.84260806441307,28.854254633188248,1.7138285871174832,128,55,73,Sentinel Hub Statistical API / Sentinel-5P,P1D,good
kras_fire_2022,Goriški Kras wildfire,wildfire,CO,mmol/m²,2022-07-14T00:00:00Z,2022-07-15T00:00:00Z,14,SI031,Pomurska,24.00337005965412,20.239757373929024,29.245061799883842,2.580454565791251,128,88,40,Sentinel Hub Statistical API / Sentinel-5P,P1D,partial
kras_fire_2022,Goriški Kras wildfire,wildfire,CO,mmol/m²,2022-07-15T00:00:00Z,2022-07-16T00:00:00Z,15,SI031,Pomurska,29.088823469700635,26.741288602352142,30.363820493221283,1.3645240228257192,128,101,27,Sentinel Hub Statistical API / Sentinel-5P,P1D,partial
kras_fire_2022,Goriški Kras wildfire,wildfire,CO,mmol/m²,2022-07-16T00:00:00Z,2022-07-17T00:00:00Z,16,SI031,Pomurska,30.012159644124598,27.835318818688393,32.08686411380768,1.3200403534258092,128,76,52,Sentinel Hub Statistical API / Sentinel-5P,P1D,partial
kras_fire_2022,Goriški Kras wildfire,wildfire,CO,mmol/m²,2022-07-17T00:00:00Z,2022-07-18T00:00:00Z,17,SI031,Pomurska,27.818861735484965,23.910116404294968,35.12006253004074,2.411737747401289,128,46,82,Sentinel Hub Statistical API / Sentinel-5P,P1D,good
kras_fire_2022,Goriški Kras wildfire,wildfire,CO,mmol/m²,2022-07-18T00:00:00Z,2022-07-19T00:00:00Z,18,SI031,Pomurska,27.349608814025792,22.102104499936104,32.02688321471214,2.5411860496049115,128,46,82,Sentinel Hub Statistical API / Sentinel-5P,P1D,good
kras_fire_2022,Goriški Kras wildfire,wildfire,CO,mmol/m²,2022-07-19T00:00:00Z,2022-07-20T00:00:00Z,19,SI031,Pomurska,26.874747872352597,19.36222054064274,30.086565762758255,1.8644904814245171,128,63,65,Sentinel Hub Statistical API / Sentinel-5P,P1D,good
kras_fire_2022,Goriški Kras wildfire,wildfire,CO,mmol/m²,2022-07-20T00:00:00Z,2022-07-21T00:00:00Z,20,SI031,Pomurska,29.813942318754407,27.943043038249016,31.124819070100784,0.8729047733665463,128,61,67,Sentinel Hub Statistical API / Sentinel-5P,P1D,good
kras_fire_2022,Goriški Kras wildfire,wildfire,CO,mmol/m²,2022-07-21T00:00:00Z,2022-07-22T00:00:00Z,21,SI031,Pomurska,28.518024906516075,25.011617690324783,31.27438575029373,1.8916002731684838,128,53,75,Sentinel Hub Statistical API / Sentinel-5P,P1D,good
kras_fire_2022,Goriški Kras wildfire,wildfire,CO,mmol/m²,2022-07-22T00:00:00Z,2022-07-23T00:00:00Z,22,SI031,Pomurska,30.034574691819227,26.819808408617973,32.9311229288578,1.3723815121232505,128,49,79,Sentinel Hub Statistical API / Sentinel-5P,P1D,good
kras_fire_2022,Goriški Kras wildfire,wildfire,CO,mmol/m²,2022-07-23T00:00:00Z,2022-07-24T00:00:00Z,23,SI031,Pomurska,34.72216255844586,31.39311447739601,38.61837089061737,1.6501415177180572,128,65,63,Sentinel Hub Statistical API / Sentinel-5P,P1D,partial
kras_fire_2022,Goriški Kras wildfire,wildfire,CO,mmol/m²,2022-07-24T00:00:00Z,2022-07-25T00:00:00Z,24,SI031,Pomurska,33.14768582037309,28.472285717725754,37.767115980386734,2.0003599189487438,128,46,82,Sentinel Hub Statistical API / Sentinel-5P,P1D,good
kras_fire_2022,Goriški Kras wildfire,wildfire,CO,mmol/m²,2022-07-25T00:00:00Z,2022-07-26T00:00:00Z,25,SI031,Pomurska,31.127649018677264,27.907205745577812,36.96726635098457,2.3391230197765007,128,46,82,Sentinel Hub Statistical API / Sentinel-5P,P1D,good
kras_fire_2022,Goriški Kras wildfire,wildfire,CO,mmol/m²,2022-07-26T00:00:00Z,2022-07-27T00:00:00Z,26,SI031,Pomurska,,,,,128,128,0,Sentinel Hub Statistical API / Sentinel-5P,P1D,missing
kras_fire_2022,Goriški Kras wildfire,wildfire,CO,mmol/m²,2022-07-27T00:00:00Z,2022-07-28T00:00:00Z,27,SI031,Pomurska,29.381161245206986,26.30586549639702,31.417425721883774,1.777193688073217,128,104,24,Sentinel Hub Statistical API / Sentinel-5P,P1D,partial
kras_fire_2022,Goriški Kras wildfire,wildfire,CO,mmol/m²,2022-07-28T00:00:00Z,2022-07-29T00:00:00Z,28,SI031,Pomurska,30.60169895065993,27.821265161037445,34.09191593527794,1.368891422127349,128,46,82,Sentinel Hub Statistical API / Sentinel-5P,P1D,good
kras_fire_2022,Goriški Kras wildfire,wildfire,CO,mmol/m²,2022-07-29T00:00:00Z,2022-07-30T00:00:00Z,29,SI031,Pomurska,31.41833916306496,26.406453922390938,35.01530364155769,2.226172591019513,128,48,80,Sentinel Hub Statistical API / Sentinel-5P,P1D,good
kras_fire_2022,Goriški Kras wildfire,wildfire,CO,mmol/m²,2022-07-30T00:00:00Z,2022-07-31T00:00:00Z,30,SI031,Pomurska,24.557339479074333,19.90453153848648,29.051493853330612,2.3990651469860076,128,95,33,Sentinel Hub Statistical API / Sentinel-5P,P1D,partial
kras_fire_2022,Goriški Kras wildfire,wildfire,CO,mmol/m²,2022-07-31T00:00:00Z,2022-08-01T00:00:00Z,31,SI031,Pomurska,28.967467074592907,26.159590110182762,32.11101144552231,1.9350717456667992,128,83,45,Sentinel Hub Statistical API / Sentinel-5P,P1D,partial
kras_fire_2022,Goriški Kras wildfire,wildfire,CO,mmol/m²,2022-07-01T00:00:00Z,2022-07-02T00:00:00Z,1,SI032,Podravska,25.655660378046285,22.609010338783264,29.351910576224327,1.5460157518617692,180,59,121,Sentinel Hub Statistical API / Sentinel-5P,P1D,good
kras_fire_2022,Goriški Kras wildfire,wildfire,CO,mmol/m²,2022-07-02T00:00:00Z,2022-07-03T00:00:00Z,2,SI032,Podravska,28.23299127963505,22.890301421284676,32.24646300077438,2.1870351089335744,180,68,112,Sentinel Hub Statistical API / Sentinel-5P,P1D,good
kras_fire_2022,Goriški Kras wildfire,wildfire,CO,mmol/m²,2022-07-03T00:00:00Z,2022-07-04T00:00:00Z,3,SI032,Podravska,25.404311429995754,19.124675542116165,32.38283097743988,2.4026034748088314,180,76,104,Sentinel Hub Statistical API / Sentinel-5P,P1D,good
kras_fire_2022,Goriški Kras wildfire,wildfire,CO,mmol/m²,2022-07-04T00:00:00Z,2022-07-05T00:00:00Z,4,SI032,Podravska,26.610976681113247,21.477464586496353,29.41121906042099,1.8819150993906624,180,105,75,Sentinel Hub Statistical API / Sentinel-5P,P1D,partial
kras_fire_2022,Goriški Kras wildfire,wildfire,CO,mmol/m²,2022-07-05T00:00:00Z,2022-07-06T00:00:00Z,5,SI032,Podravska,27.11833534954952,22.184567525982857,30.479852110147476,1.7475080140558379,180,64,116,Sentinel Hub Statistical API / Sentinel-5P,P1D,good
kras_fire_2022,Goriški Kras wildfire,wildfire,CO,mmol/m²,2022-07-06T00:00:00Z,2022-07-07T00:00:00Z,6,SI032,Podravska,30.8991417957422,27.15826965868473,34.45805236697197,1.8189609936943851,180,63,117,Sentinel Hub Statistical API / Sentinel-5P,P1D,good
kras_fire_2022,Goriški Kras wildfire,wildfire,CO,mmol/m²,2022-07-07T00:00:00Z,2022-07-08T00:00:00Z,7,SI032,Podravska,28.434368853385635,26.072245091199875,30.581727623939514,1.4961637942818489,180,167,13,Sentinel Hub Statistical API / Sentinel-5P,P1D,partial
kras_fire_2022,Goriški Kras wildfire,wildfire,CO,mmol/m²,2022-07-08T00:00:00Z,2022-07-09T00:00:00Z,8,SI032,Podravska,30.185926852649764,22.353272885084152,37.94557973742485,3.132666638591818,180,142,38,Sentinel Hub Statistical API / Sentinel-5P,P1D,partial
kras_fire_2022,Goriški Kras wildfire,wildfire,CO,mmol/m²,2022-07-09T00:00:00Z,2022-07-10T00:00:00Z,9,SI032,Podravska,26.501234928805992,22.648885846138,32.26148709654808,2.131865954659842,180,53,127,Sentinel Hub Statistical API / Sentinel-5P,P1D,good
kras_fire_2022,Goriški Kras wildfire,wildfire,CO,mmol/m²,2022-07-10T00:00:00Z,2022-07-11T00:00:00Z,10,SI032,Podravska,27.073283290978768,24.030044674873352,29.403936117887497,1.4489027462125077,180,77,103,Sentinel Hub Statistical API / Sentinel-5P,P1D,good
kras_fire_2022,Goriški Kras wildfire,wildfire,CO,mmol/m²,2022-07-11T00:00:00Z,2022-07-12T00:00:00Z,11,SI032,Podravska,23.097007798979863,20.675431936979294,28.060143813490868,1.844836432572033,180,127,53,Sentinel Hub Statistical API / Sentinel-5P,P1D,partial
kras_fire_2022,Goriški Kras wildfire,wildfire,CO,mmol/m²,2022-07-12T00:00:00Z,2022-07-13T00:00:00Z,12,SI032,Podravska,23.744668127322683,19.43785883486271,26.5157800167799,1.6893094304048615,180,131,49,Sentinel Hub Statistical API / Sentinel-5P,P1D,partial
kras_fire_2022,Goriški Kras wildfire,wildfire,CO,mmol/m²,2022-07-13T00:00:00Z,2022-07-14T00:00:00Z,13,SI032,Podravska,24.99225552639235,19.269919022917747,28.55408377945423,1.8309062849394937,180,65,115,Sentinel Hub Statistical API / Sentinel-5P,P1D,good
kras_fire_2022,Goriški Kras wildfire,wildfire,CO,mmol/m²,2022-07-14T00:00:00Z,2022-07-15T00:00:00Z,14,SI032,Podravska,24.58578328891047,20.595861598849297,29.245061799883842,2.786880679882019,180,151,29,Sentinel Hub Statistical API / Sentinel-5P,P1D,partial
kras_fire_2022,Goriški Kras wildfire,wildfire,CO,mmol/m²,2022-07-15T00:00:00Z,2022-07-16T00:00:00Z,15,SI032,Podravska,27.10581088904292,25.08445642888546,28.573062270879745,1.072944941413569,180,100,80,Sentinel Hub Statistical API / Sentinel-5P,P1D,partial
kras_fire_2022,Goriški Kras wildfire,wildfire,CO,mmol/m²,2022-07-16T00:00:00Z,2022-07-17T00:00:00Z,16,SI032,Podravska,30.317031679962714,26.718197390437126,34.23979878425598,1.614201135712263,180,57,123,Sentinel Hub Statistical API / Sentinel-5P,P1D,good
kras_fire_2022,Goriški Kras wildfire,wildfire,CO,mmol/m²,2022-07-17T00:00:00Z,2022-07-18T00:00:00Z,17,SI032,Podravska,26.95644408231601,21.187668666243553,31.269513070583344,2.0715839335434203,180,52,128,Sentinel Hub Statistical API / Sentinel-5P,P1D,good
kras_fire_2022,Goriški Kras wildfire,wildfire,CO,mmol/m²,2022-07-18T00:00:00Z,2022-07-19T00:00:00Z,18,SI032,Podravska,28.43886695432762,22.483717650175095,32.97169879078865,2.416309711480944,180,59,121,Sentinel Hub Statistical API / Sentinel-5P,P1D,good
kras_fire_2022,Goriški Kras wildfire,wildfire,CO,mmol/m²,2022-07-19T00:00:00Z,2022-07-20T00:00:00Z,19,SI032,Podravska,26.170510322683395,18.411552533507347,30.686190351843834,2.254153594702039,180,90,90,Sentinel Hub Statistical API / Sentinel-5P,P1D,good
kras_fire_2022,Goriški Kras wildfire,wildfire,CO,mmol/m²,2022-07-20T00:00:00Z,2022-07-21T00:00:00Z,20,SI032,Podravska,28.339642832435448,22.87694253027439,31.038248911499977,1.6709468890504389,180,77,103,Sentinel Hub Statistical API / Sentinel-5P,P1D,good
kras_fire_2022,Goriški Kras wildfire,wildfire,CO,mmol/m²,2022-07-21T00:00:00Z,2022-07-22T00:00:00Z,21,SI032,Podravska,28.537209243291898,25.011617690324783,32.75122120976448,1.576328525349634,180,75,105,Sentinel Hub Statistical API / Sentinel-5P,P1D,good
kras_fire_2022,Goriški Kras wildfire,wildfire,CO,mmol/m²,2022-07-22T00:00:00Z,2022-07-23T00:00:00Z,22,SI032,Podravska,29.881353068173453,24.04266595840454,34.477535635232925,2.117071088262409,180,63,117,Sentinel Hub Statistical API / Sentinel-5P,P1D,good
kras_fire_2022,Goriški Kras wildfire,wildfire,CO,mmol/m²,2022-07-23T00:00:00Z,2022-07-24T00:00:00Z,23,SI032,Podravska,35.467177367776884,25.110574439167976,40.290601551532745,2.4498092364949295,180,59,121,Sentinel Hub Statistical API / Sentinel-5P,P1D,good
kras_fire_2022,Goriški Kras wildfire,wildfire,CO,mmol/m²,2022-07-24T00:00:00Z,2022-07-25T00:00:00Z,24,SI032,Podravska,31.416159078833612,26.55627205967903,40.30599445104599,2.650132178797809,180,54,126,Sentinel Hub Statistical API / Sentinel-5P,P1D,good
kras_fire_2022,Goriški Kras wildfire,wildfire,CO,mmol/m²,2022-07-25T00:00:00Z,2022-07-26T00:00:00Z,25,SI032,Podravska,29.691943453740233,24.914003908634186,35.7222743332386,2.438954125501717,180,67,113,Sentinel Hub Statistical API / Sentinel-5P,P1D,good
kras_fire_2022,Goriški Kras wildfire,wildfire,CO,mmol/m²,2022-07-26T00:00:00Z,2022-07-27T00:00:00Z,26,SI032,Podravska,,,,,180,180,0,Sentinel Hub Statistical API / Sentinel-5P,P1D,missing
kras_fire_2022,Goriški Kras wildfire,wildfire,CO,mmol/m²,2022-07-27T00:00:00Z,2022-07-28T00:00:00Z,27,SI032,Podravska,28.48416062649981,25.298386812210083,31.417425721883774,1.6073757852893908,180,122,58,Sentinel Hub Statistical API / Sentinel-5P,P1D,partial
kras_fire_2022,Goriški Kras wildfire,wildfire,CO,mmol/m²,2022-07-28T00:00:00Z,2022-07-29T00:00:00Z,28,SI032,Podravska,30.14183700939672,25.786634534597397,33.628154546022415,2.046058094005646,180,58,122,Sentinel Hub Statistical API / Sentinel-5P,P1D,good
kras_fire_2022,Goriški Kras wildfire,wildfire,CO,mmol/m²,2022-07-29T00:00:00Z,2022-07-30T00:00:00Z,29,SI032,Podravska,30.705289188318137,24.564648047089577,33.925559371709824,1.7359056397709967,180,57,123,Sentinel Hub Statistical API / Sentinel-5P,P1D,good
kras_fire_2022,Goriški Kras wildfire,wildfire,CO,mmol/m²,2022-07-30T00:00:00Z,2022-07-31T00:00:00Z,30,SI032,Podravska,24.946868121623993,19.784823060035706,29.422152787446976,3.493240017427648,180,155,25,Sentinel Hub Statistical API / Sentinel-5P,P1D,partial
kras_fire_2022,Goriški Kras wildfire,wildfire,CO,mmol/m²,2022-07-31T00:00:00Z,2022-08-01T00:00:00Z,31,SI032,Podravska,26.5596587024629,22.074827924370766,29.753880575299263,2.2065234296524947,180,80,100,Sentinel Hub Statistical API / Sentinel-5P,P1D,good
kras_fire_2022,Goriški Kras wildfire,wildfire,CO,mmol/m²,2022-07-01T00:00:00Z,2022-07-02T00:00:00Z,1,SI033,Koroška,24.60477014971992,20.664149895310402,28.136761859059334,2.10828212344843,75,16,59,Sentinel Hub Statistical API / Sentinel-5P,P1D,good
kras_fire_2022,Goriški Kras wildfire,wildfire,CO,mmol/m²,2022-07-02T00:00:00Z,2022-07-03T00:00:00Z,2,SI033,Koroška,27.069842554628853,20.221062004566193,30.342556536197662,2.4165555213981724,75,25,50,Sentinel Hub Statistical API / Sentinel-5P,P1D,good
kras_fire_2022,Goriški Kras wildfire,wildfire,CO,mmol/m²,2022-07-03T00:00:00Z,2022-07-04T00:00:00Z,3,SI033,Koroška,22.467577146987118,19.457127898931503,26.38920582830906,1.8063609756364822,75,45,30,Sentinel Hub Statistical API / Sentinel-5P,P1D,partial
kras_fire_2022,Goriški Kras wildfire,wildfire,CO,mmol/m²,2022-07-04T00:00:00Z,2022-07-05T00:00:00Z,4,SI033,Koroška,23.941203951835632,21.477464586496353,27.874229475855827,2.394646945664815,75,66,9,Sentinel Hub Statistical API / Sentinel-5P,P1D,partial
kras_fire_2022,Goriški Kras wildfire,wildfire,CO,mmol/m²,2022-07-05T00:00:00Z,2022-07-06T00:00:00Z,5,SI033,Koroška,26.21800117826058,19.335472956299782,31.183741986751556,2.6617146003052947,75,16,59,Sentinel Hub Statistical API / Sentinel-5P,P1D,good
kras_fire_2022,Goriški Kras wildfire,wildfire,CO,mmol/m²,2022-07-06T00:00:00Z,2022-07-07T00:00:00Z,6,SI033,Koroška,29.012128338217728,21.929629147052765,32.76383504271507,2.496888072066855,75,25,50,Sentinel Hub Statistical API / Sentinel-5P,P1D,good
kras_fire_2022,Goriški Kras wildfire,wildfire,CO,mmol/m²,2022-07-07T00:00:00Z,2022-07-08T00:00:00Z,7,SI033,Koroška,,,,,75,75,0,Sentinel Hub Statistical API / Sentinel-5P,P1D,missing
kras_fire_2022,Goriški Kras wildfire,wildfire,CO,mmol/m²,2022-07-08T00:00:00Z,2022-07-09T00:00:00Z,8,SI033,Koroška,26.521860868955144,18.17191205918789,34.550219774246216,5.0796283239209,75,26,49,Sentinel Hub Statistical API / Sentinel-5P,P1D,good
kras_fire_2022,Goriški Kras wildfire,wildfire,CO,mmol/m²,2022-07-09T00:00:00Z,2022-07-10T00:00:00Z,9,SI033,Koroška,25.854334150525656,20.892731845378876,28.789827600121498,3.130127192584932,75,53,22,Sentinel Hub Statistical API / Sentinel-5P,P1D,partial
kras_fire_2022,Goriški Kras wildfire,wildfire,CO,mmol/m²,2022-07-10T00:00:00Z,2022-07-11T00:00:00Z,10,SI033,Koroška,24.671862116799907,20.244350656867027,27.561979368329048,2.505363561645218,75,49,26,Sentinel Hub Statistical API / Sentinel-5P,P1D,partial
kras_fire_2022,Goriški Kras wildfire,wildfire,CO,mmol/m²,2022-07-11T00:00:00Z,2022-07-12T00:00:00Z,11,SI033,Koroška,22.00541129479041,18.57173629105091,25.896256789565086,2.3586084738223323,75,49,26,Sentinel Hub Statistical API / Sentinel-5P,P1D,partial
kras_fire_2022,Goriški Kras wildfire,wildfire,CO,mmol/m²,2022-07-12T00:00:00Z,2022-07-13T00:00:00Z,12,SI033,Koroška,,,,,75,75,0,Sentinel Hub Statistical API / Sentinel-5P,P1D,missing
kras_fire_2022,Goriški Kras wildfire,wildfire,CO,mmol/m²,2022-07-13T00:00:00Z,2022-07-14T00:00:00Z,13,SI033,Koroška,23.497954161988723,18.93901638686657,27.493732050061226,2.0975364042041944,75,38,37,Sentinel Hub Statistical API / Sentinel-5P,P1D,partial
kras_fire_2022,Goriški Kras wildfire,wildfire,CO,mmol/m²,2022-07-14T00:00:00Z,2022-07-15T00:00:00Z,14,SI033,Koroška,,,,,75,75,0,Sentinel Hub Statistical API / Sentinel-5P,P1D,missing
kras_fire_2022,Goriški Kras wildfire,wildfire,CO,mmol/m²,2022-07-15T00:00:00Z,2022-07-16T00:00:00Z,15,SI033,Koroška,25.71791821960793,23.881908506155014,26.855383068323135,0.9032460268231076,75,32,43,Sentinel Hub Statistical API / Sentinel-5P,P1D,good
kras_fire_2022,Goriški Kras wildfire,wildfire,CO,mmol/m²,2022-07-16T00:00:00Z,2022-07-17T00:00:00Z,16,SI033,Koroška,26.726380456238992,23.532025516033173,34.23979878425598,2.147018931419895,75,27,48,Sentinel Hub Statistical API / Sentinel-5P,P1D,good
kras_fire_2022,Goriški Kras wildfire,wildfire,CO,mmol/m²,2022-07-17T00:00:00Z,2022-07-18T00:00:00Z,17,SI033,Koroška,25.743345601548402,21.816926077008247,31.230686232447624,2.4856045044309294,75,17,58,Sentinel Hub Statistical API / Sentinel-5P,P1D,good
kras_fire_2022,Goriški Kras wildfire,wildfire,CO,mmol/m²,2022-07-18T00:00:00Z,2022-07-19T00:00:00Z,18,SI033,Koroška,26.99368037948651,19.53020505607128,32.08959847688675,3.1210757878358133,75,19,56,Sentinel Hub Statistical API / Sentinel-5P,P1D,good
kras_fire_2022,Goriški Kras wildfire,wildfire,CO,mmol/m²,2022-07-19T00:00:00Z,2022-07-20T00:00:00Z,19,SI033,Koroška,22.106708620082244,15.311523340642452,29.01795133948326,3.5961250272653866,75,42,33,Sentinel Hub Statistical API / Sentinel-5P,P1D,partial
kras_fire_2022,Goriški Kras wildfire,wildfire,CO,mmol/m²,2022-07-20T00:00:00Z,2022-07-21T00:00:00Z,20,SI033,Koroška,28.94892301410437,22.87694253027439,32.2481170296669,3.375274238880518,75,55,20,Sentinel Hub Statistical API / Sentinel-5P,P1D,partial
kras_fire_2022,Goriški Kras wildfire,wildfire,CO,mmol/m²,2022-07-21T00:00:00Z,2022-07-22T00:00:00Z,21,SI033,Koroška,28.799217194318775,23.17364513874054,32.75122120976448,3.0879205280119293,75,44,31,Sentinel Hub Statistical API / Sentinel-5P,P1D,partial
kras_fire_2022,Goriški Kras wildfire,wildfire,CO,mmol/m²,2022-07-22T00:00:00Z,2022-07-23T00:00:00Z,22,SI033,Koroška,25.83205237470824,20.048068836331367,29.335396364331245,3.059211824544305,75,46,29,Sentinel Hub Statistical API / Sentinel-5P,P1D,partial
kras_fire_2022,Goriški Kras wildfire,wildfire,CO,mmol/m²,2022-07-23T00:00:00Z,2022-07-24T00:00:00Z,23,SI033,Koroška,30.731816236910067,23.636462166905403,37.38488629460335,3.672675811062233,75,18,57,Sentinel Hub Statistical API / Sentinel-5P,P1D,good
kras_fire_2022,Goriški Kras wildfire,wildfire,CO,mmol/m²,2022-07-24T00:00:00Z,2022-07-25T00:00:00Z,24,SI033,Koroška,28.331230251261818,18.15113052725792,35.65644100308418,3.9319823425838143,75,23,52,Sentinel Hub Statistical API / Sentinel-5P,P1D,good
kras_fire_2022,Goriški Kras wildfire,wildfire,CO,mmol/m²,2022-07-25T00:00:00Z,2022-07-26T00:00:00Z,25,SI033,Koroška,27.93090461808093,24.282800033688545,30.954966321587563,1.6424053075329739,75,41,34,Sentinel Hub Statistical API / Sentinel-5P,P1D,partial
kras_fire_2022,Goriški Kras wildfire,wildfire,CO,mmol/m²,2022-07-26T00:00:00Z,2022-07-27T00:00:00Z,26,SI033,Koroška,26.352083842669213,24.298859760165215,29.00460548698902,1.5116596802107447,75,68,7,Sentinel Hub Statistical API / Sentinel-5P,P1D,partial
kras_fire_2022,Goriški Kras wildfire,wildfire,CO,mmol/m²,2022-07-27T00:00:00Z,2022-07-28T00:00:00Z,27,SI033,Koroška,24.389038607478142,22.541292011737823,27.44516171514988,1.8095646142329334,75,70,5,Sentinel Hub Statistical API / Sentinel-5P,P1D,partial
kras_fire_2022,Goriški Kras wildfire,wildfire,CO,mmol/m²,2022-07-28T00:00:00Z,2022-07-29T00:00:00Z,28,SI033,Koroška,27.22726256719657,21.13792672753334,32.69235044717789,2.977570233604932,75,33,42,Sentinel Hub Statistical API / Sentinel-5P,P1D,good
kras_fire_2022,Goriški Kras wildfire,wildfire,CO,mmol/m²,2022-07-29T00:00:00Z,2022-07-30T00:00:00Z,29,SI033,Koroška,26.683465662327684,24.564648047089577,31.69451281428337,1.7967405583269558,75,42,33,Sentinel Hub Statistical API / Sentinel-5P,P1D,partial
kras_fire_2022,Goriški Kras wildfire,wildfire,CO,mmol/m²,2022-07-30T00:00:00Z,2022-07-31T00:00:00Z,30,SI033,Koroška,25.321064108028644,19.784823060035706,30.092693865299225,3.0058188117468947,75,34,41,Sentinel Hub Statistical API / Sentinel-5P,P1D,good
kras_fire_2022,Goriški Kras wildfire,wildfire,CO,mmol/m²,2022-07-31T00:00:00Z,2022-08-01T00:00:00Z,31,SI033,Koroška,24.621038283738827,22.3317202180624,25.354187935590744,0.649729948685203,75,57,18,Sentinel Hub Statistical API / Sentinel-5P,P1D,partial
kras_fire_2022,Goriški Kras wildfire,wildfire,CO,mmol/m²,2022-07-01T00:00:00Z,2022-07-02T00:00:00Z,1,SI034,Savinjska,25.590582575677036,20.664149895310402,30.53143247961998,2.0489376285382406,225,92,133,Sentinel Hub Statistical API / Sentinel-5P,P1D,good
kras_fire_2022,Goriški Kras wildfire,wildfire,CO,mmol/m²,2022-07-02T00:00:00Z,2022-07-03T00:00:00Z,2,SI034,Savinjska,27.52314498800724,20.20077593624592,32.21280127763748,2.5233830206571253,225,103,122,Sentinel Hub Statistical API / Sentinel-5P,P1D,good
kras_fire_2022,Goriški Kras wildfire,wildfire,CO,mmol/m²,2022-07-03T00:00:00Z,2022-07-04T00:00:00Z,3,SI034,Savinjska,24.007836729288105,20.304901525378227,28.090260922908783,1.8703958454832792,225,120,105,Sentinel Hub Statistical API / Sentinel-5P,P1D,partial
kras_fire_2022,Goriški Kras wildfire,wildfire,CO,mmol/m²,2022-07-04T00:00:00Z,2022-07-05T00:00:00Z,4,SI034,Savinjska,26.677855078389154,24.879051372408867,29.41121906042099,1.063030008483223,225,124,101,Sentinel Hub Statistical API / Sentinel-5P,P1D,partial
kras_fire_2022,Goriški Kras wildfire,wildfire,CO,mmol/m²,2022-07-05T00:00:00Z,2022-07-06T00:00:00Z,5,SI034,Savinjska,26.0856770360329,19.314749166369438,30.7303536683321,2.9495428230732,225,98,127,Sentinel Hub Statistical API / Sentinel-5P,P1D,good
kras_fire_2022,Goriški Kras wildfire,wildfire,CO,mmol/m²,2022-07-06T00:00:00Z,2022-07-07T00:00:00Z,6,SI034,Savinjska,29.393591926293038,21.929629147052765,34.13158282637596,2.8387423283994315,225,112,113,Sentinel Hub Statistical API / Sentinel-5P,P1D,good
kras_fire_2022,Goriški Kras wildfire,wildfire,CO,mmol/m²,2022-07-07T00:00:00Z,2022-07-08T00:00:00Z,7,SI034,Savinjska,25.643009394407265,18.566196784377098,30.567513778805733,3.456353732267293,225,200,25,Sentinel Hub Statistical API / Sentinel-5P,P1D,partial
kras_fire_2022,Goriški Kras wildfire,wildfire,CO,mmol/m²,2022-07-08T00:00:00Z,2022-07-09T00:00:00Z,8,SI034,Savinjska,27.86141344522302,18.17191205918789,36.886829882860184,4.7149033349778895,225,151,74,Sentinel Hub Statistical API / Sentinel-5P,P1D,partial
kras_fire_2022,Goriški Kras wildfire,wildfire,CO,mmol/m²,2022-07-09T00:00:00Z,2022-07-10T00:00:00Z,9,SI034,Savinjska,25.785115302393308,20.892731845378876,28.789827600121498,3.115976785572791,225,206,19,Sentinel Hub Statistical API / Sentinel-5P,P1D,partial
kras_fire_2022,Goriški Kras wildfire,wildfire,CO,mmol/m²,2022-07-10T00:00:00Z,2022-07-11T00:00:00Z,10,SI034,Savinjska,26.194217019393793,24.337779730558395,30.030405148863792,1.8848690930389027,225,164,61,Sentinel Hub Statistical API / Sentinel-5P,P1D,partial
kras_fire_2022,Goriški Kras wildfire,wildfire,CO,mmol/m²,2022-07-11T00:00:00Z,2022-07-12T00:00:00Z,11,SI034,Savinjska,22.16441879669825,19.414471462368965,25.206632912158966,1.797123113600863,225,180,45,Sentinel Hub Statistical API / Sentinel-5P,P1D,partial
kras_fire_2022,Goriški Kras wildfire,wildfire,CO,mmol/m²,2022-07-12T00:00:00Z,2022-07-13T00:00:00Z,12,SI034,Savinjska,21.365171647630632,18.175262957811356,27.083758264780045,2.748566315922654,225,209,16,Sentinel Hub Statistical API / Sentinel-5P,P1D,partial
kras_fire_2022,Goriški Kras wildfire,wildfire,CO,mmol/m²,2022-07-13T00:00:00Z,2022-07-14T00:00:00Z,13,SI034,Savinjska,24.38868993373068,20.030900835990906,29.932156205177307,2.1319696835382613,225,114,111,Sentinel Hub Statistical API / Sentinel-5P,P1D,partial
kras_fire_2022,Goriški Kras wildfire,wildfire,CO,mmol/m²,2022-07-14T00:00:00Z,2022-07-15T00:00:00Z,14,SI034,Savinjska,24.10336282963936,17.759574577212334,31.95204585790634,4.146980847713171,225,212,13,Sentinel Hub Statistical API / Sentinel-5P,P1D,partial
kras_fire_2022,Goriški Kras wildfire,wildfire,CO,mmol/m²,2022-07-15T00:00:00Z,2022-07-16T00:00:00Z,15,SI034,Savinjska,27.231111024555407,23.881908506155014,31.393542885780334,1.929869794007359,225,130,95,Sentinel Hub Statistical API / Sentinel-5P,P1D,partial
kras_fire_2022,Goriški Kras wildfire,wildfire,CO,mmol/m²,2022-07-16T00:00:00Z,2022-07-17T00:00:00Z,16,SI034,Savinjska,28.379240614317705,23.532025516033173,33.88481214642525,2.669136165319671,225,120,105,Sentinel Hub Statistical API / Sentinel-5P,P1D,partial
kras_fire_2022,Goriški Kras wildfire,wildfire,CO,mmol/m²,2022-07-17T00:00:00Z,2022-07-18T00:00:00Z,17,SI034,Savinjska,26.834768999336106,21.816926077008247,30.336281284689903,2.1040168482889476,225,108,117,Sentinel Hub Statistical API / Sentinel-5P,P1D,good
kras_fire_2022,Goriški Kras wildfire,wildfire,CO,mmol/m²,2022-07-18T00:00:00Z,2022-07-19T00:00:00Z,18,SI034,Savinjska,27.84831832433419,20.96704952418804,32.74669870734215,2.6881617044434973,225,101,124,Sentinel Hub Statistical API / Sentinel-5P,P1D,good
kras_fire_2022,Goriški Kras wildfire,wildfire,CO,mmol/m²,2022-07-19T00:00:00Z,2022-07-20T00:00:00Z,19,SI034,Savinjska,24.436820003135907,18.411552533507347,29.01795133948326,2.2786816805697936,225,143,82,Sentinel Hub Statistical API / Sentinel-5P,P1D,partial
kras_fire_2022,Goriški Kras wildfire,wildfire,CO,mmol/m²,2022-07-20T00:00:00Z,2022-07-21T00:00:00Z,20,SI034,Savinjska,28.248341830625925,22.87694253027439,31.377889215946198,2.4160881517243666,225,152,73,Sentinel Hub Statistical API / Sentinel-5P,P1D,partial
kras_fire_2022,Goriški Kras wildfire,wildfire,CO,mmol/m²,2022-07-21T00:00:00Z,2022-07-22T00:00:00Z,21,SI034,Savinjska,28.707319146229157,23.17364513874054,33.80840644240379,1.9253260422661818,225,117,108,Sentinel Hub Statistical API / Sentinel-5P,P1D,partial
kras_fire_2022,Goriški Kras wildfire,wildfire,CO,mmol/m²,2022-07-22T00:00:00Z,2022-07-23T00:00:00Z,22,SI034,Savinjska,27.89223971111434,19.476687535643578,34.24353152513504,3.1533141423419857,225,120,105,Sentinel Hub Statistical API / Sentinel-5P,P1D,partial
kras_fire_2022,Goriški Kras wildfire,wildfire,CO,mmol/m²,2022-07-23T00:00:00Z,2022-07-24T00:00:00Z,23,SI034,Savinjska,32.95589792692372,22.626161575317383,40.51390290260315,4.089240274779595,225,101,124,Sentinel Hub Statistical API / Sentinel-5P,P1D,good
kras_fire_2022,Goriški Kras wildfire,wildfire,CO,mmol/m²,2022-07-24T00:00:00Z,2022-07-25T00:00:00Z,24,SI034,Savinjska,29.615385127404036,19.215663895010948,36.863334476947784,3.609604479495648,225,101,124,Sentinel Hub Statistical API / Sentinel-5P,P1D,good
kras_fire_2022,Goriški Kras wildfire,wildfire,CO,mmol/m²,2022-07-25T00:00:00Z,2022-07-26T00:00:00Z,25,SI034,Savinjska,28.42749919482442,24.282800033688545,30.88538348674774,1.742533593647884,225,182,43,Sentinel Hub Statistical API / Sentinel-5P,P1D,partial
kras_fire_2022,Goriški Kras wildfire,wildfire,CO,mmol/m²,2022-07-26T00:00:00Z,2022-07-27T00:00:00Z,26,SI034,Savinjska,23.76945503056049,21.675998345017433,26.715565472841263,2.2953472741208034,225,217,8,Sentinel Hub Statistical API / Sentinel-5P,P1D,partial
kras_fire_2022,Goriški Kras wildfire,wildfire,CO,mmol/m²,2022-07-27T00:00:00Z,2022-07-28T00:00:00Z,27,SI034,Savinjska,28.74747598543764,22.541292011737823,33.43122452497482,2.3959799548003278,225,125,100,Sentinel Hub Statistical API / Sentinel-5P,P1D,partial
kras_fire_2022,Goriški Kras wildfire,wildfire,CO,mmol/m²,2022-07-28T00:00:00Z,2022-07-29T00:00:00Z,28,SI034,Savinjska,29.022833047149415,21.13792672753334,35.5258546769619,3.025293032050025,225,114,111,Sentinel Hub Statistical API / Sentinel-5P,P1D,partial
kras_fire_2022,Goriški Kras wildfire,wildfire,CO,mmol/m²,2022-07-29T00:00:00Z,2022-07-30T00:00:00Z,29,SI034,Savinjska,28.868807206765315,24.159694090485573,33.925559371709824,2.4584225167225764,225,109,116,Sentinel Hub Statistical API / Sentinel-5P,P1D,good
kras_fire_2022,Goriški Kras wildfire,wildfire,CO,mmol/m²,2022-07-30T00:00:00Z,2022-07-31T00:00:00Z,30,SI034,Savinjska,23.691802036384452,18.907172605395317,30.092693865299225,3.0671201553236123,225,154,71,Sentinel Hub Statistical API / Sentinel-5P,P1D,partial
kras_fire_2022,Goriški Kras wildfire,wildfire,CO,mmol/m²,2022-07-31T00:00:00Z,2022-08-01T00:00:00Z,31,SI034,Savinjska,25.730594302769067,22.074827924370766,28.078021481633186,1.4524581145563968,225,171,54,Sentinel Hub Statistical API / Sentinel-5P,P1D,partial
kras_fire_2022,Goriški Kras wildfire,wildfire,CO,mmol/m²,2022-07-01T00:00:00Z,2022-07-02T00:00:00Z,1,SI035,Zasavska,25.65386609146089,23.311344906687737,28.54990027844906,1.539527998032051,45,12,33,Sentinel Hub Statistical API / Sentinel-5P,P1D,good
kras_fire_2022,Goriški Kras wildfire,wildfire,CO,mmol/m²,2022-07-02T00:00:00Z,2022-07-03T00:00:00Z,2,SI035,Zasavska,27.85338963748831,23.08337204158306,30.304042622447014,2.2607319598308413,45,12,33,Sentinel Hub Statistical API / Sentinel-5P,P1D,good
kras_fire_2022,Goriški Kras wildfire,wildfire,CO,mmol/m²,2022-07-03T00:00:00Z,2022-07-04T00:00:00Z,3,SI035,Zasavska,21.20015666716629,18.033694475889206,24.44108948111534,1.7191874856040217,45,27,18,Sentinel Hub Statistical API / Sentinel-5P,P1D,partial
kras_fire_2022,Goriški Kras wildfire,wildfire,CO,mmol/m²,2022-07-04T00:00:00Z,2022-07-05T00:00:00Z,4,SI035,Zasavska,26.84725703937667,24.879051372408867,30.59140034019947,1.6283311758212295,45,10,35,Sentinel Hub Statistical API / Sentinel-5P,P1D,good
kras_fire_2022,Goriški Kras wildfire,wildfire,CO,mmol/m²,2022-07-05T00:00:00Z,2022-07-06T00:00:00Z,5,SI035,Zasavska,24.315516118492397,19.314749166369438,27.71877683699131,2.1719742006507228,45,10,35,Sentinel Hub Statistical API / Sentinel-5P,P1D,good
kras_fire_2022,Goriški Kras wildfire,wildfire,CO,mmol/m²,2022-07-06T00:00:00Z,2022-07-07T00:00:00Z,6,SI035,Zasavska,28.75841370430486,26.090240105986595,31.17257170379162,1.428961200452661,45,16,29,Sentinel Hub Statistical API / Sentinel-5P,P1D,good
kras_fire_2022,Goriški Kras wildfire,wildfire,CO,mmol/m²,2022-07-07T00:00:00Z,2022-07-08T00:00:00Z,7,SI035,Zasavska,25.642994791269302,24.757757782936096,26.085613295435905,0.6259570915497024,45,42,3,Sentinel Hub Statistical API / Sentinel-5P,P1D,partial
kras_fire_2022,Goriški Kras wildfire,wildfire,CO,mmol/m²,2022-07-08T00:00:00Z,2022-07-09T00:00:00Z,8,SI035,Zasavska,28.888053831554227,21.610846742987633,36.67528182268143,3.882989210982197,45,14,31,Sentinel Hub Statistical API / Sentinel-5P,P1D,good
kras_fire_2022,Goriški Kras wildfire,wildfire,CO,mmol/m²,2022-07-09T00:00:00Z,2022-07-10T00:00:00Z,9,SI035,Zasavska,26.243746746331453,24.211551994085312,27.46768295764923,1.064585683836402,45,33,12,Sentinel Hub Statistical API / Sentinel-5P,P1D,partial
kras_fire_2022,Goriški Kras wildfire,wildfire,CO,mmol/m²,2022-07-10T00:00:00Z,2022-07-11T00:00:00Z,10,SI035,Zasavska,28.548360146858077,26.75013057887554,29.91950698196888,1.0900466428547793,45,18,27,Sentinel Hub Statistical API / Sentinel-5P,P1D,good
kras_fire_2022,Goriški Kras wildfire,wildfire,CO,mmol/m²,2022-07-11T00:00:00Z,2022-07-12T00:00:00Z,11,SI035,Zasavska,22.92573272895354,19.927211105823517,26.33414976298809,1.8846894451944782,45,19,26,Sentinel Hub Statistical API / Sentinel-5P,P1D,good
kras_fire_2022,Goriški Kras wildfire,wildfire,CO,mmol/m²,2022-07-12T00:00:00Z,2022-07-13T00:00:00Z,12,SI035,Zasavska,23.301632417475478,20.30804380774498,26.012685149908066,1.9433885579163526,45,28,17,Sentinel Hub Statistical API / Sentinel-5P,P1D,partial
kras_fire_2022,Goriški Kras wildfire,wildfire,CO,mmol/m²,2022-07-13T00:00:00Z,2022-07-14T00:00:00Z,13,SI035,Zasavska,25.335205333500074,22.52444066107273,29.91425432264805,1.5837918295902655,45,16,29,Sentinel Hub Statistical API / Sentinel-5P,P1D,good
kras_fire_2022,Goriški Kras wildfire,wildfire,CO,mmol/m²,2022-07-14T00:00:00Z,2022-07-15T00:00:00Z,14,SI035,Zasavska,33.13618525862694,33.13618525862694,33.13618525862694,0.0,45,44,1,Sentinel Hub Statistical API / Sentinel-5P,P1D,partial
kras_fire_2022,Goriški Kras wildfire,wildfire,CO,mmol/m²,2022-07-15T00:00:00Z,2022-07-16T00:00:00Z,15,SI035,Zasavska,27.855180203914642,27.665158733725548,28.23522314429283,0.2687309402834923,45,42,3,Sentinel Hub Statistical API / Sentinel-5P,P1D,partial
kras_fire_2022,Goriški Kras wildfire,wildfire,CO,mmol/m²,2022-07-16T00:00:00Z,2022-07-17T00:00:00Z,16,SI035,Zasavska,27.94925944396743,25.694113224744797,30.038276687264442,1.5716227866682944,45,18,27,Sentinel Hub Statistical API / Sentinel-5P,P1D,good
kras_fire_2022,Goriški Kras wildfire,wildfire,CO,mmol/m²,2022-07-17T00:00:00Z,2022-07-18T00:00:00Z,17,SI035,Zasavska,25.581806632024904,24.150710552930832,27.320589870214462,1.1032034507938482,45,31,14,Sentinel Hub Statistical API / Sentinel-5P,P1D,partial
kras_fire_2022,Goriški Kras wildfire,wildfire,CO,mmol/m²,2022-07-18T00:00:00Z,2022-07-19T00:00:00Z,18,SI035,Zasavska,27.047363767290815,21.266059949994087,31.10426850616932,2.743935877521664,45,11,34,Sentinel Hub Statistical API / Sentinel-5P,P1D,good
kras_fire_2022,Goriški Kras wildfire,wildfire,CO,mmol/m²,2022-07-19T00:00:00Z,2022-07-20T00:00:00Z,19,SI035,Zasavska,23.62859963128964,21.669773384928703,26.39501914381981,1.5535283752083262,45,27,18,Sentinel Hub Statistical API / Sentinel-5P,P1D,partial
kras_fire_2022,Goriški Kras wildfire,wildfire,CO,mmol/m²,2022-07-20T00:00:00Z,2022-07-21T00:00:00Z,20,SI035,Zasavska,28.815701309787602,27.809947729110718,30.668877065181732,1.0548148499059284,45,26,19,Sentinel Hub Statistical API / Sentinel-5P,P1D,partial
kras_fire_2022,Goriški Kras wildfire,wildfire,CO,mmol/m²,2022-07-21T00:00:00Z,2022-07-22T00:00:00Z,21,SI035,Zasavska,26.53769944750128,25.01065842807293,30.338561162352562,1.419326405452728,45,24,21,Sentinel Hub Statistical API / Sentinel-5P,P1D,partial
kras_fire_2022,Goriški Kras wildfire,wildfire,CO,mmol/m²,2022-07-22T00:00:00Z,2022-07-23T00:00:00Z,22,SI035,Zasavska,28.850690381867544,25.332506746053696,31.07331693172455,1.9855207595335798,45,10,35,Sentinel Hub Statistical API / Sentinel-5P,P1D,good
kras_fire_2022,Goriški Kras wildfire,wildfire,CO,mmol/m²,2022-07-23T00:00:00Z,2022-07-24T00:00:00Z,23,SI035,Zasavska,33.078064060499585,28.95265631377697,38.1719134747982,2.6411966442934527,45,14,31,Sentinel Hub Statistical API / Sentinel-5P,P1D,good
kras_fire_2022,Goriški Kras wildfire,wildfire,CO,mmol/m²,2022-07-24T00:00:00Z,2022-07-25T00:00:00Z,24,SI035,Zasavska,30.450809089576495,25.863703340291977,38.901299238204956,3.142536370549122,45,11,34,Sentinel Hub Statistical API / Sentinel-5P,P1D,good
kras_fire_2022,Goriški Kras wildfire,wildfire,CO,mmol/m²,2022-07-25T00:00:00Z,2022-07-26T00:00:00Z,25,SI035,Zasavska,30.649539668645176,29.582709074020386,31.19371272623539,0.3837999771645239,45,10,35,Sentinel Hub Statistical API / Sentinel-5P,P1D,good
kras_fire_2022,Goriški Kras wildfire,wildfire,CO,mmol/m²,2022-07-26T00:00:00Z,2022-07-27T00:00:00Z,26,SI035,Zasavska,,,,,45,45,0,Sentinel Hub Statistical API / Sentinel-5P,P1D,missing
kras_fire_2022,Goriški Kras wildfire,wildfire,CO,mmol/m²,2022-07-27T00:00:00Z,2022-07-28T00:00:00Z,27,SI035,Zasavska,29.220539424568415,27.13550627231598,31.915046274662018,1.4023480150429024,45,25,20,Sentinel Hub Statistical API / Sentinel-5P,P1D,partial
kras_fire_2022,Goriški Kras wildfire,wildfire,CO,mmol/m²,2022-07-28T00:00:00Z,2022-07-29T00:00:00Z,28,SI035,Zasavska,28.38881850680884,24.011926725506783,30.986549332737923,1.9766436089875385,45,11,34,Sentinel Hub Statistical API / Sentinel-5P,P1D,good
kras_fire_2022,Goriški Kras wildfire,wildfire,CO,mmol/m²,2022-07-29T00:00:00Z,2022-07-30T00:00:00Z,29,SI035,Zasavska,28.76427303999662,24.406591430306435,32.479140907526016,2.213471505715706,45,11,34,Sentinel Hub Statistical API / Sentinel-5P,P1D,good
kras_fire_2022,Goriški Kras wildfire,wildfire,CO,mmol/m²,2022-07-30T00:00:00Z,2022-07-31T00:00:00Z,30,SI035,Zasavska,26.439934348066647,22.334547713398933,29.639264568686485,3.231245644783247,45,39,6,Sentinel Hub Statistical API / Sentinel-5P,P1D,partial
kras_fire_2022,Goriški Kras wildfire,wildfire,CO,mmol/m²,2022-07-31T00:00:00Z,2022-08-01T00:00:00Z,31,SI035,Zasavska,25.340483140419515,23.1627244502306,28.078021481633186,1.9020407988049064,45,28,17,Sentinel Hub Statistical API / Sentinel-5P,P1D,partial
kras_fire_2022,Goriški Kras wildfire,wildfire,CO,mmol/m²,2022-07-01T00:00:00Z,2022-07-02T00:00:00Z,1,SI036,Posavska,26.53450553573794,21.558942273259163,29.636498540639877,1.8951560987567855,78,19,59,Sentinel Hub Statistical API / Sentinel-5P,P1D,good
kras_fire_2022,Goriški Kras wildfire,wildfire,CO,mmol/m²,2022-07-02T00:00:00Z,2022-07-03T00:00:00Z,2,SI036,Posavska,28.294356012681746,22.573137655854225,31.292833387851715,2.222919593216667,78,25,53,Sentinel Hub Statistical API / Sentinel-5P,P1D,good
kras_fire_2022,Goriški Kras wildfire,wildfire,CO,mmol/m²,2022-07-03T00:00:00Z,2022-07-04T00:00:00Z,3,SI036,Posavska,25.19527605988763,18.033694475889206,29.672445729374886,2.1398594878700914,78,23,55,Sentinel Hub Statistical API / Sentinel-5P,P1D,good
kras_fire_2022,Goriški Kras wildfire,wildfire,CO,mmol/m²,2022-07-04T00:00:00Z,2022-07-05T00:00:00Z,4,SI036,Posavska,26.86466755089807,21.91448025405407,31.05904720723629,1.8146959224097845,78,27,51,Sentinel Hub Statistical API / Sentinel-5P,P1D,good
kras_fire_2022,Goriški Kras wildfire,wildfire,CO,mmol/m²,2022-07-05T00:00:00Z,2022-07-06T00:00:00Z,5,SI036,Posavska,25.27799374527401,21.858492866158485,30.7303536683321,1.8729210403634569,78,60,18,Sentinel Hub Statistical API / Sentinel-5P,P1D,partial
kras_fire_2022,Goriški Kras wildfire,wildfire,CO,mmol/m²,2022-07-06T00:00:00Z,2022-07-07T00:00:00Z,6,SI036,Posavska,31.370385376326094,27.990929782390594,34.250661730766296,1.58632639658851,78,19,59,Sentinel Hub Statistical API / Sentinel-5P,P1D,good
kras_fire_2022,Goriški Kras wildfire,wildfire,CO,mmol/m²,2022-07-07T00:00:00Z,2022-07-08T00:00:00Z,7,SI036,Posavska,27.37980632280762,22.64336310327053,31.548239290714264,2.3401364727236844,78,34,44,Sentinel Hub Statistical API / Sentinel-5P,P1D,good
kras_fire_2022,Goriški Kras wildfire,wildfire,CO,mmol/m²,2022-07-08T00:00:00Z,2022-07-09T00:00:00Z,8,SI036,Posavska,29.965559641520183,29.317162930965424,30.28975799679756,0.45848571093232077,78,75,3,Sentinel Hub Statistical API / Sentinel-5P,P1D,partial
kras_fire_2022,Goriški Kras wildfire,wildfire,CO,mmol/m²,2022-07-09T00:00:00Z,2022-07-10T00:00:00Z,9,SI036,Posavska,27.46768295764923,27.46768295764923,27.46768295764923,0.0,78,75,3,Sentinel Hub Statistical API / Sentinel-5P,P1D,partial
kras_fire_2022,Goriški Kras wildfire,wildfire,CO,mmol/m²,2022-07-10T00:00:00Z,2022-07-11T00:00:00Z,10,SI036,Posavska,27.26881692217568,24.773381650447845,31.09956718981266,1.8776040885295626,78,19,59,Sentinel Hub Statistical API / Sentinel-5P,P1D,good
kras_fire_2022,Goriški Kras wildfire,wildfire,CO,mmol/m²,2022-07-11T00:00:00Z,2022-07-12T00:00:00Z,11,SI036,Posavska,24.11903546385046,19.414471462368965,28.98501791059971,2.6059854177130184,78,25,53,Sentinel Hub Statistical API / Sentinel-5P,P1D,good
kras_fire_2022,Goriški Kras wildfire,wildfire,CO,mmol/m²,2022-07-12T00:00:00Z,2022-07-13T00:00:00Z,12,SI036,Posavska,22.441766411066055,20.8988506346941,25.350794196128845,1.6272215968549206,78,73,5,Sentinel Hub Statistical API / Sentinel-5P,P1D,partial
kras_fire_2022,Goriški Kras wildfire,wildfire,CO,mmol/m²,2022-07-13T00:00:00Z,2022-07-14T00:00:00Z,13,SI036,Posavska,25.33833467298084,21.03021927177906,28.698941692709923,2.229909925742233,78,33,45,Sentinel Hub Statistical API / Sentinel-5P,P1D,good
kras_fire_2022,Goriški Kras wildfire,wildfire,CO,mmol/m²,2022-07-14T00:00:00Z,2022-07-15T00:00:00Z,14,SI036,Posavska,27.11998453984658,26.082955300807953,30.424442142248154,1.12820662569723,78,66,12,Sentinel Hub Statistical API / Sentinel-5P,P1D,partial
kras_fire_2022,Goriški Kras wildfire,wildfire,CO,mmol/m²,2022-07-15T00:00:00Z,2022-07-16T00:00:00Z,15,SI036,Posavska,27.178178525023295,24.536456912755966,29.811302199959755,1.6403990471746597,78,21,57,Sentinel Hub Statistical API / Sentinel-5P,P1D,good
kras_fire_2022,Goriški Kras wildfire,wildfire,CO,mmol/m²,2022-07-16T00:00:00Z,2022-07-17T00:00:00Z,16,SI036,Posavska,30.433454164644573,26.25730261206627,33.55152904987335,1.8368866740067684,78,37,41,Sentinel Hub Statistical API / Sentinel-5P,P1D,good
kras_fire_2022,Goriški Kras wildfire,wildfire,CO,mmol/m²,2022-07-17T00:00:00Z,2022-07-18T00:00:00Z,17,SI036,Posavska,27.344204616128348,23.175571113824844,30.839575454592705,1.865776344270837,78,21,57,Sentinel Hub Statistical API / Sentinel-5P,P1D,good
kras_fire_2022,Goriški Kras wildfire,wildfire,CO,mmol/m²,2022-07-18T00:00:00Z,2022-07-19T00:00:00Z,18,SI036,Posavska,28.82522884440624,21.465357393026352,34.58940237760544,2.5717218190505866,78,19,59,Sentinel Hub Statistical API / Sentinel-5P,P1D,good
kras_fire_2022,Goriški Kras wildfire,wildfire,CO,mmol/m²,2022-07-19T00:00:00Z,2022-07-20T00:00:00Z,19,SI036,Posavska,25.35554139715869,21.669773384928703,27.82580256462097,1.2269140207757807,78,37,41,Sentinel Hub Statistical API / Sentinel-5P,P1D,good
kras_fire_2022,Goriški Kras wildfire,wildfire,CO,mmol/m²,2022-07-20T00:00:00Z,2022-07-21T00:00:00Z,20,SI036,Posavska,27.53234517705791,22.696951404213905,30.432721599936485,1.984763638768084,78,44,34,Sentinel Hub Statistical API / Sentinel-5P,P1D,partial
kras_fire_2022,Goriški Kras wildfire,wildfire,CO,mmol/m²,2022-07-21T00:00:00Z,2022-07-22T00:00:00Z,21,SI036,Posavska,29.400370540944017,25.01065842807293,32.02679753303528,1.7077461003580556,78,23,55,Sentinel Hub Statistical API / Sentinel-5P,P1D,good
kras_fire_2022,Goriški Kras wildfire,wildfire,CO,mmol/m²,2022-07-22T00:00:00Z,2022-07-23T00:00:00Z,22,SI036,Posavska,28.927860328474562,25.120481848716736,31.03756532073021,1.4606576873252508,78,41,37,Sentinel Hub Statistical API / Sentinel-5P,P1D,partial
kras_fire_2022,Goriški Kras wildfire,wildfire,CO,mmol/m²,2022-07-23T00:00:00Z,2022-07-24T00:00:00Z,23,SI036,Posavska,33.551164066134874,27.949092909693718,39.56257179379463,2.6288679536166524,78,19,59,Sentinel Hub Statistical API / Sentinel-5P,P1D,good
kras_fire_2022,Goriški Kras wildfire,wildfire,CO,mmol/m²,2022-07-24T00:00:00Z,2022-07-25T00:00:00Z,24,SI036,Posavska,30.293686899776553,21.48345299065113,35.57303175330162,3.643681434761218,78,27,51,Sentinel Hub Statistical API / Sentinel-5P,P1D,good
kras_fire_2022,Goriški Kras wildfire,wildfire,CO,mmol/m²,2022-07-25T00:00:00Z,2022-07-26T00:00:00Z,25,SI036,Posavska,30.794744938611984,30.532924458384514,31.18145652115345,0.31577928165899516,78,73,5,Sentinel Hub Statistical API / Sentinel-5P,P1D,partial
kras_fire_2022,Goriški Kras wildfire,wildfire,CO,mmol/m²,2022-07-26T00:00:00Z,2022-07-27T00:00:00Z,26,SI036,Posavska,,,,,78,78,0,Sentinel Hub Statistical API / Sentinel-5P,P1D,missing
kras_fire_2022,Goriški Kras wildfire,wildfire,CO,mmol/m²,2022-07-27T00:00:00Z,2022-07-28T00:00:00Z,27,SI036,Posavska,29.755878783762466,24.6579609811306,33.97180885076523,2.154216656811224,78,28,50,Sentinel Hub Statistical API / Sentinel-5P,P1D,good
kras_fire_2022,Goriški Kras wildfire,wildfire,CO,mmol/m²,2022-07-28T00:00:00Z,2022-07-29T00:00:00Z,28,SI036,Posavska,30.988516552107676,25.363899767398834,36.601562052965164,2.6313174606304806,78,29,49,Sentinel Hub Statistical API / Sentinel-5P,P1D,good
kras_fire_2022,Goriški Kras wildfire,wildfire,CO,mmol/m²,2022-07-29T00:00:00Z,2022-07-30T00:00:00Z,29,SI036,Posavska,30.160516591333767,24.406591430306435,34.30546075105667,2.2569962127798915,78,37,41,Sentinel Hub Statistical API / Sentinel-5P,P1D,good
kras_fire_2022,Goriški Kras wildfire,wildfire,CO,mmol/m²,2022-07-30T00:00:00Z,2022-07-31T00:00:00Z,30,SI036,Posavska,25.081243241826694,18.907172605395317,29.45091761648655,2.946473327121508,78,33,45,Sentinel Hub Statistical API / Sentinel-5P,P1D,good
kras_fire_2022,Goriški Kras wildfire,wildfire,CO,mmol/m²,2022-07-31T00:00:00Z,2022-08-01T00:00:00Z,31,SI036,Posavska,27.053732898528303,24.482546374201775,30.261117964982986,1.4531605257640212,78,19,59,Sentinel Hub Statistical API / Sentinel-5P,P1D,good
kras_fire_2022,Goriški Kras wildfire,wildfire,CO,mmol/m²,2022-07-01T00:00:00Z,2022-07-02T00:00:00Z,1,SI037,Jugovzhodna Slovenija,26.294643575375947,21.558942273259163,30.333220958709717,1.9465745056108574,204,56,148,Sentinel Hub Statistical API / Sentinel-5P,P1D,good
kras_fire_2022,Goriški Kras wildfire,wildfire,CO,mmol/m²,2022-07-02T00:00:00Z,2022-07-03T00:00:00Z,2,SI037,Jugovzhodna Slovenija,27.174349073902704,21.64646051824093,34.610189497470856,2.5342932902465765,204,76,128,Sentinel Hub Statistical API / Sentinel-5P,P1D,good
kras_fire_2022,Goriški Kras wildfire,wildfire,CO,mmol/m²,2022-07-03T00:00:00Z,2022-07-04T00:00:00Z,3,SI037,Jugovzhodna Slovenija,23.19905483735758,17.53390207886696,32.317567616701126,2.6665279193699414,204,90,114,Sentinel Hub Statistical API / Sentinel-5P,P1D,good
kras_fire_2022,Goriški Kras wildfire,wildfire,CO,mmol/m²,2022-07-04T00:00:00Z,2022-07-05T00:00:00Z,4,SI037,Jugovzhodna Slovenija,27.286201455565383,21.91448025405407,29.794497415423393,2.0005091497896528,204,161,43,Sentinel Hub Statistical API / Sentinel-5P,P1D,partial
kras_fire_2022,Goriški Kras wildfire,wildfire,CO,mmol/m²,2022-07-05T00:00:00Z,2022-07-06T00:00:00Z,5,SI037,Jugovzhodna Slovenija,24.320888346520015,19.03008110821247,29.022999107837677,3.067456433391951,204,135,69,Sentinel Hub Statistical API / Sentinel-5P,P1D,partial
kras_fire_2022,Goriški Kras wildfire,wildfire,CO,mmol/m²,2022-07-06T00:00:00Z,2022-07-07T00:00:00Z,6,SI037,Jugovzhodna Slovenija,29.592351712936512,24.958482012152672,33.590368926525116,2.1155441524920153,204,55,149,Sentinel Hub Statistical API / Sentinel-5P,P1D,good
kras_fire_2022,Goriški Kras wildfire,wildfire,CO,mmol/m²,2022-07-07T00:00:00Z,2022-07-08T00:00:00Z,7,SI037,Jugovzhodna Slovenija,25.20141839473085,16.686007380485535,29.357535764575005,2.6469961243799975,204,116,88,Sentinel Hub Statistical API / Sentinel-5P,P1D,partial
kras_fire_2022,Goriški Kras wildfire,wildfire,CO,mmol/m²,2022-07-08T00:00:00Z,2022-07-09T00:00:00Z,8,SI037,Jugovzhodna Slovenija,26.908842708777502,21.96360193192959,32.7485017478466,2.502754272345655,204,177,27,Sentinel Hub Statistical API / Sentinel-5P,P1D,partial
kras_fire_2022,Goriški Kras wildfire,wildfire,CO,mmol/m²,2022-07-09T00:00:00Z,2022-07-10T00:00:00Z,9,SI037,Jugovzhodna Slovenija,26.37470623036636,22.90196530520916,29.21038120985031,1.981285581151441,204,107,97,Sentinel Hub Statistical API / Sentinel-5P,P1D,partial
kras_fire_2022,Goriški Kras wildfire,wildfire,CO,mmol/m²,2022-07-10T00:00:00Z,2022-07-11T00:00:00Z,10,SI037,Jugovzhodna Slovenija,27.02882625423111,21.900108084082603,31.09956718981266,1.8903236065476035,204,61,143,Sentinel Hub Statistical API / Sentinel-5P,P1D,good
kras_fire_2022,Goriški Kras wildfire,wildfire,CO,mmol/m²,2022-07-11T00:00:00Z,2022-07-12T00:00:00Z,11,SI037,Jugovzhodna Slovenija,24.115845463725183,19.938144832849503,27.68993377685547,2.036256533423086,204,70,134,Sentinel Hub Statistical API / Sentinel-5P,P1D,good
kras_fire_2022,Goriški Kras wildfire,wildfire,CO,mmol/m²,2022-07-12T00:00:00Z,2022-07-13T00:00:00Z,12,SI037,Jugovzhodna Slovenija,22.592705562068474,18.775252625346184,27.904260903596878,2.2434091415066195,204,88,116,Sentinel Hub Statistical API / Sentinel-5P,P1D,good
kras_fire_2022,Goriški Kras wildfire,wildfire,CO,mmol/m²,2022-07-13T00:00:00Z,2022-07-14T00:00:00Z,13,SI037,Jugovzhodna Slovenija,23.970054120154057,17.98100396990776,29.800184071063995,2.853336457538703,204,68,136,Sentinel Hub Statistical API / Sentinel-5P,P1D,good
kras_fire_2022,Goriški Kras wildfire,wildfire,CO,mmol/m²,2022-07-14T00:00:00Z,2022-07-15T00:00:00Z,14,SI037,Jugovzhodna Slovenija,25.344296652186028,21.500613540410995,33.38415548205376,2.562183388142862,204,93,111,Sentinel Hub Statistical API / Sentinel-5P,P1D,good
kras_fire_2022,Goriški Kras wildfire,wildfire,CO,mmol/m²,2022-07-15T00:00:00Z,2022-07-16T00:00:00Z,15,SI037,Jugovzhodna Slovenija,27.14554550855056,23.57521466910839,30.491136014461517,1.9007120975686154,204,89,115,Sentinel Hub Statistical API / Sentinel-5P,P1D,good
kras_fire_2022,Goriški Kras wildfire,wildfire,CO,mmol/m²,2022-07-16T00:00:00Z,2022-07-17T00:00:00Z,16,SI037,Jugovzhodna Slovenija,27.388908434659232,20.617322996258736,33.55152904987335,2.4340087625864117,204,72,132,Sentinel Hub Statistical API / Sentinel-5P,P1D,good
kras_fire_2022,Goriški Kras wildfire,wildfire,CO,mmol/m²,2022-07-17T00:00:00Z,2022-07-18T00:00:00Z,17,SI037,Jugovzhodna Slovenija,25.971244665838423,22.129515185952187,30.839575454592705,1.709016614342987,204,99,105,Sentinel Hub Statistical API / Sentinel-5P,P1D,good
kras_fire_2022,Goriški Kras wildfire,wildfire,CO,mmol/m²,2022-07-18T00:00:00Z,2022-07-19T00:00:00Z,18,SI037,Jugovzhodna Slovenija,26.984036568399162,21.055269986391068,34.3182198703289,2.6459243226012017,204,58,146,Sentinel Hub Statistical API / Sentinel-5P,P1D,good
kras_fire_2022,Goriški Kras wildfire,wildfire,CO,mmol/m²,2022-07-19T00:00:00Z,2022-07-20T00:00:00Z,19,SI037,Jugovzhodna Slovenija,23.536635243466904,17.140476033091545,30.174732208251953,2.9574034252496477,204,99,105,Sentinel Hub Statistical API / Sentinel-5P,P1D,good
kras_fire_2022,Goriški Kras wildfire,wildfire,CO,mmol/m²,2022-07-20T00:00:00Z,2022-07-21T00:00:00Z,20,SI037,Jugovzhodna Slovenija,28.411733698141717,22.696951404213905,31.11734241247177,1.8572467630555394,204,115,89,Sentinel Hub Statistical API / Sentinel-5P,P1D,partial
kras_fire_2022,Goriški Kras wildfire,wildfire,CO,mmol/m²,2022-07-21T00:00:00Z,2022-07-22T00:00:00Z,21,SI037,Jugovzhodna Slovenija,27.62541491186844,22.96660840511322,31.5205417573452,1.9477202132969726,204,98,106,Sentinel Hub Statistical API / Sentinel-5P,P1D,good
kras_fire_2022,Goriški Kras wildfire,wildfire,CO,mmol/m²,2022-07-22T00:00:00Z,2022-07-23T00:00:00Z,22,SI037,Jugovzhodna Slovenija,27.797971217131085,22.729188203811646,32.663390040397644,2.363318822969114,204,72,132,Sentinel Hub Statistical API / Sentinel-5P,P1D,good
kras_fire_2022,Goriški Kras wildfire,wildfire,CO,mmol/m²,2022-07-23T00:00:00Z,2022-07-24T00:00:00Z,23,SI037,Jugovzhodna Slovenija,28.385071083903302,20.20128071308136,34.56290811300278,3.4990310618859053,204,57,147,Sentinel Hub Statistical API / Sentinel-5P,P1D,good
kras_fire_2022,Goriški Kras wildfire,wildfire,CO,mmol/m²,2022-07-24T00:00:00Z,2022-07-25T00:00:00Z,24,SI037,Jugovzhodna Slovenija,31.63443504297358,25.091495364904404,37.964679300785065,3.0040334684911687,204,77,127,Sentinel Hub Statistical API / Sentinel-5P,P1D,good
kras_fire_2022,Goriški Kras wildfire,wildfire,CO,mmol/m²,2022-07-25T00:00:00Z,2022-07-26T00:00:00Z,25,SI037,Jugovzhodna Slovenija,28.797013636090252,24.440603330731392,33.46024453639984,3.2416431514682076,204,128,76,Sentinel Hub Statistical API / Sentinel-5P,P1D,partial
kras_fire_2022,Goriški Kras wildfire,wildfire,CO,mmol/m²,2022-07-26T00:00:00Z,2022-07-27T00:00:00Z,26,SI037,Jugovzhodna Slovenija,,,,,204,204,0,Sentinel Hub Statistical API / Sentinel-5P,P1D,missing
kras_fire_2022,Goriški Kras wildfire,wildfire,CO,mmol/m²,2022-07-27T00:00:00Z,2022-07-28T00:00:00Z,27,SI037,Jugovzhodna Slovenija,28.620066176004265,26.39552764594555,32.727569341659546,1.713014798261759,204,170,34,Sentinel Hub Statistical API / Sentinel-5P,P1D,partial
kras_fire_2022,Goriški Kras wildfire,wildfire,CO,mmol/m²,2022-07-28T00:00:00Z,2022-07-29T00:00:00Z,28,SI037,Jugovzhodna Slovenija,29.075616613438687,24.444062262773514,33.9505560696125,1.9929419195045803,204,58,146,Sentinel Hub Statistical API / Sentinel-5P,P1D,good
kras_fire_2022,Goriški Kras wildfire,wildfire,CO,mmol/m²,2022-07-29T00:00:00Z,2022-07-30T00:00:00Z,29,SI037,Jugovzhodna Slovenija,29.361886560048873,22.895390167832375,34.74453464150429,2.639106506543616,204,101,103,Sentinel Hub Statistical API / Sentinel-5P,P1D,good
kras_fire_2022,Goriški Kras wildfire,wildfire,CO,mmol/m²,2022-07-30T00:00:00Z,2022-07-31T00:00:00Z,30,SI037,Jugovzhodna Slovenija,27.164197013039015,23.69363233447075,36.420200020074844,3.07321572495981,204,146,58,Sentinel Hub Statistical API / Sentinel-5P,P1D,partial
kras_fire_2022,Goriški Kras wildfire,wildfire,CO,mmol/m²,2022-07-31T00:00:00Z,2022-08-01T00:00:00Z,31,SI037,Jugovzhodna Slovenija,25.376666082094786,22.98467978835106,30.261117964982986,1.7985783460637077,204,58,146,Sentinel Hub Statistical API / Sentinel-5P,P1D,good
kras_fire_2022,Goriški Kras wildfire,wildfire,CO,mmol/m²,2022-07-01T00:00:00Z,2022-07-02T00:00:00Z,1,SI038,Primorsko-notranjska,25.63812791720613,20.905211567878723,30.655236914753914,2.0441941423936028,88,11,77,Sentinel Hub Statistical API / Sentinel-5P,P1D,good
kras_fire_2022,Goriški Kras wildfire,wildfire,CO,mmol/m²,2022-07-02T00:00:00Z,2022-07-03T00:00:00Z,2,SI038,Primorsko-notranjska,26.740081888967993,22.338543087244034,38.60769793391228,2.3432278855765682,88,15,73,Sentinel Hub Statistical API / Sentinel-5P,P1D,good
kras_fire_2022,Goriški Kras wildfire,wildfire,CO,mmol/m²,2022-07-03T00:00:00Z,2022-07-04T00:00:00Z,3,SI038,Primorsko-notranjska,24.49638626227776,18.591515719890594,30.557291582226753,3.6270096419172377,88,28,60,Sentinel Hub Statistical API / Sentinel-5P,P1D,good
kras_fire_2022,Goriški Kras wildfire,wildfire,CO,mmol/m²,2022-07-04T00:00:00Z,2022-07-05T00:00:00Z,4,SI038,Primorsko-notranjska,23.61449643969535,21.29788137972355,27.3655503988266,1.2643047484112622,88,38,50,Sentinel Hub Statistical API / Sentinel-5P,P1D,good
kras_fire_2022,Goriški Kras wildfire,wildfire,CO,mmol/m²,2022-07-05T00:00:00Z,2022-07-06T00:00:00Z,5,SI038,Primorsko-notranjska,25.464800006199265,20.34798078238964,28.52620929479599,2.0710218400393243,88,26,62,Sentinel Hub Statistical API / Sentinel-5P,P1D,good
kras_fire_2022,Goriški Kras wildfire,wildfire,CO,mmol/m²,2022-07-06T00:00:00Z,2022-07-07T00:00:00Z,6,SI038,Primorsko-notranjska,26.87213510935066,23.604635149240494,30.632689595222473,1.6112808780052292,88,9,79,Sentinel Hub Statistical API / Sentinel-5P,P1D,good
kras_fire_2022,Goriški Kras wildfire,wildfire,CO,mmol/m²,2022-07-07T00:00:00Z,2022-07-08T00:00:00Z,7,SI038,Primorsko-notranjska,25.33724731100457,24.518810212612152,27.013493701815605,0.9193180835634821,88,74,14,Sentinel Hub Statistical API / Sentinel-5P,P1D,partial
kras_fire_2022,Goriški Kras wildfire,wildfire,CO,mmol/m²,2022-07-08T00:00:00Z,2022-07-09T00:00:00Z,8,SI038,Primorsko-notranjska,28.165498240427535,24.132395163178444,36.45491227507591,3.3463482352654585,88,55,33,Sentinel Hub Statistical API / Sentinel-5P,P1D,partial
kras_fire_2022,Goriški Kras wildfire,wildfire,CO,mmol/m²,2022-07-09T00:00:00Z,2022-07-10T00:00:00Z,9,SI038,Primorsko-notranjska,24.061772730443376,21.534472703933716,26.127910241484642,0.9299708040601133,88,11,77,Sentinel Hub Statistical API / Sentinel-5P,P1D,good
kras_fire_2022,Goriški Kras wildfire,wildfire,CO,mmol/m²,2022-07-10T00:00:00Z,2022-07-11T00:00:00Z,10,SI038,Primorsko-notranjska,25.488677062094208,24.18852597475052,26.909273117780685,0.7729638155464973,88,58,30,Sentinel Hub Statistical API / Sentinel-5P,P1D,partial
kras_fire_2022,Goriški Kras wildfire,wildfire,CO,mmol/m²,2022-07-11T00:00:00Z,2022-07-12T00:00:00Z,11,SI038,Primorsko-notranjska,22.07050868310034,18.29415373504162,24.69642646610737,1.6856656408279937,88,48,40,Sentinel Hub Statistical API / Sentinel-5P,P1D,partial
kras_fire_2022,Goriški Kras wildfire,wildfire,CO,mmol/m²,2022-07-12T00:00:00Z,2022-07-13T00:00:00Z,12,SI038,Primorsko-notranjska,23.55028703018571,18.47585290670395,26.65015310049057,2.121606951275046,88,22,66,Sentinel Hub Statistical API / Sentinel-5P,P1D,good
kras_fire_2022,Goriški Kras wildfire,wildfire,CO,mmol/m²,2022-07-13T00:00:00Z,2022-07-14T00:00:00Z,13,SI038,Primorsko-notranjska,23.042676230080616,17.307523638010025,28.591318055987358,2.8455725332380974,88,10,78,Sentinel Hub Statistical API / Sentinel-5P,P1D,good
kras_fire_2022,Goriški Kras wildfire,wildfire,CO,mmol/m²,2022-07-14T00:00:00Z,2022-07-15T00:00:00Z,14,SI038,Primorsko-notranjska,23.699744058580233,17.210204154253006,28.113652020692825,2.9001515389525734,88,30,58,Sentinel Hub Statistical API / Sentinel-5P,P1D,good
kras_fire_2022,Goriški Kras wildfire,wildfire,CO,mmol/m²,2022-07-15T00:00:00Z,2022-07-16T00:00:00Z,15,SI038,Primorsko-notranjska,27.16473988809828,24.36608448624611,30.116574838757515,1.4963729762292954,88,29,59,Sentinel Hub Statistical API / Sentinel-5P,P1D,good
kras_fire_2022,Goriški Kras wildfire,wildfire,CO,mmol/m²,2022-07-16T00:00:00Z,2022-07-17T00:00:00Z,16,SI038,Primorsko-notranjska,25.374760367460066,19.746853038668633,28.34855206310749,1.8395067579351665,88,11,77,Sentinel Hub Statistical API / Sentinel-5P,P1D,good
kras_fire_2022,Goriški Kras wildfire,wildfire,CO,mmol/m²,2022-07-17T00:00:00Z,2022-07-18T00:00:00Z,17,SI038,Primorsko-notranjska,25.87701064413008,21.432289853692055,29.624762013554573,1.8033809231353626,88,19,69,Sentinel Hub Statistical API / Sentinel-5P,P1D,good
kras_fire_2022,Goriški Kras wildfire,wildfire,CO,mmol/m²,2022-07-18T00:00:00Z,2022-07-19T00:00:00Z,18,SI038,Primorsko-notranjska,26.958715120951346,23.26704002916813,30.64786083996296,2.0078769680710744,88,13,75,Sentinel Hub Statistical API / Sentinel-5P,P1D,good
kras_fire_2022,Goriški Kras wildfire,wildfire,CO,mmol/m²,2022-07-19T00:00:00Z,2022-07-20T00:00:00Z,19,SI038,Primorsko-notranjska,22.557537366704242,17.843835055828094,28.83112244307995,2.3690372468916925,88,47,41,Sentinel Hub Statistical API / Sentinel-5P,P1D,partial
kras_fire_2022,Goriški Kras wildfire,wildfire,CO,mmol/m²,2022-07-20T00:00:00Z,2022-07-21T00:00:00Z,20,SI038,Primorsko-notranjska,27.41049741736695,24.479171261191368,31.346790492534637,1.8204580293076,88,9,79,Sentinel Hub Statistical API / Sentinel-5P,P1D,good
kras_fire_2022,Goriški Kras wildfire,wildfire,CO,mmol/m²,2022-07-21T00:00:00Z,2022-07-22T00:00:00Z,21,SI038,Primorsko-notranjska,27.353731340464254,22.16455526649952,40.02080857753754,4.974337946924978,88,7,81,Sentinel Hub Statistical API / Sentinel-5P,P1D,good
kras_fire_2022,Goriški Kras wildfire,wildfire,CO,mmol/m²,2022-07-22T00:00:00Z,2022-07-23T00:00:00Z,22,SI038,Primorsko-notranjska,23.44149466309892,19.41499672830105,30.419567599892616,2.073442963839073,88,12,76,Sentinel Hub Statistical API / Sentinel-5P,P1D,good
kras_fire_2022,Goriški Kras wildfire,wildfire,CO,mmol/m²,2022-07-23T00:00:00Z,2022-07-24T00:00:00Z,23,SI038,Primorsko-notranjska,29.373616875185604,22.189920768141747,33.66564214229584,2.1607682835277267,88,11,77,Sentinel Hub Statistical API / Sentinel-5P,P1D,good
kras_fire_2022,Goriški Kras wildfire,wildfire,CO,mmol/m²,2022-07-24T00:00:00Z,2022-07-25T00:00:00Z,24,SI038,Primorsko-notranjska,30.359611550176687,22.85761944949627,39.09604251384735,3.7821988050060416,88,44,44,Sentinel Hub Statistical API / Sentinel-5P,P1D,good
kras_fire_2022,Goriški Kras wildfire,wildfire,CO,mmol/m²,2022-07-25T00:00:00Z,2022-07-26T00:00:00Z,25,SI038,Primorsko-notranjska,26.52985950850922,24.38574656844139,30.203821137547493,2.130432346467443,88,19,69,Sentinel Hub Statistical API / Sentinel-5P,P1D,good
kras_fire_2022,Goriški Kras wildfire,wildfire,CO,mmol/m²,2022-07-26T00:00:00Z,2022-07-27T00:00:00Z,26,SI038,Primorsko-notranjska,24.856444734793445,18.723493441939354,28.53277139365673,2.818778881252155,88,36,52,Sentinel Hub Statistical API / Sentinel-5P,P1D,good
kras_fire_2022,Goriški Kras wildfire,wildfire,CO,mmol/m²,2022-07-27T00:00:00Z,2022-07-28T00:00:00Z,27,SI038,Primorsko-notranjska,25.93477870579119,21.292811259627342,30.343569815158844,2.1307631807256664,88,61,27,Sentinel Hub Statistical API / Sentinel-5P,P1D,partial
kras_fire_2022,Goriški Kras wildfire,wildfire,CO,mmol/m²,2022-07-28T00:00:00Z,2022-07-29T00:00:00Z,28,SI038,Primorsko-notranjska,28.838379471562806,24.39042367041111,32.05578774213791,1.5683004943959036,88,8,80,Sentinel Hub Statistical API / Sentinel-5P,P1D,good
kras_fire_2022,Goriški Kras wildfire,wildfire,CO,mmol/m²,2022-07-29T00:00:00Z,2022-07-30T00:00:00Z,29,SI038,Primorsko-notranjska,25.630937913408538,17.13712140917778,31.956352293491364,2.8293233262455852,88,11,77,Sentinel Hub Statistical API / Sentinel-5P,P1D,good
kras_fire_2022,Goriški Kras wildfire,wildfire,CO,mmol/m²,2022-07-30T00:00:00Z,2022-07-31T00:00:00Z,30,SI038,Primorsko-notranjska,26.095220922595924,20.221082493662834,29.010407626628876,2.158551634058745,88,70,18,Sentinel Hub Statistical API / Sentinel-5P,P1D,partial
kras_fire_2022,Goriški Kras wildfire,wildfire,CO,mmol/m²,2022-07-31T00:00:00Z,2022-08-01T00:00:00Z,31,SI038,Primorsko-notranjska,24.34672346072538,22.531673312187195,26.17703191936016,1.124293878646822,88,53,35,Sentinel Hub Statistical API / Sentinel-5P,P1D,partial
kras_fire_2022,Goriški Kras wildfire,wildfire,CO,mmol/m²,2022-07-01T00:00:00Z,2022-07-02T00:00:00Z,1,SI041,Osrednjeslovenska,26.70653647294751,21.22313901782036,30.333220958709717,1.783032417116247,221,86,135,Sentinel Hub Statistical API / Sentinel-5P,P1D,good
kras_fire_2022,Goriški Kras wildfire,wildfire,CO,mmol/m²,2022-07-02T00:00:00Z,2022-07-03T00:00:00Z,2,SI041,Osrednjeslovenska,26.82070032373737,20.20077593624592,38.60769793391228,2.292487570173503,221,87,134,Sentinel Hub Statistical API / Sentinel-5P,P1D,good
kras_fire_2022,Goriški Kras wildfire,wildfire,CO,mmol/m²,2022-07-03T00:00:00Z,2022-07-04T00:00:00Z,3,SI041,Osrednjeslovenska,24.47848251710335,18.98317225277424,32.317567616701126,2.386733205479411,221,101,120,Sentinel Hub Statistical API / Sentinel-5P,P1D,good
kras_fire_2022,Goriški Kras wildfire,wildfire,CO,mmol/m²,2022-07-04T00:00:00Z,2022-07-05T00:00:00Z,4,SI041,Osrednjeslovenska,27.84259630086488,24.879051372408867,30.59140034019947,1.42375332580135,221,148,73,Sentinel Hub Statistical API / Sentinel-5P,P1D,partial
kras_fire_2022,Goriški Kras wildfire,wildfire,CO,mmol/m²,2022-07-05T00:00:00Z,2022-07-06T00:00:00Z,5,SI041,Osrednjeslovenska,25.691244647734703,19.314749166369438,29.85858917236328,2.207417331243841,221,113,108,Sentinel Hub Statistical API / Sentinel-5P,P1D,partial
kras_fire_2022,Goriški Kras wildfire,wildfire,CO,mmol/m²,2022-07-06T00:00:00Z,2022-07-07T00:00:00Z,6,SI041,Osrednjeslovenska,28.64911591982453,23.488499224185944,33.61134231090546,1.9294902179574498,221,98,123,Sentinel Hub Statistical API / Sentinel-5P,P1D,good
kras_fire_2022,Goriški Kras wildfire,wildfire,CO,mmol/m²,2022-07-07T00:00:00Z,2022-07-08T00:00:00Z,7,SI041,Osrednjeslovenska,23.007923271507025,20.632116124033928,24.757757782936096,1.6218940839782687,221,213,8,Sentinel Hub Statistical API / Sentinel-5P,P1D,partial
kras_fire_2022,Goriški Kras wildfire,wildfire,CO,mmol/m²,2022-07-08T00:00:00Z,2022-07-09T00:00:00Z,8,SI041,Osrednjeslovenska,27.12925848327885,19.516872242093086,39.10680115222931,3.5113870456031515,221,100,121,Sentinel Hub Statistical API / Sentinel-5P,P1D,good
kras_fire_2022,Goriški Kras wildfire,wildfire,CO,mmol/m²,2022-07-09T00:00:00Z,2022-07-10T00:00:00Z,9,SI041,Osrednjeslovenska,23.813490010797977,20.293373614549637,26.911964640021324,1.938479549654193,221,151,70,Sentinel Hub Statistical API / Sentinel-5P,P1D,partial
kras_fire_2022,Goriški Kras wildfire,wildfire,CO,mmol/m²,2022-07-10T00:00:00Z,2022-07-11T00:00:00Z,10,SI041,Osrednjeslovenska,25.19153888055751,19.253743812441826,29.140634462237358,2.545870293808967,221,135,86,Sentinel Hub Statistical API / Sentinel-5P,P1D,partial
kras_fire_2022,Goriški Kras wildfire,wildfire,CO,mmol/m²,2022-07-11T00:00:00Z,2022-07-12T00:00:00Z,11,SI041,Osrednjeslovenska,23.504502610081712,16.461068764328957,26.24698542058468,1.9734903510016566,221,116,105,Sentinel Hub Statistical API / Sentinel-5P,P1D,partial
kras_fire_2022,Goriški Kras wildfire,wildfire,CO,mmol/m²,2022-07-12T00:00:00Z,2022-07-13T00:00:00Z,12,SI041,Osrednjeslovenska,22.34019013968382,17.765354365110397,28.5795908421278,2.1391146059371557,221,111,110,Sentinel Hub Statistical API / Sentinel-5P,P1D,partial
kras_fire_2022,Goriški Kras wildfire,wildfire,CO,mmol/m²,2022-07-13T00:00:00Z,2022-07-14T00:00:00Z,13,SI041,Osrednjeslovenska,23.88718664587941,17.38293468952179,29.91425432264805,2.8037771202744497,221,93,128,Sentinel Hub Statistical API / Sentinel-5P,P1D,good
kras_fire_2022,Goriški Kras wildfire,wildfire,CO,mmol/m²,2022-07-14T00:00:00Z,2022-07-15T00:00:00Z,14,SI041,Osrednjeslovenska,25.339958136496342,17.759574577212334,29.154770076274872,2.161656987929575,221,129,92,Sentinel Hub Statistical API / Sentinel-5P,P1D,partial
kras_fire_2022,Goriški Kras wildfire,wildfire,CO,mmol/m²,2022-07-15T00:00:00Z,2022-07-16T00:00:00Z,15,SI041,Osrednjeslovenska,27.59958803653717,24.740226566791534,30.415276065468788,1.760051105640904,221,163,58,Sentinel Hub Statistical API / Sentinel-5P,P1D,partial
kras_fire_2022,Goriški Kras wildfire,wildfire,CO,mmol/m²,2022-07-16T00:00:00Z,2022-07-17T00:00:00Z,16,SI041,Osrednjeslovenska,27.671948001962,23.24760891497135,31.650222837924957,1.786543141374971,221,94,127,Sentinel Hub Statistical API / Sentinel-5P,P1D,good
kras_fire_2022,Goriški Kras wildfire,wildfire,CO,mmol/m²,2022-07-17T00:00:00Z,2022-07-18T00:00:00Z,17,SI041,Osrednjeslovenska,26.288989259256535,22.42423966526985,30.51081858575344,1.7178436930780325,221,124,97,Sentinel Hub Statistical API / Sentinel-5P,P1D,partial
kras_fire_2022,Goriški Kras wildfire,wildfire,CO,mmol/m²,2022-07-18T00:00:00Z,2022-07-19T00:00:00Z,18,SI041,Osrednjeslovenska,26.495534713779183,20.32814733684063,30.593231320381165,2.139933717870991,221,81,140,Sentinel Hub Statistical API / Sentinel-5P,P1D,good
kras_fire_2022,Goriški Kras wildfire,wildfire,CO,mmol/m²,2022-07-19T00:00:00Z,2022-07-20T00:00:00Z,19,SI041,Osrednjeslovenska,24.61856550906065,19.749455153942108,30.174732208251953,2.445966313489733,221,115,106,Sentinel Hub Statistical API / Sentinel-5P,P1D,partial
kras_fire_2022,Goriški Kras wildfire,wildfire,CO,mmol/m²,2022-07-20T00:00:00Z,2022-07-21T00:00:00Z,20,SI041,Osrednjeslovenska,28.889943283088137,27.01859548687935,31.295794993638992,1.183779994094736,221,120,101,Sentinel Hub Statistical API / Sentinel-5P,P1D,partial
kras_fire_2022,Goriški Kras wildfire,wildfire,CO,mmol/m²,2022-07-21T00:00:00Z,2022-07-22T00:00:00Z,21,SI041,Osrednjeslovenska,29.013869587821187,24.460820481181145,31.90131112933159,2.1320267448209176,221,122,99,Sentinel Hub Statistical API / Sentinel-5P,P1D,partial
kras_fire_2022,Goriški Kras wildfire,wildfire,CO,mmol/m²,2022-07-22T00:00:00Z,2022-07-23T00:00:00Z,22,SI041,Osrednjeslovenska,27.71325110797844,22.09526300430298,33.042680472135544,2.4553795009112167,221,95,126,Sentinel Hub Statistical API / Sentinel-5P,P1D,good
kras_fire_2022,Goriški Kras wildfire,wildfire,CO,mmol/m²,2022-07-23T00:00:00Z,2022-07-24T00:00:00Z,23,SI041,Osrednjeslovenska,33.408353883834174,23.966602981090546,43.345045298337936,4.327018281154411,221,99,122,Sentinel Hub Statistical API / Sentinel-5P,P1D,good
kras_fire_2022,Goriški Kras wildfire,wildfire,CO,mmol/m²,2022-07-24T00:00:00Z,2022-07-25T00:00:00Z,24,SI041,Osrednjeslovenska,29.203416169460482,19.27708275616169,38.901299238204956,3.712919089413301,221,105,116,Sentinel Hub Statistical API / Sentinel-5P,P1D,good
kras_fire_2022,Goriški Kras wildfire,wildfire,CO,mmol/m²,2022-07-25T00:00:00Z,2022-07-26T00:00:00Z,25,SI041,Osrednjeslovenska,30.324945603026425,28.275644406676292,31.881611794233322,0.8273541679065204,221,132,89,Sentinel Hub Statistical API / Sentinel-5P,P1D,partial
kras_fire_2022,Goriški Kras wildfire,wildfire,CO,mmol/m²,2022-07-26T00:00:00Z,2022-07-27T00:00:00Z,26,SI041,Osrednjeslovenska,25.05262967315504,21.333348006010056,27.93271280825138,2.0913602482903886,221,157,64,Sentinel Hub Statistical API / Sentinel-5P,P1D,partial
kras_fire_2022,Goriški Kras wildfire,wildfire,CO,mmol/m²,2022-07-27T00:00:00Z,2022-07-28T00:00:00Z,27,SI041,Osrednjeslovenska,27.989585756916888,22.647207602858543,31.915046274662018,2.3586868879507827,221,177,44,Sentinel Hub Statistical API / Sentinel-5P,P1D,partial
kras_fire_2022,Goriški Kras wildfire,wildfire,CO,mmol/m²,2022-07-28T00:00:00Z,2022-07-29T00:00:00Z,28,SI041,Osrednjeslovenska,28.274914128630144,23.483922705054283,31.484898179769516,1.9632812073357713,221,98,123,Sentinel Hub Statistical API / Sentinel-5P,P1D,good
kras_fire_2022,Goriški Kras wildfire,wildfire,CO,mmol/m²,2022-07-29T00:00:00Z,2022-07-30T00:00:00Z,29,SI041,Osrednjeslovenska,29.05557704373048,22.716104984283447,35.34834459424019,2.6042689601685423,221,91,130,Sentinel Hub Statistical API / Sentinel-5P,P1D,good
kras_fire_2022,Goriški Kras wildfire,wildfire,CO,mmol/m²,2022-07-30T00:00:00Z,2022-07-31T00:00:00Z,30,SI041,Osrednjeslovenska,23.76239410001937,19.732128828763962,29.653050005435944,2.459404641589137,221,148,73,Sentinel Hub Statistical API / Sentinel-5P,P1D,partial
kras_fire_2022,Goriški Kras wildfire,wildfire,CO,mmol/m²,2022-07-31T00:00:00Z,2022-08-01T00:00:00Z,31,SI041,Osrednjeslovenska,24.168244283646345,23.1627244502306,26.073280721902847,1.076844509306785,221,201,20,Sentinel Hub Statistical API / Sentinel-5P,P1D,partial
kras_fire_2022,Goriški Kras wildfire,wildfire,CO,mmol/m²,2022-07-01T00:00:00Z,2022-07-02T00:00:00Z,1,SI042,Gorenjska,24.615225624762665,18.744733184576035,29.870763421058655,2.3055856731751296,180,61,119,Sentinel Hub Statistical API / Sentinel-5P,P1D,good
kras_fire_2022,Goriški Kras wildfire,wildfire,CO,mmol/m²,2022-07-02T00:00:00Z,2022-07-03T00:00:00Z,2,SI042,Gorenjska,25.93708202495413,19.92202363908291,29.405297711491585,1.9394881761117162,180,62,118,Sentinel Hub Statistical API / Sentinel-5P,P1D,good
kras_fire_2022,Goriški Kras wildfire,wildfire,CO,mmol/m²,2022-07-03T00:00:00Z,2022-07-04T00:00:00Z,3,SI042,Gorenjska,23.28280783207207,17.71078258752823,30.416103079915047,2.796704887815623,180,89,91,Sentinel Hub Statistical API / Sentinel-5P,P1D,good
kras_fire_2022,Goriški Kras wildfire,wildfire,CO,mmol/m²,2022-07-04T00:00:00Z,2022-07-05T00:00:00Z,4,SI042,Gorenjska,25.143324490636584,24.556713178753853,28.589731082320213,0.9879994027995108,180,160,20,Sentinel Hub Statistical API / Sentinel-5P,P1D,partial
kras_fire_2022,Goriški Kras wildfire,wildfire,CO,mmol/m²,2022-07-05T00:00:00Z,2022-07-06T00:00:00Z,5,SI042,Gorenjska,23.850180245935917,18.690384924411774,29.56884540617466,2.9128132427465445,180,130,50,Sentinel Hub Statistical API / Sentinel-5P,P1D,partial
kras_fire_2022,Goriški Kras wildfire,wildfire,CO,mmol/m²,2022-07-06T00:00:00Z,2022-07-07T00:00:00Z,6,SI042,Gorenjska,27.024786858616967,23.022186011075974,31.336955726146698,1.5132761061851654,180,88,92,Sentinel Hub Statistical API / Sentinel-5P,P1D,good
kras_fire_2022,Goriški Kras wildfire,wildfire,CO,mmol/m²,2022-07-07T00:00:00Z,2022-07-08T00:00:00Z,7,SI042,Gorenjska,23.163223417387123,16.086053103208542,29.29016388952732,3.294258280303994,180,138,42,Sentinel Hub Statistical API / Sentinel-5P,P1D,partial
kras_fire_2022,Goriški Kras wildfire,wildfire,CO,mmol/m²,2022-07-08T00:00:00Z,2022-07-09T00:00:00Z,8,SI042,Gorenjska,26.943113391447547,20.11924982070923,39.10680115222931,3.911525537370333,180,81,99,Sentinel Hub Statistical API / Sentinel-5P,P1D,good
kras_fire_2022,Goriški Kras wildfire,wildfire,CO,mmol/m²,2022-07-09T00:00:00Z,2022-07-10T00:00:00Z,9,SI042,Gorenjska,23.190743812337157,20.892731845378876,25.264298543334007,1.405625844771251,180,139,41,Sentinel Hub Statistical API / Sentinel-5P,P1D,partial
kras_fire_2022,Goriški Kras wildfire,wildfire,CO,mmol/m²,2022-07-10T00:00:00Z,2022-07-11T00:00:00Z,10,SI042,Gorenjska,25.343382731080055,25.343382731080055,25.343382731080055,0.0,180,175,5,Sentinel Hub Statistical API / Sentinel-5P,P1D,partial
kras_fire_2022,Goriški Kras wildfire,wildfire,CO,mmol/m²,2022-07-11T00:00:00Z,2022-07-12T00:00:00Z,11,SI042,Gorenjska,22.60080580082204,18.434787169098854,25.962214916944504,1.6437414261889907,180,108,72,Sentinel Hub Statistical API / Sentinel-5P,P1D,partial
kras_fire_2022,Goriški Kras wildfire,wildfire,CO,mmol/m²,2022-07-12T00:00:00Z,2022-07-13T00:00:00Z,12,SI042,Gorenjska,22.30019535932501,15.64222201704979,26.21421031653881,2.771167124704545,180,121,59,Sentinel Hub Statistical API / Sentinel-5P,P1D,partial
kras_fire_2022,Goriški Kras wildfire,wildfire,CO,mmol/m²,2022-07-13T00:00:00Z,2022-07-14T00:00:00Z,13,SI042,Gorenjska,22.34434542468692,18.209297209978104,29.519861564040184,2.513005103710643,180,67,113,Sentinel Hub Statistical API / Sentinel-5P,P1D,good
kras_fire_2022,Goriški Kras wildfire,wildfire,CO,mmol/m²,2022-07-14T00:00:00Z,2022-07-15T00:00:00Z,14,SI042,Gorenjska,24.664605871356766,14.964144676923752,37.904057651758194,5.424204297112504,180,151,29,Sentinel Hub Statistical API / Sentinel-5P,P1D,partial
kras_fire_2022,Goriški Kras wildfire,wildfire,CO,mmol/m²,2022-07-15T00:00:00Z,2022-07-16T00:00:00Z,15,SI042,Gorenjska,26.333387081439678,23.539377376437187,28.884872794151306,1.9771011589024603,180,167,13,Sentinel Hub Statistical API / Sentinel-5P,P1D,partial
kras_fire_2022,Goriški Kras wildfire,wildfire,CO,mmol/m²,2022-07-16T00:00:00Z,2022-07-17T00:00:00Z,16,SI042,Gorenjska,25.69663668982685,21.335070952773094,29.747258871793747,1.7531391569614125,180,60,120,Sentinel Hub Statistical API / Sentinel-5P,P1D,good
kras_fire_2022,Goriški Kras wildfire,wildfire,CO,mmol/m²,2022-07-17T00:00:00Z,2022-07-18T00:00:00Z,17,SI042,Gorenjska,24.863347009723558,20.873116329312325,30.36290407180786,2.079427031195671,180,64,116,Sentinel Hub Statistical API / Sentinel-5P,P1D,good
kras_fire_2022,Goriški Kras wildfire,wildfire,CO,mmol/m²,2022-07-18T00:00:00Z,2022-07-19T00:00:00Z,18,SI042,Gorenjska,25.963940435146867,21.49471826851368,31.682908535003662,2.1328269100010924,180,67,113,Sentinel Hub Statistical API / Sentinel-5P,P1D,good
kras_fire_2022,Goriški Kras wildfire,wildfire,CO,mmol/m²,2022-07-19T00:00:00Z,2022-07-20T00:00:00Z,19,SI042,Gorenjska,22.85423526621383,16.247153282165527,29.475485906004906,3.2213608195774714,180,111,69,Sentinel Hub Statistical API / Sentinel-5P,P1D,partial
kras_fire_2022,Goriški Kras wildfire,wildfire,CO,mmol/m²,2022-07-20T00:00:00Z,2022-07-21T00:00:00Z,20,SI042,Gorenjska,27.60583064823507,24.416718631982803,30.668877065181732,1.5762483899629558,180,73,107,Sentinel Hub Statistical API / Sentinel-5P,P1D,good
kras_fire_2022,Goriški Kras wildfire,wildfire,CO,mmol/m²,2022-07-21T00:00:00Z,2022-07-22T00:00:00Z,21,SI042,Gorenjska,27.539379038923492,22.8565763682127,34.26133096218109,2.576249905086344,180,69,111,Sentinel Hub Statistical API / Sentinel-5P,P1D,good
kras_fire_2022,Goriški Kras wildfire,wildfire,CO,mmol/m²,2022-07-22T00:00:00Z,2022-07-23T00:00:00Z,22,SI042,Gorenjska,25.688136948479542,21.718785166740417,29.866492375731468,2.038590120180236,180,90,90,Sentinel Hub Statistical API / Sentinel-5P,P1D,good
kras_fire_2022,Goriški Kras wildfire,wildfire,CO,mmol/m²,2022-07-23T00:00:00Z,2022-07-24T00:00:00Z,23,SI042,Gorenjska,33.54446818960495,20.90231701731682,45.021411031484604,5.27770355628759,180,119,61,Sentinel Hub Statistical API / Sentinel-5P,P1D,partial
kras_fire_2022,Goriški Kras wildfire,wildfire,CO,mmol/m²,2022-07-24T00:00:00Z,2022-07-25T00:00:00Z,24,SI042,Gorenjska,26.97956437311534,18.95809732377529,34.26964581012726,4.364882190792957,180,68,112,Sentinel Hub Statistical API / Sentinel-5P,P1D,good
kras_fire_2022,Goriški Kras wildfire,wildfire,CO,mmol/m²,2022-07-25T00:00:00Z,2022-07-26T00:00:00Z,25,SI042,Gorenjska,27.163771091289416,21.16532251238823,30.796410515904427,3.1840057507526787,180,87,93,Sentinel Hub Statistical API / Sentinel-5P,P1D,good
kras_fire_2022,Goriški Kras wildfire,wildfire,CO,mmol/m²,2022-07-26T00:00:00Z,2022-07-27T00:00:00Z,26,SI042,Gorenjska,26.161002553999428,19.63186264038086,29.30114045739174,2.132039504633405,180,80,100,Sentinel Hub Statistical API / Sentinel-5P,P1D,good
kras_fire_2022,Goriški Kras wildfire,wildfire,CO,mmol/m²,2022-07-27T00:00:00Z,2022-07-28T00:00:00Z,27,SI042,Gorenjska,27.54919856254544,22.647207602858543,30.50251677632332,1.9719505991105992,180,124,56,Sentinel Hub Statistical API / Sentinel-5P,P1D,partial
kras_fire_2022,Goriški Kras wildfire,wildfire,CO,mmol/m²,2022-07-28T00:00:00Z,2022-07-29T00:00:00Z,28,SI042,Gorenjska,27.112774412941057,20.35859227180481,31.77494928240776,2.746039429621459,180,72,108,Sentinel Hub Statistical API / Sentinel-5P,P1D,good
kras_fire_2022,Goriški Kras wildfire,wildfire,CO,mmol/m²,2022-07-29T00:00:00Z,2022-07-30T00:00:00Z,29,SI042,Gorenjska,26.477743340569123,20.15656977891922,33.97715091705322,3.0633572600200973,180,73,107,Sentinel Hub Statistical API / Sentinel-5P,P1D,good
kras_fire_2022,Goriški Kras wildfire,wildfire,CO,mmol/m²,2022-07-30T00:00:00Z,2022-07-31T00:00:00Z,30,SI042,Gorenjska,23.62095491428461,19.63813602924347,29.46758083999157,2.1438320939835704,180,96,84,Sentinel Hub Statistical API / Sentinel-5P,P1D,partial
kras_fire_2022,Goriški Kras wildfire,wildfire,CO,mmol/m²,2022-07-31T00:00:00Z,2022-08-01T00:00:00Z,31,SI042,Gorenjska,,,,,180,180,0,Sentinel Hub Statistical API / Sentinel-5P,P1D,missing
kras_fire_2022,Goriški Kras wildfire,wildfire,CO,mmol/m²,2022-07-01T00:00:00Z,2022-07-02T00:00:00Z,1,SI043,Goriška,25.280302166248912,20.095501095056534,29.98916804790497,2.2003320841965426,210,102,108,Sentinel Hub Statistical API / Sentinel-5P,P1D,good
kras_fire_2022,Goriški Kras wildfire,wildfire,CO,mmol/m²,2022-07-02T00:00:00Z,2022-07-03T00:00:00Z,2,SI043,Goriška,25.772563253457726,19.23978701233864,31.596340239048004,2.7271213264005105,210,93,117,Sentinel Hub Statistical API / Sentinel-5P,P1D,good
kras_fire_2022,Goriški Kras wildfire,wildfire,CO,mmol/m²,2022-07-03T00:00:00Z,2022-07-04T00:00:00Z,3,SI043,Goriška,24.812765743421465,17.71078258752823,30.531087890267372,3.139531889978094,210,141,69,Sentinel Hub Statistical API / Sentinel-5P,P1D,partial
kras_fire_2022,Goriški Kras wildfire,wildfire,CO,mmol/m²,2022-07-04T00:00:00Z,2022-07-05T00:00:00Z,4,SI043,Goriška,24.805672555452304,21.29788137972355,27.309440076351166,2.539048898236927,210,189,21,Sentinel Hub Statistical API / Sentinel-5P,P1D,partial
kras_fire_2022,Goriški Kras wildfire,wildfire,CO,mmol/m²,2022-07-05T00:00:00Z,2022-07-06T00:00:00Z,5,SI043,Goriška,24.266486347187314,16.382863745093346,27.501380071043968,2.736182388010033,210,178,32,Sentinel Hub Statistical API / Sentinel-5P,P1D,partial
kras_fire_2022,Goriški Kras wildfire,wildfire,CO,mmol/m²,2022-07-06T00:00:00Z,2022-07-07T00:00:00Z,6,SI043,Goriška,29.655465250273785,26.054199784994125,35.40612757205963,2.134891197859727,210,127,83,Sentinel Hub Statistical API / Sentinel-5P,P1D,partial
kras_fire_2022,Goriški Kras wildfire,wildfire,CO,mmol/m²,2022-07-07T00:00:00Z,2022-07-08T00:00:00Z,7,SI043,Goriška,25.31719759658531,19.401226192712784,30.56052140891552,2.948985669895368,210,183,27,Sentinel Hub Statistical API / Sentinel-5P,P1D,partial
kras_fire_2022,Goriški Kras wildfire,wildfire,CO,mmol/m²,2022-07-08T00:00:00Z,2022-07-09T00:00:00Z,8,SI043,Goriška,26.410763451861126,21.395243704319,33.75091403722763,2.832293705987533,210,92,118,Sentinel Hub Statistical API / Sentinel-5P,P1D,good
kras_fire_2022,Goriški Kras wildfire,wildfire,CO,mmol/m²,2022-07-09T00:00:00Z,2022-07-10T00:00:00Z,9,SI043,Goriška,24.90362665719456,20.293373614549637,29.65620718896389,2.0791568022177884,210,120,90,Sentinel Hub Statistical API / Sentinel-5P,P1D,partial
kras_fire_2022,Goriški Kras wildfire,wildfire,CO,mmol/m²,2022-07-10T00:00:00Z,2022-07-11T00:00:00Z,10,SI043,Goriška,25.994475787648785,22.806938737630844,29.62600067257881,1.9995724904927188,210,158,52,Sentinel Hub Statistical API / Sentinel-5P,P1D,partial
kras_fire_2022,Goriški Kras wildfire,wildfire,CO,mmol/m²,2022-07-11T00:00:00Z,2022-07-12T00:00:00Z,11,SI043,Goriška,22.89376111002639,16.461068764328957,26.98907069861889,2.3472120439881423,210,178,32,Sentinel Hub Statistical API / Sentinel-5P,P1D,partial
kras_fire_2022,Goriški Kras wildfire,wildfire,CO,mmol/m²,2022-07-12T00:00:00Z,2022-07-13T00:00:00Z,12,SI043,Goriška,22.570789455599385,15.64222201704979,27.216723188757896,2.595487805743077,210,113,97,Sentinel Hub Statistical API / Sentinel-5P,P1D,partial
kras_fire_2022,Goriški Kras wildfire,wildfire,CO,mmol/m²,2022-07-13T00:00:00Z,2022-07-14T00:00:00Z,13,SI043,Goriška,22.850723091919892,15.089664608240128,29.847171157598495,3.822879885041144,210,91,119,Sentinel Hub Statistical API / Sentinel-5P,P1D,good
kras_fire_2022,Goriški Kras wildfire,wildfire,CO,mmol/m²,2022-07-14T00:00:00Z,2022-07-15T00:00:00Z,14,SI043,Goriška,27.243908494710922,27.243908494710922,27.243908494710922,0.0,210,207,3,Sentinel Hub Statistical API / Sentinel-5P,P1D,partial
kras_fire_2022,Goriški Kras wildfire,wildfire,CO,mmol/m²,2022-07-15T00:00:00Z,2022-07-16T00:00:00Z,15,SI043,Goriška,27.07089916214176,24.44208413362503,32.673999667167664,2.1996889102066763,210,123,87,Sentinel Hub Statistical API / Sentinel-5P,P1D,partial
kras_fire_2022,Goriški Kras wildfire,wildfire,CO,mmol/m²,2022-07-16T00:00:00Z,2022-07-17T00:00:00Z,16,SI043,Goriška,26.033578394744232,21.95572666823864,30.97308985888958,2.322880740521081,210,88,122,Sentinel Hub Statistical API / Sentinel-5P,P1D,good
kras_fire_2022,Goriški Kras wildfire,wildfire,CO,mmol/m²,2022-07-17T00:00:00Z,2022-07-18T00:00:00Z,17,SI043,Goriška,27.04930092178045,20.763734355568886,61.71794608235359,6.718551502534468,210,86,124,Sentinel Hub Statistical API / Sentinel-5P,P1D,good
kras_fire_2022,Goriški Kras wildfire,wildfire,CO,mmol/m²,2022-07-18T00:00:00Z,2022-07-19T00:00:00Z,18,SI043,Goriška,25.712911784648895,20.158810541033745,33.60192850232124,2.787549447074737,210,95,115,Sentinel Hub Statistical API / Sentinel-5P,P1D,good
kras_fire_2022,Goriški Kras wildfire,wildfire,CO,mmol/m²,2022-07-19T00:00:00Z,2022-07-20T00:00:00Z,19,SI043,Goriška,24.869039625165957,16.247153282165527,41.1718487739563,4.253268103099711,210,147,63,Sentinel Hub Statistical API / Sentinel-5P,P1D,partial
kras_fire_2022,Goriški Kras wildfire,wildfire,CO,mmol/m²,2022-07-20T00:00:00Z,2022-07-21T00:00:00Z,20,SI043,Goriška,33.50972937447813,25.089111179113388,128.04660201072693,20.710579574685383,210,76,134,Sentinel Hub Statistical API / Sentinel-5P,P1D,good
kras_fire_2022,Goriški Kras wildfire,wildfire,CO,mmol/m²,2022-07-21T00:00:00Z,2022-07-22T00:00:00Z,21,SI043,Goriška,35.43291333158619,22.8565763682127,122.05462157726288,16.772984921758592,210,107,103,Sentinel Hub Statistical API / Sentinel-5P,P1D,partial
kras_fire_2022,Goriški Kras wildfire,wildfire,CO,mmol/m²,2022-07-22T00:00:00Z,2022-07-23T00:00:00Z,22,SI043,Goriška,29.770536680323218,22.315658628940582,72.48365879058838,7.092406234591091,210,81,129,Sentinel Hub Statistical API / Sentinel-5P,P1D,good
kras_fire_2022,Goriški Kras wildfire,wildfire,CO,mmol/m²,2022-07-23T00:00:00Z,2022-07-24T00:00:00Z,23,SI043,Goriška,34.34275586158038,20.716793835163116,45.021411031484604,5.228591111257963,210,110,100,Sentinel Hub Statistical API / Sentinel-5P,P1D,partial
kras_fire_2022,Goriški Kras wildfire,wildfire,CO,mmol/m²,2022-07-24T00:00:00Z,2022-07-25T00:00:00Z,24,SI043,Goriška,28.628760841316897,18.95809732377529,36.77516430616379,4.353831999996886,210,106,104,Sentinel Hub Statistical API / Sentinel-5P,P1D,partial
kras_fire_2022,Goriški Kras wildfire,wildfire,CO,mmol/m²,2022-07-25T00:00:00Z,2022-07-26T00:00:00Z,25,SI043,Goriška,26.38654624033404,21.16532251238823,36.573875695466995,3.3308174082008537,210,127,83,Sentinel Hub Statistical API / Sentinel-5P,P1D,partial
kras_fire_2022,Goriški Kras wildfire,wildfire,CO,mmol/m²,2022-07-26T00:00:00Z,2022-07-27T00:00:00Z,26,SI043,Goriška,28.20358585255841,24.975338950753212,32.24397450685501,2.1139163005042705,210,90,120,Sentinel Hub Statistical API / Sentinel-5P,P1D,good
kras_fire_2022,Goriški Kras wildfire,wildfire,CO,mmol/m²,2022-07-27T00:00:00Z,2022-07-28T00:00:00Z,27,SI043,Goriška,29.660008719255174,23.86198379099369,34.29368883371353,2.3714668976675837,210,123,87,Sentinel Hub Statistical API / Sentinel-5P,P1D,partial
kras_fire_2022,Goriški Kras wildfire,wildfire,CO,mmol/m²,2022-07-28T00:00:00Z,2022-07-29T00:00:00Z,28,SI043,Goriška,27.772391844979104,20.35859227180481,38.835953921079636,3.0618067055625824,210,74,136,Sentinel Hub Statistical API / Sentinel-5P,P1D,good
kras_fire_2022,Goriški Kras wildfire,wildfire,CO,mmol/m²,2022-07-29T00:00:00Z,2022-07-30T00:00:00Z,29,SI043,Goriška,26.35917692320554,19.190514460206032,36.59851476550102,3.6591373230720405,210,83,127,Sentinel Hub Statistical API / Sentinel-5P,P1D,good
kras_fire_2022,Goriški Kras wildfire,wildfire,CO,mmol/m²,2022-07-30T00:00:00Z,2022-07-31T00:00:00Z,30,SI043,Goriška,26.150884106755257,19.71014030277729,31.338658183813095,3.5776801398304183,210,130,80,Sentinel Hub Statistical API / Sentinel-5P,P1D,partial
kras_fire_2022,Goriški Kras wildfire,wildfire,CO,mmol/m²,2022-07-31T00:00:00Z,2022-08-01T00:00:00Z,31,SI043,Goriška,27.251613072373654,25.688650086522102,28.951512649655342,1.3611582644639877,210,199,11,Sentinel Hub Statistical API / Sentinel-5P,P1D,partial
kras_fire_2022,Goriški Kras wildfire,wildfire,CO,mmol/m²,2022-07-01T00:00:00Z,2022-07-02T00:00:00Z,1,SI044,Obalno-kraška,27.461346087826264,22.44708500802517,31.482834368944168,2.1657829392761534,99,25,74,Sentinel Hub Statistical API / Sentinel-5P,P1D,good
kras_fire_2022,Goriški Kras wildfire,wildfire,CO,mmol/m²,2022-07-02T00:00:00Z,2022-07-03T00:00:00Z,2,SI044,Obalno-kraška,26.631405861195873,23.006439208984375,32.80739486217499,2.3660259865750723,99,40,59,Sentinel Hub Statistical API / Sentinel-5P,P1D,good
kras_fire_2022,Goriški Kras wildfire,wildfire,CO,mmol/m²,2022-07-03T00:00:00Z,2022-07-04T00:00:00Z,3,SI044,Obalno-kraška,27.315747941721156,21.87284268438816,33.14604610204697,2.8176686321763005,99,46,53,Sentinel Hub Statistical API / Sentinel-5P,P1D,good
kras_fire_2022,Goriški Kras wildfire,wildfire,CO,mmol/m²,2022-07-04T00:00:00Z,2022-07-05T00:00:00Z,4,SI044,Obalno-kraška,26.20786060698521,21.29788137972355,30.71911633014679,2.81609222163108,99,21,78,Sentinel Hub Statistical API / Sentinel-5P,P1D,good
kras_fire_2022,Goriški Kras wildfire,wildfire,CO,mmol/m²,2022-07-05T00:00:00Z,2022-07-06T00:00:00Z,5,SI044,Obalno-kraška,26.508492445025375,20.580820739269257,35.3458970785141,3.0508420209019813,99,31,68,Sentinel Hub Statistical API / Sentinel-5P,P1D,good
kras_fire_2022,Goriški Kras wildfire,wildfire,CO,mmol/m²,2022-07-06T00:00:00Z,2022-07-07T00:00:00Z,6,SI044,Obalno-kraška,29.70390019249427,25.844406336545944,33.452317118644714,1.8793039699983718,99,26,73,Sentinel Hub Statistical API / Sentinel-5P,P1D,good
kras_fire_2022,Goriški Kras wildfire,wildfire,CO,mmol/m²,2022-07-07T00:00:00Z,2022-07-08T00:00:00Z,7,SI044,Obalno-kraška,27.511664666235454,20.88426798582077,32.53158926963806,3.179602757132386,99,63,36,Sentinel Hub Statistical API / Sentinel-5P,P1D,partial
kras_fire_2022,Goriški Kras wildfire,wildfire,CO,mmol/m²,2022-07-08T00:00:00Z,2022-07-09T00:00:00Z,8,SI044,Obalno-kraška,28.639612788403483,21.81668020784855,37.80943527817726,3.2646720852940097,99,45,54,Sentinel Hub Statistical API / Sentinel-5P,P1D,good
kras_fire_2022,Goriški Kras wildfire,wildfire,CO,mmol/m²,2022-07-09T00:00:00Z,2022-07-10T00:00:00Z,9,SI044,Obalno-kraška,24.53982619130435,22.115470841526985,29.646016657352448,1.7084509121425975,99,31,68,Sentinel Hub Statistical API / Sentinel-5P,P1D,good
kras_fire_2022,Goriški Kras wildfire,wildfire,CO,mmol/m²,2022-07-10T00:00:00Z,2022-07-11T00:00:00Z,10,SI044,Obalno-kraška,27.096485346555706,25.22234432399273,30.5365901440382,1.8580167152725982,99,89,10,Sentinel Hub Statistical API / Sentinel-5P,P1D,partial
kras_fire_2022,Goriški Kras wildfire,wildfire,CO,mmol/m²,2022-07-11T00:00:00Z,2022-07-12T00:00:00Z,11,SI044,Obalno-kraška,24.51501687367758,18.73665116727352,30.72691336274147,2.292657807051294,99,39,60,Sentinel Hub Statistical API / Sentinel-5P,P1D,good
kras_fire_2022,Goriški Kras wildfire,wildfire,CO,mmol/m²,2022-07-12T00:00:00Z,2022-07-13T00:00:00Z,12,SI044,Obalno-kraška,22.819095021603918,15.554339624941349,27.216723188757896,2.457933687493819,99,23,76,Sentinel Hub Statistical API / Sentinel-5P,P1D,good
kras_fire_2022,Goriški Kras wildfire,wildfire,CO,mmol/m²,2022-07-13T00:00:00Z,2022-07-14T00:00:00Z,13,SI044,Obalno-kraška,23.051068157656125,17.14838296175003,29.751569032669067,3.403807743520361,99,35,64,Sentinel Hub Statistical API / Sentinel-5P,P1D,good
kras_fire_2022,Goriški Kras wildfire,wildfire,CO,mmol/m²,2022-07-14T00:00:00Z,2022-07-15T00:00:00Z,14,SI044,Obalno-kraška,,,,,99,99,0,Sentinel Hub Statistical API / Sentinel-5P,P1D,missing
kras_fire_2022,Goriški Kras wildfire,wildfire,CO,mmol/m²,2022-07-15T00:00:00Z,2022-07-16T00:00:00Z,15,SI044,Obalno-kraška,27.566981675513716,24.909690022468567,31.729120761156082,1.8427915848500576,99,40,59,Sentinel Hub Statistical API / Sentinel-5P,P1D,good
kras_fire_2022,Goriški Kras wildfire,wildfire,CO,mmol/m²,2022-07-16T00:00:00Z,2022-07-17T00:00:00Z,16,SI044,Obalno-kraška,28.186071440577514,19.746853038668633,34.090396016836166,2.6767313209274666,99,24,75,Sentinel Hub Statistical API / Sentinel-5P,P1D,good
kras_fire_2022,Goriški Kras wildfire,wildfire,CO,mmol/m²,2022-07-17T00:00:00Z,2022-07-18T00:00:00Z,17,SI044,Obalno-kraška,29.893152048470274,24.56161566078663,61.71794608235359,7.044341385257757,99,28,71,Sentinel Hub Statistical API / Sentinel-5P,P1D,good
kras_fire_2022,Goriški Kras wildfire,wildfire,CO,mmol/m²,2022-07-18T00:00:00Z,2022-07-19T00:00:00Z,18,SI044,Obalno-kraška,26.43406743536124,20.89158073067665,37.41201013326645,2.7255444324374087,99,25,74,Sentinel Hub Statistical API / Sentinel-5P,P1D,good
kras_fire_2022,Goriški Kras wildfire,wildfire,CO,mmol/m²,2022-07-19T00:00:00Z,2022-07-20T00:00:00Z,19,SI044,Obalno-kraška,27.693843818269666,22.345293313264847,41.1718487739563,3.258763114340924,99,51,48,Sentinel Hub Statistical API / Sentinel-5P,P1D,partial
kras_fire_2022,Goriški Kras wildfire,wildfire,CO,mmol/m²,2022-07-20T00:00:00Z,2022-07-21T00:00:00Z,20,SI044,Obalno-kraška,46.72253085300326,25.763966143131256,158.76705944538116,41.00640533865071,99,23,76,Sentinel Hub Statistical API / Sentinel-5P,P1D,good
kras_fire_2022,Goriški Kras wildfire,wildfire,CO,mmol/m²,2022-07-21T00:00:00Z,2022-07-22T00:00:00Z,21,SI044,Obalno-kraška,48.347573416928434,28.78561243414879,122.05462157726288,21.90677909680594,99,39,60,Sentinel Hub Statistical API / Sentinel-5P,P1D,good
kras_fire_2022,Goriški Kras wildfire,wildfire,CO,mmol/m²,2022-07-22T00:00:00Z,2022-07-23T00:00:00Z,22,SI044,Obalno-kraška,31.329877355969252,21.847940981388092,36.749664694070816,3.167082354587042,99,23,76,Sentinel Hub Statistical API / Sentinel-5P,P1D,good
kras_fire_2022,Goriški Kras wildfire,wildfire,CO,mmol/m²,2022-07-23T00:00:00Z,2022-07-24T00:00:00Z,23,SI044,Obalno-kraška,31.572056675536775,27.68179588019848,35.224784165620804,1.8101042119970387,99,27,72,Sentinel Hub Statistical API / Sentinel-5P,P1D,good
kras_fire_2022,Goriški Kras wildfire,wildfire,CO,mmol/m²,2022-07-24T00:00:00Z,2022-07-25T00:00:00Z,24,SI044,Obalno-kraška,30.859278232762293,22.85761944949627,37.54681721329689,2.517699645921748,99,33,66,Sentinel Hub Statistical API / Sentinel-5P,P1D,good
kras_fire_2022,Goriški Kras wildfire,wildfire,CO,mmol/m²,2022-07-25T00:00:00Z,2022-07-26T00:00:00Z,25,SI044,Obalno-kraška,31.529965872565903,24.38574656844139,36.573875695466995,4.8889917519450075,99,84,15,Sentinel Hub Statistical API / Sentinel-5P,P1D,partial
kras_fire_2022,Goriški Kras wildfire,wildfire,CO,mmol/m²,2022-07-26T00:00:00Z,2022-07-27T00:00:00Z,26,SI044,Obalno-kraška,30.717243119303525,24.88102577626705,37.318699061870575,3.0113202528370855,99,41,58,Sentinel Hub Statistical API / Sentinel-5P,P1D,good
kras_fire_2022,Goriški Kras wildfire,wildfire,CO,mmol/m²,2022-07-27T00:00:00Z,2022-07-28T00:00:00Z,27,SI044,Obalno-kraška,31.01569972932339,28.375549241900444,34.44858267903328,1.6386392253932758,99,75,24,Sentinel Hub Statistical API / Sentinel-5P,P1D,partial
kras_fire_2022,Goriški Kras wildfire,wildfire,CO,mmol/m²,2022-07-28T00:00:00Z,2022-07-29T00:00:00Z,28,SI044,Obalno-kraška,29.464968274553105,23.85648339986801,32.8909307718277,2.260023030287054,99,22,77,Sentinel Hub Statistical API / Sentinel-5P,P1D,good
kras_fire_2022,Goriški Kras wildfire,wildfire,CO,mmol/m²,2022-07-29T00:00:00Z,2022-07-30T00:00:00Z,29,SI044,Obalno-kraška,27.85399355286477,21.25563845038414,34.27637740969658,3.0530605636171035,99,48,51,Sentinel Hub Statistical API / Sentinel-5P,P1D,good
kras_fire_2022,Goriški Kras wildfire,wildfire,CO,mmol/m²,2022-07-30T00:00:00Z,2022-07-31T00:00:00Z,30,SI044,Obalno-kraška,27.57671661674976,20.221082493662834,31.88888728618622,2.8293464033457445,99,43,56,Sentinel Hub Statistical API / Sentinel-5P,P1D,good
kras_fire_2022,Goriški Kras wildfire,wildfire,CO,mmol/m²,2022-07-31T00:00:00Z,2022-08-01T00:00:00Z,31,SI044,Obalno-kraška,26.169222799387388,22.531673312187195,29.818560928106308,2.1298609057507356,99,52,47,Sentinel Hub Statistical API / Sentinel-5P,P1D,partial
kras_fire_2022,Goriški Kras wildfire,wildfire,HCHO,µmol/m²,2022-07-01T00:00:00Z,2022-07-02T00:00:00Z,1,SI031,Pomurska,165.62372469729226,-138.11876124236733,471.2961963377893,131.10616577519264,128,46,82,Sentinel Hub Statistical API / Sentinel-5P,P1D,good
kras_fire_2022,Goriški Kras wildfire,wildfire,HCHO,µmol/m²,2022-07-02T00:00:00Z,2022-07-03T00:00:00Z,2,SI031,Pomurska,94.90036223091808,-156.99096547905356,489.0929558314383,139.29628040525745,128,46,82,Sentinel Hub Statistical API / Sentinel-5P,P1D,good
kras_fire_2022,Goriški Kras wildfire,wildfire,HCHO,µmol/m²,2022-07-03T00:00:00Z,2022-07-04T00:00:00Z,3,SI031,Pomurska,134.22676383703308,-253.65527835674584,552.722136490047,164.7097457666537,128,46,82,Sentinel Hub Statistical API / Sentinel-5P,P1D,good
kras_fire_2022,Goriški Kras wildfire,wildfire,HCHO,µmol/m²,2022-07-04T00:00:00Z,2022-07-05T00:00:00Z,4,SI031,Pomurska,222.70160698099062,119.02263213414699,386.84342871420085,91.84937817542136,128,118,10,Sentinel Hub Statistical API / Sentinel-5P,P1D,partial
kras_fire_2022,Goriški Kras wildfire,wildfire,HCHO,µmol/m²,2022-07-05T00:00:00Z,2022-07-06T00:00:00Z,5,SI031,Pomurska,72.04631462324566,-36.17388574639335,115.32771168276668,51.51904914247703,128,116,12,Sentinel Hub Statistical API / Sentinel-5P,P1D,partial
kras_fire_2022,Goriški Kras wildfire,wildfire,HCHO,µmol/m²,2022-07-06T00:00:00Z,2022-07-07T00:00:00Z,6,SI031,Pomurska,107.87693804792204,-89.52897769631818,330.7411971036345,99.48572884034937,128,67,61,Sentinel Hub Statistical API / Sentinel-5P,P1D,partial
kras_fire_2022,Goriški Kras wildfire,wildfire,HCHO,µmol/m²,2022-07-07T00:00:00Z,2022-07-08T00:00:00Z,7,SI031,Pomurska,149.5522981526044,-88.45077536534518,628.6543211899698,191.84838732468648,128,111,17,Sentinel Hub Statistical API / Sentinel-5P,P1D,partial
kras_fire_2022,Goriški Kras wildfire,wildfire,HCHO,µmol/m²,2022-07-08T00:00:00Z,2022-07-09T00:00:00Z,8,SI031,Pomurska,22.84995401106275,-188.39827680494636,230.83682754077017,101.37231079465651,128,99,29,Sentinel Hub Statistical API / Sentinel-5P,P1D,partial
kras_fire_2022,Goriški Kras wildfire,wildfire,HCHO,µmol/m²,2022-07-09T00:00:00Z,2022-07-10T00:00:00Z,9,SI031,Pomurska,57.27548690846679,-142.216362291947,324.28602571599185,106.91799940993512,128,59,69,Sentinel Hub Statistical API / Sentinel-5P,P1D,good
kras_fire_2022,Goriški Kras wildfire,wildfire,HCHO,µmol/m²,2022-07-10T00:00:00Z,2022-07-11T00:00:00Z,10,SI031,Pomurska,30.927959796240284,-203.17852613516152,252.74194194935262,114.87208123391987,128,97,31,Sentinel Hub Statistical API / Sentinel-5P,P1D,partial
kras_fire_2022,Goriški Kras wildfire,wildfire,HCHO,µmol/m²,2022-07-11T00:00:00Z,2022-07-12T00:00:00Z,11,SI031,Pomurska,72.60008676723828,-116.80820898618549,322.56555277854204,95.27852320998268,128,64,64,Sentinel Hub Statistical API / Sentinel-5P,P1D,good
kras_fire_2022,Goriški Kras wildfire,wildfire,HCHO,µmol/m²,2022-07-12T00:00:00Z,2022-07-13T00:00:00Z,12,SI031,Pomurska,56.59971931409553,-146.23889001086354,314.6386588923633,95.45299288875641,128,60,68,Sentinel Hub Statistical API / Sentinel-5P,P1D,good
kras_fire_2022,Goriški Kras wildfire,wildfire,HCHO,µmol/m²,2022-07-13T00:00:00Z,2022-07-14T00:00:00Z,13,SI031,Pomurska,143.273882228153,-278.35462242364883,486.47981020621955,150.48935810777553,128,46,82,Sentinel Hub Statistical API / Sentinel-5P,P1D,good
kras_fire_2022,Goriški Kras wildfire,wildfire,HCHO,µmol/m²,2022-07-14T00:00:00Z,2022-07-15T00:00:00Z,14,SI031,Pomurska,94.14823859294083,-270.49717027693987,399.5460574515164,124.93847489130052,128,54,74,Sentinel Hub Statistical API / Sentinel-5P,P1D,good
kras_fire_2022,Goriški Kras wildfire,wildfire,HCHO,µmol/m²,2022-07-15T00:00:00Z,2022-07-16T00:00:00Z,15,SI031,Pomurska,83.5329503119779,-121.08154624002054,251.0056656319648,79.79493211491327,128,84,44,Sentinel Hub Statistical API / Sentinel-5P,P1D,partial
kras_fire_2022,Goriški Kras wildfire,wildfire,HCHO,µmol/m²,2022-07-16T00:00:00Z,2022-07-17T00:00:00Z,16,SI031,Pomurska,116.77896811872371,-222.21924155019224,401.56295290216804,112.30325206463364,128,46,82,Sentinel Hub Statistical API / Sentinel-5P,P1D,good
kras_fire_2022,Goriški Kras wildfire,wildfire,HCHO,µmol/m²,2022-07-17T00:00:00Z,2022-07-18T00:00:00Z,17,SI031,Pomurska,91.58268666557734,-189.53351536765695,426.92534043453634,132.51160847093286,128,46,82,Sentinel Hub Statistical API / Sentinel-5P,P1D,good
kras_fire_2022,Goriški Kras wildfire,wildfire,HCHO,µmol/m²,2022-07-18T00:00:00Z,2022-07-19T00:00:00Z,18,SI031,Pomurska,105.55016155660444,-212.97394414432347,457.7918443828821,142.62749056407483,128,46,82,Sentinel Hub Statistical API / Sentinel-5P,P1D,good
kras_fire_2022,Goriški Kras wildfire,wildfire,HCHO,µmol/m²,2022-07-19T00:00:00Z,2022-07-20T00:00:00Z,19,SI031,Pomurska,159.51362819378562,-174.22421660739928,509.63793182745576,134.90227646828214,128,46,82,Sentinel Hub Statistical API / Sentinel-5P,P1D,good
kras_fire_2022,Goriški Kras wildfire,wildfire,HCHO,µmol/m²,2022-07-20T00:00:00Z,2022-07-21T00:00:00Z,20,SI031,Pomurska,194.97858217463795,-106.57101665856317,520.6162459217012,149.76057455378626,128,46,82,Sentinel Hub Statistical API / Sentinel-5P,P1D,good
kras_fire_2022,Goriški Kras wildfire,wildfire,HCHO,µmol/m²,2022-07-21T00:00:00Z,2022-07-22T00:00:00Z,21,SI031,Pomurska,169.41498942531587,-76.51971827726811,407.5121833011508,126.02396207538061,128,46,82,Sentinel Hub Statistical API / Sentinel-5P,P1D,good
kras_fire_2022,Goriški Kras wildfire,wildfire,HCHO,µmol/m²,2022-07-22T00:00:00Z,2022-07-23T00:00:00Z,22,SI031,Pomurska,206.09069206773538,-68.9952212269418,442.29684863239527,122.75386000945552,128,46,82,Sentinel Hub Statistical API / Sentinel-5P,P1D,good
kras_fire_2022,Goriški Kras wildfire,wildfire,HCHO,µmol/m²,2022-07-23T00:00:00Z,2022-07-24T00:00:00Z,23,SI031,Pomurska,278.2652956694819,62.69374716794118,509.9541158415377,113.74628747393618,128,46,82,Sentinel Hub Statistical API / Sentinel-5P,P1D,good
kras_fire_2022,Goriški Kras wildfire,wildfire,HCHO,µmol/m²,2022-07-24T00:00:00Z,2022-07-25T00:00:00Z,24,SI031,Pomurska,161.95082741055884,-131.70861348044127,464.85394705086946,133.53327646133707,128,46,82,Sentinel Hub Statistical API / Sentinel-5P,P1D,good
kras_fire_2022,Goriški Kras wildfire,wildfire,HCHO,µmol/m²,2022-07-25T00:00:00Z,2022-07-26T00:00:00Z,25,SI031,Pomurska,192.71716051085468,-109.55708421533927,596.4002921245992,141.3356579913465,128,46,82,Sentinel Hub Statistical API / Sentinel-5P,P1D,good
kras_fire_2022,Goriški Kras wildfire,wildfire,HCHO,µmol/m²,2022-07-26T00:00:00Z,2022-07-27T00:00:00Z,26,SI031,Pomurska,,,,,128,128,0,Sentinel Hub Statistical API / Sentinel-5P,P1D,missing
kras_fire_2022,Goriški Kras wildfire,wildfire,HCHO,µmol/m²,2022-07-27T00:00:00Z,2022-07-28T00:00:00Z,27,SI031,Pomurska,140.3656161629543,36.82636815938167,345.61404027044773,113.75775062909436,128,119,9,Sentinel Hub Statistical API / Sentinel-5P,P1D,partial
kras_fire_2022,Goriški Kras wildfire,wildfire,HCHO,µmol/m²,2022-07-28T00:00:00Z,2022-07-29T00:00:00Z,28,SI031,Pomurska,159.11899591939314,-135.89696027338505,465.8424004446715,125.15836016808944,128,46,82,Sentinel Hub Statistical API / Sentinel-5P,P1D,good
kras_fire_2022,Goriški Kras wildfire,wildfire,HCHO,µmol/m²,2022-07-29T00:00:00Z,2022-07-30T00:00:00Z,29,SI031,Pomurska,173.22164898853478,-115.1363248936832,557.6492403633893,138.68921309388057,128,46,82,Sentinel Hub Statistical API / Sentinel-5P,P1D,good
kras_fire_2022,Goriški Kras wildfire,wildfire,HCHO,µmol/m²,2022-07-30T00:00:00Z,2022-07-31T00:00:00Z,30,SI031,Pomurska,,,,,128,128,0,Sentinel Hub Statistical API / Sentinel-5P,P1D,missing
kras_fire_2022,Goriški Kras wildfire,wildfire,HCHO,µmol/m²,2022-07-31T00:00:00Z,2022-08-01T00:00:00Z,31,SI031,Pomurska,41.836881553358474,-163.08385238517076,216.17549646180123,89.15762518673745,128,46,82,Sentinel Hub Statistical API / Sentinel-5P,P1D,good
kras_fire_2022,Goriški Kras wildfire,wildfire,HCHO,µmol/m²,2022-07-01T00:00:00Z,2022-07-02T00:00:00Z,1,SI032,Podravska,146.7838682547296,-216.62883227691054,464.243465103209,138.6578394453228,180,52,128,Sentinel Hub Statistical API / Sentinel-5P,P1D,good
kras_fire_2022,Goriški Kras wildfire,wildfire,HCHO,µmol/m²,2022-07-02T00:00:00Z,2022-07-03T00:00:00Z,2,SI032,Podravska,107.55163262527904,-381.4766532741487,515.7339619472623,181.72267359647725,180,58,122,Sentinel Hub Statistical API / Sentinel-5P,P1D,good
kras_fire_2022,Goriški Kras wildfire,wildfire,HCHO,µmol/m²,2022-07-03T00:00:00Z,2022-07-04T00:00:00Z,3,SI032,Podravska,136.49754743561007,-285.00179178081453,486.4678194280714,143.72641757064852,180,52,128,Sentinel Hub Statistical API / Sentinel-5P,P1D,good
kras_fire_2022,Goriški Kras wildfire,wildfire,HCHO,µmol/m²,2022-07-04T00:00:00Z,2022-07-05T00:00:00Z,4,SI032,Podravska,130.00835124659216,-312.2753696516156,438.377377577126,154.3151954874845,180,97,83,Sentinel Hub Statistical API / Sentinel-5P,P1D,partial
kras_fire_2022,Goriški Kras wildfire,wildfire,HCHO,µmol/m²,2022-07-05T00:00:00Z,2022-07-06T00:00:00Z,5,SI032,Podravska,56.60881843520351,-104.77127216290683,261.73045625910163,74.67861289760984,180,132,48,Sentinel Hub Statistical API / Sentinel-5P,P1D,partial
kras_fire_2022,Goriški Kras wildfire,wildfire,HCHO,µmol/m²,2022-07-06T00:00:00Z,2022-07-07T00:00:00Z,6,SI032,Podravska,78.25493912924797,-83.10381963383406,277.51512243412435,80.92698650073966,180,91,89,Sentinel Hub Statistical API / Sentinel-5P,P1D,partial
kras_fire_2022,Goriški Kras wildfire,wildfire,HCHO,µmol/m²,2022-07-07T00:00:00Z,2022-07-08T00:00:00Z,7,SI032,Podravska,9.9188330106396,-145.97685367334634,93.96449604537338,67.51913721648752,180,168,12,Sentinel Hub Statistical API / Sentinel-5P,P1D,partial
kras_fire_2022,Goriški Kras wildfire,wildfire,HCHO,µmol/m²,2022-07-08T00:00:00Z,2022-07-09T00:00:00Z,8,SI032,Podravska,59.01014476648925,-131.15220644976944,218.9610240748152,100.42045675208388,180,155,25,Sentinel Hub Statistical API / Sentinel-5P,P1D,partial
kras_fire_2022,Goriški Kras wildfire,wildfire,HCHO,µmol/m²,2022-07-09T00:00:00Z,2022-07-10T00:00:00Z,9,SI032,Podravska,-23.832579245208763,-23.832579245208763,-23.832579245208763,0.0,180,179,1,Sentinel Hub Statistical API / Sentinel-5P,P1D,partial
kras_fire_2022,Goriški Kras wildfire,wildfire,HCHO,µmol/m²,2022-07-10T00:00:00Z,2022-07-11T00:00:00Z,10,SI032,Podravska,24.08840624699032,-87.52609574003145,121.7422541230917,63.82803536717276,180,142,38,Sentinel Hub Statistical API / Sentinel-5P,P1D,partial
kras_fire_2022,Goriški Kras wildfire,wildfire,HCHO,µmol/m²,2022-07-11T00:00:00Z,2022-07-12T00:00:00Z,11,SI032,Podravska,107.17689576267733,-84.08766734646633,299.70123432576656,104.71850535433052,180,130,50,Sentinel Hub Statistical API / Sentinel-5P,P1D,partial
kras_fire_2022,Goriški Kras wildfire,wildfire,HCHO,µmol/m²,2022-07-12T00:00:00Z,2022-07-13T00:00:00Z,12,SI032,Podravska,87.28598664962001,-66.26446702284738,273.4545269049704,73.55818337250034,180,161,19,Sentinel Hub Statistical API / Sentinel-5P,P1D,partial
kras_fire_2022,Goriški Kras wildfire,wildfire,HCHO,µmol/m²,2022-07-13T00:00:00Z,2022-07-14T00:00:00Z,13,SI032,Podravska,112.24343273408269,-278.35462242364883,489.1827702522278,144.17151066929478,180,52,128,Sentinel Hub Statistical API / Sentinel-5P,P1D,good
kras_fire_2022,Goriški Kras wildfire,wildfire,HCHO,µmol/m²,2022-07-14T00:00:00Z,2022-07-15T00:00:00Z,14,SI032,Podravska,61.22008166130399,-290.7892339862883,701.8566830083728,197.0785423543777,180,130,50,Sentinel Hub Statistical API / Sentinel-5P,P1D,partial
kras_fire_2022,Goriški Kras wildfire,wildfire,HCHO,µmol/m²,2022-07-15T00:00:00Z,2022-07-16T00:00:00Z,15,SI032,Podravska,73.13194315899506,-80.22989641176537,251.0056656319648,79.96409091118771,180,91,89,Sentinel Hub Statistical API / Sentinel-5P,P1D,partial
kras_fire_2022,Goriški Kras wildfire,wildfire,HCHO,µmol/m²,2022-07-16T00:00:00Z,2022-07-17T00:00:00Z,16,SI032,Podravska,103.53738931400358,-222.21924155019224,351.55643126927316,126.59086631180408,180,54,126,Sentinel Hub Statistical API / Sentinel-5P,P1D,good
kras_fire_2022,Goriški Kras wildfire,wildfire,HCHO,µmol/m²,2022-07-17T00:00:00Z,2022-07-18T00:00:00Z,17,SI032,Podravska,124.49849278972638,-320.87546424008906,429.6053957659751,154.0055206123594,180,52,128,Sentinel Hub Statistical API / Sentinel-5P,P1D,good
kras_fire_2022,Goriški Kras wildfire,wildfire,HCHO,µmol/m²,2022-07-18T00:00:00Z,2022-07-19T00:00:00Z,18,SI032,Podravska,144.4570690889435,-224.3526978418231,634.3012792058289,167.000056511112,180,52,128,Sentinel Hub Statistical API / Sentinel-5P,P1D,good
kras_fire_2022,Goriški Kras wildfire,wildfire,HCHO,µmol/m²,2022-07-19T00:00:00Z,2022-07-20T00:00:00Z,19,SI032,Podravska,143.7566566231396,-112.00418521184474,525.4819407127798,135.84741734652752,180,52,128,Sentinel Hub Statistical API / Sentinel-5P,P1D,good
kras_fire_2022,Goriški Kras wildfire,wildfire,HCHO,µmol/m²,2022-07-20T00:00:00Z,2022-07-21T00:00:00Z,20,SI032,Podravska,218.85286243161772,-305.37042766809464,641.80011395365,186.82732170905422,180,52,128,Sentinel Hub Statistical API / Sentinel-5P,P1D,good
kras_fire_2022,Goriški Kras wildfire,wildfire,HCHO,µmol/m²,2022-07-21T00:00:00Z,2022-07-22T00:00:00Z,21,SI032,Podravska,148.48105912701467,-124.71149966586381,419.0374747850001,104.17399102911341,180,52,128,Sentinel Hub Statistical API / Sentinel-5P,P1D,good
kras_fire_2022,Goriški Kras wildfire,wildfire,HCHO,µmol/m²,2022-07-22T00:00:00Z,2022-07-23T00:00:00Z,22,SI032,Podravska,230.3403817371929,-49.633799790171906,485.29860214330256,110.14863246286093,180,52,128,Sentinel Hub Statistical API / Sentinel-5P,P1D,good
kras_fire_2022,Goriški Kras wildfire,wildfire,HCHO,µmol/m²,2022-07-23T00:00:00Z,2022-07-24T00:00:00Z,23,SI032,Podravska,284.8620083461255,-92.08307892549783,624.1556257009506,129.37103643493717,180,53,127,Sentinel Hub Statistical API / Sentinel-5P,P1D,good
kras_fire_2022,Goriški Kras wildfire,wildfire,HCHO,µmol/m²,2022-07-24T00:00:00Z,2022-07-25T00:00:00Z,24,SI032,Podravska,174.26225370703236,-127.44014384225011,450.40438999421895,133.70964393916623,180,60,120,Sentinel Hub Statistical API / Sentinel-5P,P1D,good
kras_fire_2022,Goriški Kras wildfire,wildfire,HCHO,µmol/m²,2022-07-25T00:00:00Z,2022-07-26T00:00:00Z,25,SI032,Podravska,205.47052142654522,-29.82555997732561,386.9799547828734,152.33976813062114,180,161,19,Sentinel Hub Statistical API / Sentinel-5P,P1D,partial
kras_fire_2022,Goriški Kras wildfire,wildfire,HCHO,µmol/m²,2022-07-26T00:00:00Z,2022-07-27T00:00:00Z,26,SI032,Podravska,132.3403175774729,35.97557952161878,252.16295034624636,79.14817646719085,180,176,4,Sentinel Hub Statistical API / Sentinel-5P,P1D,partial
kras_fire_2022,Goriški Kras wildfire,wildfire,HCHO,µmol/m²,2022-07-27T00:00:00Z,2022-07-28T00:00:00Z,27,SI032,Podravska,85.68647233593816,-28.71568540285807,261.4125842228532,70.54371969097934,180,146,34,Sentinel Hub Statistical API / Sentinel-5P,P1D,partial
kras_fire_2022,Goriški Kras wildfire,wildfire,HCHO,µmol/m²,2022-07-28T00:00:00Z,2022-07-29T00:00:00Z,28,SI032,Podravska,115.84204286301208,-196.3522663572803,449.6722249314189,119.79692687726711,180,74,106,Sentinel Hub Statistical API / Sentinel-5P,P1D,good
kras_fire_2022,Goriški Kras wildfire,wildfire,HCHO,µmol/m²,2022-07-29T00:00:00Z,2022-07-30T00:00:00Z,29,SI032,Podravska,170.81096162990002,-170.53450574167073,506.564334500581,130.60331392484855,180,63,117,Sentinel Hub Statistical API / Sentinel-5P,P1D,good
kras_fire_2022,Goriški Kras wildfire,wildfire,HCHO,µmol/m²,2022-07-30T00:00:00Z,2022-07-31T00:00:00Z,30,SI032,Podravska,,,,,180,180,0,Sentinel Hub Statistical API / Sentinel-5P,P1D,missing
kras_fire_2022,Goriški Kras wildfire,wildfire,HCHO,µmol/m²,2022-07-31T00:00:00Z,2022-08-01T00:00:00Z,31,SI032,Podravska,23.31263042968337,-124.73473907448351,152.251886902377,73.63016414861775,180,99,81,Sentinel Hub Statistical API / Sentinel-5P,P1D,partial
kras_fire_2022,Goriški Kras wildfire,wildfire,HCHO,µmol/m²,2022-07-01T00:00:00Z,2022-07-02T00:00:00Z,1,SI033,Koroška,154.24790809308845,-126.85723777394742,447.48897198587656,147.99239467738886,75,16,59,Sentinel Hub Statistical API / Sentinel-5P,P1D,good
kras_fire_2022,Goriški Kras wildfire,wildfire,HCHO,µmol/m²,2022-07-02T00:00:00Z,2022-07-03T00:00:00Z,2,SI033,Koroška,124.52173170707039,-195.61065710149705,449.6024630498141,150.18191035131983,75,20,55,Sentinel Hub Statistical API / Sentinel-5P,P1D,good
kras_fire_2022,Goriški Kras wildfire,wildfire,HCHO,µmol/m²,2022-07-03T00:00:00Z,2022-07-04T00:00:00Z,3,SI033,Koroška,96.65328471490251,-245.81540492363274,538.4295945987105,171.43086833435493,75,16,59,Sentinel Hub Statistical API / Sentinel-5P,P1D,good
kras_fire_2022,Goriški Kras wildfire,wildfire,HCHO,µmol/m²,2022-07-04T00:00:00Z,2022-07-05T00:00:00Z,4,SI033,Koroška,97.46734740166191,-312.2753696516156,386.3356541842222,161.41245070085313,75,16,59,Sentinel Hub Statistical API / Sentinel-5P,P1D,good
kras_fire_2022,Goriški Kras wildfire,wildfire,HCHO,µmol/m²,2022-07-05T00:00:00Z,2022-07-06T00:00:00Z,5,SI033,Koroška,76.85196155383285,-104.77127216290683,223.1127000413835,78.3578931292861,75,45,30,Sentinel Hub Statistical API / Sentinel-5P,P1D,partial
kras_fire_2022,Goriški Kras wildfire,wildfire,HCHO,µmol/m²,2022-07-06T00:00:00Z,2022-07-07T00:00:00Z,6,SI033,Koroška,65.61835899072535,-53.81627124734223,209.2488284688443,86.70115833378006,75,58,17,Sentinel Hub Statistical API / Sentinel-5P,P1D,partial
kras_fire_2022,Goriški Kras wildfire,wildfire,HCHO,µmol/m²,2022-07-07T00:00:00Z,2022-07-08T00:00:00Z,7,SI033,Koroška,,,,,75,75,0,Sentinel Hub Statistical API / Sentinel-5P,P1D,missing
kras_fire_2022,Goriški Kras wildfire,wildfire,HCHO,µmol/m²,2022-07-08T00:00:00Z,2022-07-09T00:00:00Z,8,SI033,Koroška,-3.2618877867207656,-292.31642838567495,358.08273241855204,143.52471587771905,75,35,40,Sentinel Hub Statistical API / Sentinel-5P,P1D,good
kras_fire_2022,Goriški Kras wildfire,wildfire,HCHO,µmol/m²,2022-07-09T00:00:00Z,2022-07-10T00:00:00Z,9,SI033,Koroška,-57.8129086837483,-90.82468022825196,-41.30702291149646,23.342847518099653,75,72,3,Sentinel Hub Statistical API / Sentinel-5P,P1D,partial
kras_fire_2022,Goriški Kras wildfire,wildfire,HCHO,µmol/m²,2022-07-10T00:00:00Z,2022-07-11T00:00:00Z,10,SI033,Koroška,,,,,75,75,0,Sentinel Hub Statistical API / Sentinel-5P,P1D,missing
kras_fire_2022,Goriški Kras wildfire,wildfire,HCHO,µmol/m²,2022-07-11T00:00:00Z,2022-07-12T00:00:00Z,11,SI033,Koroška,30.731755032320507,-41.66324652032927,83.72848969884217,45.38126406958765,75,71,4,Sentinel Hub Statistical API / Sentinel-5P,P1D,partial
kras_fire_2022,Goriški Kras wildfire,wildfire,HCHO,µmol/m²,2022-07-12T00:00:00Z,2022-07-13T00:00:00Z,12,SI033,Koroška,,,,,75,75,0,Sentinel Hub Statistical API / Sentinel-5P,P1D,missing
kras_fire_2022,Goriški Kras wildfire,wildfire,HCHO,µmol/m²,2022-07-13T00:00:00Z,2022-07-14T00:00:00Z,13,SI033,Koroška,101.8884979465052,-114.13075844757259,507.80799938365817,137.8693221178314,75,16,59,Sentinel Hub Statistical API / Sentinel-5P,P1D,good
kras_fire_2022,Goriški Kras wildfire,wildfire,HCHO,µmol/m²,2022-07-14T00:00:00Z,2022-07-15T00:00:00Z,14,SI033,Koroška,,,,,75,75,0,Sentinel Hub Statistical API / Sentinel-5P,P1D,missing
kras_fire_2022,Goriški Kras wildfire,wildfire,HCHO,µmol/m²,2022-07-15T00:00:00Z,2022-07-16T00:00:00Z,15,SI033,Koroška,88.97583466023207,37.68286114791408,123.17115033511072,41.88053749842405,75,70,5,Sentinel Hub Statistical API / Sentinel-5P,P1D,partial
kras_fire_2022,Goriški Kras wildfire,wildfire,HCHO,µmol/m²,2022-07-16T00:00:00Z,2022-07-17T00:00:00Z,16,SI033,Koroška,96.53545059616309,-126.02799688465893,316.8316907249391,101.79206150750866,75,23,52,Sentinel Hub Statistical API / Sentinel-5P,P1D,good
kras_fire_2022,Goriški Kras wildfire,wildfire,HCHO,µmol/m²,2022-07-17T00:00:00Z,2022-07-18T00:00:00Z,17,SI033,Koroška,105.23491557435948,-182.23914958070964,447.4731395021081,139.5551923506236,75,16,59,Sentinel Hub Statistical API / Sentinel-5P,P1D,good
kras_fire_2022,Goriški Kras wildfire,wildfire,HCHO,µmol/m²,2022-07-18T00:00:00Z,2022-07-19T00:00:00Z,18,SI033,Koroška,101.9614302232472,-205.47352323774248,491.45770026370883,150.27081323867378,75,18,57,Sentinel Hub Statistical API / Sentinel-5P,P1D,good
kras_fire_2022,Goriški Kras wildfire,wildfire,HCHO,µmol/m²,2022-07-19T00:00:00Z,2022-07-20T00:00:00Z,19,SI033,Koroška,105.33791148298995,-205.44821745716035,438.7348017189652,159.4209798438171,75,16,59,Sentinel Hub Statistical API / Sentinel-5P,P1D,good
kras_fire_2022,Goriški Kras wildfire,wildfire,HCHO,µmol/m²,2022-07-20T00:00:00Z,2022-07-21T00:00:00Z,20,SI033,Koroška,197.881838026483,-269.8254829738289,709.359475877136,197.29593890911673,75,16,59,Sentinel Hub Statistical API / Sentinel-5P,P1D,good
kras_fire_2022,Goriški Kras wildfire,wildfire,HCHO,µmol/m²,2022-07-21T00:00:00Z,2022-07-22T00:00:00Z,21,SI033,Koroška,155.6450460758258,-132.80738494358957,333.93202465958893,120.30008514998858,75,16,59,Sentinel Hub Statistical API / Sentinel-5P,P1D,good
kras_fire_2022,Goriški Kras wildfire,wildfire,HCHO,µmol/m²,2022-07-22T00:00:00Z,2022-07-23T00:00:00Z,22,SI033,Koroška,183.03543629372143,-71.271977503784,462.23337994888425,142.49218442337005,75,19,56,Sentinel Hub Statistical API / Sentinel-5P,P1D,good
kras_fire_2022,Goriški Kras wildfire,wildfire,HCHO,µmol/m²,2022-07-23T00:00:00Z,2022-07-24T00:00:00Z,23,SI033,Koroška,261.477266649633,-132.189248688519,559.6382543444633,139.44468516185933,75,19,56,Sentinel Hub Statistical API / Sentinel-5P,P1D,good
kras_fire_2022,Goriški Kras wildfire,wildfire,HCHO,µmol/m²,2022-07-24T00:00:00Z,2022-07-25T00:00:00Z,24,SI033,Koroška,114.09254015385763,-119.93478983640671,739.4455606117845,168.367765568978,75,39,36,Sentinel Hub Statistical API / Sentinel-5P,P1D,partial
kras_fire_2022,Goriški Kras wildfire,wildfire,HCHO,µmol/m²,2022-07-25T00:00:00Z,2022-07-26T00:00:00Z,25,SI033,Koroška,117.83361428647137,-78.09119415469468,361.9997587520629,97.54538242382964,75,16,59,Sentinel Hub Statistical API / Sentinel-5P,P1D,good
kras_fire_2022,Goriški Kras wildfire,wildfire,HCHO,µmol/m²,2022-07-26T00:00:00Z,2022-07-27T00:00:00Z,26,SI033,Koroška,163.60853118158042,-60.843649407615885,468.84166658855975,128.0174901593053,75,27,48,Sentinel Hub Statistical API / Sentinel-5P,P1D,good
kras_fire_2022,Goriški Kras wildfire,wildfire,HCHO,µmol/m²,2022-07-27T00:00:00Z,2022-07-28T00:00:00Z,27,SI033,Koroška,,,,,75,75,0,Sentinel Hub Statistical API / Sentinel-5P,P1D,missing
kras_fire_2022,Goriški Kras wildfire,wildfire,HCHO,µmol/m²,2022-07-28T00:00:00Z,2022-07-29T00:00:00Z,28,SI033,Koroška,61.538699810625985,36.05586243793368,87.02153718331829,25.482837372692302,75,73,2,Sentinel Hub Statistical API / Sentinel-5P,P1D,partial
kras_fire_2022,Goriški Kras wildfire,wildfire,HCHO,µmol/m²,2022-07-29T00:00:00Z,2022-07-30T00:00:00Z,29,SI033,Koroška,128.51154375918364,-25.30367964936886,261.0372903291136,87.02831458266289,75,66,9,Sentinel Hub Statistical API / Sentinel-5P,P1D,partial
kras_fire_2022,Goriški Kras wildfire,wildfire,HCHO,µmol/m²,2022-07-30T00:00:00Z,2022-07-31T00:00:00Z,30,SI033,Koroška,,,,,75,75,0,Sentinel Hub Statistical API / Sentinel-5P,P1D,missing
kras_fire_2022,Goriški Kras wildfire,wildfire,HCHO,µmol/m²,2022-07-31T00:00:00Z,2022-08-01T00:00:00Z,31,SI033,Koroška,23.568750293634366,21.606803784379736,25.530696802888997,1.9619465092546307,75,69,6,Sentinel Hub Statistical API / Sentinel-5P,P1D,partial
kras_fire_2022,Goriški Kras wildfire,wildfire,HCHO,µmol/m²,2022-07-01T00:00:00Z,2022-07-02T00:00:00Z,1,SI034,Savinjska,158.3542944876412,-157.86934818606824,509.5649976283312,140.69450890801548,225,89,136,Sentinel Hub Statistical API / Sentinel-5P,P1D,good
kras_fire_2022,Goriški Kras wildfire,wildfire,HCHO,µmol/m²,2022-07-02T00:00:00Z,2022-07-03T00:00:00Z,2,SI034,Savinjska,138.42975009449452,-248.79828561097383,729.6972908079624,165.19593454158476,225,92,133,Sentinel Hub Statistical API / Sentinel-5P,P1D,good
kras_fire_2022,Goriški Kras wildfire,wildfire,HCHO,µmol/m²,2022-07-03T00:00:00Z,2022-07-04T00:00:00Z,3,SI034,Savinjska,111.75087171554807,-314.73071430809796,488.16626076586545,139.1598805963035,225,89,136,Sentinel Hub Statistical API / Sentinel-5P,P1D,good
kras_fire_2022,Goriški Kras wildfire,wildfire,HCHO,µmol/m²,2022-07-04T00:00:00Z,2022-07-05T00:00:00Z,4,SI034,Savinjska,108.9064533573051,-126.03178038261831,515.52162040025,124.56296687285202,225,96,129,Sentinel Hub Statistical API / Sentinel-5P,P1D,good
kras_fire_2022,Goriški Kras wildfire,wildfire,HCHO,µmol/m²,2022-07-05T00:00:00Z,2022-07-06T00:00:00Z,5,SI034,Savinjska,76.1996688007647,-56.43585609504953,217.8892318625003,67.05515641959786,225,134,91,Sentinel Hub Statistical API / Sentinel-5P,P1D,partial
kras_fire_2022,Goriški Kras wildfire,wildfire,HCHO,µmol/m²,2022-07-06T00:00:00Z,2022-07-07T00:00:00Z,6,SI034,Savinjska,77.61210137687158,-231.8863698747009,314.7337993141264,102.9291814755454,225,150,75,Sentinel Hub Statistical API / Sentinel-5P,P1D,partial
kras_fire_2022,Goriški Kras wildfire,wildfire,HCHO,µmol/m²,2022-07-07T00:00:00Z,2022-07-08T00:00:00Z,7,SI034,Savinjska,30.39500134605078,-205.37896489258856,244.88239432685077,106.00168393834392,225,193,32,Sentinel Hub Statistical API / Sentinel-5P,P1D,partial
kras_fire_2022,Goriški Kras wildfire,wildfire,HCHO,µmol/m²,2022-07-08T00:00:00Z,2022-07-09T00:00:00Z,8,SI034,Savinjska,61.995347056931635,-292.31642838567495,453.2368911895901,158.7690151218417,225,172,53,Sentinel Hub Statistical API / Sentinel-5P,P1D,partial
kras_fire_2022,Goriški Kras wildfire,wildfire,HCHO,µmol/m²,2022-07-09T00:00:00Z,2022-07-10T00:00:00Z,9,SI034,Savinjska,-28.252487481950084,-209.43080016877502,93.93796062795445,117.60748853544114,225,217,8,Sentinel Hub Statistical API / Sentinel-5P,P1D,partial
kras_fire_2022,Goriški Kras wildfire,wildfire,HCHO,µmol/m²,2022-07-10T00:00:00Z,2022-07-11T00:00:00Z,10,SI034,Savinjska,69.60486110377437,-87.52609574003145,134.3603798886761,72.28896994234802,225,210,15,Sentinel Hub Statistical API / Sentinel-5P,P1D,partial
kras_fire_2022,Goriški Kras wildfire,wildfire,HCHO,µmol/m²,2022-07-11T00:00:00Z,2022-07-12T00:00:00Z,11,SI034,Savinjska,30.12777147217237,-136.02411490865052,114.22491661505774,60.82482883440857,225,206,19,Sentinel Hub Statistical API / Sentinel-5P,P1D,partial
kras_fire_2022,Goriški Kras wildfire,wildfire,HCHO,µmol/m²,2022-07-12T00:00:00Z,2022-07-13T00:00:00Z,12,SI034,Savinjska,65.0793681415962,46.873352403054014,83.2853838801384,18.20601573854219,225,223,2,Sentinel Hub Statistical API / Sentinel-5P,P1D,partial
kras_fire_2022,Goriški Kras wildfire,wildfire,HCHO,µmol/m²,2022-07-13T00:00:00Z,2022-07-14T00:00:00Z,13,SI034,Savinjska,119.70686608385549,-164.5059383008629,449.9621572904289,144.81457243033086,225,89,136,Sentinel Hub Statistical API / Sentinel-5P,P1D,good
kras_fire_2022,Goriški Kras wildfire,wildfire,HCHO,µmol/m²,2022-07-14T00:00:00Z,2022-07-15T00:00:00Z,14,SI034,Savinjska,96.72811324890064,-251.5755477361381,488.16745402291417,162.64759346253356,225,149,76,Sentinel Hub Statistical API / Sentinel-5P,P1D,partial
kras_fire_2022,Goriški Kras wildfire,wildfire,HCHO,µmol/m²,2022-07-15T00:00:00Z,2022-07-16T00:00:00Z,15,SI034,Savinjska,96.30809855527909,-14.239752999856137,207.79893384315073,55.071770280170234,225,168,57,Sentinel Hub Statistical API / Sentinel-5P,P1D,partial
kras_fire_2022,Goriški Kras wildfire,wildfire,HCHO,µmol/m²,2022-07-16T00:00:00Z,2022-07-17T00:00:00Z,16,SI034,Savinjska,112.36371005546222,-145.50448395311832,365.29646604321897,112.87566736756001,225,99,126,Sentinel Hub Statistical API / Sentinel-5P,P1D,good
kras_fire_2022,Goriški Kras wildfire,wildfire,HCHO,µmol/m²,2022-07-17T00:00:00Z,2022-07-18T00:00:00Z,17,SI034,Savinjska,136.06363824726063,-223.11974316835403,533.9354975149035,148.21768708335478,225,90,135,Sentinel Hub Statistical API / Sentinel-5P,P1D,good
kras_fire_2022,Goriški Kras wildfire,wildfire,HCHO,µmol/m²,2022-07-18T00:00:00Z,2022-07-19T00:00:00Z,18,SI034,Savinjska,129.99621045958486,-226.38635709881783,517.2098753973842,148.3426492951659,225,90,135,Sentinel Hub Statistical API / Sentinel-5P,P1D,good
kras_fire_2022,Goriški Kras wildfire,wildfire,HCHO,µmol/m²,2022-07-19T00:00:00Z,2022-07-20T00:00:00Z,19,SI034,Savinjska,162.17267055233552,-203.00761389080435,768.6042226850986,152.17237423780767,225,89,136,Sentinel Hub Statistical API / Sentinel-5P,P1D,good
kras_fire_2022,Goriški Kras wildfire,wildfire,HCHO,µmol/m²,2022-07-20T00:00:00Z,2022-07-21T00:00:00Z,20,SI034,Savinjska,249.11251979756676,-305.37042766809464,786.8831744417548,227.8970026363736,225,89,136,Sentinel Hub Statistical API / Sentinel-5P,P1D,good
kras_fire_2022,Goriški Kras wildfire,wildfire,HCHO,µmol/m²,2022-07-21T00:00:00Z,2022-07-22T00:00:00Z,21,SI034,Savinjska,136.547668599927,-115.1986070908606,411.1802554689348,113.96734988883698,225,89,136,Sentinel Hub Statistical API / Sentinel-5P,P1D,good
kras_fire_2022,Goriški Kras wildfire,wildfire,HCHO,µmol/m²,2022-07-22T00:00:00Z,2022-07-23T00:00:00Z,22,SI034,Savinjska,193.58795200230875,-195.43537928257138,649.7868453152478,134.12084214496818,225,91,134,Sentinel Hub Statistical API / Sentinel-5P,P1D,good
kras_fire_2022,Goriški Kras wildfire,wildfire,HCHO,µmol/m²,2022-07-23T00:00:00Z,2022-07-24T00:00:00Z,23,SI034,Savinjska,249.1188265926563,-92.08307892549783,570.6914234906435,138.2751004849809,225,95,130,Sentinel Hub Statistical API / Sentinel-5P,P1D,good
kras_fire_2022,Goriški Kras wildfire,wildfire,HCHO,µmol/m²,2022-07-24T00:00:00Z,2022-07-25T00:00:00Z,24,SI034,Savinjska,128.1580746949244,-245.29820075258613,468.34725071676075,138.59099582717016,225,115,110,Sentinel Hub Statistical API / Sentinel-5P,P1D,partial
kras_fire_2022,Goriški Kras wildfire,wildfire,HCHO,µmol/m²,2022-07-25T00:00:00Z,2022-07-26T00:00:00Z,25,SI034,Savinjska,93.52011151635597,-158.91923976596445,386.9799547828734,94.52891236984972,225,112,113,Sentinel Hub Statistical API / Sentinel-5P,P1D,good
kras_fire_2022,Goriški Kras wildfire,wildfire,HCHO,µmol/m²,2022-07-26T00:00:00Z,2022-07-27T00:00:00Z,26,SI034,Savinjska,151.08272013590476,-101.8582988763228,468.84166658855975,130.7972678087331,225,181,44,Sentinel Hub Statistical API / Sentinel-5P,P1D,partial
kras_fire_2022,Goriški Kras wildfire,wildfire,HCHO,µmol/m²,2022-07-27T00:00:00Z,2022-07-28T00:00:00Z,27,SI034,Savinjska,86.48502486418393,-31.03004564763978,361.3353183027357,87.16169315348807,225,165,60,Sentinel Hub Statistical API / Sentinel-5P,P1D,partial
kras_fire_2022,Goriški Kras wildfire,wildfire,HCHO,µmol/m²,2022-07-28T00:00:00Z,2022-07-29T00:00:00Z,28,SI034,Savinjska,71.12876547239468,-108.96800085902214,394.48708412237465,94.35049566828887,225,165,60,Sentinel Hub Statistical API / Sentinel-5P,P1D,partial
kras_fire_2022,Goriški Kras wildfire,wildfire,HCHO,µmol/m²,2022-07-29T00:00:00Z,2022-07-30T00:00:00Z,29,SI034,Savinjska,151.85551457660063,-160.45176016632468,518.4906767681241,138.46289987114474,225,129,96,Sentinel Hub Statistical API / Sentinel-5P,P1D,partial
kras_fire_2022,Goriški Kras wildfire,wildfire,HCHO,µmol/m²,2022-07-30T00:00:00Z,2022-07-31T00:00:00Z,30,SI034,Savinjska,,,,,225,225,0,Sentinel Hub Statistical API / Sentinel-5P,P1D,missing
kras_fire_2022,Goriški Kras wildfire,wildfire,HCHO,µmol/m²,2022-07-31T00:00:00Z,2022-08-01T00:00:00Z,31,SI034,Savinjska,54.93701662219663,-63.45363362925127,158.27575407456607,54.26794813722366,225,190,35,Sentinel Hub Statistical API / Sentinel-5P,P1D,partial
kras_fire_2022,Goriški Kras wildfire,wildfire,HCHO,µmol/m²,2022-07-01T00:00:00Z,2022-07-02T00:00:00Z,1,SI035,Zasavska,173.59963406176703,-95.9058670559898,564.5225755870342,159.34117036379007,45,10,35,Sentinel Hub Statistical API / Sentinel-5P,P1D,good
kras_fire_2022,Goriški Kras wildfire,wildfire,HCHO,µmol/m²,2022-07-02T00:00:00Z,2022-07-03T00:00:00Z,2,SI035,Zasavska,111.47734866036834,-238.2572420174256,384.91591112688184,147.36522702310216,45,10,35,Sentinel Hub Statistical API / Sentinel-5P,P1D,good
kras_fire_2022,Goriški Kras wildfire,wildfire,HCHO,µmol/m²,2022-07-03T00:00:00Z,2022-07-04T00:00:00Z,3,SI035,Zasavska,133.0903608699633,-113.75937901902944,404.3587250635028,130.60866095576017,45,10,35,Sentinel Hub Statistical API / Sentinel-5P,P1D,good
kras_fire_2022,Goriški Kras wildfire,wildfire,HCHO,µmol/m²,2022-07-04T00:00:00Z,2022-07-05T00:00:00Z,4,SI035,Zasavska,44.616851179550096,-83.33913137903437,192.66434537712485,84.26749568426446,45,18,27,Sentinel Hub Statistical API / Sentinel-5P,P1D,good
kras_fire_2022,Goriški Kras wildfire,wildfire,HCHO,µmol/m²,2022-07-05T00:00:00Z,2022-07-06T00:00:00Z,5,SI035,Zasavska,68.2195219269488,-34.82395550236106,194.52476408332586,51.14143437788391,45,15,30,Sentinel Hub Statistical API / Sentinel-5P,P1D,good
kras_fire_2022,Goriški Kras wildfire,wildfire,HCHO,µmol/m²,2022-07-06T00:00:00Z,2022-07-07T00:00:00Z,6,SI035,Zasavska,52.56868476671547,-231.8863698747009,210.96110867802054,110.15037504446211,45,26,19,Sentinel Hub Statistical API / Sentinel-5P,P1D,partial
kras_fire_2022,Goriški Kras wildfire,wildfire,HCHO,µmol/m²,2022-07-07T00:00:00Z,2022-07-08T00:00:00Z,7,SI035,Zasavska,77.76586353429593,-40.15026206616312,244.4010751787573,94.68013002908931,45,40,5,Sentinel Hub Statistical API / Sentinel-5P,P1D,partial
kras_fire_2022,Goriški Kras wildfire,wildfire,HCHO,µmol/m²,2022-07-08T00:00:00Z,2022-07-09T00:00:00Z,8,SI035,Zasavska,40.88837903071652,-143.52805737871677,420.33876525238156,122.37411574108872,45,18,27,Sentinel Hub Statistical API / Sentinel-5P,P1D,good
kras_fire_2022,Goriški Kras wildfire,wildfire,HCHO,µmol/m²,2022-07-09T00:00:00Z,2022-07-10T00:00:00Z,9,SI035,Zasavska,-39.18551556125749,-209.43080016877502,176.3116888469085,169.33686360582584,45,37,8,Sentinel Hub Statistical API / Sentinel-5P,P1D,partial
kras_fire_2022,Goriški Kras wildfire,wildfire,HCHO,µmol/m²,2022-07-10T00:00:00Z,2022-07-11T00:00:00Z,10,SI035,Zasavska,60.58608457048345,-16.593956388533115,129.67924703843892,60.2452501637043,45,30,15,Sentinel Hub Statistical API / Sentinel-5P,P1D,partial
kras_fire_2022,Goriški Kras wildfire,wildfire,HCHO,µmol/m²,2022-07-11T00:00:00Z,2022-07-12T00:00:00Z,11,SI035,Zasavska,84.64247669811208,-55.84870814345777,316.07699929736555,78.36070892451376,45,24,21,Sentinel Hub Statistical API / Sentinel-5P,P1D,partial
kras_fire_2022,Goriški Kras wildfire,wildfire,HCHO,µmol/m²,2022-07-12T00:00:00Z,2022-07-13T00:00:00Z,12,SI035,Zasavska,133.41632178967953,-43.182004446862265,431.9720610510558,145.5491797784698,45,38,7,Sentinel Hub Statistical API / Sentinel-5P,P1D,partial
kras_fire_2022,Goriški Kras wildfire,wildfire,HCHO,µmol/m²,2022-07-13T00:00:00Z,2022-07-14T00:00:00Z,13,SI035,Zasavska,155.6964726790154,-41.35767085244879,486.19683366268873,120.96817436205315,45,10,35,Sentinel Hub Statistical API / Sentinel-5P,P1D,good
kras_fire_2022,Goriški Kras wildfire,wildfire,HCHO,µmol/m²,2022-07-14T00:00:00Z,2022-07-15T00:00:00Z,14,SI035,Zasavska,158.5486234002279,-180.76488049700856,488.16745402291417,164.27740934302426,45,10,35,Sentinel Hub Statistical API / Sentinel-5P,P1D,good
kras_fire_2022,Goriški Kras wildfire,wildfire,HCHO,µmol/m²,2022-07-15T00:00:00Z,2022-07-16T00:00:00Z,15,SI035,Zasavska,,,,,45,45,0,Sentinel Hub Statistical API / Sentinel-5P,P1D,missing
kras_fire_2022,Goriški Kras wildfire,wildfire,HCHO,µmol/m²,2022-07-16T00:00:00Z,2022-07-17T00:00:00Z,16,SI035,Zasavska,151.77038029443273,-65.20887836813927,435.9588783700019,112.75604101155281,45,10,35,Sentinel Hub Statistical API / Sentinel-5P,P1D,good
kras_fire_2022,Goriški Kras wildfire,wildfire,HCHO,µmol/m²,2022-07-17T00:00:00Z,2022-07-18T00:00:00Z,17,SI035,Zasavska,159.47283700370463,-132.93685333337635,403.09064206667244,124.21139526601067,45,10,35,Sentinel Hub Statistical API / Sentinel-5P,P1D,good
kras_fire_2022,Goriški Kras wildfire,wildfire,HCHO,µmol/m²,2022-07-18T00:00:00Z,2022-07-19T00:00:00Z,18,SI035,Zasavska,160.23288990904155,-178.7533110473305,483.5459403693676,167.26672774124967,45,10,35,Sentinel Hub Statistical API / Sentinel-5P,P1D,good
kras_fire_2022,Goriški Kras wildfire,wildfire,HCHO,µmol/m²,2022-07-19T00:00:00Z,2022-07-20T00:00:00Z,19,SI035,Zasavska,183.39136290056294,-194.6959673659876,480.67254829220474,162.26512692227604,45,10,35,Sentinel Hub Statistical API / Sentinel-5P,P1D,good
kras_fire_2022,Goriški Kras wildfire,wildfire,HCHO,µmol/m²,2022-07-20T00:00:00Z,2022-07-21T00:00:00Z,20,SI035,Zasavska,247.87610236671753,-10.650807780621108,989.6610863506794,244.35731933377664,45,10,35,Sentinel Hub Statistical API / Sentinel-5P,P1D,good
kras_fire_2022,Goriški Kras wildfire,wildfire,HCHO,µmol/m²,2022-07-21T00:00:00Z,2022-07-22T00:00:00Z,21,SI035,Zasavska,134.66229964771108,-132.99204874783754,326.27873588353395,109.43235265787801,45,10,35,Sentinel Hub Statistical API / Sentinel-5P,P1D,good
kras_fire_2022,Goriški Kras wildfire,wildfire,HCHO,µmol/m²,2022-07-22T00:00:00Z,2022-07-23T00:00:00Z,22,SI035,Zasavska,199.7325414517296,-150.40057769510895,460.76427679508924,156.83176104104447,45,10,35,Sentinel Hub Statistical API / Sentinel-5P,P1D,good
kras_fire_2022,Goriški Kras wildfire,wildfire,HCHO,µmol/m²,2022-07-23T00:00:00Z,2022-07-24T00:00:00Z,23,SI035,Zasavska,276.62240488451425,-0.09719079940850861,485.2577985730022,100.79809325792101,45,10,35,Sentinel Hub Statistical API / Sentinel-5P,P1D,good
kras_fire_2022,Goriški Kras wildfire,wildfire,HCHO,µmol/m²,2022-07-24T00:00:00Z,2022-07-25T00:00:00Z,24,SI035,Zasavska,147.7656539594006,-128.89844947494566,515.1770310476422,164.81825206227515,45,10,35,Sentinel Hub Statistical API / Sentinel-5P,P1D,good
kras_fire_2022,Goriški Kras wildfire,wildfire,HCHO,µmol/m²,2022-07-25T00:00:00Z,2022-07-26T00:00:00Z,25,SI035,Zasavska,112.12755515381495,-45.19706635619514,252.22095428034663,100.39965655252618,45,10,35,Sentinel Hub Statistical API / Sentinel-5P,P1D,good
kras_fire_2022,Goriški Kras wildfire,wildfire,HCHO,µmol/m²,2022-07-26T00:00:00Z,2022-07-27T00:00:00Z,26,SI035,Zasavska,51.69250653125345,-207.6130622299388,215.53007536567748,189.62301540580998,45,39,6,Sentinel Hub Statistical API / Sentinel-5P,P1D,partial
kras_fire_2022,Goriški Kras wildfire,wildfire,HCHO,µmol/m²,2022-07-27T00:00:00Z,2022-07-28T00:00:00Z,27,SI035,Zasavska,112.55974311552563,-1.4716890746058198,361.3353183027357,148.59730671631007,45,41,4,Sentinel Hub Statistical API / Sentinel-5P,P1D,partial
kras_fire_2022,Goriški Kras wildfire,wildfire,HCHO,µmol/m²,2022-07-28T00:00:00Z,2022-07-29T00:00:00Z,28,SI035,Zasavska,53.84929485785506,-87.60982746025547,174.55984198022634,80.54170053843755,45,37,8,Sentinel Hub Statistical API / Sentinel-5P,P1D,partial
kras_fire_2022,Goriški Kras wildfire,wildfire,HCHO,µmol/m²,2022-07-29T00:00:00Z,2022-07-30T00:00:00Z,29,SI035,Zasavska,140.68424538623626,-122.58584320079535,524.2307088337839,155.8257621001093,45,11,34,Sentinel Hub Statistical API / Sentinel-5P,P1D,good
kras_fire_2022,Goriški Kras wildfire,wildfire,HCHO,µmol/m²,2022-07-30T00:00:00Z,2022-07-31T00:00:00Z,30,SI035,Zasavska,,,,,45,45,0,Sentinel Hub Statistical API / Sentinel-5P,P1D,missing
kras_fire_2022,Goriški Kras wildfire,wildfire,HCHO,µmol/m²,2022-07-31T00:00:00Z,2022-08-01T00:00:00Z,31,SI035,Zasavska,190.66527602262795,190.66527602262795,190.66527602262795,0.0,45,44,1,Sentinel Hub Statistical API / Sentinel-5P,P1D,partial
kras_fire_2022,Goriški Kras wildfire,wildfire,HCHO,µmol/m²,2022-07-01T00:00:00Z,2022-07-02T00:00:00Z,1,SI036,Posavska,157.07942704574307,-147.3256852477789,506.1407573521137,148.94728794693955,78,19,59,Sentinel Hub Statistical API / Sentinel-5P,P1D,good
kras_fire_2022,Goriški Kras wildfire,wildfire,HCHO,µmol/m²,2022-07-02T00:00:00Z,2022-07-03T00:00:00Z,2,SI036,Posavska,167.89802887434894,-92.56570047000423,460.96331789158285,145.75124142566037,78,20,58,Sentinel Hub Statistical API / Sentinel-5P,P1D,good
kras_fire_2022,Goriški Kras wildfire,wildfire,HCHO,µmol/m²,2022-07-03T00:00:00Z,2022-07-04T00:00:00Z,3,SI036,Posavska,151.3336223497699,-314.73071430809796,496.02764192968607,159.25326922050982,78,19,59,Sentinel Hub Statistical API / Sentinel-5P,P1D,good
kras_fire_2022,Goriški Kras wildfire,wildfire,HCHO,µmol/m²,2022-07-04T00:00:00Z,2022-07-05T00:00:00Z,4,SI036,Posavska,164.99524756030846,-165.68122373428196,379.5901720877737,107.11857296441455,78,19,59,Sentinel Hub Statistical API / Sentinel-5P,P1D,good
kras_fire_2022,Goriški Kras wildfire,wildfire,HCHO,µmol/m²,2022-07-05T00:00:00Z,2022-07-06T00:00:00Z,5,SI036,Posavska,156.69246298713523,-62.36142507987097,448.14878492616117,128.99029847713297,78,27,51,Sentinel Hub Statistical API / Sentinel-5P,P1D,good
kras_fire_2022,Goriški Kras wildfire,wildfire,HCHO,µmol/m²,2022-07-06T00:00:00Z,2022-07-07T00:00:00Z,6,SI036,Posavska,120.0232265213904,-117.66145325964317,314.7337993141264,103.78874704391099,78,26,52,Sentinel Hub Statistical API / Sentinel-5P,P1D,good
kras_fire_2022,Goriški Kras wildfire,wildfire,HCHO,µmol/m²,2022-07-07T00:00:00Z,2022-07-08T00:00:00Z,7,SI036,Posavska,123.46048349639224,-205.37896489258856,587.5868955627084,160.90508706452553,78,30,48,Sentinel Hub Statistical API / Sentinel-5P,P1D,good
kras_fire_2022,Goriški Kras wildfire,wildfire,HCHO,µmol/m²,2022-07-08T00:00:00Z,2022-07-09T00:00:00Z,8,SI036,Posavska,110.82796845585108,110.82796845585108,110.82796845585108,0.0,78,77,1,Sentinel Hub Statistical API / Sentinel-5P,P1D,partial
kras_fire_2022,Goriški Kras wildfire,wildfire,HCHO,µmol/m²,2022-07-09T00:00:00Z,2022-07-10T00:00:00Z,9,SI036,Posavska,96.97506579363514,26.270747184753418,157.1282191434875,55.0699912307679,78,69,9,Sentinel Hub Statistical API / Sentinel-5P,P1D,partial
kras_fire_2022,Goriški Kras wildfire,wildfire,HCHO,µmol/m²,2022-07-10T00:00:00Z,2022-07-11T00:00:00Z,10,SI036,Posavska,58.04562807270485,-77.10751378908753,266.3888153620064,78.72149229024649,78,28,50,Sentinel Hub Statistical API / Sentinel-5P,P1D,good
kras_fire_2022,Goriški Kras wildfire,wildfire,HCHO,µmol/m²,2022-07-11T00:00:00Z,2022-07-12T00:00:00Z,11,SI036,Posavska,50.28803809032166,-153.67803280241787,344.7887720540166,94.53587149572351,78,31,47,Sentinel Hub Statistical API / Sentinel-5P,P1D,good
kras_fire_2022,Goriški Kras wildfire,wildfire,HCHO,µmol/m²,2022-07-12T00:00:00Z,2022-07-13T00:00:00Z,12,SI036,Posavska,9.191950084641576,9.191950084641576,9.191950084641576,0.0,78,77,1,Sentinel Hub Statistical API / Sentinel-5P,P1D,partial
kras_fire_2022,Goriški Kras wildfire,wildfire,HCHO,µmol/m²,2022-07-13T00:00:00Z,2022-07-14T00:00:00Z,13,SI036,Posavska,136.7345929315503,-230.43005785439163,486.19683366268873,158.9871162227343,78,19,59,Sentinel Hub Statistical API / Sentinel-5P,P1D,good
kras_fire_2022,Goriški Kras wildfire,wildfire,HCHO,µmol/m²,2022-07-14T00:00:00Z,2022-07-15T00:00:00Z,14,SI036,Posavska,117.05590942117352,-161.44166875164956,326.9044100306928,118.74994631916081,78,19,59,Sentinel Hub Statistical API / Sentinel-5P,P1D,good
kras_fire_2022,Goriški Kras wildfire,wildfire,HCHO,µmol/m²,2022-07-15T00:00:00Z,2022-07-16T00:00:00Z,15,SI036,Posavska,90.27587250449486,-67.95953959226608,292.9871261585504,83.57403815274917,78,40,38,Sentinel Hub Statistical API / Sentinel-5P,P1D,partial
kras_fire_2022,Goriški Kras wildfire,wildfire,HCHO,µmol/m²,2022-07-16T00:00:00Z,2022-07-17T00:00:00Z,16,SI036,Posavska,134.26553746516436,-221.7675355495885,352.4206404108554,118.96883866102424,78,19,59,Sentinel Hub Statistical API / Sentinel-5P,P1D,good
kras_fire_2022,Goriški Kras wildfire,wildfire,HCHO,µmol/m²,2022-07-17T00:00:00Z,2022-07-18T00:00:00Z,17,SI036,Posavska,139.32707226281235,-134.47957462631166,456.13027759827673,149.51004254409548,78,19,59,Sentinel Hub Statistical API / Sentinel-5P,P1D,good
kras_fire_2022,Goriški Kras wildfire,wildfire,HCHO,µmol/m²,2022-07-18T00:00:00Z,2022-07-19T00:00:00Z,18,SI036,Posavska,137.6544549634288,-178.85951092466712,450.99484850652516,129.55628910487374,78,19,59,Sentinel Hub Statistical API / Sentinel-5P,P1D,good
kras_fire_2022,Goriški Kras wildfire,wildfire,HCHO,µmol/m²,2022-07-19T00:00:00Z,2022-07-20T00:00:00Z,19,SI036,Posavska,196.05265960678278,-111.33516818517819,492.44408728554845,128.27535856183087,78,19,59,Sentinel Hub Statistical API / Sentinel-5P,P1D,good
kras_fire_2022,Goriški Kras wildfire,wildfire,HCHO,µmol/m²,2022-07-20T00:00:00Z,2022-07-21T00:00:00Z,20,SI036,Posavska,254.0498250509391,-160.01933545339853,823.9723392762244,189.8445875332296,78,19,59,Sentinel Hub Statistical API / Sentinel-5P,P1D,good
kras_fire_2022,Goriški Kras wildfire,wildfire,HCHO,µmol/m²,2022-07-21T00:00:00Z,2022-07-22T00:00:00Z,21,SI036,Posavska,160.47729826885003,-132.99204874783754,410.2420061826706,101.65325417733617,78,19,59,Sentinel Hub Statistical API / Sentinel-5P,P1D,good
kras_fire_2022,Goriški Kras wildfire,wildfire,HCHO,µmol/m²,2022-07-22T00:00:00Z,2022-07-23T00:00:00Z,22,SI036,Posavska,221.0376207308323,-69.5160124450922,465.1239432860166,122.53642882611933,78,19,59,Sentinel Hub Statistical API / Sentinel-5P,P1D,good
kras_fire_2022,Goriški Kras wildfire,wildfire,HCHO,µmol/m²,2022-07-23T00:00:00Z,2022-07-24T00:00:00Z,23,SI036,Posavska,238.47780227111738,-10.39144081005361,510.45988220721483,116.3180550777374,78,19,59,Sentinel Hub Statistical API / Sentinel-5P,P1D,good
kras_fire_2022,Goriški Kras wildfire,wildfire,HCHO,µmol/m²,2022-07-24T00:00:00Z,2022-07-25T00:00:00Z,24,SI036,Posavska,172.29620695647014,-138.99069745093584,417.6746588200331,122.92771254496094,78,19,59,Sentinel Hub Statistical API / Sentinel-5P,P1D,good
kras_fire_2022,Goriški Kras wildfire,wildfire,HCHO,µmol/m²,2022-07-25T00:00:00Z,2022-07-26T00:00:00Z,25,SI036,Posavska,152.5611152700525,1.6206801092266687,374.2113767657429,101.39353146842787,78,39,39,Sentinel Hub Statistical API / Sentinel-5P,P1D,good
kras_fire_2022,Goriški Kras wildfire,wildfire,HCHO,µmol/m²,2022-07-26T00:00:00Z,2022-07-27T00:00:00Z,26,SI036,Posavska,,,,,78,78,0,Sentinel Hub Statistical API / Sentinel-5P,P1D,missing
kras_fire_2022,Goriški Kras wildfire,wildfire,HCHO,µmol/m²,2022-07-27T00:00:00Z,2022-07-28T00:00:00Z,27,SI036,Posavska,163.07476404947988,-189.50033700093627,491.9106140732765,148.29981841513683,78,26,52,Sentinel Hub Statistical API / Sentinel-5P,P1D,good
kras_fire_2022,Goriški Kras wildfire,wildfire,HCHO,µmol/m²,2022-07-28T00:00:00Z,2022-07-29T00:00:00Z,28,SI036,Posavska,114.8695171148499,-49.43460589856841,460.0774555001408,122.0366704083702,78,30,48,Sentinel Hub Statistical API / Sentinel-5P,P1D,good
kras_fire_2022,Goriški Kras wildfire,wildfire,HCHO,µmol/m²,2022-07-29T00:00:00Z,2022-07-30T00:00:00Z,29,SI036,Posavska,184.32238259604563,-134.95901657734066,459.20259435661137,141.64768622157604,78,19,59,Sentinel Hub Statistical API / Sentinel-5P,P1D,good
kras_fire_2022,Goriški Kras wildfire,wildfire,HCHO,µmol/m²,2022-07-30T00:00:00Z,2022-07-31T00:00:00Z,30,SI036,Posavska,,,,,78,78,0,Sentinel Hub Statistical API / Sentinel-5P,P1D,missing
kras_fire_2022,Goriški Kras wildfire,wildfire,HCHO,µmol/m²,2022-07-31T00:00:00Z,2022-08-01T00:00:00Z,31,SI036,Posavska,37.54212071805303,-107.19480633269995,190.66527602262795,64.29622554586643,78,32,46,Sentinel Hub Statistical API / Sentinel-5P,P1D,good
kras_fire_2022,Goriški Kras wildfire,wildfire,HCHO,µmol/m²,2022-07-01T00:00:00Z,2022-07-02T00:00:00Z,1,SI037,Jugovzhodna Slovenija,168.25328203369952,-227.9228501720354,646.2371093221009,149.4760268590281,204,67,137,Sentinel Hub Statistical API / Sentinel-5P,P1D,good
kras_fire_2022,Goriški Kras wildfire,wildfire,HCHO,µmol/m²,2022-07-02T00:00:00Z,2022-07-03T00:00:00Z,2,SI037,Jugovzhodna Slovenija,124.65416072093025,-407.02629485167563,571.7573803849518,158.6649907022594,204,67,137,Sentinel Hub Statistical API / Sentinel-5P,P1D,good
kras_fire_2022,Goriški Kras wildfire,wildfire,HCHO,µmol/m²,2022-07-03T00:00:00Z,2022-07-04T00:00:00Z,3,SI037,Jugovzhodna Slovenija,143.3376353143983,-264.9362722877413,496.02764192968607,152.2783139621933,204,53,151,Sentinel Hub Statistical API / Sentinel-5P,P1D,good
kras_fire_2022,Goriški Kras wildfire,wildfire,HCHO,µmol/m²,2022-07-04T00:00:00Z,2022-07-05T00:00:00Z,4,SI037,Jugovzhodna Slovenija,136.78624716327437,-373.34876833483577,430.8183561079204,167.3867285140049,204,146,58,Sentinel Hub Statistical API / Sentinel-5P,P1D,partial
kras_fire_2022,Goriški Kras wildfire,wildfire,HCHO,µmol/m²,2022-07-05T00:00:00Z,2022-07-06T00:00:00Z,5,SI037,Jugovzhodna Slovenija,122.68018927726014,-39.22231189790182,428.85582661256194,113.46383992409953,204,130,74,Sentinel Hub Statistical API / Sentinel-5P,P1D,partial
kras_fire_2022,Goriški Kras wildfire,wildfire,HCHO,µmol/m²,2022-07-06T00:00:00Z,2022-07-07T00:00:00Z,6,SI037,Jugovzhodna Slovenija,98.43945988326088,-173.30513219349086,307.0193633902818,88.2125787266253,204,85,119,Sentinel Hub Statistical API / Sentinel-5P,P1D,good
kras_fire_2022,Goriški Kras wildfire,wildfire,HCHO,µmol/m²,2022-07-07T00:00:00Z,2022-07-08T00:00:00Z,7,SI037,Jugovzhodna Slovenija,79.86895771343944,-475.2352542709559,433.47044265829027,155.35077268935112,204,109,95,Sentinel Hub Statistical API / Sentinel-5P,P1D,partial
kras_fire_2022,Goriški Kras wildfire,wildfire,HCHO,µmol/m²,2022-07-08T00:00:00Z,2022-07-09T00:00:00Z,8,SI037,Jugovzhodna Slovenija,157.57445635244952,32.07825284334831,420.33876525238156,117.0070119180658,204,196,8,Sentinel Hub Statistical API / Sentinel-5P,P1D,partial
kras_fire_2022,Goriški Kras wildfire,wildfire,HCHO,µmol/m²,2022-07-09T00:00:00Z,2022-07-10T00:00:00Z,9,SI037,Jugovzhodna Slovenija,54.087973008138775,-231.79022537078708,373.04015131667256,117.81777802726339,204,98,106,Sentinel Hub Statistical API / Sentinel-5P,P1D,good
kras_fire_2022,Goriški Kras wildfire,wildfire,HCHO,µmol/m²,2022-07-10T00:00:00Z,2022-07-11T00:00:00Z,10,SI037,Jugovzhodna Slovenija,118.16824942070524,-122.73206084500998,555.1918875426054,118.31533484841724,204,79,125,Sentinel Hub Statistical API / Sentinel-5P,P1D,good
kras_fire_2022,Goriški Kras wildfire,wildfire,HCHO,µmol/m²,2022-07-11T00:00:00Z,2022-07-12T00:00:00Z,11,SI037,Jugovzhodna Slovenija,85.81297891355052,-181.8786549847573,444.40609053708613,101.37732590736861,204,94,110,Sentinel Hub Statistical API / Sentinel-5P,P1D,good
kras_fire_2022,Goriški Kras wildfire,wildfire,HCHO,µmol/m²,2022-07-12T00:00:00Z,2022-07-13T00:00:00Z,12,SI037,Jugovzhodna Slovenija,108.6757637608571,-288.19512226618826,600.9901408106089,172.8427009368673,204,104,100,Sentinel Hub Statistical API / Sentinel-5P,P1D,partial
kras_fire_2022,Goriški Kras wildfire,wildfire,HCHO,µmol/m²,2022-07-13T00:00:00Z,2022-07-14T00:00:00Z,13,SI037,Jugovzhodna Slovenija,134.86980391980558,-243.84251446463168,542.3252005130053,147.45835689546868,204,53,151,Sentinel Hub Statistical API / Sentinel-5P,P1D,good
kras_fire_2022,Goriški Kras wildfire,wildfire,HCHO,µmol/m²,2022-07-14T00:00:00Z,2022-07-15T00:00:00Z,14,SI037,Jugovzhodna Slovenija,120.84576129942715,-283.0368757713586,427.8852138668299,138.7343160073304,204,53,151,Sentinel Hub Statistical API / Sentinel-5P,P1D,good
kras_fire_2022,Goriški Kras wildfire,wildfire,HCHO,µmol/m²,2022-07-15T00:00:00Z,2022-07-16T00:00:00Z,15,SI037,Jugovzhodna Slovenija,110.4400995261532,-67.95953959226608,227.42307919543236,60.98022514985583,204,118,86,Sentinel Hub Statistical API / Sentinel-5P,P1D,partial
kras_fire_2022,Goriški Kras wildfire,wildfire,HCHO,µmol/m²,2022-07-16T00:00:00Z,2022-07-17T00:00:00Z,16,SI037,Jugovzhodna Slovenija,122.25560303724995,-169.2050282144919,407.66538586467505,107.41583419485956,204,64,140,Sentinel Hub Statistical API / Sentinel-5P,P1D,good
kras_fire_2022,Goriški Kras wildfire,wildfire,HCHO,µmol/m²,2022-07-17T00:00:00Z,2022-07-18T00:00:00Z,17,SI037,Jugovzhodna Slovenija,160.18135368883563,-189.6808680612594,469.33593694120646,146.4047235973765,204,53,151,Sentinel Hub Statistical API / Sentinel-5P,P1D,good
kras_fire_2022,Goriški Kras wildfire,wildfire,HCHO,µmol/m²,2022-07-18T00:00:00Z,2022-07-19T00:00:00Z,18,SI037,Jugovzhodna Slovenija,169.10387289920956,-252.5289310142398,640.8548215404153,176.98309884673225,204,53,151,Sentinel Hub Statistical API / Sentinel-5P,P1D,good
kras_fire_2022,Goriški Kras wildfire,wildfire,HCHO,µmol/m²,2022-07-19T00:00:00Z,2022-07-20T00:00:00Z,19,SI037,Jugovzhodna Slovenija,170.4060793971567,-176.72772810328752,496.8878929503262,144.20412683950815,204,53,151,Sentinel Hub Statistical API / Sentinel-5P,P1D,good
kras_fire_2022,Goriški Kras wildfire,wildfire,HCHO,µmol/m²,2022-07-20T00:00:00Z,2022-07-21T00:00:00Z,20,SI037,Jugovzhodna Slovenija,208.39085467235887,-160.01933545339853,989.6610863506794,175.89663023582315,204,53,151,Sentinel Hub Statistical API / Sentinel-5P,P1D,good
kras_fire_2022,Goriški Kras wildfire,wildfire,HCHO,µmol/m²,2022-07-21T00:00:00Z,2022-07-22T00:00:00Z,21,SI037,Jugovzhodna Slovenija,159.4976556769939,-132.99204874783754,484.8107055295259,132.96272200120885,204,53,151,Sentinel Hub Statistical API / Sentinel-5P,P1D,good
kras_fire_2022,Goriški Kras wildfire,wildfire,HCHO,µmol/m²,2022-07-22T00:00:00Z,2022-07-23T00:00:00Z,22,SI037,Jugovzhodna Slovenija,226.78797747239096,-170.36548524629325,558.7767227552831,133.8338807819638,204,53,151,Sentinel Hub Statistical API / Sentinel-5P,P1D,good
kras_fire_2022,Goriški Kras wildfire,wildfire,HCHO,µmol/m²,2022-07-23T00:00:00Z,2022-07-24T00:00:00Z,23,SI037,Jugovzhodna Slovenija,266.4121213099082,-211.5133247571066,671.5480121783912,150.4523337437305,204,92,112,Sentinel Hub Statistical API / Sentinel-5P,P1D,good
kras_fire_2022,Goriški Kras wildfire,wildfire,HCHO,µmol/m²,2022-07-24T00:00:00Z,2022-07-25T00:00:00Z,24,SI037,Jugovzhodna Slovenija,186.97346298673042,-138.99069745093584,532.9474224708974,133.73675425622872,204,57,147,Sentinel Hub Statistical API / Sentinel-5P,P1D,good
kras_fire_2022,Goriški Kras wildfire,wildfire,HCHO,µmol/m²,2022-07-25T00:00:00Z,2022-07-26T00:00:00Z,25,SI037,Jugovzhodna Slovenija,111.00263254169955,-136.7498916806653,307.90906748734415,106.0807385303782,204,65,139,Sentinel Hub Statistical API / Sentinel-5P,P1D,good
kras_fire_2022,Goriški Kras wildfire,wildfire,HCHO,µmol/m²,2022-07-26T00:00:00Z,2022-07-27T00:00:00Z,26,SI037,Jugovzhodna Slovenija,,,,,204,204,0,Sentinel Hub Statistical API / Sentinel-5P,P1D,missing
kras_fire_2022,Goriški Kras wildfire,wildfire,HCHO,µmol/m²,2022-07-27T00:00:00Z,2022-07-28T00:00:00Z,27,SI037,Jugovzhodna Slovenija,211.41182108241247,25.336612452520058,491.9106140732765,138.2553660649143,204,187,17,Sentinel Hub Statistical API / Sentinel-5P,P1D,partial
kras_fire_2022,Goriški Kras wildfire,wildfire,HCHO,µmol/m²,2022-07-28T00:00:00Z,2022-07-29T00:00:00Z,28,SI037,Jugovzhodna Slovenija,119.94092014884362,-172.1187145449221,503.5388167016208,119.53335857342776,204,75,129,Sentinel Hub Statistical API / Sentinel-5P,P1D,good
kras_fire_2022,Goriški Kras wildfire,wildfire,HCHO,µmol/m²,2022-07-29T00:00:00Z,2022-07-30T00:00:00Z,29,SI037,Jugovzhodna Slovenija,152.812200490575,-170.97257659770548,518.4937617741525,150.22587471849846,204,98,106,Sentinel Hub Statistical API / Sentinel-5P,P1D,good
kras_fire_2022,Goriški Kras wildfire,wildfire,HCHO,µmol/m²,2022-07-30T00:00:00Z,2022-07-31T00:00:00Z,30,SI037,Jugovzhodna Slovenija,,,,,204,204,0,Sentinel Hub Statistical API / Sentinel-5P,P1D,missing
kras_fire_2022,Goriški Kras wildfire,wildfire,HCHO,µmol/m²,2022-07-31T00:00:00Z,2022-08-01T00:00:00Z,31,SI037,Jugovzhodna Slovenija,55.089806373518215,-179.86854072660208,300.27772299945354,113.34532000273688,204,101,103,Sentinel Hub Statistical API / Sentinel-5P,P1D,good
kras_fire_2022,Goriški Kras wildfire,wildfire,HCHO,µmol/m²,2022-07-01T00:00:00Z,2022-07-02T00:00:00Z,1,SI038,Primorsko-notranjska,111.70024639442191,-333.80030072294176,415.9744130447507,162.87572918597468,88,16,72,Sentinel Hub Statistical API / Sentinel-5P,P1D,good
kras_fire_2022,Goriški Kras wildfire,wildfire,HCHO,µmol/m²,2022-07-02T00:00:00Z,2022-07-03T00:00:00Z,2,SI038,Primorsko-notranjska,118.10700021546101,-258.01334413699806,463.20800902321935,166.97565185000084,88,7,81,Sentinel Hub Statistical API / Sentinel-5P,P1D,good
kras_fire_2022,Goriški Kras wildfire,wildfire,HCHO,µmol/m²,2022-07-03T00:00:00Z,2022-07-04T00:00:00Z,3,SI038,Primorsko-notranjska,142.7442978885306,-251.27906701527536,437.5138378236443,153.82234477269137,88,7,81,Sentinel Hub Statistical API / Sentinel-5P,P1D,good
kras_fire_2022,Goriški Kras wildfire,wildfire,HCHO,µmol/m²,2022-07-04T00:00:00Z,2022-07-05T00:00:00Z,4,SI038,Primorsko-notranjska,123.58646854409015,85.91292862547562,146.01075963582844,25.39805112790921,88,78,10,Sentinel Hub Statistical API / Sentinel-5P,P1D,partial
kras_fire_2022,Goriški Kras wildfire,wildfire,HCHO,µmol/m²,2022-07-05T00:00:00Z,2022-07-06T00:00:00Z,5,SI038,Primorsko-notranjska,54.88784049388432,-185.90012041386217,244.47086616419256,98.23541815292648,88,32,56,Sentinel Hub Statistical API / Sentinel-5P,P1D,good
kras_fire_2022,Goriški Kras wildfire,wildfire,HCHO,µmol/m²,2022-07-06T00:00:00Z,2022-07-07T00:00:00Z,6,SI038,Primorsko-notranjska,87.95666021024721,-73.76301800832152,401.97771159000695,102.34313813831946,88,35,53,Sentinel Hub Statistical API / Sentinel-5P,P1D,good
kras_fire_2022,Goriški Kras wildfire,wildfire,HCHO,µmol/m²,2022-07-07T00:00:00Z,2022-07-08T00:00:00Z,7,SI038,Primorsko-notranjska,62.55482639971888,-61.95002788444981,137.80045264866203,62.569240533753415,88,80,8,Sentinel Hub Statistical API / Sentinel-5P,P1D,partial
kras_fire_2022,Goriški Kras wildfire,wildfire,HCHO,µmol/m²,2022-07-08T00:00:00Z,2022-07-09T00:00:00Z,8,SI038,Primorsko-notranjska,39.15474843552147,-257.74945970624685,395.09733323939145,170.5469715386688,88,72,16,Sentinel Hub Statistical API / Sentinel-5P,P1D,partial
kras_fire_2022,Goriški Kras wildfire,wildfire,HCHO,µmol/m²,2022-07-09T00:00:00Z,2022-07-10T00:00:00Z,9,SI038,Primorsko-notranjska,74.53914730928905,-330.58004919439554,482.8681703656912,150.56635843403075,88,18,70,Sentinel Hub Statistical API / Sentinel-5P,P1D,good
kras_fire_2022,Goriški Kras wildfire,wildfire,HCHO,µmol/m²,2022-07-10T00:00:00Z,2022-07-11T00:00:00Z,10,SI038,Primorsko-notranjska,3.201683284714818,-6.240690709091723,12.644057278521359,9.442373993806541,88,84,4,Sentinel Hub Statistical API / Sentinel-5P,P1D,partial
kras_fire_2022,Goriški Kras wildfire,wildfire,HCHO,µmol/m²,2022-07-11T00:00:00Z,2022-07-12T00:00:00Z,11,SI038,Primorsko-notranjska,87.67643247059216,0.5033047045799321,200.47265570610762,59.479053008609654,88,73,15,Sentinel Hub Statistical API / Sentinel-5P,P1D,partial
kras_fire_2022,Goriški Kras wildfire,wildfire,HCHO,µmol/m²,2022-07-12T00:00:00Z,2022-07-13T00:00:00Z,12,SI038,Primorsko-notranjska,68.88522774614908,-161.8548558326438,501.16737838834524,133.7442160406339,88,52,36,Sentinel Hub Statistical API / Sentinel-5P,P1D,partial
kras_fire_2022,Goriški Kras wildfire,wildfire,HCHO,µmol/m²,2022-07-13T00:00:00Z,2022-07-14T00:00:00Z,13,SI038,Primorsko-notranjska,107.4153413588804,-246.5793222654611,438.40118451043963,132.11965478447726,88,7,81,Sentinel Hub Statistical API / Sentinel-5P,P1D,good
kras_fire_2022,Goriški Kras wildfire,wildfire,HCHO,µmol/m²,2022-07-14T00:00:00Z,2022-07-15T00:00:00Z,14,SI038,Primorsko-notranjska,127.64889537787963,-189.94214769918472,508.0990958958864,149.4372413174785,88,7,81,Sentinel Hub Statistical API / Sentinel-5P,P1D,good
kras_fire_2022,Goriški Kras wildfire,wildfire,HCHO,µmol/m²,2022-07-15T00:00:00Z,2022-07-16T00:00:00Z,15,SI038,Primorsko-notranjska,110.70287762542588,7.553774139523739,319.98433405533433,64.12604420128181,88,26,62,Sentinel Hub Statistical API / Sentinel-5P,P1D,good
kras_fire_2022,Goriški Kras wildfire,wildfire,HCHO,µmol/m²,2022-07-16T00:00:00Z,2022-07-17T00:00:00Z,16,SI038,Primorsko-notranjska,91.85067524223692,-44.71024658414535,270.3893696889281,71.48397644177295,88,28,60,Sentinel Hub Statistical API / Sentinel-5P,P1D,good
kras_fire_2022,Goriški Kras wildfire,wildfire,HCHO,µmol/m²,2022-07-17T00:00:00Z,2022-07-18T00:00:00Z,17,SI038,Primorsko-notranjska,156.59305977295185,-209.71024059690535,451.44386240281165,135.99664003008888,88,7,81,Sentinel Hub Statistical API / Sentinel-5P,P1D,good
kras_fire_2022,Goriški Kras wildfire,wildfire,HCHO,µmol/m²,2022-07-18T00:00:00Z,2022-07-19T00:00:00Z,18,SI038,Primorsko-notranjska,124.52611946049907,-135.66020061261952,478.74919255264103,137.88839855970585,88,7,81,Sentinel Hub Statistical API / Sentinel-5P,P1D,good
kras_fire_2022,Goriški Kras wildfire,wildfire,HCHO,µmol/m²,2022-07-19T00:00:00Z,2022-07-20T00:00:00Z,19,SI038,Primorsko-notranjska,120.82666960199234,-193.68164066690952,441.5163421072066,153.11046137752433,88,7,81,Sentinel Hub Statistical API / Sentinel-5P,P1D,good
kras_fire_2022,Goriški Kras wildfire,wildfire,HCHO,µmol/m²,2022-07-20T00:00:00Z,2022-07-21T00:00:00Z,20,SI038,Primorsko-notranjska,171.22535755783093,-38.6221545340959,367.4885374493897,121.95527166060947,88,7,81,Sentinel Hub Statistical API / Sentinel-5P,P1D,good
kras_fire_2022,Goriški Kras wildfire,wildfire,HCHO,µmol/m²,2022-07-21T00:00:00Z,2022-07-22T00:00:00Z,21,SI038,Primorsko-notranjska,172.51201140200692,-3.965717951359693,412.08649054169655,98.00954536905806,88,11,77,Sentinel Hub Statistical API / Sentinel-5P,P1D,good
kras_fire_2022,Goriški Kras wildfire,wildfire,HCHO,µmol/m²,2022-07-22T00:00:00Z,2022-07-23T00:00:00Z,22,SI038,Primorsko-notranjska,236.715823354107,-35.150835174135864,597.8217232041061,154.7387281672074,88,49,39,Sentinel Hub Statistical API / Sentinel-5P,P1D,partial
kras_fire_2022,Goriški Kras wildfire,wildfire,HCHO,µmol/m²,2022-07-23T00:00:00Z,2022-07-24T00:00:00Z,23,SI038,Primorsko-notranjska,252.13058081528675,-187.90786270983517,588.6417930014431,137.662119582991,88,14,74,Sentinel Hub Statistical API / Sentinel-5P,P1D,good
kras_fire_2022,Goriški Kras wildfire,wildfire,HCHO,µmol/m²,2022-07-24T00:00:00Z,2022-07-25T00:00:00Z,24,SI038,Primorsko-notranjska,178.1623790419771,-97.55817882250994,533.9902709238231,142.0222442402571,88,7,81,Sentinel Hub Statistical API / Sentinel-5P,P1D,good
kras_fire_2022,Goriški Kras wildfire,wildfire,HCHO,µmol/m²,2022-07-25T00:00:00Z,2022-07-26T00:00:00Z,25,SI038,Primorsko-notranjska,158.50419304814966,-23.52530282223597,269.00062221102417,89.5993275909755,88,36,52,Sentinel Hub Statistical API / Sentinel-5P,P1D,good
kras_fire_2022,Goriški Kras wildfire,wildfire,HCHO,µmol/m²,2022-07-26T00:00:00Z,2022-07-27T00:00:00Z,26,SI038,Primorsko-notranjska,135.3852462052693,-136.83199358638376,757.0373709313571,242.90614098508937,88,14,74,Sentinel Hub Statistical API / Sentinel-5P,P1D,good
kras_fire_2022,Goriški Kras wildfire,wildfire,HCHO,µmol/m²,2022-07-27T00:00:00Z,2022-07-28T00:00:00Z,27,SI038,Primorsko-notranjska,108.21110845427029,62.433893617708236,153.98832329083234,45.77721483656205,88,86,2,Sentinel Hub Statistical API / Sentinel-5P,P1D,partial
kras_fire_2022,Goriški Kras wildfire,wildfire,HCHO,µmol/m²,2022-07-28T00:00:00Z,2022-07-29T00:00:00Z,28,SI038,Primorsko-notranjska,110.17068153636546,-148.2685620430857,534.3782249838114,134.14636486323903,88,9,79,Sentinel Hub Statistical API / Sentinel-5P,P1D,good
kras_fire_2022,Goriški Kras wildfire,wildfire,HCHO,µmol/m²,2022-07-29T00:00:00Z,2022-07-30T00:00:00Z,29,SI038,Primorsko-notranjska,99.45707500134758,-392.93416193686426,589.3536726944149,195.1780874566123,88,53,35,Sentinel Hub Statistical API / Sentinel-5P,P1D,partial
kras_fire_2022,Goriški Kras wildfire,wildfire,HCHO,µmol/m²,2022-07-30T00:00:00Z,2022-07-31T00:00:00Z,30,SI038,Primorsko-notranjska,,,,,88,88,0,Sentinel Hub Statistical API / Sentinel-5P,P1D,missing
kras_fire_2022,Goriški Kras wildfire,wildfire,HCHO,µmol/m²,2022-07-31T00:00:00Z,2022-08-01T00:00:00Z,31,SI038,Primorsko-notranjska,112.96425964246737,-10.222855053143576,257.22934515215456,95.25357961828607,88,84,4,Sentinel Hub Statistical API / Sentinel-5P,P1D,partial
kras_fire_2022,Goriški Kras wildfire,wildfire,HCHO,µmol/m²,2022-07-01T00:00:00Z,2022-07-02T00:00:00Z,1,SI041,Osrednjeslovenska,142.18043923443062,-95.47907393425703,564.5225755870342,135.30844155105217,221,104,117,Sentinel Hub Statistical API / Sentinel-5P,P1D,good
kras_fire_2022,Goriški Kras wildfire,wildfire,HCHO,µmol/m²,2022-07-02T00:00:00Z,2022-07-03T00:00:00Z,2,SI041,Osrednjeslovenska,109.45403716411009,-301.4128305949271,606.4860499463975,148.74210384524304,221,76,145,Sentinel Hub Statistical API / Sentinel-5P,P1D,good
kras_fire_2022,Goriški Kras wildfire,wildfire,HCHO,µmol/m²,2022-07-03T00:00:00Z,2022-07-04T00:00:00Z,3,SI041,Osrednjeslovenska,147.86986731796162,-251.27906701527536,437.5138378236443,139.9236347066763,221,76,145,Sentinel Hub Statistical API / Sentinel-5P,P1D,good
kras_fire_2022,Goriški Kras wildfire,wildfire,HCHO,µmol/m²,2022-07-04T00:00:00Z,2022-07-05T00:00:00Z,4,SI041,Osrednjeslovenska,120.3404068898332,-90.70207306649536,306.9305676035583,115.33596831928497,221,191,30,Sentinel Hub Statistical API / Sentinel-5P,P1D,partial
kras_fire_2022,Goriški Kras wildfire,wildfire,HCHO,µmol/m²,2022-07-05T00:00:00Z,2022-07-06T00:00:00Z,5,SI041,Osrednjeslovenska,69.44293319293139,-52.37171717453748,251.02015933953226,74.69693217699869,221,141,80,Sentinel Hub Statistical API / Sentinel-5P,P1D,partial
kras_fire_2022,Goriški Kras wildfire,wildfire,HCHO,µmol/m²,2022-07-06T00:00:00Z,2022-07-07T00:00:00Z,6,SI041,Osrednjeslovenska,73.70684590883396,-231.8863698747009,462.18797797337174,110.88053486967658,221,140,81,Sentinel Hub Statistical API / Sentinel-5P,P1D,partial
kras_fire_2022,Goriški Kras wildfire,wildfire,HCHO,µmol/m²,2022-07-07T00:00:00Z,2022-07-08T00:00:00Z,7,SI041,Osrednjeslovenska,71.31952177132916,-194.0651418408379,294.2373976111412,128.3613688158739,221,201,20,Sentinel Hub Statistical API / Sentinel-5P,P1D,partial
kras_fire_2022,Goriški Kras wildfire,wildfire,HCHO,µmol/m²,2022-07-08T00:00:00Z,2022-07-09T00:00:00Z,8,SI041,Osrednjeslovenska,65.44296658457976,-190.6432444229722,447.43981561623514,136.1855500127493,221,125,96,Sentinel Hub Statistical API / Sentinel-5P,P1D,partial
kras_fire_2022,Goriški Kras wildfire,wildfire,HCHO,µmol/m²,2022-07-09T00:00:00Z,2022-07-10T00:00:00Z,9,SI041,Osrednjeslovenska,66.95466380993561,-139.195763040334,238.69248980190605,89.93305421394787,221,165,56,Sentinel Hub Statistical API / Sentinel-5P,P1D,partial
kras_fire_2022,Goriški Kras wildfire,wildfire,HCHO,µmol/m²,2022-07-10T00:00:00Z,2022-07-11T00:00:00Z,10,SI041,Osrednjeslovenska,100.38637771815824,-72.02927372418344,342.91596966795623,102.71163281531337,221,172,49,Sentinel Hub Statistical API / Sentinel-5P,P1D,partial
kras_fire_2022,Goriški Kras wildfire,wildfire,HCHO,µmol/m²,2022-07-11T00:00:00Z,2022-07-12T00:00:00Z,11,SI041,Osrednjeslovenska,73.36947997636774,-149.83511937316507,353.9836034178734,98.04045085313672,221,126,95,Sentinel Hub Statistical API / Sentinel-5P,P1D,partial
kras_fire_2022,Goriški Kras wildfire,wildfire,HCHO,µmol/m²,2022-07-12T00:00:00Z,2022-07-13T00:00:00Z,12,SI041,Osrednjeslovenska,100.95067663636512,-130.8200735365972,526.5727522782981,129.11811144961067,221,125,96,Sentinel Hub Statistical API / Sentinel-5P,P1D,partial
kras_fire_2022,Goriški Kras wildfire,wildfire,HCHO,µmol/m²,2022-07-13T00:00:00Z,2022-07-14T00:00:00Z,13,SI041,Osrednjeslovenska,106.64268942107438,-295.7274846266955,518.687826115638,142.01157286961518,221,76,145,Sentinel Hub Statistical API / Sentinel-5P,P1D,good
kras_fire_2022,Goriški Kras wildfire,wildfire,HCHO,µmol/m²,2022-07-14T00:00:00Z,2022-07-15T00:00:00Z,14,SI041,Osrednjeslovenska,148.47287254166224,-224.96006567962468,512.0621062815189,157.0925094146606,221,81,140,Sentinel Hub Statistical API / Sentinel-5P,P1D,good
kras_fire_2022,Goriški Kras wildfire,wildfire,HCHO,µmol/m²,2022-07-15T00:00:00Z,2022-07-16T00:00:00Z,15,SI041,Osrednjeslovenska,75.75553059242975,-40.491493564331904,199.91704903077334,59.59747386063514,221,168,53,Sentinel Hub Statistical API / Sentinel-5P,P1D,partial
kras_fire_2022,Goriški Kras wildfire,wildfire,HCHO,µmol/m²,2022-07-16T00:00:00Z,2022-07-17T00:00:00Z,16,SI041,Osrednjeslovenska,132.75659460866356,-138.8297532685101,462.95326319523156,126.30877038185642,221,80,141,Sentinel Hub Statistical API / Sentinel-5P,P1D,good
kras_fire_2022,Goriški Kras wildfire,wildfire,HCHO,µmol/m²,2022-07-17T00:00:00Z,2022-07-18T00:00:00Z,17,SI041,Osrednjeslovenska,172.17776897382467,-275.95163555815816,555.763894226402,145.92873785099556,221,77,144,Sentinel Hub Statistical API / Sentinel-5P,P1D,good
kras_fire_2022,Goriški Kras wildfire,wildfire,HCHO,µmol/m²,2022-07-18T00:00:00Z,2022-07-19T00:00:00Z,18,SI041,Osrednjeslovenska,154.7320334401744,-232.561826123856,483.5459403693676,156.14394772229477,221,76,145,Sentinel Hub Statistical API / Sentinel-5P,P1D,good
kras_fire_2022,Goriški Kras wildfire,wildfire,HCHO,µmol/m²,2022-07-19T00:00:00Z,2022-07-20T00:00:00Z,19,SI041,Osrednjeslovenska,136.5856707550471,-227.776137762703,474.94989121332765,156.52727766364444,221,76,145,Sentinel Hub Statistical API / Sentinel-5P,P1D,good
kras_fire_2022,Goriški Kras wildfire,wildfire,HCHO,µmol/m²,2022-07-20T00:00:00Z,2022-07-21T00:00:00Z,20,SI041,Osrednjeslovenska,142.07485194768606,-69.01804590597749,396.86966920271516,103.68529721288921,221,76,145,Sentinel Hub Statistical API / Sentinel-5P,P1D,good
kras_fire_2022,Goriški Kras wildfire,wildfire,HCHO,µmol/m²,2022-07-21T00:00:00Z,2022-07-22T00:00:00Z,21,SI041,Osrednjeslovenska,192.1845153729323,-42.11604755255394,523.2056137174368,119.29706038429931,221,76,145,Sentinel Hub Statistical API / Sentinel-5P,P1D,good
kras_fire_2022,Goriški Kras wildfire,wildfire,HCHO,µmol/m²,2022-07-22T00:00:00Z,2022-07-23T00:00:00Z,22,SI041,Osrednjeslovenska,246.47040703210473,-150.40057769510895,597.8217232041061,135.06287483415193,221,76,145,Sentinel Hub Statistical API / Sentinel-5P,P1D,good
kras_fire_2022,Goriški Kras wildfire,wildfire,HCHO,µmol/m²,2022-07-23T00:00:00Z,2022-07-24T00:00:00Z,23,SI041,Osrednjeslovenska,274.63637382386634,-125.26339560281485,596.5169402770698,140.7233334585912,221,79,142,Sentinel Hub Statistical API / Sentinel-5P,P1D,good
kras_fire_2022,Goriški Kras wildfire,wildfire,HCHO,µmol/m²,2022-07-24T00:00:00Z,2022-07-25T00:00:00Z,24,SI041,Osrednjeslovenska,156.5525958014079,-181.98459292761981,518.9566873013973,129.12909369100362,221,87,134,Sentinel Hub Statistical API / Sentinel-5P,P1D,good
kras_fire_2022,Goriški Kras wildfire,wildfire,HCHO,µmol/m²,2022-07-25T00:00:00Z,2022-07-26T00:00:00Z,25,SI041,Osrednjeslovenska,121.1556598432566,-146.92927652504295,268.33044830709696,85.06146520037431,221,76,145,Sentinel Hub Statistical API / Sentinel-5P,P1D,good
kras_fire_2022,Goriški Kras wildfire,wildfire,HCHO,µmol/m²,2022-07-26T00:00:00Z,2022-07-27T00:00:00Z,26,SI041,Osrednjeslovenska,104.58897887019702,-273.1485292315483,553.7471151910722,179.08560586614033,221,121,100,Sentinel Hub Statistical API / Sentinel-5P,P1D,partial
kras_fire_2022,Goriški Kras wildfire,wildfire,HCHO,µmol/m²,2022-07-27T00:00:00Z,2022-07-28T00:00:00Z,27,SI041,Osrednjeslovenska,,,,,221,221,0,Sentinel Hub Statistical API / Sentinel-5P,P1D,missing
kras_fire_2022,Goriški Kras wildfire,wildfire,HCHO,µmol/m²,2022-07-28T00:00:00Z,2022-07-29T00:00:00Z,28,SI041,Osrednjeslovenska,73.93838837114019,-109.80598744936287,279.3234889395535,81.9083594188498,221,140,81,Sentinel Hub Statistical API / Sentinel-5P,P1D,partial
kras_fire_2022,Goriški Kras wildfire,wildfire,HCHO,µmol/m²,2022-07-29T00:00:00Z,2022-07-30T00:00:00Z,29,SI041,Osrednjeslovenska,183.2558273616402,-191.78046204615384,526.9927205517888,147.42209816113638,221,97,124,Sentinel Hub Statistical API / Sentinel-5P,P1D,good
kras_fire_2022,Goriški Kras wildfire,wildfire,HCHO,µmol/m²,2022-07-30T00:00:00Z,2022-07-31T00:00:00Z,30,SI041,Osrednjeslovenska,,,,,221,221,0,Sentinel Hub Statistical API / Sentinel-5P,P1D,missing
kras_fire_2022,Goriški Kras wildfire,wildfire,HCHO,µmol/m²,2022-07-31T00:00:00Z,2022-08-01T00:00:00Z,31,SI041,Osrednjeslovenska,-82.1465437184088,-82.1465437184088,-82.1465437184088,0.0,221,220,1,Sentinel Hub Statistical API / Sentinel-5P,P1D,partial
kras_fire_2022,Goriški Kras wildfire,wildfire,HCHO,µmol/m²,2022-07-01T00:00:00Z,2022-07-02T00:00:00Z,1,SI042,Gorenjska,65.40440719172456,-147.11328549310565,331.8335220683366,94.79470807834461,180,103,77,Sentinel Hub Statistical API / Sentinel-5P,P1D,partial
kras_fire_2022,Goriški Kras wildfire,wildfire,HCHO,µmol/m²,2022-07-02T00:00:00Z,2022-07-03T00:00:00Z,2,SI042,Gorenjska,94.16169957305215,-253.36822727695107,511.39621064066887,165.7405870375651,180,58,122,Sentinel Hub Statistical API / Sentinel-5P,P1D,good
kras_fire_2022,Goriški Kras wildfire,wildfire,HCHO,µmol/m²,2022-07-03T00:00:00Z,2022-07-04T00:00:00Z,3,SI042,Gorenjska,115.66987903064931,-187.00642976909876,494.92891412228346,124.43481405494212,180,57,123,Sentinel Hub Statistical API / Sentinel-5P,P1D,good
kras_fire_2022,Goriški Kras wildfire,wildfire,HCHO,µmol/m²,2022-07-04T00:00:00Z,2022-07-05T00:00:00Z,4,SI042,Gorenjska,148.49933359073475,29.926286515546963,306.9305676035583,76.0889180124229,180,164,16,Sentinel Hub Statistical API / Sentinel-5P,P1D,partial
kras_fire_2022,Goriški Kras wildfire,wildfire,HCHO,µmol/m²,2022-07-05T00:00:00Z,2022-07-06T00:00:00Z,5,SI042,Gorenjska,78.12755553238799,-44.107684516347945,251.50756118819118,75.18967112674987,180,147,33,Sentinel Hub Statistical API / Sentinel-5P,P1D,partial
kras_fire_2022,Goriški Kras wildfire,wildfire,HCHO,µmol/m²,2022-07-06T00:00:00Z,2022-07-07T00:00:00Z,6,SI042,Gorenjska,34.79160050050487,-185.47935178503394,216.62226936314255,69.32289190456714,180,147,33,Sentinel Hub Statistical API / Sentinel-5P,P1D,partial
kras_fire_2022,Goriški Kras wildfire,wildfire,HCHO,µmol/m²,2022-07-07T00:00:00Z,2022-07-08T00:00:00Z,7,SI042,Gorenjska,56.39425947379095,-185.57877046987414,300.91055668890476,107.59723028659229,180,164,16,Sentinel Hub Statistical API / Sentinel-5P,P1D,partial
kras_fire_2022,Goriški Kras wildfire,wildfire,HCHO,µmol/m²,2022-07-08T00:00:00Z,2022-07-09T00:00:00Z,8,SI042,Gorenjska,50.30396669819933,-217.7012211177498,345.8813007455319,121.88270242026869,180,98,82,Sentinel Hub Statistical API / Sentinel-5P,P1D,partial
kras_fire_2022,Goriški Kras wildfire,wildfire,HCHO,µmol/m²,2022-07-09T00:00:00Z,2022-07-10T00:00:00Z,9,SI042,Gorenjska,39.266813109861694,-139.195763040334,180.1120670279488,91.49490145691557,180,160,20,Sentinel Hub Statistical API / Sentinel-5P,P1D,partial
kras_fire_2022,Goriški Kras wildfire,wildfire,HCHO,µmol/m²,2022-07-10T00:00:00Z,2022-07-11T00:00:00Z,10,SI042,Gorenjska,,,,,180,180,0,Sentinel Hub Statistical API / Sentinel-5P,P1D,missing
kras_fire_2022,Goriški Kras wildfire,wildfire,HCHO,µmol/m²,2022-07-11T00:00:00Z,2022-07-12T00:00:00Z,11,SI042,Gorenjska,70.70700245964436,-112.72842675680295,377.2097988985479,106.65504697345617,180,134,46,Sentinel Hub Statistical API / Sentinel-5P,P1D,partial
kras_fire_2022,Goriški Kras wildfire,wildfire,HCHO,µmol/m²,2022-07-12T00:00:00Z,2022-07-13T00:00:00Z,12,SI042,Gorenjska,38.339580014100314,-147.00765314046293,207.5431402772665,85.42040630828838,180,157,23,Sentinel Hub Statistical API / Sentinel-5P,P1D,partial
kras_fire_2022,Goriški Kras wildfire,wildfire,HCHO,µmol/m²,2022-07-13T00:00:00Z,2022-07-14T00:00:00Z,13,SI042,Gorenjska,94.55182040011739,-265.92271751724184,482.2339105885476,142.70250772673865,180,57,123,Sentinel Hub Statistical API / Sentinel-5P,P1D,good
kras_fire_2022,Goriški Kras wildfire,wildfire,HCHO,µmol/m²,2022-07-14T00:00:00Z,2022-07-15T00:00:00Z,14,SI042,Gorenjska,,,,,180,180,0,Sentinel Hub Statistical API / Sentinel-5P,P1D,missing
kras_fire_2022,Goriški Kras wildfire,wildfire,HCHO,µmol/m²,2022-07-15T00:00:00Z,2022-07-16T00:00:00Z,15,SI042,Gorenjska,59.5176291729634,44.24345388542861,90.06597974803299,21.600945845695673,180,177,3,Sentinel Hub Statistical API / Sentinel-5P,P1D,partial
kras_fire_2022,Goriški Kras wildfire,wildfire,HCHO,µmol/m²,2022-07-16T00:00:00Z,2022-07-17T00:00:00Z,16,SI042,Gorenjska,82.85801850802636,-331.43797190859914,334.51252966187894,113.65026847569791,180,69,111,Sentinel Hub Statistical API / Sentinel-5P,P1D,good
kras_fire_2022,Goriški Kras wildfire,wildfire,HCHO,µmol/m²,2022-07-17T00:00:00Z,2022-07-18T00:00:00Z,17,SI042,Gorenjska,123.5788761391632,-175.3775868564844,626.0118680074811,141.52207152023192,180,60,120,Sentinel Hub Statistical API / Sentinel-5P,P1D,good
kras_fire_2022,Goriški Kras wildfire,wildfire,HCHO,µmol/m²,2022-07-18T00:00:00Z,2022-07-19T00:00:00Z,18,SI042,Gorenjska,122.10713241209999,-274.23209394328296,445.5840098671615,146.2780825661859,180,59,121,Sentinel Hub Statistical API / Sentinel-5P,P1D,good
kras_fire_2022,Goriški Kras wildfire,wildfire,HCHO,µmol/m²,2022-07-19T00:00:00Z,2022-07-20T00:00:00Z,19,SI042,Gorenjska,139.881768880854,-344.63219344615936,515.5389662832022,154.55117434749286,180,57,123,Sentinel Hub Statistical API / Sentinel-5P,P1D,good
kras_fire_2022,Goriški Kras wildfire,wildfire,HCHO,µmol/m²,2022-07-20T00:00:00Z,2022-07-21T00:00:00Z,20,SI042,Gorenjska,153.3104003219779,-71.72957703005522,426.95930460467935,116.79872510318279,180,57,123,Sentinel Hub Statistical API / Sentinel-5P,P1D,good
kras_fire_2022,Goriški Kras wildfire,wildfire,HCHO,µmol/m²,2022-07-21T00:00:00Z,2022-07-22T00:00:00Z,21,SI042,Gorenjska,197.6302259489734,-99.31783279171214,458.71318434365094,129.99056367694197,180,57,123,Sentinel Hub Statistical API / Sentinel-5P,P1D,good
kras_fire_2022,Goriški Kras wildfire,wildfire,HCHO,µmol/m²,2022-07-22T00:00:00Z,2022-07-23T00:00:00Z,22,SI042,Gorenjska,220.27574402265475,-35.94676672946662,524.9090027064085,141.02475226148533,180,57,123,Sentinel Hub Statistical API / Sentinel-5P,P1D,good
kras_fire_2022,Goriški Kras wildfire,wildfire,HCHO,µmol/m²,2022-07-23T00:00:00Z,2022-07-24T00:00:00Z,23,SI042,Gorenjska,213.19077785320633,-368.5986448545009,579.7715275548398,183.63527610757333,180,104,76,Sentinel Hub Statistical API / Sentinel-5P,P1D,partial
kras_fire_2022,Goriški Kras wildfire,wildfire,HCHO,µmol/m²,2022-07-24T00:00:00Z,2022-07-25T00:00:00Z,24,SI042,Gorenjska,155.74250667007377,-150.52358503453434,596.1802089586854,129.0960514155141,180,92,88,Sentinel Hub Statistical API / Sentinel-5P,P1D,partial
kras_fire_2022,Goriški Kras wildfire,wildfire,HCHO,µmol/m²,2022-07-25T00:00:00Z,2022-07-26T00:00:00Z,25,SI042,Gorenjska,97.53966635364239,-176.47565982770175,423.82022365927696,100.46254061920588,180,67,113,Sentinel Hub Statistical API / Sentinel-5P,P1D,good
kras_fire_2022,Goriški Kras wildfire,wildfire,HCHO,µmol/m²,2022-07-26T00:00:00Z,2022-07-27T00:00:00Z,26,SI042,Gorenjska,55.44578794146722,-248.37235105223954,383.16703285090625,114.0587132186566,180,57,123,Sentinel Hub Statistical API / Sentinel-5P,P1D,good
kras_fire_2022,Goriški Kras wildfire,wildfire,HCHO,µmol/m²,2022-07-27T00:00:00Z,2022-07-28T00:00:00Z,27,SI042,Gorenjska,,,,,180,180,0,Sentinel Hub Statistical API / Sentinel-5P,P1D,missing
kras_fire_2022,Goriški Kras wildfire,wildfire,HCHO,µmol/m²,2022-07-28T00:00:00Z,2022-07-29T00:00:00Z,28,SI042,Gorenjska,42.97987853484252,-137.10715575143695,212.655242648907,83.85051606056935,180,143,37,Sentinel Hub Statistical API / Sentinel-5P,P1D,partial
kras_fire_2022,Goriški Kras wildfire,wildfire,HCHO,µmol/m²,2022-07-29T00:00:00Z,2022-07-30T00:00:00Z,29,SI042,Gorenjska,125.30234701138343,-212.6787876477465,601.3905513100326,139.74531190170887,180,119,61,Sentinel Hub Statistical API / Sentinel-5P,P1D,partial
kras_fire_2022,Goriški Kras wildfire,wildfire,HCHO,µmol/m²,2022-07-30T00:00:00Z,2022-07-31T00:00:00Z,30,SI042,Gorenjska,,,,,180,180,0,Sentinel Hub Statistical API / Sentinel-5P,P1D,missing
kras_fire_2022,Goriški Kras wildfire,wildfire,HCHO,µmol/m²,2022-07-31T00:00:00Z,2022-08-01T00:00:00Z,31,SI042,Gorenjska,,,,,180,180,0,Sentinel Hub Statistical API / Sentinel-5P,P1D,missing
kras_fire_2022,Goriški Kras wildfire,wildfire,HCHO,µmol/m²,2022-07-01T00:00:00Z,2022-07-02T00:00:00Z,1,SI043,Goriška,108.65157623811683,-33.534193789819255,377.9030230361968,102.86455249563103,210,175,35,Sentinel Hub Statistical API / Sentinel-5P,P1D,partial
kras_fire_2022,Goriški Kras wildfire,wildfire,HCHO,µmol/m²,2022-07-02T00:00:00Z,2022-07-03T00:00:00Z,2,SI043,Goriška,106.79935320305438,-241.09960941132158,492.0642822980881,138.48748843286089,210,70,140,Sentinel Hub Statistical API / Sentinel-5P,P1D,good
kras_fire_2022,Goriški Kras wildfire,wildfire,HCHO,µmol/m²,2022-07-03T00:00:00Z,2022-07-04T00:00:00Z,3,SI043,Goriška,128.30892578128592,-301.30843515507877,440.9854591358453,125.55209402060139,210,69,141,Sentinel Hub Statistical API / Sentinel-5P,P1D,good
kras_fire_2022,Goriški Kras wildfire,wildfire,HCHO,µmol/m²,2022-07-04T00:00:00Z,2022-07-05T00:00:00Z,4,SI043,Goriška,174.52691220872416,71.10639853635803,228.36220159661025,52.4377415497104,210,204,6,Sentinel Hub Statistical API / Sentinel-5P,P1D,partial
kras_fire_2022,Goriški Kras wildfire,wildfire,HCHO,µmol/m²,2022-07-05T00:00:00Z,2022-07-06T00:00:00Z,5,SI043,Goriška,49.39659016772998,-56.09894287772477,154.15858069900423,60.619878357359006,210,189,21,Sentinel Hub Statistical API / Sentinel-5P,P1D,partial
kras_fire_2022,Goriški Kras wildfire,wildfire,HCHO,µmol/m²,2022-07-06T00:00:00Z,2022-07-07T00:00:00Z,6,SI043,Goriška,81.378839286117,-149.5912583777681,459.06592276878655,118.82564172324427,210,185,25,Sentinel Hub Statistical API / Sentinel-5P,P1D,partial
kras_fire_2022,Goriški Kras wildfire,wildfire,HCHO,µmol/m²,2022-07-07T00:00:00Z,2022-07-08T00:00:00Z,7,SI043,Goriška,21.97659934414072,-136.39798271469772,175.02359696663916,83.63686782253045,210,189,21,Sentinel Hub Statistical API / Sentinel-5P,P1D,partial
kras_fire_2022,Goriški Kras wildfire,wildfire,HCHO,µmol/m²,2022-07-08T00:00:00Z,2022-07-09T00:00:00Z,8,SI043,Goriška,97.00196572168804,-219.17607227806002,491.89600395038724,131.56043058900227,210,100,110,Sentinel Hub Statistical API / Sentinel-5P,P1D,good
kras_fire_2022,Goriški Kras wildfire,wildfire,HCHO,µmol/m²,2022-07-09T00:00:00Z,2022-07-10T00:00:00Z,9,SI043,Goriška,133.50522803033095,-191.74772023689002,511.2302605994046,158.45358731941405,210,142,68,Sentinel Hub Statistical API / Sentinel-5P,P1D,partial
kras_fire_2022,Goriški Kras wildfire,wildfire,HCHO,µmol/m²,2022-07-10T00:00:00Z,2022-07-11T00:00:00Z,10,SI043,Goriška,84.17414737778016,-76.4890355640091,214.64898600243032,84.92569013970167,210,190,20,Sentinel Hub Statistical API / Sentinel-5P,P1D,partial
kras_fire_2022,Goriški Kras wildfire,wildfire,HCHO,µmol/m²,2022-07-11T00:00:00Z,2022-07-12T00:00:00Z,11,SI043,Goriška,63.461570865304864,-76.57612877665088,194.14456619415432,82.16397755294217,210,198,12,Sentinel Hub Statistical API / Sentinel-5P,P1D,partial
kras_fire_2022,Goriški Kras wildfire,wildfire,HCHO,µmol/m²,2022-07-12T00:00:00Z,2022-07-13T00:00:00Z,12,SI043,Goriška,73.27263367642445,-291.38123500160873,324.18358023278415,137.18374262578058,210,190,20,Sentinel Hub Statistical API / Sentinel-5P,P1D,partial
kras_fire_2022,Goriški Kras wildfire,wildfire,HCHO,µmol/m²,2022-07-13T00:00:00Z,2022-07-14T00:00:00Z,13,SI043,Goriška,111.82753123148677,-317.3434524796903,440.7884553074837,144.35258882336802,210,69,141,Sentinel Hub Statistical API / Sentinel-5P,P1D,good
kras_fire_2022,Goriški Kras wildfire,wildfire,HCHO,µmol/m²,2022-07-14T00:00:00Z,2022-07-15T00:00:00Z,14,SI043,Goriška,132.68029677139845,-183.41181566938758,369.2828759085387,134.78570738340414,210,171,39,Sentinel Hub Statistical API / Sentinel-5P,P1D,partial
kras_fire_2022,Goriški Kras wildfire,wildfire,HCHO,µmol/m²,2022-07-15T00:00:00Z,2022-07-16T00:00:00Z,15,SI043,Goriška,98.10018268376808,-55.3101344848983,275.1441206783056,65.77037783063267,210,121,89,Sentinel Hub Statistical API / Sentinel-5P,P1D,partial
kras_fire_2022,Goriški Kras wildfire,wildfire,HCHO,µmol/m²,2022-07-16T00:00:00Z,2022-07-17T00:00:00Z,16,SI043,Goriška,151.45439890252763,-202.14315736666322,450.82252472639084,130.23518101333468,210,80,130,Sentinel Hub Statistical API / Sentinel-5P,P1D,good
kras_fire_2022,Goriški Kras wildfire,wildfire,HCHO,µmol/m²,2022-07-17T00:00:00Z,2022-07-18T00:00:00Z,17,SI043,Goriška,129.95312780608634,-270.73652017861605,715.1263416744769,144.87635818235682,210,69,141,Sentinel Hub Statistical API / Sentinel-5P,P1D,good
kras_fire_2022,Goriški Kras wildfire,wildfire,HCHO,µmol/m²,2022-07-18T00:00:00Z,2022-07-19T00:00:00Z,18,SI043,Goriška,128.32635882092183,-424.5411546435207,478.74919255264103,143.6661107908815,210,69,141,Sentinel Hub Statistical API / Sentinel-5P,P1D,good
kras_fire_2022,Goriški Kras wildfire,wildfire,HCHO,µmol/m²,2022-07-19T00:00:00Z,2022-07-20T00:00:00Z,19,SI043,Goriška,128.81948039589037,-344.63219344615936,561.5571863017976,141.11138181882342,210,69,141,Sentinel Hub Statistical API / Sentinel-5P,P1D,good
kras_fire_2022,Goriški Kras wildfire,wildfire,HCHO,µmol/m²,2022-07-20T00:00:00Z,2022-07-21T00:00:00Z,20,SI043,Goriška,167.07710606266463,-225.89591389987618,426.95930460467935,126.8481244603082,210,69,141,Sentinel Hub Statistical API / Sentinel-5P,P1D,good
kras_fire_2022,Goriški Kras wildfire,wildfire,HCHO,µmol/m²,2022-07-21T00:00:00Z,2022-07-22T00:00:00Z,21,SI043,Goriška,227.8346233548768,-99.31783279171214,536.9716673158109,120.64448630080045,210,69,141,Sentinel Hub Statistical API / Sentinel-5P,P1D,good
kras_fire_2022,Goriški Kras wildfire,wildfire,HCHO,µmol/m²,2022-07-22T00:00:00Z,2022-07-23T00:00:00Z,22,SI043,Goriška,260.66632663850737,-35.94676672946662,764.7908059880137,141.6536891963946,210,72,138,Sentinel Hub Statistical API / Sentinel-5P,P1D,good
kras_fire_2022,Goriški Kras wildfire,wildfire,HCHO,µmol/m²,2022-07-23T00:00:00Z,2022-07-24T00:00:00Z,23,SI043,Goriška,228.56925046094105,-137.28404883295298,648.4193145297468,142.45442021701626,210,97,113,Sentinel Hub Statistical API / Sentinel-5P,P1D,good
kras_fire_2022,Goriški Kras wildfire,wildfire,HCHO,µmol/m²,2022-07-24T00:00:00Z,2022-07-25T00:00:00Z,24,SI043,Goriška,140.42488051838188,-136.9374804198742,540.0872905738652,124.33267587558925,210,88,122,Sentinel Hub Statistical API / Sentinel-5P,P1D,good
kras_fire_2022,Goriški Kras wildfire,wildfire,HCHO,µmol/m²,2022-07-25T00:00:00Z,2022-07-26T00:00:00Z,25,SI043,Goriška,96.76619452196631,-138.43394117429852,355.61088589020073,88.14268295051912,210,72,138,Sentinel Hub Statistical API / Sentinel-5P,P1D,good
kras_fire_2022,Goriški Kras wildfire,wildfire,HCHO,µmol/m²,2022-07-26T00:00:00Z,2022-07-27T00:00:00Z,26,SI043,Goriška,35.208215457115635,-244.69627533107996,428.0388238839805,129.44930022640705,210,80,130,Sentinel Hub Statistical API / Sentinel-5P,P1D,good
kras_fire_2022,Goriški Kras wildfire,wildfire,HCHO,µmol/m²,2022-07-27T00:00:00Z,2022-07-28T00:00:00Z,27,SI043,Goriška,148.7668703748568,-130.59398042969406,466.4603329729289,134.27451029074174,210,160,50,Sentinel Hub Statistical API / Sentinel-5P,P1D,partial
kras_fire_2022,Goriški Kras wildfire,wildfire,HCHO,µmol/m²,2022-07-28T00:00:00Z,2022-07-29T00:00:00Z,28,SI043,Goriška,108.44397942574605,-149.47292220313102,441.8906755745411,113.2844280582576,210,89,121,Sentinel Hub Statistical API / Sentinel-5P,P1D,good
kras_fire_2022,Goriški Kras wildfire,wildfire,HCHO,µmol/m²,2022-07-29T00:00:00Z,2022-07-30T00:00:00Z,29,SI043,Goriška,118.56245198855969,-234.76664500776678,601.3905513100326,150.7018263592033,210,126,84,Sentinel Hub Statistical API / Sentinel-5P,P1D,partial
kras_fire_2022,Goriški Kras wildfire,wildfire,HCHO,µmol/m²,2022-07-30T00:00:00Z,2022-07-31T00:00:00Z,30,SI043,Goriška,20.62852432903706,-152.34008606057614,184.84320025891066,109.7514446825968,210,188,22,Sentinel Hub Statistical API / Sentinel-5P,P1D,partial
kras_fire_2022,Goriški Kras wildfire,wildfire,HCHO,µmol/m²,2022-07-31T00:00:00Z,2022-08-01T00:00:00Z,31,SI043,Goriška,116.56164679152425,98.90918590826914,169.5190294412896,30.57495912842004,210,206,4,Sentinel Hub Statistical API / Sentinel-5P,P1D,partial
kras_fire_2022,Goriški Kras wildfire,wildfire,HCHO,µmol/m²,2022-07-01T00:00:00Z,2022-07-02T00:00:00Z,1,SI044,Obalno-kraška,136.71346266016482,-126.63358938880265,598.784361500293,142.8775606232753,99,33,66,Sentinel Hub Statistical API / Sentinel-5P,P1D,good
kras_fire_2022,Goriški Kras wildfire,wildfire,HCHO,µmol/m²,2022-07-02T00:00:00Z,2022-07-03T00:00:00Z,2,SI044,Obalno-kraška,152.06590219731336,-199.88520944025367,457.96873746439815,137.7814019644582,99,23,76,Sentinel Hub Statistical API / Sentinel-5P,P1D,good
kras_fire_2022,Goriški Kras wildfire,wildfire,HCHO,µmol/m²,2022-07-03T00:00:00Z,2022-07-04T00:00:00Z,3,SI044,Obalno-kraška,167.7624980938839,-150.23404557723552,511.3203078508377,145.70975424559282,99,21,78,Sentinel Hub Statistical API / Sentinel-5P,P1D,good
kras_fire_2022,Goriški Kras wildfire,wildfire,HCHO,µmol/m²,2022-07-04T00:00:00Z,2022-07-05T00:00:00Z,4,SI044,Obalno-kraška,114.96317165438089,-114.44107803981751,325.7564385421574,95.88967804633619,99,38,61,Sentinel Hub Statistical API / Sentinel-5P,P1D,good
kras_fire_2022,Goriški Kras wildfire,wildfire,HCHO,µmol/m²,2022-07-05T00:00:00Z,2022-07-06T00:00:00Z,5,SI044,Obalno-kraška,98.65754021000294,-199.21116472687572,407.2304000146687,123.54833763690947,99,31,68,Sentinel Hub Statistical API / Sentinel-5P,P1D,good
kras_fire_2022,Goriški Kras wildfire,wildfire,HCHO,µmol/m²,2022-07-06T00:00:00Z,2022-07-07T00:00:00Z,6,SI044,Obalno-kraška,119.81835127554653,-149.5912583777681,400.2100904472172,123.37394809779425,99,36,63,Sentinel Hub Statistical API / Sentinel-5P,P1D,good
kras_fire_2022,Goriški Kras wildfire,wildfire,HCHO,µmol/m²,2022-07-07T00:00:00Z,2022-07-08T00:00:00Z,7,SI044,Obalno-kraška,103.42191495106412,-208.0943522742018,336.5138254594058,124.810858971299,99,63,36,Sentinel Hub Statistical API / Sentinel-5P,P1D,partial
kras_fire_2022,Goriški Kras wildfire,wildfire,HCHO,µmol/m²,2022-07-08T00:00:00Z,2022-07-09T00:00:00Z,8,SI044,Obalno-kraška,78.86633269466789,-257.74945970624685,335.1879713591188,156.11048186807872,99,62,37,Sentinel Hub Statistical API / Sentinel-5P,P1D,partial
kras_fire_2022,Goriški Kras wildfire,wildfire,HCHO,µmol/m²,2022-07-09T00:00:00Z,2022-07-10T00:00:00Z,9,SI044,Obalno-kraška,132.76530950616478,-330.58004919439554,482.8681703656912,169.0786766590908,99,21,78,Sentinel Hub Statistical API / Sentinel-5P,P1D,good
kras_fire_2022,Goriški Kras wildfire,wildfire,HCHO,µmol/m²,2022-07-10T00:00:00Z,2022-07-11T00:00:00Z,10,SI044,Obalno-kraška,-27.50593401807627,-157.15260815341026,165.1465572649613,101.52265102655177,99,92,7,Sentinel Hub Statistical API / Sentinel-5P,P1D,partial
kras_fire_2022,Goriški Kras wildfire,wildfire,HCHO,µmol/m²,2022-07-11T00:00:00Z,2022-07-12T00:00:00Z,11,SI044,Obalno-kraška,81.00892009173954,-107.23062587203458,386.3871097564697,110.74708780175938,99,54,45,Sentinel Hub Statistical API / Sentinel-5P,P1D,partial
kras_fire_2022,Goriški Kras wildfire,wildfire,HCHO,µmol/m²,2022-07-12T00:00:00Z,2022-07-13T00:00:00Z,12,SI044,Obalno-kraška,117.45570107753639,-291.38123500160873,467.8749537561089,150.8429629270732,99,30,69,Sentinel Hub Statistical API / Sentinel-5P,P1D,good
kras_fire_2022,Goriški Kras wildfire,wildfire,HCHO,µmol/m²,2022-07-13T00:00:00Z,2022-07-14T00:00:00Z,13,SI044,Obalno-kraška,141.11828093705418,-110.06354179698974,438.40118451043963,116.36066180019247,99,21,78,Sentinel Hub Statistical API / Sentinel-5P,P1D,good
kras_fire_2022,Goriški Kras wildfire,wildfire,HCHO,µmol/m²,2022-07-14T00:00:00Z,2022-07-15T00:00:00Z,14,SI044,Obalno-kraška,121.20761103209712,-290.8698807004839,647.96645892784,204.35344486124595,99,41,58,Sentinel Hub Statistical API / Sentinel-5P,P1D,good
kras_fire_2022,Goriški Kras wildfire,wildfire,HCHO,µmol/m²,2022-07-15T00:00:00Z,2022-07-16T00:00:00Z,15,SI044,Obalno-kraška,196.77485882615053,44.775679270969704,494.8535352014005,102.41111497159316,99,27,72,Sentinel Hub Statistical API / Sentinel-5P,P1D,good
kras_fire_2022,Goriški Kras wildfire,wildfire,HCHO,µmol/m²,2022-07-16T00:00:00Z,2022-07-17T00:00:00Z,16,SI044,Obalno-kraška,184.47691701639036,-22.929467377252877,427.2699006833136,87.82047822938425,99,23,76,Sentinel Hub Statistical API / Sentinel-5P,P1D,good
kras_fire_2022,Goriški Kras wildfire,wildfire,HCHO,µmol/m²,2022-07-17T00:00:00Z,2022-07-18T00:00:00Z,17,SI044,Obalno-kraška,179.98582729771255,-109.87654241034761,715.1263416744769,139.76879104017658,99,21,78,Sentinel Hub Statistical API / Sentinel-5P,P1D,good
kras_fire_2022,Goriški Kras wildfire,wildfire,HCHO,µmol/m²,2022-07-18T00:00:00Z,2022-07-19T00:00:00Z,18,SI044,Obalno-kraška,154.84888481532602,-166.94486839696765,636.8476897478104,139.56985997865195,99,22,77,Sentinel Hub Statistical API / Sentinel-5P,P1D,good
kras_fire_2022,Goriški Kras wildfire,wildfire,HCHO,µmol/m²,2022-07-19T00:00:00Z,2022-07-20T00:00:00Z,19,SI044,Obalno-kraška,189.90627718150603,-193.68164066690952,465.4772055801004,138.54575908451957,99,21,78,Sentinel Hub Statistical API / Sentinel-5P,P1D,good
kras_fire_2022,Goriški Kras wildfire,wildfire,HCHO,µmol/m²,2022-07-20T00:00:00Z,2022-07-21T00:00:00Z,20,SI044,Obalno-kraška,251.77260063057298,-44.477375922724605,439.2783739604056,118.31348266843696,99,21,78,Sentinel Hub Statistical API / Sentinel-5P,P1D,good
kras_fire_2022,Goriški Kras wildfire,wildfire,HCHO,µmol/m²,2022-07-21T00:00:00Z,2022-07-22T00:00:00Z,21,SI044,Obalno-kraška,309.28134518221793,114.80622197268531,566.2774201482534,107.82192798171133,99,21,78,Sentinel Hub Statistical API / Sentinel-5P,P1D,good
kras_fire_2022,Goriški Kras wildfire,wildfire,HCHO,µmol/m²,2022-07-22T00:00:00Z,2022-07-23T00:00:00Z,22,SI044,Obalno-kraška,321.73486343869155,-6.776499503757805,566.9459351338446,118.32850136723856,99,31,68,Sentinel Hub Statistical API / Sentinel-5P,P1D,good
kras_fire_2022,Goriški Kras wildfire,wildfire,HCHO,µmol/m²,2022-07-23T00:00:00Z,2022-07-24T00:00:00Z,23,SI044,Obalno-kraška,233.33010356834507,-0.20827999946959608,542.5544222816825,122.6841070885775,99,21,78,Sentinel Hub Statistical API / Sentinel-5P,P1D,good
kras_fire_2022,Goriški Kras wildfire,wildfire,HCHO,µmol/m²,2022-07-24T00:00:00Z,2022-07-25T00:00:00Z,24,SI044,Obalno-kraška,206.33537276479626,-121.95985618745908,569.125753827393,132.32861468124815,99,27,72,Sentinel Hub Statistical API / Sentinel-5P,P1D,good
kras_fire_2022,Goriški Kras wildfire,wildfire,HCHO,µmol/m²,2022-07-25T00:00:00Z,2022-07-26T00:00:00Z,25,SI044,Obalno-kraška,135.34689249949082,-52.308965678093955,446.18966057896614,124.95713120293624,99,21,78,Sentinel Hub Statistical API / Sentinel-5P,P1D,good
kras_fire_2022,Goriški Kras wildfire,wildfire,HCHO,µmol/m²,2022-07-26T00:00:00Z,2022-07-27T00:00:00Z,26,SI044,Obalno-kraška,33.36705714947386,-183.82181588094682,240.6399871688336,121.5260251735703,99,21,78,Sentinel Hub Statistical API / Sentinel-5P,P1D,good
kras_fire_2022,Goriški Kras wildfire,wildfire,HCHO,µmol/m²,2022-07-27T00:00:00Z,2022-07-28T00:00:00Z,27,SI044,Obalno-kraška,216.77455079043284,101.56966891372576,341.53758315369487,75.98477715912611,99,94,5,Sentinel Hub Statistical API / Sentinel-5P,P1D,partial
kras_fire_2022,Goriški Kras wildfire,wildfire,HCHO,µmol/m²,2022-07-28T00:00:00Z,2022-07-29T00:00:00Z,28,SI044,Obalno-kraška,168.1915464942927,-148.2685620430857,446.45980233326554,128.09996547352702,99,21,78,Sentinel Hub Statistical API / Sentinel-5P,P1D,good
kras_fire_2022,Goriški Kras wildfire,wildfire,HCHO,µmol/m²,2022-07-29T00:00:00Z,2022-07-30T00:00:00Z,29,SI044,Obalno-kraška,159.43625599115995,-138.94667790737003,409.30890827439725,119.77205867735057,99,25,74,Sentinel Hub Statistical API / Sentinel-5P,P1D,good
kras_fire_2022,Goriški Kras wildfire,wildfire,HCHO,µmol/m²,2022-07-30T00:00:00Z,2022-07-31T00:00:00Z,30,SI044,Obalno-kraška,75.71508608076294,-163.4497457416728,301.2222587130964,122.26282837146636,99,42,57,Sentinel Hub Statistical API / Sentinel-5P,P1D,good
kras_fire_2022,Goriški Kras wildfire,wildfire,HCHO,µmol/m²,2022-07-31T00:00:00Z,2022-08-01T00:00:00Z,31,SI044,Obalno-kraška,131.1309448907238,-172.97620070166886,323.6657939851284,133.8140812092615,99,56,43,Sentinel Hub Statistical API / Sentinel-5P,P1D,partial
cinkarna_celje_2019,Cinkarna Celje industrial case,industrial_case,SO2,µmol/m²,2019-12-01T00:00:00Z,2019-12-02T00:00:00Z,1,SI031,Pomurska,,,,,128,128,0,Sentinel Hub Statistical API / Sentinel-5P,P1D,missing
cinkarna_celje_2019,Cinkarna Celje industrial case,industrial_case,SO2,µmol/m²,2019-12-02T00:00:00Z,2019-12-03T00:00:00Z,2,SI031,Pomurska,,,,,128,128,0,Sentinel Hub Statistical API / Sentinel-5P,P1D,missing
cinkarna_celje_2019,Cinkarna Celje industrial case,industrial_case,SO2,µmol/m²,2019-12-03T00:00:00Z,2019-12-04T00:00:00Z,3,SI031,Pomurska,,,,,128,128,0,Sentinel Hub Statistical API / Sentinel-5P,P1D,missing
cinkarna_celje_2019,Cinkarna Celje industrial case,industrial_case,SO2,µmol/m²,2019-12-04T00:00:00Z,2019-12-05T00:00:00Z,4,SI031,Pomurska,,,,,128,128,0,Sentinel Hub Statistical API / Sentinel-5P,P1D,missing
cinkarna_celje_2019,Cinkarna Celje industrial case,industrial_case,SO2,µmol/m²,2019-12-05T00:00:00Z,2019-12-06T00:00:00Z,5,SI031,Pomurska,,,,,128,128,0,Sentinel Hub Statistical API / Sentinel-5P,P1D,missing
cinkarna_celje_2019,Cinkarna Celje industrial case,industrial_case,SO2,µmol/m²,2019-12-06T00:00:00Z,2019-12-07T00:00:00Z,6,SI031,Pomurska,,,,,128,128,0,Sentinel Hub Statistical API / Sentinel-5P,P1D,missing
cinkarna_celje_2019,Cinkarna Celje industrial case,industrial_case,SO2,µmol/m²,2019-12-07T00:00:00Z,2019-12-08T00:00:00Z,7,SI031,Pomurska,,,,,128,128,0,Sentinel Hub Statistical API / Sentinel-5P,P1D,missing
cinkarna_celje_2019,Cinkarna Celje industrial case,industrial_case,SO2,µmol/m²,2019-12-08T00:00:00Z,2019-12-09T00:00:00Z,8,SI031,Pomurska,,,,,128,128,0,Sentinel Hub Statistical API / Sentinel-5P,P1D,missing
cinkarna_celje_2019,Cinkarna Celje industrial case,industrial_case,SO2,µmol/m²,2019-12-09T00:00:00Z,2019-12-10T00:00:00Z,9,SI031,Pomurska,,,,,128,128,0,Sentinel Hub Statistical API / Sentinel-5P,P1D,missing
cinkarna_celje_2019,Cinkarna Celje industrial case,industrial_case,SO2,µmol/m²,2019-12-10T00:00:00Z,2019-12-11T00:00:00Z,10,SI031,Pomurska,,,,,128,128,0,Sentinel Hub Statistical API / Sentinel-5P,P1D,missing
cinkarna_celje_2019,Cinkarna Celje industrial case,industrial_case,SO2,µmol/m²,2019-12-11T00:00:00Z,2019-12-12T00:00:00Z,11,SI031,Pomurska,,,,,128,128,0,Sentinel Hub Statistical API / Sentinel-5P,P1D,missing
cinkarna_celje_2019,Cinkarna Celje industrial case,industrial_case,SO2,µmol/m²,2019-12-12T00:00:00Z,2019-12-13T00:00:00Z,12,SI031,Pomurska,,,,,128,128,0,Sentinel Hub Statistical API / Sentinel-5P,P1D,missing
cinkarna_celje_2019,Cinkarna Celje industrial case,industrial_case,SO2,µmol/m²,2019-12-13T00:00:00Z,2019-12-14T00:00:00Z,13,SI031,Pomurska,,,,,128,128,0,Sentinel Hub Statistical API / Sentinel-5P,P1D,missing
cinkarna_celje_2019,Cinkarna Celje industrial case,industrial_case,SO2,µmol/m²,2019-12-14T00:00:00Z,2019-12-15T00:00:00Z,14,SI031,Pomurska,,,,,128,128,0,Sentinel Hub Statistical API / Sentinel-5P,P1D,missing
cinkarna_celje_2019,Cinkarna Celje industrial case,industrial_case,SO2,µmol/m²,2019-12-15T00:00:00Z,2019-12-16T00:00:00Z,15,SI031,Pomurska,,,,,128,128,0,Sentinel Hub Statistical API / Sentinel-5P,P1D,missing
cinkarna_celje_2019,Cinkarna Celje industrial case,industrial_case,SO2,µmol/m²,2019-12-16T00:00:00Z,2019-12-17T00:00:00Z,16,SI031,Pomurska,,,,,128,128,0,Sentinel Hub Statistical API / Sentinel-5P,P1D,missing
cinkarna_celje_2019,Cinkarna Celje industrial case,industrial_case,SO2,µmol/m²,2019-12-17T00:00:00Z,2019-12-18T00:00:00Z,17,SI031,Pomurska,,,,,128,128,0,Sentinel Hub Statistical API / Sentinel-5P,P1D,missing
cinkarna_celje_2019,Cinkarna Celje industrial case,industrial_case,SO2,µmol/m²,2019-12-18T00:00:00Z,2019-12-19T00:00:00Z,18,SI031,Pomurska,,,,,128,128,0,Sentinel Hub Statistical API / Sentinel-5P,P1D,missing
cinkarna_celje_2019,Cinkarna Celje industrial case,industrial_case,SO2,µmol/m²,2019-12-19T00:00:00Z,2019-12-20T00:00:00Z,19,SI031,Pomurska,,,,,128,128,0,Sentinel Hub Statistical API / Sentinel-5P,P1D,missing
cinkarna_celje_2019,Cinkarna Celje industrial case,industrial_case,SO2,µmol/m²,2019-12-20T00:00:00Z,2019-12-21T00:00:00Z,20,SI031,Pomurska,,,,,128,128,0,Sentinel Hub Statistical API / Sentinel-5P,P1D,missing
cinkarna_celje_2019,Cinkarna Celje industrial case,industrial_case,SO2,µmol/m²,2019-12-21T00:00:00Z,2019-12-22T00:00:00Z,21,SI031,Pomurska,,,,,128,128,0,Sentinel Hub Statistical API / Sentinel-5P,P1D,missing
cinkarna_celje_2019,Cinkarna Celje industrial case,industrial_case,SO2,µmol/m²,2019-12-22T00:00:00Z,2019-12-23T00:00:00Z,22,SI031,Pomurska,,,,,128,128,0,Sentinel Hub Statistical API / Sentinel-5P,P1D,missing
cinkarna_celje_2019,Cinkarna Celje industrial case,industrial_case,SO2,µmol/m²,2019-12-23T00:00:00Z,2019-12-24T00:00:00Z,23,SI031,Pomurska,,,,,128,128,0,Sentinel Hub Statistical API / Sentinel-5P,P1D,missing
cinkarna_celje_2019,Cinkarna Celje industrial case,industrial_case,SO2,µmol/m²,2019-12-24T00:00:00Z,2019-12-25T00:00:00Z,24,SI031,Pomurska,,,,,128,128,0,Sentinel Hub Statistical API / Sentinel-5P,P1D,missing
cinkarna_celje_2019,Cinkarna Celje industrial case,industrial_case,SO2,µmol/m²,2019-12-25T00:00:00Z,2019-12-26T00:00:00Z,25,SI031,Pomurska,,,,,128,128,0,Sentinel Hub Statistical API / Sentinel-5P,P1D,missing
cinkarna_celje_2019,Cinkarna Celje industrial case,industrial_case,SO2,µmol/m²,2019-12-26T00:00:00Z,2019-12-27T00:00:00Z,26,SI031,Pomurska,,,,,128,128,0,Sentinel Hub Statistical API / Sentinel-5P,P1D,missing
cinkarna_celje_2019,Cinkarna Celje industrial case,industrial_case,SO2,µmol/m²,2019-12-27T00:00:00Z,2019-12-28T00:00:00Z,27,SI031,Pomurska,,,,,128,128,0,Sentinel Hub Statistical API / Sentinel-5P,P1D,missing
cinkarna_celje_2019,Cinkarna Celje industrial case,industrial_case,SO2,µmol/m²,2019-12-28T00:00:00Z,2019-12-29T00:00:00Z,28,SI031,Pomurska,,,,,128,128,0,Sentinel Hub Statistical API / Sentinel-5P,P1D,missing
cinkarna_celje_2019,Cinkarna Celje industrial case,industrial_case,SO2,µmol/m²,2019-12-29T00:00:00Z,2019-12-30T00:00:00Z,29,SI031,Pomurska,,,,,128,128,0,Sentinel Hub Statistical API / Sentinel-5P,P1D,missing
cinkarna_celje_2019,Cinkarna Celje industrial case,industrial_case,SO2,µmol/m²,2019-12-30T00:00:00Z,2019-12-31T00:00:00Z,30,SI031,Pomurska,,,,,128,128,0,Sentinel Hub Statistical API / Sentinel-5P,P1D,missing
cinkarna_celje_2019,Cinkarna Celje industrial case,industrial_case,SO2,µmol/m²,2019-12-31T00:00:00Z,2020-01-01T00:00:00Z,31,SI031,Pomurska,,,,,128,128,0,Sentinel Hub Statistical API / Sentinel-5P,P1D,missing
cinkarna_celje_2019,Cinkarna Celje industrial case,industrial_case,SO2,µmol/m²,2019-12-01T00:00:00Z,2019-12-02T00:00:00Z,1,SI032,Podravska,,,,,180,180,0,Sentinel Hub Statistical API / Sentinel-5P,P1D,missing
cinkarna_celje_2019,Cinkarna Celje industrial case,industrial_case,SO2,µmol/m²,2019-12-02T00:00:00Z,2019-12-03T00:00:00Z,2,SI032,Podravska,,,,,180,180,0,Sentinel Hub Statistical API / Sentinel-5P,P1D,missing
cinkarna_celje_2019,Cinkarna Celje industrial case,industrial_case,SO2,µmol/m²,2019-12-03T00:00:00Z,2019-12-04T00:00:00Z,3,SI032,Podravska,,,,,180,180,0,Sentinel Hub Statistical API / Sentinel-5P,P1D,missing
cinkarna_celje_2019,Cinkarna Celje industrial case,industrial_case,SO2,µmol/m²,2019-12-04T00:00:00Z,2019-12-05T00:00:00Z,4,SI032,Podravska,,,,,180,180,0,Sentinel Hub Statistical API / Sentinel-5P,P1D,missing
cinkarna_celje_2019,Cinkarna Celje industrial case,industrial_case,SO2,µmol/m²,2019-12-05T00:00:00Z,2019-12-06T00:00:00Z,5,SI032,Podravska,,,,,180,180,0,Sentinel Hub Statistical API / Sentinel-5P,P1D,missing
cinkarna_celje_2019,Cinkarna Celje industrial case,industrial_case,SO2,µmol/m²,2019-12-06T00:00:00Z,2019-12-07T00:00:00Z,6,SI032,Podravska,,,,,180,180,0,Sentinel Hub Statistical API / Sentinel-5P,P1D,missing
cinkarna_celje_2019,Cinkarna Celje industrial case,industrial_case,SO2,µmol/m²,2019-12-07T00:00:00Z,2019-12-08T00:00:00Z,7,SI032,Podravska,,,,,180,180,0,Sentinel Hub Statistical API / Sentinel-5P,P1D,missing
cinkarna_celje_2019,Cinkarna Celje industrial case,industrial_case,SO2,µmol/m²,2019-12-08T00:00:00Z,2019-12-09T00:00:00Z,8,SI032,Podravska,,,,,180,180,0,Sentinel Hub Statistical API / Sentinel-5P,P1D,missing
cinkarna_celje_2019,Cinkarna Celje industrial case,industrial_case,SO2,µmol/m²,2019-12-09T00:00:00Z,2019-12-10T00:00:00Z,9,SI032,Podravska,,,,,180,180,0,Sentinel Hub Statistical API / Sentinel-5P,P1D,missing
cinkarna_celje_2019,Cinkarna Celje industrial case,industrial_case,SO2,µmol/m²,2019-12-10T00:00:00Z,2019-12-11T00:00:00Z,10,SI032,Podravska,,,,,180,180,0,Sentinel Hub Statistical API / Sentinel-5P,P1D,missing
cinkarna_celje_2019,Cinkarna Celje industrial case,industrial_case,SO2,µmol/m²,2019-12-11T00:00:00Z,2019-12-12T00:00:00Z,11,SI032,Podravska,,,,,180,180,0,Sentinel Hub Statistical API / Sentinel-5P,P1D,missing
cinkarna_celje_2019,Cinkarna Celje industrial case,industrial_case,SO2,µmol/m²,2019-12-12T00:00:00Z,2019-12-13T00:00:00Z,12,SI032,Podravska,,,,,180,180,0,Sentinel Hub Statistical API / Sentinel-5P,P1D,missing
cinkarna_celje_2019,Cinkarna Celje industrial case,industrial_case,SO2,µmol/m²,2019-12-13T00:00:00Z,2019-12-14T00:00:00Z,13,SI032,Podravska,,,,,180,180,0,Sentinel Hub Statistical API / Sentinel-5P,P1D,missing
cinkarna_celje_2019,Cinkarna Celje industrial case,industrial_case,SO2,µmol/m²,2019-12-14T00:00:00Z,2019-12-15T00:00:00Z,14,SI032,Podravska,,,,,180,180,0,Sentinel Hub Statistical API / Sentinel-5P,P1D,missing
cinkarna_celje_2019,Cinkarna Celje industrial case,industrial_case,SO2,µmol/m²,2019-12-15T00:00:00Z,2019-12-16T00:00:00Z,15,SI032,Podravska,,,,,180,180,0,Sentinel Hub Statistical API / Sentinel-5P,P1D,missing
cinkarna_celje_2019,Cinkarna Celje industrial case,industrial_case,SO2,µmol/m²,2019-12-16T00:00:00Z,2019-12-17T00:00:00Z,16,SI032,Podravska,,,,,180,180,0,Sentinel Hub Statistical API / Sentinel-5P,P1D,missing
cinkarna_celje_2019,Cinkarna Celje industrial case,industrial_case,SO2,µmol/m²,2019-12-17T00:00:00Z,2019-12-18T00:00:00Z,17,SI032,Podravska,,,,,180,180,0,Sentinel Hub Statistical API / Sentinel-5P,P1D,missing
cinkarna_celje_2019,Cinkarna Celje industrial case,industrial_case,SO2,µmol/m²,2019-12-18T00:00:00Z,2019-12-19T00:00:00Z,18,SI032,Podravska,,,,,180,180,0,Sentinel Hub Statistical API / Sentinel-5P,P1D,missing
cinkarna_celje_2019,Cinkarna Celje industrial case,industrial_case,SO2,µmol/m²,2019-12-19T00:00:00Z,2019-12-20T00:00:00Z,19,SI032,Podravska,,,,,180,180,0,Sentinel Hub Statistical API / Sentinel-5P,P1D,missing
cinkarna_celje_2019,Cinkarna Celje industrial case,industrial_case,SO2,µmol/m²,2019-12-20T00:00:00Z,2019-12-21T00:00:00Z,20,SI032,Podravska,,,,,180,180,0,Sentinel Hub Statistical API / Sentinel-5P,P1D,missing
cinkarna_celje_2019,Cinkarna Celje industrial case,industrial_case,SO2,µmol/m²,2019-12-21T00:00:00Z,2019-12-22T00:00:00Z,21,SI032,Podravska,,,,,180,180,0,Sentinel Hub Statistical API / Sentinel-5P,P1D,missing
cinkarna_celje_2019,Cinkarna Celje industrial case,industrial_case,SO2,µmol/m²,2019-12-22T00:00:00Z,2019-12-23T00:00:00Z,22,SI032,Podravska,,,,,180,180,0,Sentinel Hub Statistical API / Sentinel-5P,P1D,missing
cinkarna_celje_2019,Cinkarna Celje industrial case,industrial_case,SO2,µmol/m²,2019-12-23T00:00:00Z,2019-12-24T00:00:00Z,23,SI032,Podravska,,,,,180,180,0,Sentinel Hub Statistical API / Sentinel-5P,P1D,missing
cinkarna_celje_2019,Cinkarna Celje industrial case,industrial_case,SO2,µmol/m²,2019-12-24T00:00:00Z,2019-12-25T00:00:00Z,24,SI032,Podravska,,,,,180,180,0,Sentinel Hub Statistical API / Sentinel-5P,P1D,missing
cinkarna_celje_2019,Cinkarna Celje industrial case,industrial_case,SO2,µmol/m²,2019-12-25T00:00:00Z,2019-12-26T00:00:00Z,25,SI032,Podravska,,,,,180,180,0,Sentinel Hub Statistical API / Sentinel-5P,P1D,missing
cinkarna_celje_2019,Cinkarna Celje industrial case,industrial_case,SO2,µmol/m²,2019-12-26T00:00:00Z,2019-12-27T00:00:00Z,26,SI032,Podravska,,,,,180,180,0,Sentinel Hub Statistical API / Sentinel-5P,P1D,missing
cinkarna_celje_2019,Cinkarna Celje industrial case,industrial_case,SO2,µmol/m²,2019-12-27T00:00:00Z,2019-12-28T00:00:00Z,27,SI032,Podravska,,,,,180,180,0,Sentinel Hub Statistical API / Sentinel-5P,P1D,missing
cinkarna_celje_2019,Cinkarna Celje industrial case,industrial_case,SO2,µmol/m²,2019-12-28T00:00:00Z,2019-12-29T00:00:00Z,28,SI032,Podravska,,,,,180,180,0,Sentinel Hub Statistical API / Sentinel-5P,P1D,missing
cinkarna_celje_2019,Cinkarna Celje industrial case,industrial_case,SO2,µmol/m²,2019-12-29T00:00:00Z,2019-12-30T00:00:00Z,29,SI032,Podravska,,,,,180,180,0,Sentinel Hub Statistical API / Sentinel-5P,P1D,missing
cinkarna_celje_2019,Cinkarna Celje industrial case,industrial_case,SO2,µmol/m²,2019-12-30T00:00:00Z,2019-12-31T00:00:00Z,30,SI032,Podravska,,,,,180,180,0,Sentinel Hub Statistical API / Sentinel-5P,P1D,missing
cinkarna_celje_2019,Cinkarna Celje industrial case,industrial_case,SO2,µmol/m²,2019-12-31T00:00:00Z,2020-01-01T00:00:00Z,31,SI032,Podravska,,,,,180,180,0,Sentinel Hub Statistical API / Sentinel-5P,P1D,missing
cinkarna_celje_2019,Cinkarna Celje industrial case,industrial_case,SO2,µmol/m²,2019-12-01T00:00:00Z,2019-12-02T00:00:00Z,1,SI033,Koroška,,,,,75,75,0,Sentinel Hub Statistical API / Sentinel-5P,P1D,missing
cinkarna_celje_2019,Cinkarna Celje industrial case,industrial_case,SO2,µmol/m²,2019-12-02T00:00:00Z,2019-12-03T00:00:00Z,2,SI033,Koroška,,,,,75,75,0,Sentinel Hub Statistical API / Sentinel-5P,P1D,missing
cinkarna_celje_2019,Cinkarna Celje industrial case,industrial_case,SO2,µmol/m²,2019-12-03T00:00:00Z,2019-12-04T00:00:00Z,3,SI033,Koroška,,,,,75,75,0,Sentinel Hub Statistical API / Sentinel-5P,P1D,missing
cinkarna_celje_2019,Cinkarna Celje industrial case,industrial_case,SO2,µmol/m²,2019-12-04T00:00:00Z,2019-12-05T00:00:00Z,4,SI033,Koroška,,,,,75,75,0,Sentinel Hub Statistical API / Sentinel-5P,P1D,missing
cinkarna_celje_2019,Cinkarna Celje industrial case,industrial_case,SO2,µmol/m²,2019-12-05T00:00:00Z,2019-12-06T00:00:00Z,5,SI033,Koroška,,,,,75,75,0,Sentinel Hub Statistical API / Sentinel-5P,P1D,missing
cinkarna_celje_2019,Cinkarna Celje industrial case,industrial_case,SO2,µmol/m²,2019-12-06T00:00:00Z,2019-12-07T00:00:00Z,6,SI033,Koroška,,,,,75,75,0,Sentinel Hub Statistical API / Sentinel-5P,P1D,missing
cinkarna_celje_2019,Cinkarna Celje industrial case,industrial_case,SO2,µmol/m²,2019-12-07T00:00:00Z,2019-12-08T00:00:00Z,7,SI033,Koroška,,,,,75,75,0,Sentinel Hub Statistical API / Sentinel-5P,P1D,missing
cinkarna_celje_2019,Cinkarna Celje industrial case,industrial_case,SO2,µmol/m²,2019-12-08T00:00:00Z,2019-12-09T00:00:00Z,8,SI033,Koroška,,,,,75,75,0,Sentinel Hub Statistical API / Sentinel-5P,P1D,missing
cinkarna_celje_2019,Cinkarna Celje industrial case,industrial_case,SO2,µmol/m²,2019-12-09T00:00:00Z,2019-12-10T00:00:00Z,9,SI033,Koroška,,,,,75,75,0,Sentinel Hub Statistical API / Sentinel-5P,P1D,missing
cinkarna_celje_2019,Cinkarna Celje industrial case,industrial_case,SO2,µmol/m²,2019-12-10T00:00:00Z,2019-12-11T00:00:00Z,10,SI033,Koroška,,,,,75,75,0,Sentinel Hub Statistical API / Sentinel-5P,P1D,missing
cinkarna_celje_2019,Cinkarna Celje industrial case,industrial_case,SO2,µmol/m²,2019-12-11T00:00:00Z,2019-12-12T00:00:00Z,11,SI033,Koroška,,,,,75,75,0,Sentinel Hub Statistical API / Sentinel-5P,P1D,missing
cinkarna_celje_2019,Cinkarna Celje industrial case,industrial_case,SO2,µmol/m²,2019-12-12T00:00:00Z,2019-12-13T00:00:00Z,12,SI033,Koroška,,,,,75,75,0,Sentinel Hub Statistical API / Sentinel-5P,P1D,missing
cinkarna_celje_2019,Cinkarna Celje industrial case,industrial_case,SO2,µmol/m²,2019-12-13T00:00:00Z,2019-12-14T00:00:00Z,13,SI033,Koroška,,,,,75,75,0,Sentinel Hub Statistical API / Sentinel-5P,P1D,missing
cinkarna_celje_2019,Cinkarna Celje industrial case,industrial_case,SO2,µmol/m²,2019-12-14T00:00:00Z,2019-12-15T00:00:00Z,14,SI033,Koroška,,,,,75,75,0,Sentinel Hub Statistical API / Sentinel-5P,P1D,missing
cinkarna_celje_2019,Cinkarna Celje industrial case,industrial_case,SO2,µmol/m²,2019-12-15T00:00:00Z,2019-12-16T00:00:00Z,15,SI033,Koroška,,,,,75,75,0,Sentinel Hub Statistical API / Sentinel-5P,P1D,missing
cinkarna_celje_2019,Cinkarna Celje industrial case,industrial_case,SO2,µmol/m²,2019-12-16T00:00:00Z,2019-12-17T00:00:00Z,16,SI033,Koroška,,,,,75,75,0,Sentinel Hub Statistical API / Sentinel-5P,P1D,missing
cinkarna_celje_2019,Cinkarna Celje industrial case,industrial_case,SO2,µmol/m²,2019-12-17T00:00:00Z,2019-12-18T00:00:00Z,17,SI033,Koroška,,,,,75,75,0,Sentinel Hub Statistical API / Sentinel-5P,P1D,missing
cinkarna_celje_2019,Cinkarna Celje industrial case,industrial_case,SO2,µmol/m²,2019-12-18T00:00:00Z,2019-12-19T00:00:00Z,18,SI033,Koroška,,,,,75,75,0,Sentinel Hub Statistical API / Sentinel-5P,P1D,missing
cinkarna_celje_2019,Cinkarna Celje industrial case,industrial_case,SO2,µmol/m²,2019-12-19T00:00:00Z,2019-12-20T00:00:00Z,19,SI033,Koroška,,,,,75,75,0,Sentinel Hub Statistical API / Sentinel-5P,P1D,missing
cinkarna_celje_2019,Cinkarna Celje industrial case,industrial_case,SO2,µmol/m²,2019-12-20T00:00:00Z,2019-12-21T00:00:00Z,20,SI033,Koroška,,,,,75,75,0,Sentinel Hub Statistical API / Sentinel-5P,P1D,missing
cinkarna_celje_2019,Cinkarna Celje industrial case,industrial_case,SO2,µmol/m²,2019-12-21T00:00:00Z,2019-12-22T00:00:00Z,21,SI033,Koroška,,,,,75,75,0,Sentinel Hub Statistical API / Sentinel-5P,P1D,missing
cinkarna_celje_2019,Cinkarna Celje industrial case,industrial_case,SO2,µmol/m²,2019-12-22T00:00:00Z,2019-12-23T00:00:00Z,22,SI033,Koroška,,,,,75,75,0,Sentinel Hub Statistical API / Sentinel-5P,P1D,missing
cinkarna_celje_2019,Cinkarna Celje industrial case,industrial_case,SO2,µmol/m²,2019-12-23T00:00:00Z,2019-12-24T00:00:00Z,23,SI033,Koroška,,,,,75,75,0,Sentinel Hub Statistical API / Sentinel-5P,P1D,missing
cinkarna_celje_2019,Cinkarna Celje industrial case,industrial_case,SO2,µmol/m²,2019-12-24T00:00:00Z,2019-12-25T00:00:00Z,24,SI033,Koroška,,,,,75,75,0,Sentinel Hub Statistical API / Sentinel-5P,P1D,missing
cinkarna_celje_2019,Cinkarna Celje industrial case,industrial_case,SO2,µmol/m²,2019-12-25T00:00:00Z,2019-12-26T00:00:00Z,25,SI033,Koroška,,,,,75,75,0,Sentinel Hub Statistical API / Sentinel-5P,P1D,missing
cinkarna_celje_2019,Cinkarna Celje industrial case,industrial_case,SO2,µmol/m²,2019-12-26T00:00:00Z,2019-12-27T00:00:00Z,26,SI033,Koroška,,,,,75,75,0,Sentinel Hub Statistical API / Sentinel-5P,P1D,missing
cinkarna_celje_2019,Cinkarna Celje industrial case,industrial_case,SO2,µmol/m²,2019-12-27T00:00:00Z,2019-12-28T00:00:00Z,27,SI033,Koroška,,,,,75,75,0,Sentinel Hub Statistical API / Sentinel-5P,P1D,missing
cinkarna_celje_2019,Cinkarna Celje industrial case,industrial_case,SO2,µmol/m²,2019-12-28T00:00:00Z,2019-12-29T00:00:00Z,28,SI033,Koroška,,,,,75,75,0,Sentinel Hub Statistical API / Sentinel-5P,P1D,missing
cinkarna_celje_2019,Cinkarna Celje industrial case,industrial_case,SO2,µmol/m²,2019-12-29T00:00:00Z,2019-12-30T00:00:00Z,29,SI033,Koroška,,,,,75,75,0,Sentinel Hub Statistical API / Sentinel-5P,P1D,missing
cinkarna_celje_2019,Cinkarna Celje industrial case,industrial_case,SO2,µmol/m²,2019-12-30T00:00:00Z,2019-12-31T00:00:00Z,30,SI033,Koroška,,,,,75,75,0,Sentinel Hub Statistical API / Sentinel-5P,P1D,missing
cinkarna_celje_2019,Cinkarna Celje industrial case,industrial_case,SO2,µmol/m²,2019-12-31T00:00:00Z,2020-01-01T00:00:00Z,31,SI033,Koroška,,,,,75,75,0,Sentinel Hub Statistical API / Sentinel-5P,P1D,missing
cinkarna_celje_2019,Cinkarna Celje industrial case,industrial_case,SO2,µmol/m²,2019-12-01T00:00:00Z,2019-12-02T00:00:00Z,1,SI034,Savinjska,,,,,225,225,0,Sentinel Hub Statistical API / Sentinel-5P,P1D,missing
cinkarna_celje_2019,Cinkarna Celje industrial case,industrial_case,SO2,µmol/m²,2019-12-02T00:00:00Z,2019-12-03T00:00:00Z,2,SI034,Savinjska,,,,,225,225,0,Sentinel Hub Statistical API / Sentinel-5P,P1D,missing
cinkarna_celje_2019,Cinkarna Celje industrial case,industrial_case,SO2,µmol/m²,2019-12-03T00:00:00Z,2019-12-04T00:00:00Z,3,SI034,Savinjska,,,,,225,225,0,Sentinel Hub Statistical API / Sentinel-5P,P1D,missing
cinkarna_celje_2019,Cinkarna Celje industrial case,industrial_case,SO2,µmol/m²,2019-12-04T00:00:00Z,2019-12-05T00:00:00Z,4,SI034,Savinjska,,,,,225,225,0,Sentinel Hub Statistical API / Sentinel-5P,P1D,missing
cinkarna_celje_2019,Cinkarna Celje industrial case,industrial_case,SO2,µmol/m²,2019-12-05T00:00:00Z,2019-12-06T00:00:00Z,5,SI034,Savinjska,,,,,225,225,0,Sentinel Hub Statistical API / Sentinel-5P,P1D,missing
cinkarna_celje_2019,Cinkarna Celje industrial case,industrial_case,SO2,µmol/m²,2019-12-06T00:00:00Z,2019-12-07T00:00:00Z,6,SI034,Savinjska,,,,,225,225,0,Sentinel Hub Statistical API / Sentinel-5P,P1D,missing
cinkarna_celje_2019,Cinkarna Celje industrial case,industrial_case,SO2,µmol/m²,2019-12-07T00:00:00Z,2019-12-08T00:00:00Z,7,SI034,Savinjska,,,,,225,225,0,Sentinel Hub Statistical API / Sentinel-5P,P1D,missing
cinkarna_celje_2019,Cinkarna Celje industrial case,industrial_case,SO2,µmol/m²,2019-12-08T00:00:00Z,2019-12-09T00:00:00Z,8,SI034,Savinjska,,,,,225,225,0,Sentinel Hub Statistical API / Sentinel-5P,P1D,missing
cinkarna_celje_2019,Cinkarna Celje industrial case,industrial_case,SO2,µmol/m²,2019-12-09T00:00:00Z,2019-12-10T00:00:00Z,9,SI034,Savinjska,,,,,225,225,0,Sentinel Hub Statistical API / Sentinel-5P,P1D,missing
cinkarna_celje_2019,Cinkarna Celje industrial case,industrial_case,SO2,µmol/m²,2019-12-10T00:00:00Z,2019-12-11T00:00:00Z,10,SI034,Savinjska,,,,,225,225,0,Sentinel Hub Statistical API / Sentinel-5P,P1D,missing
cinkarna_celje_2019,Cinkarna Celje industrial case,industrial_case,SO2,µmol/m²,2019-12-11T00:00:00Z,2019-12-12T00:00:00Z,11,SI034,Savinjska,,,,,225,225,0,Sentinel Hub Statistical API / Sentinel-5P,P1D,missing
cinkarna_celje_2019,Cinkarna Celje industrial case,industrial_case,SO2,µmol/m²,2019-12-12T00:00:00Z,2019-12-13T00:00:00Z,12,SI034,Savinjska,,,,,225,225,0,Sentinel Hub Statistical API / Sentinel-5P,P1D,missing
cinkarna_celje_2019,Cinkarna Celje industrial case,industrial_case,SO2,µmol/m²,2019-12-13T00:00:00Z,2019-12-14T00:00:00Z,13,SI034,Savinjska,,,,,225,225,0,Sentinel Hub Statistical API / Sentinel-5P,P1D,missing
cinkarna_celje_2019,Cinkarna Celje industrial case,industrial_case,SO2,µmol/m²,2019-12-14T00:00:00Z,2019-12-15T00:00:00Z,14,SI034,Savinjska,,,,,225,225,0,Sentinel Hub Statistical API / Sentinel-5P,P1D,missing
cinkarna_celje_2019,Cinkarna Celje industrial case,industrial_case,SO2,µmol/m²,2019-12-15T00:00:00Z,2019-12-16T00:00:00Z,15,SI034,Savinjska,,,,,225,225,0,Sentinel Hub Statistical API / Sentinel-5P,P1D,missing
cinkarna_celje_2019,Cinkarna Celje industrial case,industrial_case,SO2,µmol/m²,2019-12-16T00:00:00Z,2019-12-17T00:00:00Z,16,SI034,Savinjska,-210.69904414616764,-6835.447624325752,5177.190992981195,2849.354932955852,225,209,16,Sentinel Hub Statistical API / Sentinel-5P,P1D,partial
cinkarna_celje_2019,Cinkarna Celje industrial case,industrial_case,SO2,µmol/m²,2019-12-17T00:00:00Z,2019-12-18T00:00:00Z,17,SI034,Savinjska,,,,,225,225,0,Sentinel Hub Statistical API / Sentinel-5P,P1D,missing
cinkarna_celje_2019,Cinkarna Celje industrial case,industrial_case,SO2,µmol/m²,2019-12-18T00:00:00Z,2019-12-19T00:00:00Z,18,SI034,Savinjska,,,,,225,225,0,Sentinel Hub Statistical API / Sentinel-5P,P1D,missing
cinkarna_celje_2019,Cinkarna Celje industrial case,industrial_case,SO2,µmol/m²,2019-12-19T00:00:00Z,2019-12-20T00:00:00Z,19,SI034,Savinjska,,,,,225,225,0,Sentinel Hub Statistical API / Sentinel-5P,P1D,missing
cinkarna_celje_2019,Cinkarna Celje industrial case,industrial_case,SO2,µmol/m²,2019-12-20T00:00:00Z,2019-12-21T00:00:00Z,20,SI034,Savinjska,,,,,225,225,0,Sentinel Hub Statistical API / Sentinel-5P,P1D,missing
cinkarna_celje_2019,Cinkarna Celje industrial case,industrial_case,SO2,µmol/m²,2019-12-21T00:00:00Z,2019-12-22T00:00:00Z,21,SI034,Savinjska,,,,,225,225,0,Sentinel Hub Statistical API / Sentinel-5P,P1D,missing
cinkarna_celje_2019,Cinkarna Celje industrial case,industrial_case,SO2,µmol/m²,2019-12-22T00:00:00Z,2019-12-23T00:00:00Z,22,SI034,Savinjska,,,,,225,225,0,Sentinel Hub Statistical API / Sentinel-5P,P1D,missing
cinkarna_celje_2019,Cinkarna Celje industrial case,industrial_case,SO2,µmol/m²,2019-12-23T00:00:00Z,2019-12-24T00:00:00Z,23,SI034,Savinjska,,,,,225,225,0,Sentinel Hub Statistical API / Sentinel-5P,P1D,missing
cinkarna_celje_2019,Cinkarna Celje industrial case,industrial_case,SO2,µmol/m²,2019-12-24T00:00:00Z,2019-12-25T00:00:00Z,24,SI034,Savinjska,,,,,225,225,0,Sentinel Hub Statistical API / Sentinel-5P,P1D,missing
cinkarna_celje_2019,Cinkarna Celje industrial case,industrial_case,SO2,µmol/m²,2019-12-25T00:00:00Z,2019-12-26T00:00:00Z,25,SI034,Savinjska,,,,,225,225,0,Sentinel Hub Statistical API / Sentinel-5P,P1D,missing
cinkarna_celje_2019,Cinkarna Celje industrial case,industrial_case,SO2,µmol/m²,2019-12-26T00:00:00Z,2019-12-27T00:00:00Z,26,SI034,Savinjska,,,,,225,225,0,Sentinel Hub Statistical API / Sentinel-5P,P1D,missing
cinkarna_celje_2019,Cinkarna Celje industrial case,industrial_case,SO2,µmol/m²,2019-12-27T00:00:00Z,2019-12-28T00:00:00Z,27,SI034,Savinjska,,,,,225,225,0,Sentinel Hub Statistical API / Sentinel-5P,P1D,missing
cinkarna_celje_2019,Cinkarna Celje industrial case,industrial_case,SO2,µmol/m²,2019-12-28T00:00:00Z,2019-12-29T00:00:00Z,28,SI034,Savinjska,,,,,225,225,0,Sentinel Hub Statistical API / Sentinel-5P,P1D,missing
cinkarna_celje_2019,Cinkarna Celje industrial case,industrial_case,SO2,µmol/m²,2019-12-29T00:00:00Z,2019-12-30T00:00:00Z,29,SI034,Savinjska,,,,,225,225,0,Sentinel Hub Statistical API / Sentinel-5P,P1D,missing
cinkarna_celje_2019,Cinkarna Celje industrial case,industrial_case,SO2,µmol/m²,2019-12-30T00:00:00Z,2019-12-31T00:00:00Z,30,SI034,Savinjska,,,,,225,225,0,Sentinel Hub Statistical API / Sentinel-5P,P1D,missing
cinkarna_celje_2019,Cinkarna Celje industrial case,industrial_case,SO2,µmol/m²,2019-12-31T00:00:00Z,2020-01-01T00:00:00Z,31,SI034,Savinjska,,,,,225,225,0,Sentinel Hub Statistical API / Sentinel-5P,P1D,missing
cinkarna_celje_2019,Cinkarna Celje industrial case,industrial_case,SO2,µmol/m²,2019-12-01T00:00:00Z,2019-12-02T00:00:00Z,1,SI035,Zasavska,,,,,45,45,0,Sentinel Hub Statistical API / Sentinel-5P,P1D,missing
cinkarna_celje_2019,Cinkarna Celje industrial case,industrial_case,SO2,µmol/m²,2019-12-02T00:00:00Z,2019-12-03T00:00:00Z,2,SI035,Zasavska,,,,,45,45,0,Sentinel Hub Statistical API / Sentinel-5P,P1D,missing
cinkarna_celje_2019,Cinkarna Celje industrial case,industrial_case,SO2,µmol/m²,2019-12-03T00:00:00Z,2019-12-04T00:00:00Z,3,SI035,Zasavska,,,,,45,45,0,Sentinel Hub Statistical API / Sentinel-5P,P1D,missing
cinkarna_celje_2019,Cinkarna Celje industrial case,industrial_case,SO2,µmol/m²,2019-12-04T00:00:00Z,2019-12-05T00:00:00Z,4,SI035,Zasavska,,,,,45,45,0,Sentinel Hub Statistical API / Sentinel-5P,P1D,missing
cinkarna_celje_2019,Cinkarna Celje industrial case,industrial_case,SO2,µmol/m²,2019-12-05T00:00:00Z,2019-12-06T00:00:00Z,5,SI035,Zasavska,,,,,45,45,0,Sentinel Hub Statistical API / Sentinel-5P,P1D,missing
cinkarna_celje_2019,Cinkarna Celje industrial case,industrial_case,SO2,µmol/m²,2019-12-06T00:00:00Z,2019-12-07T00:00:00Z,6,SI035,Zasavska,,,,,45,45,0,Sentinel Hub Statistical API / Sentinel-5P,P1D,missing
cinkarna_celje_2019,Cinkarna Celje industrial case,industrial_case,SO2,µmol/m²,2019-12-07T00:00:00Z,2019-12-08T00:00:00Z,7,SI035,Zasavska,,,,,45,45,0,Sentinel Hub Statistical API / Sentinel-5P,P1D,missing
cinkarna_celje_2019,Cinkarna Celje industrial case,industrial_case,SO2,µmol/m²,2019-12-08T00:00:00Z,2019-12-09T00:00:00Z,8,SI035,Zasavska,,,,,45,45,0,Sentinel Hub Statistical API / Sentinel-5P,P1D,missing
cinkarna_celje_2019,Cinkarna Celje industrial case,industrial_case,SO2,µmol/m²,2019-12-09T00:00:00Z,2019-12-10T00:00:00Z,9,SI035,Zasavska,,,,,45,45,0,Sentinel Hub Statistical API / Sentinel-5P,P1D,missing
cinkarna_celje_2019,Cinkarna Celje industrial case,industrial_case,SO2,µmol/m²,2019-12-10T00:00:00Z,2019-12-11T00:00:00Z,10,SI035,Zasavska,,,,,45,45,0,Sentinel Hub Statistical API / Sentinel-5P,P1D,missing
cinkarna_celje_2019,Cinkarna Celje industrial case,industrial_case,SO2,µmol/m²,2019-12-11T00:00:00Z,2019-12-12T00:00:00Z,11,SI035,Zasavska,,,,,45,45,0,Sentinel Hub Statistical API / Sentinel-5P,P1D,missing
cinkarna_celje_2019,Cinkarna Celje industrial case,industrial_case,SO2,µmol/m²,2019-12-12T00:00:00Z,2019-12-13T00:00:00Z,12,SI035,Zasavska,,,,,45,45,0,Sentinel Hub Statistical API / Sentinel-5P,P1D,missing
cinkarna_celje_2019,Cinkarna Celje industrial case,industrial_case,SO2,µmol/m²,2019-12-13T00:00:00Z,2019-12-14T00:00:00Z,13,SI035,Zasavska,,,,,45,45,0,Sentinel Hub Statistical API / Sentinel-5P,P1D,missing
cinkarna_celje_2019,Cinkarna Celje industrial case,industrial_case,SO2,µmol/m²,2019-12-14T00:00:00Z,2019-12-15T00:00:00Z,14,SI035,Zasavska,,,,,45,45,0,Sentinel Hub Statistical API / Sentinel-5P,P1D,missing
cinkarna_celje_2019,Cinkarna Celje industrial case,industrial_case,SO2,µmol/m²,2019-12-15T00:00:00Z,2019-12-16T00:00:00Z,15,SI035,Zasavska,,,,,45,45,0,Sentinel Hub Statistical API / Sentinel-5P,P1D,missing
cinkarna_celje_2019,Cinkarna Celje industrial case,industrial_case,SO2,µmol/m²,2019-12-16T00:00:00Z,2019-12-17T00:00:00Z,16,SI035,Zasavska,,,,,45,45,0,Sentinel Hub Statistical API / Sentinel-5P,P1D,missing
cinkarna_celje_2019,Cinkarna Celje industrial case,industrial_case,SO2,µmol/m²,2019-12-17T00:00:00Z,2019-12-18T00:00:00Z,17,SI035,Zasavska,,,,,45,45,0,Sentinel Hub Statistical API / Sentinel-5P,P1D,missing
cinkarna_celje_2019,Cinkarna Celje industrial case,industrial_case,SO2,µmol/m²,2019-12-18T00:00:00Z,2019-12-19T00:00:00Z,18,SI035,Zasavska,,,,,45,45,0,Sentinel Hub Statistical API / Sentinel-5P,P1D,missing
cinkarna_celje_2019,Cinkarna Celje industrial case,industrial_case,SO2,µmol/m²,2019-12-19T00:00:00Z,2019-12-20T00:00:00Z,19,SI035,Zasavska,,,,,45,45,0,Sentinel Hub Statistical API / Sentinel-5P,P1D,missing
cinkarna_celje_2019,Cinkarna Celje industrial case,industrial_case,SO2,µmol/m²,2019-12-20T00:00:00Z,2019-12-21T00:00:00Z,20,SI035,Zasavska,,,,,45,45,0,Sentinel Hub Statistical API / Sentinel-5P,P1D,missing
cinkarna_celje_2019,Cinkarna Celje industrial case,industrial_case,SO2,µmol/m²,2019-12-21T00:00:00Z,2019-12-22T00:00:00Z,21,SI035,Zasavska,,,,,45,45,0,Sentinel Hub Statistical API / Sentinel-5P,P1D,missing
cinkarna_celje_2019,Cinkarna Celje industrial case,industrial_case,SO2,µmol/m²,2019-12-22T00:00:00Z,2019-12-23T00:00:00Z,22,SI035,Zasavska,,,,,45,45,0,Sentinel Hub Statistical API / Sentinel-5P,P1D,missing
cinkarna_celje_2019,Cinkarna Celje industrial case,industrial_case,SO2,µmol/m²,2019-12-23T00:00:00Z,2019-12-24T00:00:00Z,23,SI035,Zasavska,,,,,45,45,0,Sentinel Hub Statistical API / Sentinel-5P,P1D,missing
cinkarna_celje_2019,Cinkarna Celje industrial case,industrial_case,SO2,µmol/m²,2019-12-24T00:00:00Z,2019-12-25T00:00:00Z,24,SI035,Zasavska,,,,,45,45,0,Sentinel Hub Statistical API / Sentinel-5P,P1D,missing
cinkarna_celje_2019,Cinkarna Celje industrial case,industrial_case,SO2,µmol/m²,2019-12-25T00:00:00Z,2019-12-26T00:00:00Z,25,SI035,Zasavska,,,,,45,45,0,Sentinel Hub Statistical API / Sentinel-5P,P1D,missing
cinkarna_celje_2019,Cinkarna Celje industrial case,industrial_case,SO2,µmol/m²,2019-12-26T00:00:00Z,2019-12-27T00:00:00Z,26,SI035,Zasavska,,,,,45,45,0,Sentinel Hub Statistical API / Sentinel-5P,P1D,missing
cinkarna_celje_2019,Cinkarna Celje industrial case,industrial_case,SO2,µmol/m²,2019-12-27T00:00:00Z,2019-12-28T00:00:00Z,27,SI035,Zasavska,,,,,45,45,0,Sentinel Hub Statistical API / Sentinel-5P,P1D,missing
cinkarna_celje_2019,Cinkarna Celje industrial case,industrial_case,SO2,µmol/m²,2019-12-28T00:00:00Z,2019-12-29T00:00:00Z,28,SI035,Zasavska,,,,,45,45,0,Sentinel Hub Statistical API / Sentinel-5P,P1D,missing
cinkarna_celje_2019,Cinkarna Celje industrial case,industrial_case,SO2,µmol/m²,2019-12-29T00:00:00Z,2019-12-30T00:00:00Z,29,SI035,Zasavska,,,,,45,45,0,Sentinel Hub Statistical API / Sentinel-5P,P1D,missing
cinkarna_celje_2019,Cinkarna Celje industrial case,industrial_case,SO2,µmol/m²,2019-12-30T00:00:00Z,2019-12-31T00:00:00Z,30,SI035,Zasavska,,,,,45,45,0,Sentinel Hub Statistical API / Sentinel-5P,P1D,missing
cinkarna_celje_2019,Cinkarna Celje industrial case,industrial_case,SO2,µmol/m²,2019-12-31T00:00:00Z,2020-01-01T00:00:00Z,31,SI035,Zasavska,,,,,45,45,0,Sentinel Hub Statistical API / Sentinel-5P,P1D,missing
cinkarna_celje_2019,Cinkarna Celje industrial case,industrial_case,SO2,µmol/m²,2019-12-01T00:00:00Z,2019-12-02T00:00:00Z,1,SI036,Posavska,,,,,78,78,0,Sentinel Hub Statistical API / Sentinel-5P,P1D,missing
cinkarna_celje_2019,Cinkarna Celje industrial case,industrial_case,SO2,µmol/m²,2019-12-02T00:00:00Z,2019-12-03T00:00:00Z,2,SI036,Posavska,,,,,78,78,0,Sentinel Hub Statistical API / Sentinel-5P,P1D,missing
cinkarna_celje_2019,Cinkarna Celje industrial case,industrial_case,SO2,µmol/m²,2019-12-03T00:00:00Z,2019-12-04T00:00:00Z,3,SI036,Posavska,,,,,78,78,0,Sentinel Hub Statistical API / Sentinel-5P,P1D,missing
cinkarna_celje_2019,Cinkarna Celje industrial case,industrial_case,SO2,µmol/m²,2019-12-04T00:00:00Z,2019-12-05T00:00:00Z,4,SI036,Posavska,,,,,78,78,0,Sentinel Hub Statistical API / Sentinel-5P,P1D,missing
cinkarna_celje_2019,Cinkarna Celje industrial case,industrial_case,SO2,µmol/m²,2019-12-05T00:00:00Z,2019-12-06T00:00:00Z,5,SI036,Posavska,,,,,78,78,0,Sentinel Hub Statistical API / Sentinel-5P,P1D,missing
cinkarna_celje_2019,Cinkarna Celje industrial case,industrial_case,SO2,µmol/m²,2019-12-06T00:00:00Z,2019-12-07T00:00:00Z,6,SI036,Posavska,,,,,78,78,0,Sentinel Hub Statistical API / Sentinel-5P,P1D,missing
cinkarna_celje_2019,Cinkarna Celje industrial case,industrial_case,SO2,µmol/m²,2019-12-07T00:00:00Z,2019-12-08T00:00:00Z,7,SI036,Posavska,,,,,78,78,0,Sentinel Hub Statistical API / Sentinel-5P,P1D,missing
cinkarna_celje_2019,Cinkarna Celje industrial case,industrial_case,SO2,µmol/m²,2019-12-08T00:00:00Z,2019-12-09T00:00:00Z,8,SI036,Posavska,,,,,78,78,0,Sentinel Hub Statistical API / Sentinel-5P,P1D,missing
cinkarna_celje_2019,Cinkarna Celje industrial case,industrial_case,SO2,µmol/m²,2019-12-09T00:00:00Z,2019-12-10T00:00:00Z,9,SI036,Posavska,,,,,78,78,0,Sentinel Hub Statistical API / Sentinel-5P,P1D,missing
cinkarna_celje_2019,Cinkarna Celje industrial case,industrial_case,SO2,µmol/m²,2019-12-10T00:00:00Z,2019-12-11T00:00:00Z,10,SI036,Posavska,,,,,78,78,0,Sentinel Hub Statistical API / Sentinel-5P,P1D,missing
cinkarna_celje_2019,Cinkarna Celje industrial case,industrial_case,SO2,µmol/m²,2019-12-11T00:00:00Z,2019-12-12T00:00:00Z,11,SI036,Posavska,,,,,78,78,0,Sentinel Hub Statistical API / Sentinel-5P,P1D,missing
cinkarna_celje_2019,Cinkarna Celje industrial case,industrial_case,SO2,µmol/m²,2019-12-12T00:00:00Z,2019-12-13T00:00:00Z,12,SI036,Posavska,,,,,78,78,0,Sentinel Hub Statistical API / Sentinel-5P,P1D,missing
cinkarna_celje_2019,Cinkarna Celje industrial case,industrial_case,SO2,µmol/m²,2019-12-13T00:00:00Z,2019-12-14T00:00:00Z,13,SI036,Posavska,,,,,78,78,0,Sentinel Hub Statistical API / Sentinel-5P,P1D,missing
cinkarna_celje_2019,Cinkarna Celje industrial case,industrial_case,SO2,µmol/m²,2019-12-14T00:00:00Z,2019-12-15T00:00:00Z,14,SI036,Posavska,,,,,78,78,0,Sentinel Hub Statistical API / Sentinel-5P,P1D,missing
cinkarna_celje_2019,Cinkarna Celje industrial case,industrial_case,SO2,µmol/m²,2019-12-15T00:00:00Z,2019-12-16T00:00:00Z,15,SI036,Posavska,,,,,78,78,0,Sentinel Hub Statistical API / Sentinel-5P,P1D,missing
cinkarna_celje_2019,Cinkarna Celje industrial case,industrial_case,SO2,µmol/m²,2019-12-16T00:00:00Z,2019-12-17T00:00:00Z,16,SI036,Posavska,72.9747225705068,-6835.447624325752,7278.127130120993,4833.203333611438,78,62,16,Sentinel Hub Statistical API / Sentinel-5P,P1D,partial
cinkarna_celje_2019,Cinkarna Celje industrial case,industrial_case,SO2,µmol/m²,2019-12-17T00:00:00Z,2019-12-18T00:00:00Z,17,SI036,Posavska,,,,,78,78,0,Sentinel Hub Statistical API / Sentinel-5P,P1D,missing
cinkarna_celje_2019,Cinkarna Celje industrial case,industrial_case,SO2,µmol/m²,2019-12-18T00:00:00Z,2019-12-19T00:00:00Z,18,SI036,Posavska,,,,,78,78,0,Sentinel Hub Statistical API / Sentinel-5P,P1D,missing
cinkarna_celje_2019,Cinkarna Celje industrial case,industrial_case,SO2,µmol/m²,2019-12-19T00:00:00Z,2019-12-20T00:00:00Z,19,SI036,Posavska,,,,,78,78,0,Sentinel Hub Statistical API / Sentinel-5P,P1D,missing
cinkarna_celje_2019,Cinkarna Celje industrial case,industrial_case,SO2,µmol/m²,2019-12-20T00:00:00Z,2019-12-21T00:00:00Z,20,SI036,Posavska,,,,,78,78,0,Sentinel Hub Statistical API / Sentinel-5P,P1D,missing
cinkarna_celje_2019,Cinkarna Celje industrial case,industrial_case,SO2,µmol/m²,2019-12-21T00:00:00Z,2019-12-22T00:00:00Z,21,SI036,Posavska,,,,,78,78,0,Sentinel Hub Statistical API / Sentinel-5P,P1D,missing
cinkarna_celje_2019,Cinkarna Celje industrial case,industrial_case,SO2,µmol/m²,2019-12-22T00:00:00Z,2019-12-23T00:00:00Z,22,SI036,Posavska,,,,,78,78,0,Sentinel Hub Statistical API / Sentinel-5P,P1D,missing
cinkarna_celje_2019,Cinkarna Celje industrial case,industrial_case,SO2,µmol/m²,2019-12-23T00:00:00Z,2019-12-24T00:00:00Z,23,SI036,Posavska,,,,,78,78,0,Sentinel Hub Statistical API / Sentinel-5P,P1D,missing
cinkarna_celje_2019,Cinkarna Celje industrial case,industrial_case,SO2,µmol/m²,2019-12-24T00:00:00Z,2019-12-25T00:00:00Z,24,SI036,Posavska,,,,,78,78,0,Sentinel Hub Statistical API / Sentinel-5P,P1D,missing
cinkarna_celje_2019,Cinkarna Celje industrial case,industrial_case,SO2,µmol/m²,2019-12-25T00:00:00Z,2019-12-26T00:00:00Z,25,SI036,Posavska,,,,,78,78,0,Sentinel Hub Statistical API / Sentinel-5P,P1D,missing
cinkarna_celje_2019,Cinkarna Celje industrial case,industrial_case,SO2,µmol/m²,2019-12-26T00:00:00Z,2019-12-27T00:00:00Z,26,SI036,Posavska,,,,,78,78,0,Sentinel Hub Statistical API / Sentinel-5P,P1D,missing
cinkarna_celje_2019,Cinkarna Celje industrial case,industrial_case,SO2,µmol/m²,2019-12-27T00:00:00Z,2019-12-28T00:00:00Z,27,SI036,Posavska,,,,,78,78,0,Sentinel Hub Statistical API / Sentinel-5P,P1D,missing
cinkarna_celje_2019,Cinkarna Celje industrial case,industrial_case,SO2,µmol/m²,2019-12-28T00:00:00Z,2019-12-29T00:00:00Z,28,SI036,Posavska,,,,,78,78,0,Sentinel Hub Statistical API / Sentinel-5P,P1D,missing
cinkarna_celje_2019,Cinkarna Celje industrial case,industrial_case,SO2,µmol/m²,2019-12-29T00:00:00Z,2019-12-30T00:00:00Z,29,SI036,Posavska,,,,,78,78,0,Sentinel Hub Statistical API / Sentinel-5P,P1D,missing
cinkarna_celje_2019,Cinkarna Celje industrial case,industrial_case,SO2,µmol/m²,2019-12-30T00:00:00Z,2019-12-31T00:00:00Z,30,SI036,Posavska,,,,,78,78,0,Sentinel Hub Statistical API / Sentinel-5P,P1D,missing
cinkarna_celje_2019,Cinkarna Celje industrial case,industrial_case,SO2,µmol/m²,2019-12-31T00:00:00Z,2020-01-01T00:00:00Z,31,SI036,Posavska,,,,,78,78,0,Sentinel Hub Statistical API / Sentinel-5P,P1D,missing
cinkarna_celje_2019,Cinkarna Celje industrial case,industrial_case,SO2,µmol/m²,2019-12-01T00:00:00Z,2019-12-02T00:00:00Z,1,SI037,Jugovzhodna Slovenija,,,,,204,204,0,Sentinel Hub Statistical API / Sentinel-5P,P1D,missing
cinkarna_celje_2019,Cinkarna Celje industrial case,industrial_case,SO2,µmol/m²,2019-12-02T00:00:00Z,2019-12-03T00:00:00Z,2,SI037,Jugovzhodna Slovenija,,,,,204,204,0,Sentinel Hub Statistical API / Sentinel-5P,P1D,missing
cinkarna_celje_2019,Cinkarna Celje industrial case,industrial_case,SO2,µmol/m²,2019-12-03T00:00:00Z,2019-12-04T00:00:00Z,3,SI037,Jugovzhodna Slovenija,,,,,204,204,0,Sentinel Hub Statistical API / Sentinel-5P,P1D,missing
cinkarna_celje_2019,Cinkarna Celje industrial case,industrial_case,SO2,µmol/m²,2019-12-04T00:00:00Z,2019-12-05T00:00:00Z,4,SI037,Jugovzhodna Slovenija,,,,,204,204,0,Sentinel Hub Statistical API / Sentinel-5P,P1D,missing
cinkarna_celje_2019,Cinkarna Celje industrial case,industrial_case,SO2,µmol/m²,2019-12-05T00:00:00Z,2019-12-06T00:00:00Z,5,SI037,Jugovzhodna Slovenija,,,,,204,204,0,Sentinel Hub Statistical API / Sentinel-5P,P1D,missing
cinkarna_celje_2019,Cinkarna Celje industrial case,industrial_case,SO2,µmol/m²,2019-12-06T00:00:00Z,2019-12-07T00:00:00Z,6,SI037,Jugovzhodna Slovenija,,,,,204,204,0,Sentinel Hub Statistical API / Sentinel-5P,P1D,missing
cinkarna_celje_2019,Cinkarna Celje industrial case,industrial_case,SO2,µmol/m²,2019-12-07T00:00:00Z,2019-12-08T00:00:00Z,7,SI037,Jugovzhodna Slovenija,,,,,204,204,0,Sentinel Hub Statistical API / Sentinel-5P,P1D,missing
cinkarna_celje_2019,Cinkarna Celje industrial case,industrial_case,SO2,µmol/m²,2019-12-08T00:00:00Z,2019-12-09T00:00:00Z,8,SI037,Jugovzhodna Slovenija,,,,,204,204,0,Sentinel Hub Statistical API / Sentinel-5P,P1D,missing
cinkarna_celje_2019,Cinkarna Celje industrial case,industrial_case,SO2,µmol/m²,2019-12-09T00:00:00Z,2019-12-10T00:00:00Z,9,SI037,Jugovzhodna Slovenija,,,,,204,204,0,Sentinel Hub Statistical API / Sentinel-5P,P1D,missing
cinkarna_celje_2019,Cinkarna Celje industrial case,industrial_case,SO2,µmol/m²,2019-12-10T00:00:00Z,2019-12-11T00:00:00Z,10,SI037,Jugovzhodna Slovenija,,,,,204,204,0,Sentinel Hub Statistical API / Sentinel-5P,P1D,missing
cinkarna_celje_2019,Cinkarna Celje industrial case,industrial_case,SO2,µmol/m²,2019-12-11T00:00:00Z,2019-12-12T00:00:00Z,11,SI037,Jugovzhodna Slovenija,,,,,204,204,0,Sentinel Hub Statistical API / Sentinel-5P,P1D,missing
cinkarna_celje_2019,Cinkarna Celje industrial case,industrial_case,SO2,µmol/m²,2019-12-12T00:00:00Z,2019-12-13T00:00:00Z,12,SI037,Jugovzhodna Slovenija,,,,,204,204,0,Sentinel Hub Statistical API / Sentinel-5P,P1D,missing
cinkarna_celje_2019,Cinkarna Celje industrial case,industrial_case,SO2,µmol/m²,2019-12-13T00:00:00Z,2019-12-14T00:00:00Z,13,SI037,Jugovzhodna Slovenija,,,,,204,204,0,Sentinel Hub Statistical API / Sentinel-5P,P1D,missing
cinkarna_celje_2019,Cinkarna Celje industrial case,industrial_case,SO2,µmol/m²,2019-12-14T00:00:00Z,2019-12-15T00:00:00Z,14,SI037,Jugovzhodna Slovenija,,,,,204,204,0,Sentinel Hub Statistical API / Sentinel-5P,P1D,missing
cinkarna_celje_2019,Cinkarna Celje industrial case,industrial_case,SO2,µmol/m²,2019-12-15T00:00:00Z,2019-12-16T00:00:00Z,15,SI037,Jugovzhodna Slovenija,,,,,204,204,0,Sentinel Hub Statistical API / Sentinel-5P,P1D,missing
cinkarna_celje_2019,Cinkarna Celje industrial case,industrial_case,SO2,µmol/m²,2019-12-16T00:00:00Z,2019-12-17T00:00:00Z,16,SI037,Jugovzhodna Slovenija,-545.3105712604156,-4030.9573523700237,6765.064317733049,3883.894505739472,204,199,5,Sentinel Hub Statistical API / Sentinel-5P,P1D,partial
cinkarna_celje_2019,Cinkarna Celje industrial case,industrial_case,SO2,µmol/m²,2019-12-17T00:00:00Z,2019-12-18T00:00:00Z,17,SI037,Jugovzhodna Slovenija,,,,,204,204,0,Sentinel Hub Statistical API / Sentinel-5P,P1D,missing
cinkarna_celje_2019,Cinkarna Celje industrial case,industrial_case,SO2,µmol/m²,2019-12-18T00:00:00Z,2019-12-19T00:00:00Z,18,SI037,Jugovzhodna Slovenija,,,,,204,204,0,Sentinel Hub Statistical API / Sentinel-5P,P1D,missing
cinkarna_celje_2019,Cinkarna Celje industrial case,industrial_case,SO2,µmol/m²,2019-12-19T00:00:00Z,2019-12-20T00:00:00Z,19,SI037,Jugovzhodna Slovenija,,,,,204,204,0,Sentinel Hub Statistical API / Sentinel-5P,P1D,missing
cinkarna_celje_2019,Cinkarna Celje industrial case,industrial_case,SO2,µmol/m²,2019-12-20T00:00:00Z,2019-12-21T00:00:00Z,20,SI037,Jugovzhodna Slovenija,,,,,204,204,0,Sentinel Hub Statistical API / Sentinel-5P,P1D,missing
cinkarna_celje_2019,Cinkarna Celje industrial case,industrial_case,SO2,µmol/m²,2019-12-21T00:00:00Z,2019-12-22T00:00:00Z,21,SI037,Jugovzhodna Slovenija,,,,,204,204,0,Sentinel Hub Statistical API / Sentinel-5P,P1D,missing
cinkarna_celje_2019,Cinkarna Celje industrial case,industrial_case,SO2,µmol/m²,2019-12-22T00:00:00Z,2019-12-23T00:00:00Z,22,SI037,Jugovzhodna Slovenija,,,,,204,204,0,Sentinel Hub Statistical API / Sentinel-5P,P1D,missing
cinkarna_celje_2019,Cinkarna Celje industrial case,industrial_case,SO2,µmol/m²,2019-12-23T00:00:00Z,2019-12-24T00:00:00Z,23,SI037,Jugovzhodna Slovenija,,,,,204,204,0,Sentinel Hub Statistical API / Sentinel-5P,P1D,missing
cinkarna_celje_2019,Cinkarna Celje industrial case,industrial_case,SO2,µmol/m²,2019-12-24T00:00:00Z,2019-12-25T00:00:00Z,24,SI037,Jugovzhodna Slovenija,,,,,204,204,0,Sentinel Hub Statistical API / Sentinel-5P,P1D,missing
cinkarna_celje_2019,Cinkarna Celje industrial case,industrial_case,SO2,µmol/m²,2019-12-25T00:00:00Z,2019-12-26T00:00:00Z,25,SI037,Jugovzhodna Slovenija,,,,,204,204,0,Sentinel Hub Statistical API / Sentinel-5P,P1D,missing
cinkarna_celje_2019,Cinkarna Celje industrial case,industrial_case,SO2,µmol/m²,2019-12-26T00:00:00Z,2019-12-27T00:00:00Z,26,SI037,Jugovzhodna Slovenija,,,,,204,204,0,Sentinel Hub Statistical API / Sentinel-5P,P1D,missing
cinkarna_celje_2019,Cinkarna Celje industrial case,industrial_case,SO2,µmol/m²,2019-12-27T00:00:00Z,2019-12-28T00:00:00Z,27,SI037,Jugovzhodna Slovenija,,,,,204,204,0,Sentinel Hub Statistical API / Sentinel-5P,P1D,missing
cinkarna_celje_2019,Cinkarna Celje industrial case,industrial_case,SO2,µmol/m²,2019-12-28T00:00:00Z,2019-12-29T00:00:00Z,28,SI037,Jugovzhodna Slovenija,,,,,204,204,0,Sentinel Hub Statistical API / Sentinel-5P,P1D,missing
cinkarna_celje_2019,Cinkarna Celje industrial case,industrial_case,SO2,µmol/m²,2019-12-29T00:00:00Z,2019-12-30T00:00:00Z,29,SI037,Jugovzhodna Slovenija,,,,,204,204,0,Sentinel Hub Statistical API / Sentinel-5P,P1D,missing
cinkarna_celje_2019,Cinkarna Celje industrial case,industrial_case,SO2,µmol/m²,2019-12-30T00:00:00Z,2019-12-31T00:00:00Z,30,SI037,Jugovzhodna Slovenija,,,,,204,204,0,Sentinel Hub Statistical API / Sentinel-5P,P1D,missing
cinkarna_celje_2019,Cinkarna Celje industrial case,industrial_case,SO2,µmol/m²,2019-12-31T00:00:00Z,2020-01-01T00:00:00Z,31,SI037,Jugovzhodna Slovenija,,,,,204,204,0,Sentinel Hub Statistical API / Sentinel-5P,P1D,missing
cinkarna_celje_2019,Cinkarna Celje industrial case,industrial_case,SO2,µmol/m²,2019-12-01T00:00:00Z,2019-12-02T00:00:00Z,1,SI038,Primorsko-notranjska,,,,,88,88,0,Sentinel Hub Statistical API / Sentinel-5P,P1D,missing
cinkarna_celje_2019,Cinkarna Celje industrial case,industrial_case,SO2,µmol/m²,2019-12-02T00:00:00Z,2019-12-03T00:00:00Z,2,SI038,Primorsko-notranjska,,,,,88,88,0,Sentinel Hub Statistical API / Sentinel-5P,P1D,missing
cinkarna_celje_2019,Cinkarna Celje industrial case,industrial_case,SO2,µmol/m²,2019-12-03T00:00:00Z,2019-12-04T00:00:00Z,3,SI038,Primorsko-notranjska,,,,,88,88,0,Sentinel Hub Statistical API / Sentinel-5P,P1D,missing
cinkarna_celje_2019,Cinkarna Celje industrial case,industrial_case,SO2,µmol/m²,2019-12-04T00:00:00Z,2019-12-05T00:00:00Z,4,SI038,Primorsko-notranjska,,,,,88,88,0,Sentinel Hub Statistical API / Sentinel-5P,P1D,missing
cinkarna_celje_2019,Cinkarna Celje industrial case,industrial_case,SO2,µmol/m²,2019-12-05T00:00:00Z,2019-12-06T00:00:00Z,5,SI038,Primorsko-notranjska,,,,,88,88,0,Sentinel Hub Statistical API / Sentinel-5P,P1D,missing
cinkarna_celje_2019,Cinkarna Celje industrial case,industrial_case,SO2,µmol/m²,2019-12-06T00:00:00Z,2019-12-07T00:00:00Z,6,SI038,Primorsko-notranjska,,,,,88,88,0,Sentinel Hub Statistical API / Sentinel-5P,P1D,missing
cinkarna_celje_2019,Cinkarna Celje industrial case,industrial_case,SO2,µmol/m²,2019-12-07T00:00:00Z,2019-12-08T00:00:00Z,7,SI038,Primorsko-notranjska,,,,,88,88,0,Sentinel Hub Statistical API / Sentinel-5P,P1D,missing
cinkarna_celje_2019,Cinkarna Celje industrial case,industrial_case,SO2,µmol/m²,2019-12-08T00:00:00Z,2019-12-09T00:00:00Z,8,SI038,Primorsko-notranjska,,,,,88,88,0,Sentinel Hub Statistical API / Sentinel-5P,P1D,missing
cinkarna_celje_2019,Cinkarna Celje industrial case,industrial_case,SO2,µmol/m²,2019-12-09T00:00:00Z,2019-12-10T00:00:00Z,9,SI038,Primorsko-notranjska,,,,,88,88,0,Sentinel Hub Statistical API / Sentinel-5P,P1D,missing
cinkarna_celje_2019,Cinkarna Celje industrial case,industrial_case,SO2,µmol/m²,2019-12-10T00:00:00Z,2019-12-11T00:00:00Z,10,SI038,Primorsko-notranjska,,,,,88,88,0,Sentinel Hub Statistical API / Sentinel-5P,P1D,missing
cinkarna_celje_2019,Cinkarna Celje industrial case,industrial_case,SO2,µmol/m²,2019-12-11T00:00:00Z,2019-12-12T00:00:00Z,11,SI038,Primorsko-notranjska,,,,,88,88,0,Sentinel Hub Statistical API / Sentinel-5P,P1D,missing
cinkarna_celje_2019,Cinkarna Celje industrial case,industrial_case,SO2,µmol/m²,2019-12-12T00:00:00Z,2019-12-13T00:00:00Z,12,SI038,Primorsko-notranjska,,,,,88,88,0,Sentinel Hub Statistical API / Sentinel-5P,P1D,missing
cinkarna_celje_2019,Cinkarna Celje industrial case,industrial_case,SO2,µmol/m²,2019-12-13T00:00:00Z,2019-12-14T00:00:00Z,13,SI038,Primorsko-notranjska,,,,,88,88,0,Sentinel Hub Statistical API / Sentinel-5P,P1D,missing
cinkarna_celje_2019,Cinkarna Celje industrial case,industrial_case,SO2,µmol/m²,2019-12-14T00:00:00Z,2019-12-15T00:00:00Z,14,SI038,Primorsko-notranjska,,,,,88,88,0,Sentinel Hub Statistical API / Sentinel-5P,P1D,missing
cinkarna_celje_2019,Cinkarna Celje industrial case,industrial_case,SO2,µmol/m²,2019-12-15T00:00:00Z,2019-12-16T00:00:00Z,15,SI038,Primorsko-notranjska,,,,,88,88,0,Sentinel Hub Statistical API / Sentinel-5P,P1D,missing
cinkarna_celje_2019,Cinkarna Celje industrial case,industrial_case,SO2,µmol/m²,2019-12-16T00:00:00Z,2019-12-17T00:00:00Z,16,SI038,Primorsko-notranjska,,,,,88,88,0,Sentinel Hub Statistical API / Sentinel-5P,P1D,missing
cinkarna_celje_2019,Cinkarna Celje industrial case,industrial_case,SO2,µmol/m²,2019-12-17T00:00:00Z,2019-12-18T00:00:00Z,17,SI038,Primorsko-notranjska,,,,,88,88,0,Sentinel Hub Statistical API / Sentinel-5P,P1D,missing
cinkarna_celje_2019,Cinkarna Celje industrial case,industrial_case,SO2,µmol/m²,2019-12-18T00:00:00Z,2019-12-19T00:00:00Z,18,SI038,Primorsko-notranjska,,,,,88,88,0,Sentinel Hub Statistical API / Sentinel-5P,P1D,missing
cinkarna_celje_2019,Cinkarna Celje industrial case,industrial_case,SO2,µmol/m²,2019-12-19T00:00:00Z,2019-12-20T00:00:00Z,19,SI038,Primorsko-notranjska,,,,,88,88,0,Sentinel Hub Statistical API / Sentinel-5P,P1D,missing
cinkarna_celje_2019,Cinkarna Celje industrial case,industrial_case,SO2,µmol/m²,2019-12-20T00:00:00Z,2019-12-21T00:00:00Z,20,SI038,Primorsko-notranjska,,,,,88,88,0,Sentinel Hub Statistical API / Sentinel-5P,P1D,missing
cinkarna_celje_2019,Cinkarna Celje industrial case,industrial_case,SO2,µmol/m²,2019-12-21T00:00:00Z,2019-12-22T00:00:00Z,21,SI038,Primorsko-notranjska,,,,,88,88,0,Sentinel Hub Statistical API / Sentinel-5P,P1D,missing
cinkarna_celje_2019,Cinkarna Celje industrial case,industrial_case,SO2,µmol/m²,2019-12-22T00:00:00Z,2019-12-23T00:00:00Z,22,SI038,Primorsko-notranjska,,,,,88,88,0,Sentinel Hub Statistical API / Sentinel-5P,P1D,missing
cinkarna_celje_2019,Cinkarna Celje industrial case,industrial_case,SO2,µmol/m²,2019-12-23T00:00:00Z,2019-12-24T00:00:00Z,23,SI038,Primorsko-notranjska,,,,,88,88,0,Sentinel Hub Statistical API / Sentinel-5P,P1D,missing
cinkarna_celje_2019,Cinkarna Celje industrial case,industrial_case,SO2,µmol/m²,2019-12-24T00:00:00Z,2019-12-25T00:00:00Z,24,SI038,Primorsko-notranjska,,,,,88,88,0,Sentinel Hub Statistical API / Sentinel-5P,P1D,missing
cinkarna_celje_2019,Cinkarna Celje industrial case,industrial_case,SO2,µmol/m²,2019-12-25T00:00:00Z,2019-12-26T00:00:00Z,25,SI038,Primorsko-notranjska,,,,,88,88,0,Sentinel Hub Statistical API / Sentinel-5P,P1D,missing
cinkarna_celje_2019,Cinkarna Celje industrial case,industrial_case,SO2,µmol/m²,2019-12-26T00:00:00Z,2019-12-27T00:00:00Z,26,SI038,Primorsko-notranjska,,,,,88,88,0,Sentinel Hub Statistical API / Sentinel-5P,P1D,missing
cinkarna_celje_2019,Cinkarna Celje industrial case,industrial_case,SO2,µmol/m²,2019-12-27T00:00:00Z,2019-12-28T00:00:00Z,27,SI038,Primorsko-notranjska,,,,,88,88,0,Sentinel Hub Statistical API / Sentinel-5P,P1D,missing
cinkarna_celje_2019,Cinkarna Celje industrial case,industrial_case,SO2,µmol/m²,2019-12-28T00:00:00Z,2019-12-29T00:00:00Z,28,SI038,Primorsko-notranjska,,,,,88,88,0,Sentinel Hub Statistical API / Sentinel-5P,P1D,missing
cinkarna_celje_2019,Cinkarna Celje industrial case,industrial_case,SO2,µmol/m²,2019-12-29T00:00:00Z,2019-12-30T00:00:00Z,29,SI038,Primorsko-notranjska,,,,,88,88,0,Sentinel Hub Statistical API / Sentinel-5P,P1D,missing
cinkarna_celje_2019,Cinkarna Celje industrial case,industrial_case,SO2,µmol/m²,2019-12-30T00:00:00Z,2019-12-31T00:00:00Z,30,SI038,Primorsko-notranjska,,,,,88,88,0,Sentinel Hub Statistical API / Sentinel-5P,P1D,missing
cinkarna_celje_2019,Cinkarna Celje industrial case,industrial_case,SO2,µmol/m²,2019-12-31T00:00:00Z,2020-01-01T00:00:00Z,31,SI038,Primorsko-notranjska,,,,,88,88,0,Sentinel Hub Statistical API / Sentinel-5P,P1D,missing
cinkarna_celje_2019,Cinkarna Celje industrial case,industrial_case,SO2,µmol/m²,2019-12-01T00:00:00Z,2019-12-02T00:00:00Z,1,SI041,Osrednjeslovenska,,,,,221,221,0,Sentinel Hub Statistical API / Sentinel-5P,P1D,missing
cinkarna_celje_2019,Cinkarna Celje industrial case,industrial_case,SO2,µmol/m²,2019-12-02T00:00:00Z,2019-12-03T00:00:00Z,2,SI041,Osrednjeslovenska,,,,,221,221,0,Sentinel Hub Statistical API / Sentinel-5P,P1D,missing
cinkarna_celje_2019,Cinkarna Celje industrial case,industrial_case,SO2,µmol/m²,2019-12-03T00:00:00Z,2019-12-04T00:00:00Z,3,SI041,Osrednjeslovenska,,,,,221,221,0,Sentinel Hub Statistical API / Sentinel-5P,P1D,missing
cinkarna_celje_2019,Cinkarna Celje industrial case,industrial_case,SO2,µmol/m²,2019-12-04T00:00:00Z,2019-12-05T00:00:00Z,4,SI041,Osrednjeslovenska,,,,,221,221,0,Sentinel Hub Statistical API / Sentinel-5P,P1D,missing
cinkarna_celje_2019,Cinkarna Celje industrial case,industrial_case,SO2,µmol/m²,2019-12-05T00:00:00Z,2019-12-06T00:00:00Z,5,SI041,Osrednjeslovenska,,,,,221,221,0,Sentinel Hub Statistical API / Sentinel-5P,P1D,missing
cinkarna_celje_2019,Cinkarna Celje industrial case,industrial_case,SO2,µmol/m²,2019-12-06T00:00:00Z,2019-12-07T00:00:00Z,6,SI041,Osrednjeslovenska,,,,,221,221,0,Sentinel Hub Statistical API / Sentinel-5P,P1D,missing
cinkarna_celje_2019,Cinkarna Celje industrial case,industrial_case,SO2,µmol/m²,2019-12-07T00:00:00Z,2019-12-08T00:00:00Z,7,SI041,Osrednjeslovenska,,,,,221,221,0,Sentinel Hub Statistical API / Sentinel-5P,P1D,missing
cinkarna_celje_2019,Cinkarna Celje industrial case,industrial_case,SO2,µmol/m²,2019-12-08T00:00:00Z,2019-12-09T00:00:00Z,8,SI041,Osrednjeslovenska,,,,,221,221,0,Sentinel Hub Statistical API / Sentinel-5P,P1D,missing
cinkarna_celje_2019,Cinkarna Celje industrial case,industrial_case,SO2,µmol/m²,2019-12-09T00:00:00Z,2019-12-10T00:00:00Z,9,SI041,Osrednjeslovenska,,,,,221,221,0,Sentinel Hub Statistical API / Sentinel-5P,P1D,missing
cinkarna_celje_2019,Cinkarna Celje industrial case,industrial_case,SO2,µmol/m²,2019-12-10T00:00:00Z,2019-12-11T00:00:00Z,10,SI041,Osrednjeslovenska,,,,,221,221,0,Sentinel Hub Statistical API / Sentinel-5P,P1D,missing
cinkarna_celje_2019,Cinkarna Celje industrial case,industrial_case,SO2,µmol/m²,2019-12-11T00:00:00Z,2019-12-12T00:00:00Z,11,SI041,Osrednjeslovenska,,,,,221,221,0,Sentinel Hub Statistical API / Sentinel-5P,P1D,missing
cinkarna_celje_2019,Cinkarna Celje industrial case,industrial_case,SO2,µmol/m²,2019-12-12T00:00:00Z,2019-12-13T00:00:00Z,12,SI041,Osrednjeslovenska,,,,,221,221,0,Sentinel Hub Statistical API / Sentinel-5P,P1D,missing
cinkarna_celje_2019,Cinkarna Celje industrial case,industrial_case,SO2,µmol/m²,2019-12-13T00:00:00Z,2019-12-14T00:00:00Z,13,SI041,Osrednjeslovenska,,,,,221,221,0,Sentinel Hub Statistical API / Sentinel-5P,P1D,missing
cinkarna_celje_2019,Cinkarna Celje industrial case,industrial_case,SO2,µmol/m²,2019-12-14T00:00:00Z,2019-12-15T00:00:00Z,14,SI041,Osrednjeslovenska,,,,,221,221,0,Sentinel Hub Statistical API / Sentinel-5P,P1D,missing
cinkarna_celje_2019,Cinkarna Celje industrial case,industrial_case,SO2,µmol/m²,2019-12-15T00:00:00Z,2019-12-16T00:00:00Z,15,SI041,Osrednjeslovenska,,,,,221,221,0,Sentinel Hub Statistical API / Sentinel-5P,P1D,missing
cinkarna_celje_2019,Cinkarna Celje industrial case,industrial_case,SO2,µmol/m²,2019-12-16T00:00:00Z,2019-12-17T00:00:00Z,16,SI041,Osrednjeslovenska,3381.238860470148,-2.586596792752971,6765.064317733049,3383.825457262901,221,219,2,Sentinel Hub Statistical API / Sentinel-5P,P1D,partial
cinkarna_celje_2019,Cinkarna Celje industrial case,industrial_case,SO2,µmol/m²,2019-12-17T00:00:00Z,2019-12-18T00:00:00Z,17,SI041,Osrednjeslovenska,,,,,221,221,0,Sentinel Hub Statistical API / Sentinel-5P,P1D,missing
cinkarna_celje_2019,Cinkarna Celje industrial case,industrial_case,SO2,µmol/m²,2019-12-18T00:00:00Z,2019-12-19T00:00:00Z,18,SI041,Osrednjeslovenska,,,,,221,221,0,Sentinel Hub Statistical API / Sentinel-5P,P1D,missing
cinkarna_celje_2019,Cinkarna Celje industrial case,industrial_case,SO2,µmol/m²,2019-12-19T00:00:00Z,2019-12-20T00:00:00Z,19,SI041,Osrednjeslovenska,,,,,221,221,0,Sentinel Hub Statistical API / Sentinel-5P,P1D,missing
cinkarna_celje_2019,Cinkarna Celje industrial case,industrial_case,SO2,µmol/m²,2019-12-20T00:00:00Z,2019-12-21T00:00:00Z,20,SI041,Osrednjeslovenska,,,,,221,221,0,Sentinel Hub Statistical API / Sentinel-5P,P1D,missing
cinkarna_celje_2019,Cinkarna Celje industrial case,industrial_case,SO2,µmol/m²,2019-12-21T00:00:00Z,2019-12-22T00:00:00Z,21,SI041,Osrednjeslovenska,,,,,221,221,0,Sentinel Hub Statistical API / Sentinel-5P,P1D,missing
cinkarna_celje_2019,Cinkarna Celje industrial case,industrial_case,SO2,µmol/m²,2019-12-22T00:00:00Z,2019-12-23T00:00:00Z,22,SI041,Osrednjeslovenska,,,,,221,221,0,Sentinel Hub Statistical API / Sentinel-5P,P1D,missing
cinkarna_celje_2019,Cinkarna Celje industrial case,industrial_case,SO2,µmol/m²,2019-12-23T00:00:00Z,2019-12-24T00:00:00Z,23,SI041,Osrednjeslovenska,,,,,221,221,0,Sentinel Hub Statistical API / Sentinel-5P,P1D,missing
cinkarna_celje_2019,Cinkarna Celje industrial case,industrial_case,SO2,µmol/m²,2019-12-24T00:00:00Z,2019-12-25T00:00:00Z,24,SI041,Osrednjeslovenska,,,,,221,221,0,Sentinel Hub Statistical API / Sentinel-5P,P1D,missing
cinkarna_celje_2019,Cinkarna Celje industrial case,industrial_case,SO2,µmol/m²,2019-12-25T00:00:00Z,2019-12-26T00:00:00Z,25,SI041,Osrednjeslovenska,,,,,221,221,0,Sentinel Hub Statistical API / Sentinel-5P,P1D,missing
cinkarna_celje_2019,Cinkarna Celje industrial case,industrial_case,SO2,µmol/m²,2019-12-26T00:00:00Z,2019-12-27T00:00:00Z,26,SI041,Osrednjeslovenska,,,,,221,221,0,Sentinel Hub Statistical API / Sentinel-5P,P1D,missing
cinkarna_celje_2019,Cinkarna Celje industrial case,industrial_case,SO2,µmol/m²,2019-12-27T00:00:00Z,2019-12-28T00:00:00Z,27,SI041,Osrednjeslovenska,,,,,221,221,0,Sentinel Hub Statistical API / Sentinel-5P,P1D,missing
cinkarna_celje_2019,Cinkarna Celje industrial case,industrial_case,SO2,µmol/m²,2019-12-28T00:00:00Z,2019-12-29T00:00:00Z,28,SI041,Osrednjeslovenska,,,,,221,221,0,Sentinel Hub Statistical API / Sentinel-5P,P1D,missing
cinkarna_celje_2019,Cinkarna Celje industrial case,industrial_case,SO2,µmol/m²,2019-12-29T00:00:00Z,2019-12-30T00:00:00Z,29,SI041,Osrednjeslovenska,,,,,221,221,0,Sentinel Hub Statistical API / Sentinel-5P,P1D,missing
cinkarna_celje_2019,Cinkarna Celje industrial case,industrial_case,SO2,µmol/m²,2019-12-30T00:00:00Z,2019-12-31T00:00:00Z,30,SI041,Osrednjeslovenska,,,,,221,221,0,Sentinel Hub Statistical API / Sentinel-5P,P1D,missing
cinkarna_celje_2019,Cinkarna Celje industrial case,industrial_case,SO2,µmol/m²,2019-12-31T00:00:00Z,2020-01-01T00:00:00Z,31,SI041,Osrednjeslovenska,,,,,221,221,0,Sentinel Hub Statistical API / Sentinel-5P,P1D,missing
cinkarna_celje_2019,Cinkarna Celje industrial case,industrial_case,SO2,µmol/m²,2019-12-01T00:00:00Z,2019-12-02T00:00:00Z,1,SI042,Gorenjska,,,,,180,180,0,Sentinel Hub Statistical API / Sentinel-5P,P1D,missing
cinkarna_celje_2019,Cinkarna Celje industrial case,industrial_case,SO2,µmol/m²,2019-12-02T00:00:00Z,2019-12-03T00:00:00Z,2,SI042,Gorenjska,,,,,180,180,0,Sentinel Hub Statistical API / Sentinel-5P,P1D,missing
cinkarna_celje_2019,Cinkarna Celje industrial case,industrial_case,SO2,µmol/m²,2019-12-03T00:00:00Z,2019-12-04T00:00:00Z,3,SI042,Gorenjska,,,,,180,180,0,Sentinel Hub Statistical API / Sentinel-5P,P1D,missing
cinkarna_celje_2019,Cinkarna Celje industrial case,industrial_case,SO2,µmol/m²,2019-12-04T00:00:00Z,2019-12-05T00:00:00Z,4,SI042,Gorenjska,,,,,180,180,0,Sentinel Hub Statistical API / Sentinel-5P,P1D,missing
cinkarna_celje_2019,Cinkarna Celje industrial case,industrial_case,SO2,µmol/m²,2019-12-05T00:00:00Z,2019-12-06T00:00:00Z,5,SI042,Gorenjska,,,,,180,180,0,Sentinel Hub Statistical API / Sentinel-5P,P1D,missing
cinkarna_celje_2019,Cinkarna Celje industrial case,industrial_case,SO2,µmol/m²,2019-12-06T00:00:00Z,2019-12-07T00:00:00Z,6,SI042,Gorenjska,,,,,180,180,0,Sentinel Hub Statistical API / Sentinel-5P,P1D,missing
cinkarna_celje_2019,Cinkarna Celje industrial case,industrial_case,SO2,µmol/m²,2019-12-07T00:00:00Z,2019-12-08T00:00:00Z,7,SI042,Gorenjska,,,,,180,180,0,Sentinel Hub Statistical API / Sentinel-5P,P1D,missing
cinkarna_celje_2019,Cinkarna Celje industrial case,industrial_case,SO2,µmol/m²,2019-12-08T00:00:00Z,2019-12-09T00:00:00Z,8,SI042,Gorenjska,,,,,180,180,0,Sentinel Hub Statistical API / Sentinel-5P,P1D,missing
cinkarna_celje_2019,Cinkarna Celje industrial case,industrial_case,SO2,µmol/m²,2019-12-09T00:00:00Z,2019-12-10T00:00:00Z,9,SI042,Gorenjska,,,,,180,180,0,Sentinel Hub Statistical API / Sentinel-5P,P1D,missing
cinkarna_celje_2019,Cinkarna Celje industrial case,industrial_case,SO2,µmol/m²,2019-12-10T00:00:00Z,2019-12-11T00:00:00Z,10,SI042,Gorenjska,,,,,180,180,0,Sentinel Hub Statistical API / Sentinel-5P,P1D,missing
cinkarna_celje_2019,Cinkarna Celje industrial case,industrial_case,SO2,µmol/m²,2019-12-11T00:00:00Z,2019-12-12T00:00:00Z,11,SI042,Gorenjska,,,,,180,180,0,Sentinel Hub Statistical API / Sentinel-5P,P1D,missing
cinkarna_celje_2019,Cinkarna Celje industrial case,industrial_case,SO2,µmol/m²,2019-12-12T00:00:00Z,2019-12-13T00:00:00Z,12,SI042,Gorenjska,,,,,180,180,0,Sentinel Hub Statistical API / Sentinel-5P,P1D,missing
cinkarna_celje_2019,Cinkarna Celje industrial case,industrial_case,SO2,µmol/m²,2019-12-13T00:00:00Z,2019-12-14T00:00:00Z,13,SI042,Gorenjska,,,,,180,180,0,Sentinel Hub Statistical API / Sentinel-5P,P1D,missing
cinkarna_celje_2019,Cinkarna Celje industrial case,industrial_case,SO2,µmol/m²,2019-12-14T00:00:00Z,2019-12-15T00:00:00Z,14,SI042,Gorenjska,,,,,180,180,0,Sentinel Hub Statistical API / Sentinel-5P,P1D,missing
cinkarna_celje_2019,Cinkarna Celje industrial case,industrial_case,SO2,µmol/m²,2019-12-15T00:00:00Z,2019-12-16T00:00:00Z,15,SI042,Gorenjska,,,,,180,180,0,Sentinel Hub Statistical API / Sentinel-5P,P1D,missing
cinkarna_celje_2019,Cinkarna Celje industrial case,industrial_case,SO2,µmol/m²,2019-12-16T00:00:00Z,2019-12-17T00:00:00Z,16,SI042,Gorenjska,305.54524190457823,-5079.292226582766,13633.886352181435,5310.8028849358125,180,159,21,Sentinel Hub Statistical API / Sentinel-5P,P1D,partial
cinkarna_celje_2019,Cinkarna Celje industrial case,industrial_case,SO2,µmol/m²,2019-12-17T00:00:00Z,2019-12-18T00:00:00Z,17,SI042,Gorenjska,,,,,180,180,0,Sentinel Hub Statistical API / Sentinel-5P,P1D,missing
cinkarna_celje_2019,Cinkarna Celje industrial case,industrial_case,SO2,µmol/m²,2019-12-18T00:00:00Z,2019-12-19T00:00:00Z,18,SI042,Gorenjska,,,,,180,180,0,Sentinel Hub Statistical API / Sentinel-5P,P1D,missing
cinkarna_celje_2019,Cinkarna Celje industrial case,industrial_case,SO2,µmol/m²,2019-12-19T00:00:00Z,2019-12-20T00:00:00Z,19,SI042,Gorenjska,,,,,180,180,0,Sentinel Hub Statistical API / Sentinel-5P,P1D,missing
cinkarna_celje_2019,Cinkarna Celje industrial case,industrial_case,SO2,µmol/m²,2019-12-20T00:00:00Z,2019-12-21T00:00:00Z,20,SI042,Gorenjska,,,,,180,180,0,Sentinel Hub Statistical API / Sentinel-5P,P1D,missing
cinkarna_celje_2019,Cinkarna Celje industrial case,industrial_case,SO2,µmol/m²,2019-12-21T00:00:00Z,2019-12-22T00:00:00Z,21,SI042,Gorenjska,,,,,180,180,0,Sentinel Hub Statistical API / Sentinel-5P,P1D,missing
cinkarna_celje_2019,Cinkarna Celje industrial case,industrial_case,SO2,µmol/m²,2019-12-22T00:00:00Z,2019-12-23T00:00:00Z,22,SI042,Gorenjska,,,,,180,180,0,Sentinel Hub Statistical API / Sentinel-5P,P1D,missing
cinkarna_celje_2019,Cinkarna Celje industrial case,industrial_case,SO2,µmol/m²,2019-12-23T00:00:00Z,2019-12-24T00:00:00Z,23,SI042,Gorenjska,,,,,180,180,0,Sentinel Hub Statistical API / Sentinel-5P,P1D,missing
cinkarna_celje_2019,Cinkarna Celje industrial case,industrial_case,SO2,µmol/m²,2019-12-24T00:00:00Z,2019-12-25T00:00:00Z,24,SI042,Gorenjska,,,,,180,180,0,Sentinel Hub Statistical API / Sentinel-5P,P1D,missing
cinkarna_celje_2019,Cinkarna Celje industrial case,industrial_case,SO2,µmol/m²,2019-12-25T00:00:00Z,2019-12-26T00:00:00Z,25,SI042,Gorenjska,,,,,180,180,0,Sentinel Hub Statistical API / Sentinel-5P,P1D,missing
cinkarna_celje_2019,Cinkarna Celje industrial case,industrial_case,SO2,µmol/m²,2019-12-26T00:00:00Z,2019-12-27T00:00:00Z,26,SI042,Gorenjska,,,,,180,180,0,Sentinel Hub Statistical API / Sentinel-5P,P1D,missing
cinkarna_celje_2019,Cinkarna Celje industrial case,industrial_case,SO2,µmol/m²,2019-12-27T00:00:00Z,2019-12-28T00:00:00Z,27,SI042,Gorenjska,,,,,180,180,0,Sentinel Hub Statistical API / Sentinel-5P,P1D,missing
cinkarna_celje_2019,Cinkarna Celje industrial case,industrial_case,SO2,µmol/m²,2019-12-28T00:00:00Z,2019-12-29T00:00:00Z,28,SI042,Gorenjska,,,,,180,180,0,Sentinel Hub Statistical API / Sentinel-5P,P1D,missing
cinkarna_celje_2019,Cinkarna Celje industrial case,industrial_case,SO2,µmol/m²,2019-12-29T00:00:00Z,2019-12-30T00:00:00Z,29,SI042,Gorenjska,,,,,180,180,0,Sentinel Hub Statistical API / Sentinel-5P,P1D,missing
cinkarna_celje_2019,Cinkarna Celje industrial case,industrial_case,SO2,µmol/m²,2019-12-30T00:00:00Z,2019-12-31T00:00:00Z,30,SI042,Gorenjska,,,,,180,180,0,Sentinel Hub Statistical API / Sentinel-5P,P1D,missing
cinkarna_celje_2019,Cinkarna Celje industrial case,industrial_case,SO2,µmol/m²,2019-12-31T00:00:00Z,2020-01-01T00:00:00Z,31,SI042,Gorenjska,,,,,180,180,0,Sentinel Hub Statistical API / Sentinel-5P,P1D,missing
cinkarna_celje_2019,Cinkarna Celje industrial case,industrial_case,SO2,µmol/m²,2019-12-01T00:00:00Z,2019-12-02T00:00:00Z,1,SI043,Goriška,,,,,210,210,0,Sentinel Hub Statistical API / Sentinel-5P,P1D,missing
cinkarna_celje_2019,Cinkarna Celje industrial case,industrial_case,SO2,µmol/m²,2019-12-02T00:00:00Z,2019-12-03T00:00:00Z,2,SI043,Goriška,,,,,210,210,0,Sentinel Hub Statistical API / Sentinel-5P,P1D,missing
cinkarna_celje_2019,Cinkarna Celje industrial case,industrial_case,SO2,µmol/m²,2019-12-03T00:00:00Z,2019-12-04T00:00:00Z,3,SI043,Goriška,,,,,210,210,0,Sentinel Hub Statistical API / Sentinel-5P,P1D,missing
cinkarna_celje_2019,Cinkarna Celje industrial case,industrial_case,SO2,µmol/m²,2019-12-04T00:00:00Z,2019-12-05T00:00:00Z,4,SI043,Goriška,,,,,210,210,0,Sentinel Hub Statistical API / Sentinel-5P,P1D,missing
cinkarna_celje_2019,Cinkarna Celje industrial case,industrial_case,SO2,µmol/m²,2019-12-05T00:00:00Z,2019-12-06T00:00:00Z,5,SI043,Goriška,,,,,210,210,0,Sentinel Hub Statistical API / Sentinel-5P,P1D,missing
cinkarna_celje_2019,Cinkarna Celje industrial case,industrial_case,SO2,µmol/m²,2019-12-06T00:00:00Z,2019-12-07T00:00:00Z,6,SI043,Goriška,,,,,210,210,0,Sentinel Hub Statistical API / Sentinel-5P,P1D,missing
cinkarna_celje_2019,Cinkarna Celje industrial case,industrial_case,SO2,µmol/m²,2019-12-07T00:00:00Z,2019-12-08T00:00:00Z,7,SI043,Goriška,,,,,210,210,0,Sentinel Hub Statistical API / Sentinel-5P,P1D,missing
cinkarna_celje_2019,Cinkarna Celje industrial case,industrial_case,SO2,µmol/m²,2019-12-08T00:00:00Z,2019-12-09T00:00:00Z,8,SI043,Goriška,,,,,210,210,0,Sentinel Hub Statistical API / Sentinel-5P,P1D,missing
cinkarna_celje_2019,Cinkarna Celje industrial case,industrial_case,SO2,µmol/m²,2019-12-09T00:00:00Z,2019-12-10T00:00:00Z,9,SI043,Goriška,,,,,210,210,0,Sentinel Hub Statistical API / Sentinel-5P,P1D,missing
cinkarna_celje_2019,Cinkarna Celje industrial case,industrial_case,SO2,µmol/m²,2019-12-10T00:00:00Z,2019-12-11T00:00:00Z,10,SI043,Goriška,,,,,210,210,0,Sentinel Hub Statistical API / Sentinel-5P,P1D,missing
cinkarna_celje_2019,Cinkarna Celje industrial case,industrial_case,SO2,µmol/m²,2019-12-11T00:00:00Z,2019-12-12T00:00:00Z,11,SI043,Goriška,,,,,210,210,0,Sentinel Hub Statistical API / Sentinel-5P,P1D,missing
cinkarna_celje_2019,Cinkarna Celje industrial case,industrial_case,SO2,µmol/m²,2019-12-12T00:00:00Z,2019-12-13T00:00:00Z,12,SI043,Goriška,,,,,210,210,0,Sentinel Hub Statistical API / Sentinel-5P,P1D,missing
cinkarna_celje_2019,Cinkarna Celje industrial case,industrial_case,SO2,µmol/m²,2019-12-13T00:00:00Z,2019-12-14T00:00:00Z,13,SI043,Goriška,,,,,210,210,0,Sentinel Hub Statistical API / Sentinel-5P,P1D,missing
cinkarna_celje_2019,Cinkarna Celje industrial case,industrial_case,SO2,µmol/m²,2019-12-14T00:00:00Z,2019-12-15T00:00:00Z,14,SI043,Goriška,,,,,210,210,0,Sentinel Hub Statistical API / Sentinel-5P,P1D,missing
cinkarna_celje_2019,Cinkarna Celje industrial case,industrial_case,SO2,µmol/m²,2019-12-15T00:00:00Z,2019-12-16T00:00:00Z,15,SI043,Goriška,,,,,210,210,0,Sentinel Hub Statistical API / Sentinel-5P,P1D,missing
cinkarna_celje_2019,Cinkarna Celje industrial case,industrial_case,SO2,µmol/m²,2019-12-16T00:00:00Z,2019-12-17T00:00:00Z,16,SI043,Goriška,,,,,210,210,0,Sentinel Hub Statistical API / Sentinel-5P,P1D,missing
cinkarna_celje_2019,Cinkarna Celje industrial case,industrial_case,SO2,µmol/m²,2019-12-17T00:00:00Z,2019-12-18T00:00:00Z,17,SI043,Goriška,,,,,210,210,0,Sentinel Hub Statistical API / Sentinel-5P,P1D,missing
cinkarna_celje_2019,Cinkarna Celje industrial case,industrial_case,SO2,µmol/m²,2019-12-18T00:00:00Z,2019-12-19T00:00:00Z,18,SI043,Goriška,,,,,210,210,0,Sentinel Hub Statistical API / Sentinel-5P,P1D,missing
cinkarna_celje_2019,Cinkarna Celje industrial case,industrial_case,SO2,µmol/m²,2019-12-19T00:00:00Z,2019-12-20T00:00:00Z,19,SI043,Goriška,,,,,210,210,0,Sentinel Hub Statistical API / Sentinel-5P,P1D,missing
cinkarna_celje_2019,Cinkarna Celje industrial case,industrial_case,SO2,µmol/m²,2019-12-20T00:00:00Z,2019-12-21T00:00:00Z,20,SI043,Goriška,,,,,210,210,0,Sentinel Hub Statistical API / Sentinel-5P,P1D,missing
cinkarna_celje_2019,Cinkarna Celje industrial case,industrial_case,SO2,µmol/m²,2019-12-21T00:00:00Z,2019-12-22T00:00:00Z,21,SI043,Goriška,,,,,210,210,0,Sentinel Hub Statistical API / Sentinel-5P,P1D,missing
cinkarna_celje_2019,Cinkarna Celje industrial case,industrial_case,SO2,µmol/m²,2019-12-22T00:00:00Z,2019-12-23T00:00:00Z,22,SI043,Goriška,,,,,210,210,0,Sentinel Hub Statistical API / Sentinel-5P,P1D,missing
cinkarna_celje_2019,Cinkarna Celje industrial case,industrial_case,SO2,µmol/m²,2019-12-23T00:00:00Z,2019-12-24T00:00:00Z,23,SI043,Goriška,,,,,210,210,0,Sentinel Hub Statistical API / Sentinel-5P,P1D,missing
cinkarna_celje_2019,Cinkarna Celje industrial case,industrial_case,SO2,µmol/m²,2019-12-24T00:00:00Z,2019-12-25T00:00:00Z,24,SI043,Goriška,,,,,210,210,0,Sentinel Hub Statistical API / Sentinel-5P,P1D,missing
cinkarna_celje_2019,Cinkarna Celje industrial case,industrial_case,SO2,µmol/m²,2019-12-25T00:00:00Z,2019-12-26T00:00:00Z,25,SI043,Goriška,,,,,210,210,0,Sentinel Hub Statistical API / Sentinel-5P,P1D,missing
cinkarna_celje_2019,Cinkarna Celje industrial case,industrial_case,SO2,µmol/m²,2019-12-26T00:00:00Z,2019-12-27T00:00:00Z,26,SI043,Goriška,,,,,210,210,0,Sentinel Hub Statistical API / Sentinel-5P,P1D,missing
cinkarna_celje_2019,Cinkarna Celje industrial case,industrial_case,SO2,µmol/m²,2019-12-27T00:00:00Z,2019-12-28T00:00:00Z,27,SI043,Goriška,,,,,210,210,0,Sentinel Hub Statistical API / Sentinel-5P,P1D,missing
cinkarna_celje_2019,Cinkarna Celje industrial case,industrial_case,SO2,µmol/m²,2019-12-28T00:00:00Z,2019-12-29T00:00:00Z,28,SI043,Goriška,,,,,210,210,0,Sentinel Hub Statistical API / Sentinel-5P,P1D,missing
cinkarna_celje_2019,Cinkarna Celje industrial case,industrial_case,SO2,µmol/m²,2019-12-29T00:00:00Z,2019-12-30T00:00:00Z,29,SI043,Goriška,,,,,210,210,0,Sentinel Hub Statistical API / Sentinel-5P,P1D,missing
cinkarna_celje_2019,Cinkarna Celje industrial case,industrial_case,SO2,µmol/m²,2019-12-30T00:00:00Z,2019-12-31T00:00:00Z,30,SI043,Goriška,,,,,210,210,0,Sentinel Hub Statistical API / Sentinel-5P,P1D,missing
cinkarna_celje_2019,Cinkarna Celje industrial case,industrial_case,SO2,µmol/m²,2019-12-31T00:00:00Z,2020-01-01T00:00:00Z,31,SI043,Goriška,,,,,210,210,0,Sentinel Hub Statistical API / Sentinel-5P,P1D,missing
cinkarna_celje_2019,Cinkarna Celje industrial case,industrial_case,SO2,µmol/m²,2019-12-01T00:00:00Z,2019-12-02T00:00:00Z,1,SI044,Obalno-kraška,,,,,99,99,0,Sentinel Hub Statistical API / Sentinel-5P,P1D,missing
cinkarna_celje_2019,Cinkarna Celje industrial case,industrial_case,SO2,µmol/m²,2019-12-02T00:00:00Z,2019-12-03T00:00:00Z,2,SI044,Obalno-kraška,,,,,99,99,0,Sentinel Hub Statistical API / Sentinel-5P,P1D,missing
cinkarna_celje_2019,Cinkarna Celje industrial case,industrial_case,SO2,µmol/m²,2019-12-03T00:00:00Z,2019-12-04T00:00:00Z,3,SI044,Obalno-kraška,,,,,99,99,0,Sentinel Hub Statistical API / Sentinel-5P,P1D,missing
cinkarna_celje_2019,Cinkarna Celje industrial case,industrial_case,SO2,µmol/m²,2019-12-04T00:00:00Z,2019-12-05T00:00:00Z,4,SI044,Obalno-kraška,,,,,99,99,0,Sentinel Hub Statistical API / Sentinel-5P,P1D,missing
cinkarna_celje_2019,Cinkarna Celje industrial case,industrial_case,SO2,µmol/m²,2019-12-05T00:00:00Z,2019-12-06T00:00:00Z,5,SI044,Obalno-kraška,,,,,99,99,0,Sentinel Hub Statistical API / Sentinel-5P,P1D,missing
cinkarna_celje_2019,Cinkarna Celje industrial case,industrial_case,SO2,µmol/m²,2019-12-06T00:00:00Z,2019-12-07T00:00:00Z,6,SI044,Obalno-kraška,,,,,99,99,0,Sentinel Hub Statistical API / Sentinel-5P,P1D,missing
cinkarna_celje_2019,Cinkarna Celje industrial case,industrial_case,SO2,µmol/m²,2019-12-07T00:00:00Z,2019-12-08T00:00:00Z,7,SI044,Obalno-kraška,,,,,99,99,0,Sentinel Hub Statistical API / Sentinel-5P,P1D,missing
cinkarna_celje_2019,Cinkarna Celje industrial case,industrial_case,SO2,µmol/m²,2019-12-08T00:00:00Z,2019-12-09T00:00:00Z,8,SI044,Obalno-kraška,,,,,99,99,0,Sentinel Hub Statistical API / Sentinel-5P,P1D,missing
cinkarna_celje_2019,Cinkarna Celje industrial case,industrial_case,SO2,µmol/m²,2019-12-09T00:00:00Z,2019-12-10T00:00:00Z,9,SI044,Obalno-kraška,,,,,99,99,0,Sentinel Hub Statistical API / Sentinel-5P,P1D,missing
cinkarna_celje_2019,Cinkarna Celje industrial case,industrial_case,SO2,µmol/m²,2019-12-10T00:00:00Z,2019-12-11T00:00:00Z,10,SI044,Obalno-kraška,,,,,99,99,0,Sentinel Hub Statistical API / Sentinel-5P,P1D,missing
cinkarna_celje_2019,Cinkarna Celje industrial case,industrial_case,SO2,µmol/m²,2019-12-11T00:00:00Z,2019-12-12T00:00:00Z,11,SI044,Obalno-kraška,,,,,99,99,0,Sentinel Hub Statistical API / Sentinel-5P,P1D,missing
cinkarna_celje_2019,Cinkarna Celje industrial case,industrial_case,SO2,µmol/m²,2019-12-12T00:00:00Z,2019-12-13T00:00:00Z,12,SI044,Obalno-kraška,,,,,99,99,0,Sentinel Hub Statistical API / Sentinel-5P,P1D,missing
cinkarna_celje_2019,Cinkarna Celje industrial case,industrial_case,SO2,µmol/m²,2019-12-13T00:00:00Z,2019-12-14T00:00:00Z,13,SI044,Obalno-kraška,,,,,99,99,0,Sentinel Hub Statistical API / Sentinel-5P,P1D,missing
cinkarna_celje_2019,Cinkarna Celje industrial case,industrial_case,SO2,µmol/m²,2019-12-14T00:00:00Z,2019-12-15T00:00:00Z,14,SI044,Obalno-kraška,,,,,99,99,0,Sentinel Hub Statistical API / Sentinel-5P,P1D,missing
cinkarna_celje_2019,Cinkarna Celje industrial case,industrial_case,SO2,µmol/m²,2019-12-15T00:00:00Z,2019-12-16T00:00:00Z,15,SI044,Obalno-kraška,,,,,99,99,0,Sentinel Hub Statistical API / Sentinel-5P,P1D,missing
cinkarna_celje_2019,Cinkarna Celje industrial case,industrial_case,SO2,µmol/m²,2019-12-16T00:00:00Z,2019-12-17T00:00:00Z,16,SI044,Obalno-kraška,-1240.1310805216779,-8269.24480497837,4366.219043731689,4230.395255255438,99,91,8,Sentinel Hub Statistical API / Sentinel-5P,P1D,partial
cinkarna_celje_2019,Cinkarna Celje industrial case,industrial_case,SO2,µmol/m²,2019-12-17T00:00:00Z,2019-12-18T00:00:00Z,17,SI044,Obalno-kraška,,,,,99,99,0,Sentinel Hub Statistical API / Sentinel-5P,P1D,missing
cinkarna_celje_2019,Cinkarna Celje industrial case,industrial_case,SO2,µmol/m²,2019-12-18T00:00:00Z,2019-12-19T00:00:00Z,18,SI044,Obalno-kraška,,,,,99,99,0,Sentinel Hub Statistical API / Sentinel-5P,P1D,missing
cinkarna_celje_2019,Cinkarna Celje industrial case,industrial_case,SO2,µmol/m²,2019-12-19T00:00:00Z,2019-12-20T00:00:00Z,19,SI044,Obalno-kraška,,,,,99,99,0,Sentinel Hub Statistical API / Sentinel-5P,P1D,missing
cinkarna_celje_2019,Cinkarna Celje industrial case,industrial_case,SO2,µmol/m²,2019-12-20T00:00:00Z,2019-12-21T00:00:00Z,20,SI044,Obalno-kraška,,,,,99,99,0,Sentinel Hub Statistical API / Sentinel-5P,P1D,missing
cinkarna_celje_2019,Cinkarna Celje industrial case,industrial_case,SO2,µmol/m²,2019-12-21T00:00:00Z,2019-12-22T00:00:00Z,21,SI044,Obalno-kraška,,,,,99,99,0,Sentinel Hub Statistical API / Sentinel-5P,P1D,missing
cinkarna_celje_2019,Cinkarna Celje industrial case,industrial_case,SO2,µmol/m²,2019-12-22T00:00:00Z,2019-12-23T00:00:00Z,22,SI044,Obalno-kraška,,,,,99,99,0,Sentinel Hub Statistical API / Sentinel-5P,P1D,missing
cinkarna_celje_2019,Cinkarna Celje industrial case,industrial_case,SO2,µmol/m²,2019-12-23T00:00:00Z,2019-12-24T00:00:00Z,23,SI044,Obalno-kraška,,,,,99,99,0,Sentinel Hub Statistical API / Sentinel-5P,P1D,missing
cinkarna_celje_2019,Cinkarna Celje industrial case,industrial_case,SO2,µmol/m²,2019-12-24T00:00:00Z,2019-12-25T00:00:00Z,24,SI044,Obalno-kraška,,,,,99,99,0,Sentinel Hub Statistical API / Sentinel-5P,P1D,missing
cinkarna_celje_2019,Cinkarna Celje industrial case,industrial_case,SO2,µmol/m²,2019-12-25T00:00:00Z,2019-12-26T00:00:00Z,25,SI044,Obalno-kraška,,,,,99,99,0,Sentinel Hub Statistical API / Sentinel-5P,P1D,missing
cinkarna_celje_2019,Cinkarna Celje industrial case,industrial_case,SO2,µmol/m²,2019-12-26T00:00:00Z,2019-12-27T00:00:00Z,26,SI044,Obalno-kraška,,,,,99,99,0,Sentinel Hub Statistical API / Sentinel-5P,P1D,missing
cinkarna_celje_2019,Cinkarna Celje industrial case,industrial_case,SO2,µmol/m²,2019-12-27T00:00:00Z,2019-12-28T00:00:00Z,27,SI044,Obalno-kraška,,,,,99,99,0,Sentinel Hub Statistical API / Sentinel-5P,P1D,missing
cinkarna_celje_2019,Cinkarna Celje industrial case,industrial_case,SO2,µmol/m²,2019-12-28T00:00:00Z,2019-12-29T00:00:00Z,28,SI044,Obalno-kraška,,,,,99,99,0,Sentinel Hub Statistical API / Sentinel-5P,P1D,missing
cinkarna_celje_2019,Cinkarna Celje industrial case,industrial_case,SO2,µmol/m²,2019-12-29T00:00:00Z,2019-12-30T00:00:00Z,29,SI044,Obalno-kraška,,,,,99,99,0,Sentinel Hub Statistical API / Sentinel-5P,P1D,missing
cinkarna_celje_2019,Cinkarna Celje industrial case,industrial_case,SO2,µmol/m²,2019-12-30T00:00:00Z,2019-12-31T00:00:00Z,30,SI044,Obalno-kraška,,,,,99,99,0,Sentinel Hub Statistical API / Sentinel-5P,P1D,missing
cinkarna_celje_2019,Cinkarna Celje industrial case,industrial_case,SO2,µmol/m²,2019-12-31T00:00:00Z,2020-01-01T00:00:00Z,31,SI044,Obalno-kraška,,,,,99,99,0,Sentinel Hub Statistical API / Sentinel-5P,P1D,missing
spar_fire_2025,SPAR/BTC fire,industrial_fire,NO2,µmol/m²,2025-12-01T00:00:00Z,2025-12-02T00:00:00Z,1,SI031,Pomurska,99.76694582292113,43.01417720853351,166.9689081609249,29.57920318493685,128,92,36,Sentinel Hub Statistical API / Sentinel-5P,P1D,partial
spar_fire_2025,SPAR/BTC fire,industrial_fire,NO2,µmol/m²,2025-12-02T00:00:00Z,2025-12-03T00:00:00Z,2,SI031,Pomurska,,,,,128,128,0,Sentinel Hub Statistical API / Sentinel-5P,P1D,missing
spar_fire_2025,SPAR/BTC fire,industrial_fire,NO2,µmol/m²,2025-12-03T00:00:00Z,2025-12-04T00:00:00Z,3,SI031,Pomurska,,,,,128,128,0,Sentinel Hub Statistical API / Sentinel-5P,P1D,missing
spar_fire_2025,SPAR/BTC fire,industrial_fire,NO2,µmol/m²,2025-12-04T00:00:00Z,2025-12-05T00:00:00Z,4,SI031,Pomurska,,,,,128,128,0,Sentinel Hub Statistical API / Sentinel-5P,P1D,missing
spar_fire_2025,SPAR/BTC fire,industrial_fire,NO2,µmol/m²,2025-12-05T00:00:00Z,2025-12-06T00:00:00Z,5,SI031,Pomurska,,,,,128,128,0,Sentinel Hub Statistical API / Sentinel-5P,P1D,missing
spar_fire_2025,SPAR/BTC fire,industrial_fire,NO2,µmol/m²,2025-12-06T00:00:00Z,2025-12-07T00:00:00Z,6,SI031,Pomurska,,,,,128,128,0,Sentinel Hub Statistical API / Sentinel-5P,P1D,missing
spar_fire_2025,SPAR/BTC fire,industrial_fire,NO2,µmol/m²,2025-12-07T00:00:00Z,2025-12-08T00:00:00Z,7,SI031,Pomurska,32.064129459581345,-25.306913812528364,63.828148995526135,15.733374634287811,128,51,77,Sentinel Hub Statistical API / Sentinel-5P,P1D,good
spar_fire_2025,SPAR/BTC fire,industrial_fire,NO2,µmol/m²,2025-12-08T00:00:00Z,2025-12-09T00:00:00Z,8,SI031,Pomurska,,,,,128,128,0,Sentinel Hub Statistical API / Sentinel-5P,P1D,missing
spar_fire_2025,SPAR/BTC fire,industrial_fire,NO2,µmol/m²,2025-12-09T00:00:00Z,2025-12-10T00:00:00Z,9,SI031,Pomurska,76.58253110776059,10.999546248058323,121.08592636650428,29.194160571057203,128,96,32,Sentinel Hub Statistical API / Sentinel-5P,P1D,partial
spar_fire_2025,SPAR/BTC fire,industrial_fire,NO2,µmol/m²,2025-12-10T00:00:00Z,2025-12-11T00:00:00Z,10,SI031,Pomurska,70.3272741832604,40.994440496433526,102.03866986557841,19.805538553141556,128,100,28,Sentinel Hub Statistical API / Sentinel-5P,P1D,partial
spar_fire_2025,SPAR/BTC fire,industrial_fire,NO2,µmol/m²,2025-12-11T00:00:00Z,2025-12-12T00:00:00Z,11,SI031,Pomurska,73.79118337334282,24.31322354823351,110.77048839069903,18.716970540127726,128,46,82,Sentinel Hub Statistical API / Sentinel-5P,P1D,good
spar_fire_2025,SPAR/BTC fire,industrial_fire,NO2,µmol/m²,2025-12-12T00:00:00Z,2025-12-13T00:00:00Z,12,SI031,Pomurska,89.23315700241533,33.95873136469163,133.30523506738245,21.4590261971186,128,46,82,Sentinel Hub Statistical API / Sentinel-5P,P1D,good
spar_fire_2025,SPAR/BTC fire,industrial_fire,NO2,µmol/m²,2025-12-13T00:00:00Z,2025-12-14T00:00:00Z,13,SI031,Pomurska,,,,,128,128,0,Sentinel Hub Statistical API / Sentinel-5P,P1D,missing
spar_fire_2025,SPAR/BTC fire,industrial_fire,NO2,µmol/m²,2025-12-14T00:00:00Z,2025-12-15T00:00:00Z,14,SI031,Pomurska,,,,,128,128,0,Sentinel Hub Statistical API / Sentinel-5P,P1D,missing
spar_fire_2025,SPAR/BTC fire,industrial_fire,NO2,µmol/m²,2025-12-15T00:00:00Z,2025-12-16T00:00:00Z,15,SI031,Pomurska,,,,,128,128,0,Sentinel Hub Statistical API / Sentinel-5P,P1D,missing
spar_fire_2025,SPAR/BTC fire,industrial_fire,NO2,µmol/m²,2025-12-16T00:00:00Z,2025-12-17T00:00:00Z,16,SI031,Pomurska,,,,,128,128,0,Sentinel Hub Statistical API / Sentinel-5P,P1D,missing
spar_fire_2025,SPAR/BTC fire,industrial_fire,NO2,µmol/m²,2025-12-17T00:00:00Z,2025-12-18T00:00:00Z,17,SI031,Pomurska,,,,,128,128,0,Sentinel Hub Statistical API / Sentinel-5P,P1D,missing
spar_fire_2025,SPAR/BTC fire,industrial_fire,NO2,µmol/m²,2025-12-18T00:00:00Z,2025-12-19T00:00:00Z,18,SI031,Pomurska,56.64692313681977,49.61981176165864,63.51186311803758,5.672565403931901,128,125,3,Sentinel Hub Statistical API / Sentinel-5P,P1D,partial
spar_fire_2025,SPAR/BTC fire,industrial_fire,NO2,µmol/m²,2025-12-19T00:00:00Z,2025-12-20T00:00:00Z,19,SI031,Pomurska,,,,,128,128,0,Sentinel Hub Statistical API / Sentinel-5P,P1D,missing
spar_fire_2025,SPAR/BTC fire,industrial_fire,NO2,µmol/m²,2025-12-20T00:00:00Z,2025-12-21T00:00:00Z,20,SI031,Pomurska,,,,,128,128,0,Sentinel Hub Statistical API / Sentinel-5P,P1D,missing
spar_fire_2025,SPAR/BTC fire,industrial_fire,NO2,µmol/m²,2025-12-21T00:00:00Z,2025-12-22T00:00:00Z,21,SI031,Pomurska,,,,,128,128,0,Sentinel Hub Statistical API / Sentinel-5P,P1D,missing
spar_fire_2025,SPAR/BTC fire,industrial_fire,NO2,µmol/m²,2025-12-22T00:00:00Z,2025-12-23T00:00:00Z,22,SI031,Pomurska,,,,,128,128,0,Sentinel Hub Statistical API / Sentinel-5P,P1D,missing
spar_fire_2025,SPAR/BTC fire,industrial_fire,NO2,µmol/m²,2025-12-23T00:00:00Z,2025-12-24T00:00:00Z,23,SI031,Pomurska,,,,,128,128,0,Sentinel Hub Statistical API / Sentinel-5P,P1D,missing
spar_fire_2025,SPAR/BTC fire,industrial_fire,NO2,µmol/m²,2025-12-24T00:00:00Z,2025-12-25T00:00:00Z,24,SI031,Pomurska,,,,,128,128,0,Sentinel Hub Statistical API / Sentinel-5P,P1D,missing
spar_fire_2025,SPAR/BTC fire,industrial_fire,NO2,µmol/m²,2025-12-25T00:00:00Z,2025-12-26T00:00:00Z,25,SI031,Pomurska,,,,,128,128,0,Sentinel Hub Statistical API / Sentinel-5P,P1D,missing
spar_fire_2025,SPAR/BTC fire,industrial_fire,NO2,µmol/m²,2025-12-26T00:00:00Z,2025-12-27T00:00:00Z,26,SI031,Pomurska,,,,,128,128,0,Sentinel Hub Statistical API / Sentinel-5P,P1D,missing
spar_fire_2025,SPAR/BTC fire,industrial_fire,NO2,µmol/m²,2025-12-27T00:00:00Z,2025-12-28T00:00:00Z,27,SI031,Pomurska,44.71021247809404,8.606329174654093,74.76661266991869,14.019422592455575,128,74,54,Sentinel Hub Statistical API / Sentinel-5P,P1D,partial
spar_fire_2025,SPAR/BTC fire,industrial_fire,NO2,µmol/m²,2025-12-28T00:00:00Z,2025-12-29T00:00:00Z,28,SI031,Pomurska,58.065730746947295,15.996172805898823,93.26153667643666,15.438576297079377,128,52,76,Sentinel Hub Statistical API / Sentinel-5P,P1D,good
spar_fire_2025,SPAR/BTC fire,industrial_fire,NO2,µmol/m²,2025-12-29T00:00:00Z,2025-12-30T00:00:00Z,29,SI031,Pomurska,65.9189408080155,18.861393982660957,97.73397323442623,20.46779724447116,128,106,22,Sentinel Hub Statistical API / Sentinel-5P,P1D,partial
spar_fire_2025,SPAR/BTC fire,industrial_fire,NO2,µmol/m²,2025-12-30T00:00:00Z,2025-12-31T00:00:00Z,30,SI031,Pomurska,62.24107486169878,22.557649572263472,101.73029295401648,17.88928786445815,128,72,56,Sentinel Hub Statistical API / Sentinel-5P,P1D,partial
spar_fire_2025,SPAR/BTC fire,industrial_fire,NO2,µmol/m²,2025-12-31T00:00:00Z,2026-01-01T00:00:00Z,31,SI031,Pomurska,22.194432716560176,-14.70390816393774,57.77771002613008,15.948762771303677,128,48,80,Sentinel Hub Statistical API / Sentinel-5P,P1D,good
spar_fire_2025,SPAR/BTC fire,industrial_fire,NO2,µmol/m²,2025-12-01T00:00:00Z,2025-12-02T00:00:00Z,1,SI032,Podravska,98.21216081036255,61.45966472104192,144.45261331275105,32.69120865358426,180,175,5,Sentinel Hub Statistical API / Sentinel-5P,P1D,partial
spar_fire_2025,SPAR/BTC fire,industrial_fire,NO2,µmol/m²,2025-12-02T00:00:00Z,2025-12-03T00:00:00Z,2,SI032,Podravska,40.83428818072813,30.915420211385936,59.9349477852229,13.509557564324336,180,177,3,Sentinel Hub Statistical API / Sentinel-5P,P1D,partial
spar_fire_2025,SPAR/BTC fire,industrial_fire,NO2,µmol/m²,2025-12-03T00:00:00Z,2025-12-04T00:00:00Z,3,SI032,Podravska,30.137895009829663,28.575159376487136,31.70063064317219,1.562735633342526,180,176,4,Sentinel Hub Statistical API / Sentinel-5P,P1D,partial
spar_fire_2025,SPAR/BTC fire,industrial_fire,NO2,µmol/m²,2025-12-04T00:00:00Z,2025-12-05T00:00:00Z,4,SI032,Podravska,,,,,180,180,0,Sentinel Hub Statistical API / Sentinel-5P,P1D,missing
spar_fire_2025,SPAR/BTC fire,industrial_fire,NO2,µmol/m²,2025-12-05T00:00:00Z,2025-12-06T00:00:00Z,5,SI032,Podravska,,,,,180,180,0,Sentinel Hub Statistical API / Sentinel-5P,P1D,missing
spar_fire_2025,SPAR/BTC fire,industrial_fire,NO2,µmol/m²,2025-12-06T00:00:00Z,2025-12-07T00:00:00Z,6,SI032,Podravska,,,,,180,180,0,Sentinel Hub Statistical API / Sentinel-5P,P1D,missing
spar_fire_2025,SPAR/BTC fire,industrial_fire,NO2,µmol/m²,2025-12-07T00:00:00Z,2025-12-08T00:00:00Z,7,SI032,Podravska,29.499292334413656,-33.02782715763897,69.60052269278094,19.849343386919948,180,59,121,Sentinel Hub Statistical API / Sentinel-5P,P1D,good
spar_fire_2025,SPAR/BTC fire,industrial_fire,NO2,µmol/m²,2025-12-08T00:00:00Z,2025-12-09T00:00:00Z,8,SI032,Podravska,,,,,180,180,0,Sentinel Hub Statistical API / Sentinel-5P,P1D,missing
spar_fire_2025,SPAR/BTC fire,industrial_fire,NO2,µmol/m²,2025-12-09T00:00:00Z,2025-12-10T00:00:00Z,9,SI032,Podravska,47.06429212676864,10.578088222246151,121.08592636650428,19.641897701271738,180,68,112,Sentinel Hub Statistical API / Sentinel-5P,P1D,good
spar_fire_2025,SPAR/BTC fire,industrial_fire,NO2,µmol/m²,2025-12-10T00:00:00Z,2025-12-11T00:00:00Z,10,SI032,Podravska,73.02349801225716,32.70431989221834,113.09082037769258,18.39075914332798,180,53,127,Sentinel Hub Statistical API / Sentinel-5P,P1D,good
spar_fire_2025,SPAR/BTC fire,industrial_fire,NO2,µmol/m²,2025-12-11T00:00:00Z,2025-12-12T00:00:00Z,11,SI032,Podravska,65.80075702267155,-2.6043023808597354,113.33158909110352,19.93576528713788,180,52,128,Sentinel Hub Statistical API / Sentinel-5P,P1D,good
spar_fire_2025,SPAR/BTC fire,industrial_fire,NO2,µmol/m²,2025-12-12T00:00:00Z,2025-12-13T00:00:00Z,12,SI032,Podravska,71.75365153955228,8.917018931242637,131.90050958655775,23.414154194770237,180,52,128,Sentinel Hub Statistical API / Sentinel-5P,P1D,good
spar_fire_2025,SPAR/BTC fire,industrial_fire,NO2,µmol/m²,2025-12-13T00:00:00Z,2025-12-14T00:00:00Z,13,SI032,Podravska,75.07370005028368,22.86928975081537,123.0126217706129,21.8065782811258,180,125,55,Sentinel Hub Statistical API / Sentinel-5P,P1D,partial
spar_fire_2025,SPAR/BTC fire,industrial_fire,NO2,µmol/m²,2025-12-14T00:00:00Z,2025-12-15T00:00:00Z,14,SI032,Podravska,44.6157583527648,21.225620002951473,56.01788870990276,12.58783573552337,180,158,22,Sentinel Hub Statistical API / Sentinel-5P,P1D,partial
spar_fire_2025,SPAR/BTC fire,industrial_fire,NO2,µmol/m²,2025-12-15T00:00:00Z,2025-12-16T00:00:00Z,15,SI032,Podravska,35.80078077902727,17.79162084858399,61.05009379098192,13.781461541303386,180,164,16,Sentinel Hub Statistical API / Sentinel-5P,P1D,partial
spar_fire_2025,SPAR/BTC fire,industrial_fire,NO2,µmol/m²,2025-12-16T00:00:00Z,2025-12-17T00:00:00Z,16,SI032,Podravska,,,,,180,180,0,Sentinel Hub Statistical API / Sentinel-5P,P1D,missing
spar_fire_2025,SPAR/BTC fire,industrial_fire,NO2,µmol/m²,2025-12-17T00:00:00Z,2025-12-18T00:00:00Z,17,SI032,Podravska,,,,,180,180,0,Sentinel Hub Statistical API / Sentinel-5P,P1D,missing
spar_fire_2025,SPAR/BTC fire,industrial_fire,NO2,µmol/m²,2025-12-18T00:00:00Z,2025-12-19T00:00:00Z,18,SI032,Podravska,50.55471780685144,6.277455668168841,82.78487075585872,14.695828900508024,180,69,111,Sentinel Hub Statistical API / Sentinel-5P,P1D,good
spar_fire_2025,SPAR/BTC fire,industrial_fire,NO2,µmol/m²,2025-12-19T00:00:00Z,2025-12-20T00:00:00Z,19,SI032,Podravska,56.84737122981066,21.06487772834953,83.53253360837698,12.070837816851519,180,143,37,Sentinel Hub Statistical API / Sentinel-5P,P1D,partial
spar_fire_2025,SPAR/BTC fire,industrial_fire,NO2,µmol/m²,2025-12-20T00:00:00Z,2025-12-21T00:00:00Z,20,SI032,Podravska,58.8271179003641,35.037690395256504,78.77295865910128,14.097709220797958,180,155,25,Sentinel Hub Statistical API / Sentinel-5P,P1D,partial
spar_fire_2025,SPAR/BTC fire,industrial_fire,NO2,µmol/m²,2025-12-21T00:00:00Z,2025-12-22T00:00:00Z,21,SI032,Podravska,60.404534249553556,29.86851723107975,96.22107609175146,19.621304938464103,180,162,18,Sentinel Hub Statistical API / Sentinel-5P,P1D,partial
spar_fire_2025,SPAR/BTC fire,industrial_fire,NO2,µmol/m²,2025-12-22T00:00:00Z,2025-12-23T00:00:00Z,22,SI032,Podravska,,,,,180,180,0,Sentinel Hub Statistical API / Sentinel-5P,P1D,missing
spar_fire_2025,SPAR/BTC fire,industrial_fire,NO2,µmol/m²,2025-12-23T00:00:00Z,2025-12-24T00:00:00Z,23,SI032,Podravska,,,,,180,180,0,Sentinel Hub Statistical API / Sentinel-5P,P1D,missing
spar_fire_2025,SPAR/BTC fire,industrial_fire,NO2,µmol/m²,2025-12-24T00:00:00Z,2025-12-25T00:00:00Z,24,SI032,Podravska,,,,,180,180,0,Sentinel Hub Statistical API / Sentinel-5P,P1D,missing
spar_fire_2025,SPAR/BTC fire,industrial_fire,NO2,µmol/m²,2025-12-25T00:00:00Z,2025-12-26T00:00:00Z,25,SI032,Podravska,,,,,180,180,0,Sentinel Hub Statistical API / Sentinel-5P,P1D,missing
spar_fire_2025,SPAR/BTC fire,industrial_fire,NO2,µmol/m²,2025-12-26T00:00:00Z,2025-12-27T00:00:00Z,26,SI032,Podravska,31.912144550005905,20.557570678647608,43.2667184213642,11.354573871358298,180,176,4,Sentinel Hub Statistical API / Sentinel-5P,P1D,partial
spar_fire_2025,SPAR/BTC fire,industrial_fire,NO2,µmol/m²,2025-12-27T00:00:00Z,2025-12-28T00:00:00Z,27,SI032,Podravska,30.78127398301869,-4.574860213324428,57.68762275693007,12.913590603087847,180,89,91,Sentinel Hub Statistical API / Sentinel-5P,P1D,good
spar_fire_2025,SPAR/BTC fire,industrial_fire,NO2,µmol/m²,2025-12-28T00:00:00Z,2025-12-29T00:00:00Z,28,SI032,Podravska,43.884974982893716,14.517881027131807,71.49823068175465,11.34068133648234,180,83,97,Sentinel Hub Statistical API / Sentinel-5P,P1D,good
spar_fire_2025,SPAR/BTC fire,industrial_fire,NO2,µmol/m²,2025-12-29T00:00:00Z,2025-12-30T00:00:00Z,29,SI032,Podravska,56.76229371410474,15.24289109511301,121.88506661914289,21.730214036654445,180,85,95,Sentinel Hub Statistical API / Sentinel-5P,P1D,good
spar_fire_2025,SPAR/BTC fire,industrial_fire,NO2,µmol/m²,2025-12-30T00:00:00Z,2025-12-31T00:00:00Z,30,SI032,Podravska,,,,,180,180,0,Sentinel Hub Statistical API / Sentinel-5P,P1D,missing
spar_fire_2025,SPAR/BTC fire,industrial_fire,NO2,µmol/m²,2025-12-31T00:00:00Z,2026-01-01T00:00:00Z,31,SI032,Podravska,24.514740981264644,-11.007804459950421,77.01955473748967,15.383412353237095,180,76,104,Sentinel Hub Statistical API / Sentinel-5P,P1D,good
spar_fire_2025,SPAR/BTC fire,industrial_fire,NO2,µmol/m²,2025-12-01T00:00:00Z,2025-12-02T00:00:00Z,1,SI033,Koroška,20.150748241576366,20.150748241576366,20.150748241576366,0.0,75,74,1,Sentinel Hub Statistical API / Sentinel-5P,P1D,partial
spar_fire_2025,SPAR/BTC fire,industrial_fire,NO2,µmol/m²,2025-12-02T00:00:00Z,2025-12-03T00:00:00Z,2,SI033,Koroška,52.210700439238934,20.95824856951367,104.78582407813519,18.064808115292397,75,31,44,Sentinel Hub Statistical API / Sentinel-5P,P1D,good
spar_fire_2025,SPAR/BTC fire,industrial_fire,NO2,µmol/m²,2025-12-03T00:00:00Z,2025-12-04T00:00:00Z,3,SI033,Koroška,79.74756325976077,16.48392208153382,147.34826982021332,43.80123681331314,75,42,33,Sentinel Hub Statistical API / Sentinel-5P,P1D,partial
spar_fire_2025,SPAR/BTC fire,industrial_fire,NO2,µmol/m²,2025-12-04T00:00:00Z,2025-12-05T00:00:00Z,4,SI033,Koroška,,,,,75,75,0,Sentinel Hub Statistical API / Sentinel-5P,P1D,missing
spar_fire_2025,SPAR/BTC fire,industrial_fire,NO2,µmol/m²,2025-12-05T00:00:00Z,2025-12-06T00:00:00Z,5,SI033,Koroška,30.034816518309526,23.03652581758797,37.03310721903108,6.9982907007215545,75,73,2,Sentinel Hub Statistical API / Sentinel-5P,P1D,partial
spar_fire_2025,SPAR/BTC fire,industrial_fire,NO2,µmol/m²,2025-12-06T00:00:00Z,2025-12-07T00:00:00Z,6,SI033,Koroška,,,,,75,75,0,Sentinel Hub Statistical API / Sentinel-5P,P1D,missing
spar_fire_2025,SPAR/BTC fire,industrial_fire,NO2,µmol/m²,2025-12-07T00:00:00Z,2025-12-08T00:00:00Z,7,SI033,Koroška,16.731743171151592,-7.932471817184705,42.72325895726681,12.772137135905659,75,47,28,Sentinel Hub Statistical API / Sentinel-5P,P1D,partial
spar_fire_2025,SPAR/BTC fire,industrial_fire,NO2,µmol/m²,2025-12-08T00:00:00Z,2025-12-09T00:00:00Z,8,SI033,Koroška,33.14332291295243,-13.784370821667835,76.45427831448615,20.49959845998325,75,48,27,Sentinel Hub Statistical API / Sentinel-5P,P1D,partial
spar_fire_2025,SPAR/BTC fire,industrial_fire,NO2,µmol/m²,2025-12-09T00:00:00Z,2025-12-10T00:00:00Z,9,SI033,Koroška,26.83097078167917,13.185295756557025,49.67132190358825,11.281076270006533,75,36,39,Sentinel Hub Statistical API / Sentinel-5P,P1D,good
spar_fire_2025,SPAR/BTC fire,industrial_fire,NO2,µmol/m²,2025-12-10T00:00:00Z,2025-12-11T00:00:00Z,10,SI033,Koroška,50.93381386949771,14.868232938169967,88.82950351107866,20.087716226082872,75,18,57,Sentinel Hub Statistical API / Sentinel-5P,P1D,good
spar_fire_2025,SPAR/BTC fire,industrial_fire,NO2,µmol/m²,2025-12-11T00:00:00Z,2025-12-12T00:00:00Z,11,SI033,Koroška,42.15217108060682,10.26381414703792,97.41962276166305,20.66412149187241,75,29,46,Sentinel Hub Statistical API / Sentinel-5P,P1D,good
spar_fire_2025,SPAR/BTC fire,industrial_fire,NO2,µmol/m²,2025-12-12T00:00:00Z,2025-12-13T00:00:00Z,12,SI033,Koroška,50.05344421858482,10.718263183662202,104.1439754772,22.74702568445144,75,33,42,Sentinel Hub Statistical API / Sentinel-5P,P1D,good
spar_fire_2025,SPAR/BTC fire,industrial_fire,NO2,µmol/m²,2025-12-13T00:00:00Z,2025-12-14T00:00:00Z,13,SI033,Koroška,50.807340532908434,24.065378966042772,96.9482134678401,21.06003767542143,75,62,13,Sentinel Hub Statistical API / Sentinel-5P,P1D,partial
spar_fire_2025,SPAR/BTC fire,industrial_fire,NO2,µmol/m²,2025-12-14T00:00:00Z,2025-12-15T00:00:00Z,14,SI033,Koroška,43.925253521592815,13.82592563459184,77.66301860101521,15.977299956580962,75,23,52,Sentinel Hub Statistical API / Sentinel-5P,P1D,good
spar_fire_2025,SPAR/BTC fire,industrial_fire,NO2,µmol/m²,2025-12-15T00:00:00Z,2025-12-16T00:00:00Z,15,SI033,Koroška,39.58218274049244,-1.031686224450823,80.64034045673907,16.7945704276475,75,21,54,Sentinel Hub Statistical API / Sentinel-5P,P1D,good
spar_fire_2025,SPAR/BTC fire,industrial_fire,NO2,µmol/m²,2025-12-16T00:00:00Z,2025-12-17T00:00:00Z,16,SI033,Koroška,,,,,75,75,0,Sentinel Hub Statistical API / Sentinel-5P,P1D,missing
spar_fire_2025,SPAR/BTC fire,industrial_fire,NO2,µmol/m²,2025-12-17T00:00:00Z,2025-12-18T00:00:00Z,17,SI033,Koroška,,,,,75,75,0,Sentinel Hub Statistical API / Sentinel-5P,P1D,missing
spar_fire_2025,SPAR/BTC fire,industrial_fire,NO2,µmol/m²,2025-12-18T00:00:00Z,2025-12-19T00:00:00Z,18,SI033,Koroška,41.98531984190501,6.277455668168841,58.27535278513096,12.005051820471673,75,46,29,Sentinel Hub Statistical API / Sentinel-5P,P1D,partial
spar_fire_2025,SPAR/BTC fire,industrial_fire,NO2,µmol/m²,2025-12-19T00:00:00Z,2025-12-20T00:00:00Z,19,SI033,Koroška,41.95126975587457,17.21536500554066,68.6933271936141,12.097721591205916,75,17,58,Sentinel Hub Statistical API / Sentinel-5P,P1D,good
spar_fire_2025,SPAR/BTC fire,industrial_fire,NO2,µmol/m²,2025-12-20T00:00:00Z,2025-12-21T00:00:00Z,20,SI033,Koroška,53.37370025286377,17.130943888332695,106.64263390935957,19.788504023427503,75,31,44,Sentinel Hub Statistical API / Sentinel-5P,P1D,good
spar_fire_2025,SPAR/BTC fire,industrial_fire,NO2,µmol/m²,2025-12-21T00:00:00Z,2025-12-22T00:00:00Z,21,SI033,Koroška,49.38315893620408,19.674316718010232,78.49634857848287,17.025293463197485,75,45,30,Sentinel Hub Statistical API / Sentinel-5P,P1D,partial
spar_fire_2025,SPAR/BTC fire,industrial_fire,NO2,µmol/m²,2025-12-22T00:00:00Z,2025-12-23T00:00:00Z,22,SI033,Koroška,17.37416278047022,10.584388292045332,25.169298169203103,5.4317610409738295,75,66,9,Sentinel Hub Statistical API / Sentinel-5P,P1D,partial
spar_fire_2025,SPAR/BTC fire,industrial_fire,NO2,µmol/m²,2025-12-23T00:00:00Z,2025-12-24T00:00:00Z,23,SI033,Koroška,,,,,75,75,0,Sentinel Hub Statistical API / Sentinel-5P,P1D,missing
spar_fire_2025,SPAR/BTC fire,industrial_fire,NO2,µmol/m²,2025-12-24T00:00:00Z,2025-12-25T00:00:00Z,24,SI033,Koroška,,,,,75,75,0,Sentinel Hub Statistical API / Sentinel-5P,P1D,missing
spar_fire_2025,SPAR/BTC fire,industrial_fire,NO2,µmol/m²,2025-12-25T00:00:00Z,2025-12-26T00:00:00Z,25,SI033,Koroška,,,,,75,75,0,Sentinel Hub Statistical API / Sentinel-5P,P1D,missing
spar_fire_2025,SPAR/BTC fire,industrial_fire,NO2,µmol/m²,2025-12-26T00:00:00Z,2025-12-27T00:00:00Z,26,SI033,Koroška,22.220081436072096,11.307618478895165,46.57492900150828,12.25321375821149,75,64,11,Sentinel Hub Statistical API / Sentinel-5P,P1D,partial
spar_fire_2025,SPAR/BTC fire,industrial_fire,NO2,µmol/m²,2025-12-27T00:00:00Z,2025-12-28T00:00:00Z,27,SI033,Koroška,18.393669348832756,0.5470483870340104,48.528458137298,9.720400267981436,75,17,58,Sentinel Hub Statistical API / Sentinel-5P,P1D,good
spar_fire_2025,SPAR/BTC fire,industrial_fire,NO2,µmol/m²,2025-12-28T00:00:00Z,2025-12-29T00:00:00Z,28,SI033,Koroška,29.677991111193,7.962051313370466,45.856580982217565,8.462535559734768,75,18,57,Sentinel Hub Statistical API / Sentinel-5P,P1D,good
spar_fire_2025,SPAR/BTC fire,industrial_fire,NO2,µmol/m²,2025-12-29T00:00:00Z,2025-12-30T00:00:00Z,29,SI033,Koroška,31.44632689127011,8.197870556614362,63.74345684889704,11.853512306997274,75,16,59,Sentinel Hub Statistical API / Sentinel-5P,P1D,good
spar_fire_2025,SPAR/BTC fire,industrial_fire,NO2,µmol/m²,2025-12-30T00:00:00Z,2025-12-31T00:00:00Z,30,SI033,Koroška,,,,,75,75,0,Sentinel Hub Statistical API / Sentinel-5P,P1D,missing
spar_fire_2025,SPAR/BTC fire,industrial_fire,NO2,µmol/m²,2025-12-31T00:00:00Z,2026-01-01T00:00:00Z,31,SI033,Koroška,6.098617237685131,-11.007804459950421,19.334665921633132,6.297345084654742,75,18,57,Sentinel Hub Statistical API / Sentinel-5P,P1D,good
spar_fire_2025,SPAR/BTC fire,industrial_fire,NO2,µmol/m²,2025-12-01T00:00:00Z,2025-12-02T00:00:00Z,1,SI034,Savinjska,62.45446818790394,11.246047506574541,112.09536023670807,26.209240156121915,225,177,48,Sentinel Hub Statistical API / Sentinel-5P,P1D,partial
spar_fire_2025,SPAR/BTC fire,industrial_fire,NO2,µmol/m²,2025-12-02T00:00:00Z,2025-12-03T00:00:00Z,2,SI034,Savinjska,61.98115123411159,14.617085980717093,152.28909614961594,31.790880665482167,225,192,33,Sentinel Hub Statistical API / Sentinel-5P,P1D,partial
spar_fire_2025,SPAR/BTC fire,industrial_fire,NO2,µmol/m²,2025-12-03T00:00:00Z,2025-12-04T00:00:00Z,3,SI034,Savinjska,46.98482734966092,16.48392208153382,135.78108337242156,32.36005052510629,225,205,20,Sentinel Hub Statistical API / Sentinel-5P,P1D,partial
spar_fire_2025,SPAR/BTC fire,industrial_fire,NO2,µmol/m²,2025-12-04T00:00:00Z,2025-12-05T00:00:00Z,4,SI034,Savinjska,,,,,225,225,0,Sentinel Hub Statistical API / Sentinel-5P,P1D,missing
spar_fire_2025,SPAR/BTC fire,industrial_fire,NO2,µmol/m²,2025-12-05T00:00:00Z,2025-12-06T00:00:00Z,5,SI034,Savinjska,51.17804394103587,16.189920643228106,142.25527411326766,38.85006257664525,225,210,15,Sentinel Hub Statistical API / Sentinel-5P,P1D,partial
spar_fire_2025,SPAR/BTC fire,industrial_fire,NO2,µmol/m²,2025-12-06T00:00:00Z,2025-12-07T00:00:00Z,6,SI034,Savinjska,,,,,225,225,0,Sentinel Hub Statistical API / Sentinel-5P,P1D,missing
spar_fire_2025,SPAR/BTC fire,industrial_fire,NO2,µmol/m²,2025-12-07T00:00:00Z,2025-12-08T00:00:00Z,7,SI034,Savinjska,31.252290451194987,-6.042173936293693,72.02216511359438,18.79568751201811,225,99,126,Sentinel Hub Statistical API / Sentinel-5P,P1D,good
spar_fire_2025,SPAR/BTC fire,industrial_fire,NO2,µmol/m²,2025-12-08T00:00:00Z,2025-12-09T00:00:00Z,8,SI034,Savinjska,47.59838527973567,14.198339158610906,88.96569488570094,21.85122684397616,225,174,51,Sentinel Hub Statistical API / Sentinel-5P,P1D,partial
spar_fire_2025,SPAR/BTC fire,industrial_fire,NO2,µmol/m²,2025-12-09T00:00:00Z,2025-12-10T00:00:00Z,9,SI034,Savinjska,34.1639284738236,9.512208634987473,88.32329331198707,13.872888857140259,225,118,107,Sentinel Hub Statistical API / Sentinel-5P,P1D,partial
spar_fire_2025,SPAR/BTC fire,industrial_fire,NO2,µmol/m²,2025-12-10T00:00:00Z,2025-12-11T00:00:00Z,10,SI034,Savinjska,55.60970065316188,8.210026862798259,116.60144082270563,21.122684266008527,225,89,136,Sentinel Hub Statistical API / Sentinel-5P,P1D,good
spar_fire_2025,SPAR/BTC fire,industrial_fire,NO2,µmol/m²,2025-12-11T00:00:00Z,2025-12-12T00:00:00Z,11,SI034,Savinjska,53.380828468739224,7.116678261809284,101.31815361091867,22.4426740089344,225,107,118,Sentinel Hub Statistical API / Sentinel-5P,P1D,good
spar_fire_2025,SPAR/BTC fire,industrial_fire,NO2,µmol/m²,2025-12-12T00:00:00Z,2025-12-13T00:00:00Z,12,SI034,Savinjska,55.720659149953036,-10.146726708626375,136.62638957612216,25.61878258287456,225,98,127,Sentinel Hub Statistical API / Sentinel-5P,P1D,good
spar_fire_2025,SPAR/BTC fire,industrial_fire,NO2,µmol/m²,2025-12-13T00:00:00Z,2025-12-14T00:00:00Z,13,SI034,Savinjska,55.3020561710582,32.100786484079435,84.18535435339436,13.192244528764176,225,165,60,Sentinel Hub Statistical API / Sentinel-5P,P1D,partial
spar_fire_2025,SPAR/BTC fire,industrial_fire,NO2,µmol/m²,2025-12-14T00:00:00Z,2025-12-15T00:00:00Z,14,SI034,Savinjska,40.41378389078529,11.579708370845765,67.8669530316256,16.357307433570135,225,167,58,Sentinel Hub Statistical API / Sentinel-5P,P1D,partial
spar_fire_2025,SPAR/BTC fire,industrial_fire,NO2,µmol/m²,2025-12-15T00:00:00Z,2025-12-16T00:00:00Z,15,SI034,Savinjska,37.592985239598434,7.127204753487604,81.87303319573402,19.69536961902407,225,145,80,Sentinel Hub Statistical API / Sentinel-5P,P1D,partial
spar_fire_2025,SPAR/BTC fire,industrial_fire,NO2,µmol/m²,2025-12-16T00:00:00Z,2025-12-17T00:00:00Z,16,SI034,Savinjska,,,,,225,225,0,Sentinel Hub Statistical API / Sentinel-5P,P1D,missing
spar_fire_2025,SPAR/BTC fire,industrial_fire,NO2,µmol/m²,2025-12-17T00:00:00Z,2025-12-18T00:00:00Z,17,SI034,Savinjska,,,,,225,225,0,Sentinel Hub Statistical API / Sentinel-5P,P1D,missing
spar_fire_2025,SPAR/BTC fire,industrial_fire,NO2,µmol/m²,2025-12-18T00:00:00Z,2025-12-19T00:00:00Z,18,SI034,Savinjska,45.077965674039966,9.507971299171913,87.08677341928706,13.220587217839652,225,119,106,Sentinel Hub Statistical API / Sentinel-5P,P1D,partial
spar_fire_2025,SPAR/BTC fire,industrial_fire,NO2,µmol/m²,2025-12-19T00:00:00Z,2025-12-20T00:00:00Z,19,SI034,Savinjska,44.04398796732832,17.21536500554066,70.45001984806731,12.145787668799706,225,90,135,Sentinel Hub Statistical API / Sentinel-5P,P1D,good
spar_fire_2025,SPAR/BTC fire,industrial_fire,NO2,µmol/m²,2025-12-20T00:00:00Z,2025-12-21T00:00:00Z,20,SI034,Savinjska,58.84728301680298,20.38416096183937,139.0459801768884,25.443945060358644,225,125,100,Sentinel Hub Statistical API / Sentinel-5P,P1D,partial
spar_fire_2025,SPAR/BTC fire,industrial_fire,NO2,µmol/m²,2025-12-21T00:00:00Z,2025-12-22T00:00:00Z,21,SI034,Savinjska,60.16879961277611,13.457615750667173,109.1162339434959,22.583250972130006,225,169,56,Sentinel Hub Statistical API / Sentinel-5P,P1D,partial
spar_fire_2025,SPAR/BTC fire,industrial_fire,NO2,µmol/m²,2025-12-22T00:00:00Z,2025-12-23T00:00:00Z,22,SI034,Savinjska,20.436810018509277,7.975095286383294,39.3811751564499,7.797280469168508,225,205,20,Sentinel Hub Statistical API / Sentinel-5P,P1D,partial
spar_fire_2025,SPAR/BTC fire,industrial_fire,NO2,µmol/m²,2025-12-23T00:00:00Z,2025-12-24T00:00:00Z,23,SI034,Savinjska,,,,,225,225,0,Sentinel Hub Statistical API / Sentinel-5P,P1D,missing
spar_fire_2025,SPAR/BTC fire,industrial_fire,NO2,µmol/m²,2025-12-24T00:00:00Z,2025-12-25T00:00:00Z,24,SI034,Savinjska,,,,,225,225,0,Sentinel Hub Statistical API / Sentinel-5P,P1D,missing
spar_fire_2025,SPAR/BTC fire,industrial_fire,NO2,µmol/m²,2025-12-25T00:00:00Z,2025-12-26T00:00:00Z,25,SI034,Savinjska,31.097366445465013,31.097366445465013,31.097366445465013,0.0,225,224,1,Sentinel Hub Statistical API / Sentinel-5P,P1D,partial
spar_fire_2025,SPAR/BTC fire,industrial_fire,NO2,µmol/m²,2025-12-26T00:00:00Z,2025-12-27T00:00:00Z,26,SI034,Savinjska,23.44613517379912,6.368521553667961,66.79287616861984,16.45464231427964,225,205,20,Sentinel Hub Statistical API / Sentinel-5P,P1D,partial
spar_fire_2025,SPAR/BTC fire,industrial_fire,NO2,µmol/m²,2025-12-27T00:00:00Z,2025-12-28T00:00:00Z,27,SI034,Savinjska,22.667467108974776,-3.245297648390988,58.100911701330915,11.319776818987828,225,89,136,Sentinel Hub Statistical API / Sentinel-5P,P1D,good
spar_fire_2025,SPAR/BTC fire,industrial_fire,NO2,µmol/m²,2025-12-28T00:00:00Z,2025-12-29T00:00:00Z,28,SI034,Savinjska,35.292267616276966,7.962051313370466,73.73712287517264,13.011291699703175,225,116,109,Sentinel Hub Statistical API / Sentinel-5P,P1D,partial
spar_fire_2025,SPAR/BTC fire,industrial_fire,NO2,µmol/m²,2025-12-29T00:00:00Z,2025-12-30T00:00:00Z,29,SI034,Savinjska,42.709300901656704,8.197870556614362,90.70615487871692,17.16749909621702,225,90,135,Sentinel Hub Statistical API / Sentinel-5P,P1D,good
spar_fire_2025,SPAR/BTC fire,industrial_fire,NO2,µmol/m²,2025-12-30T00:00:00Z,2025-12-31T00:00:00Z,30,SI034,Savinjska,,,,,225,225,0,Sentinel Hub Statistical API / Sentinel-5P,P1D,missing
spar_fire_2025,SPAR/BTC fire,industrial_fire,NO2,µmol/m²,2025-12-31T00:00:00Z,2026-01-01T00:00:00Z,31,SI034,Savinjska,16.853426303956113,-10.20067065837793,37.595345929730684,10.9587064007327,225,116,109,Sentinel Hub Statistical API / Sentinel-5P,P1D,partial
spar_fire_2025,SPAR/BTC fire,industrial_fire,NO2,µmol/m²,2025-12-01T00:00:00Z,2025-12-02T00:00:00Z,1,SI035,Zasavska,75.53255165004413,26.57761433511041,123.10918828006834,23.55999629649344,45,18,27,Sentinel Hub Statistical API / Sentinel-5P,P1D,good
spar_fire_2025,SPAR/BTC fire,industrial_fire,NO2,µmol/m²,2025-12-02T00:00:00Z,2025-12-03T00:00:00Z,2,SI035,Zasavska,,,,,45,45,0,Sentinel Hub Statistical API / Sentinel-5P,P1D,missing
spar_fire_2025,SPAR/BTC fire,industrial_fire,NO2,µmol/m²,2025-12-03T00:00:00Z,2025-12-04T00:00:00Z,3,SI035,Zasavska,,,,,45,45,0,Sentinel Hub Statistical API / Sentinel-5P,P1D,missing
spar_fire_2025,SPAR/BTC fire,industrial_fire,NO2,µmol/m²,2025-12-04T00:00:00Z,2025-12-05T00:00:00Z,4,SI035,Zasavska,,,,,45,45,0,Sentinel Hub Statistical API / Sentinel-5P,P1D,missing
spar_fire_2025,SPAR/BTC fire,industrial_fire,NO2,µmol/m²,2025-12-05T00:00:00Z,2025-12-06T00:00:00Z,5,SI035,Zasavska,154.74112296942621,130.2722521359101,179.20999380294234,24.46887083351612,45,41,4,Sentinel Hub Statistical API / Sentinel-5P,P1D,partial
spar_fire_2025,SPAR/BTC fire,industrial_fire,NO2,µmol/m²,2025-12-06T00:00:00Z,2025-12-07T00:00:00Z,6,SI035,Zasavska,,,,,45,45,0,Sentinel Hub Statistical API / Sentinel-5P,P1D,missing
spar_fire_2025,SPAR/BTC fire,industrial_fire,NO2,µmol/m²,2025-12-07T00:00:00Z,2025-12-08T00:00:00Z,7,SI035,Zasavska,34.33335493557226,-1.5760917904117377,63.342587964143604,16.89118238288721,45,27,18,Sentinel Hub Statistical API / Sentinel-5P,P1D,partial
spar_fire_2025,SPAR/BTC fire,industrial_fire,NO2,µmol/m²,2025-12-08T00:00:00Z,2025-12-09T00:00:00Z,8,SI035,Zasavska,60.78860585278433,26.496323698665947,98.13758515520021,20.32097340175123,45,10,35,Sentinel Hub Statistical API / Sentinel-5P,P1D,good
spar_fire_2025,SPAR/BTC fire,industrial_fire,NO2,µmol/m²,2025-12-09T00:00:00Z,2025-12-10T00:00:00Z,9,SI035,Zasavska,43.21713432935733,21.67653110518586,79.94283078005537,15.88300600340659,45,10,35,Sentinel Hub Statistical API / Sentinel-5P,P1D,good
spar_fire_2025,SPAR/BTC fire,industrial_fire,NO2,µmol/m²,2025-12-10T00:00:00Z,2025-12-11T00:00:00Z,10,SI035,Zasavska,55.545096880190876,20.89494591928087,82.50872633652762,15.153773921580477,45,10,35,Sentinel Hub Statistical API / Sentinel-5P,P1D,good
spar_fire_2025,SPAR/BTC fire,industrial_fire,NO2,µmol/m²,2025-12-11T00:00:00Z,2025-12-12T00:00:00Z,11,SI035,Zasavska,,,,,45,45,0,Sentinel Hub Statistical API / Sentinel-5P,P1D,missing
spar_fire_2025,SPAR/BTC fire,industrial_fire,NO2,µmol/m²,2025-12-12T00:00:00Z,2025-12-13T00:00:00Z,12,SI035,Zasavska,65.32610863359878,3.6396986615727656,136.62638957612216,27.28167928061151,45,20,25,Sentinel Hub Statistical API / Sentinel-5P,P1D,good
spar_fire_2025,SPAR/BTC fire,industrial_fire,NO2,µmol/m²,2025-12-13T00:00:00Z,2025-12-14T00:00:00Z,13,SI035,Zasavska,63.17464782302427,32.100786484079435,99.30346277542412,19.354849007277025,45,16,29,Sentinel Hub Statistical API / Sentinel-5P,P1D,good
spar_fire_2025,SPAR/BTC fire,industrial_fire,NO2,µmol/m²,2025-12-14T00:00:00Z,2025-12-15T00:00:00Z,14,SI035,Zasavska,50.311115046497434,50.311115046497434,50.311115046497434,0.0,45,43,2,Sentinel Hub Statistical API / Sentinel-5P,P1D,partial
spar_fire_2025,SPAR/BTC fire,industrial_fire,NO2,µmol/m²,2025-12-15T00:00:00Z,2025-12-16T00:00:00Z,15,SI035,Zasavska,47.05269923390546,23.652868549106643,76.83184230700135,15.8914789185796,45,18,27,Sentinel Hub Statistical API / Sentinel-5P,P1D,good
spar_fire_2025,SPAR/BTC fire,industrial_fire,NO2,µmol/m²,2025-12-16T00:00:00Z,2025-12-17T00:00:00Z,16,SI035,Zasavska,53.49988350644708,53.49988350644708,53.49988350644708,0.0,45,44,1,Sentinel Hub Statistical API / Sentinel-5P,P1D,partial
spar_fire_2025,SPAR/BTC fire,industrial_fire,NO2,µmol/m²,2025-12-17T00:00:00Z,2025-12-18T00:00:00Z,17,SI035,Zasavska,,,,,45,45,0,Sentinel Hub Statistical API / Sentinel-5P,P1D,missing
spar_fire_2025,SPAR/BTC fire,industrial_fire,NO2,µmol/m²,2025-12-18T00:00:00Z,2025-12-19T00:00:00Z,18,SI035,Zasavska,57.81950767413946,42.51741847838275,78.27141234884039,13.686394904141563,45,41,4,Sentinel Hub Statistical API / Sentinel-5P,P1D,partial
spar_fire_2025,SPAR/BTC fire,industrial_fire,NO2,µmol/m²,2025-12-19T00:00:00Z,2025-12-20T00:00:00Z,19,SI035,Zasavska,34.98527387689267,16.621488612145185,54.034233471611515,10.425324098367923,45,10,35,Sentinel Hub Statistical API / Sentinel-5P,P1D,good
spar_fire_2025,SPAR/BTC fire,industrial_fire,NO2,µmol/m²,2025-12-20T00:00:00Z,2025-12-21T00:00:00Z,20,SI035,Zasavska,56.05942836458174,55.63559170695953,56.27134669339284,0.29969777472010406,45,42,3,Sentinel Hub Statistical API / Sentinel-5P,P1D,partial
spar_fire_2025,SPAR/BTC fire,industrial_fire,NO2,µmol/m²,2025-12-21T00:00:00Z,2025-12-22T00:00:00Z,21,SI035,Zasavska,,,,,45,45,0,Sentinel Hub Statistical API / Sentinel-5P,P1D,missing
spar_fire_2025,SPAR/BTC fire,industrial_fire,NO2,µmol/m²,2025-12-22T00:00:00Z,2025-12-23T00:00:00Z,22,SI035,Zasavska,,,,,45,45,0,Sentinel Hub Statistical API / Sentinel-5P,P1D,missing
spar_fire_2025,SPAR/BTC fire,industrial_fire,NO2,µmol/m²,2025-12-23T00:00:00Z,2025-12-24T00:00:00Z,23,SI035,Zasavska,,,,,45,45,0,Sentinel Hub Statistical API / Sentinel-5P,P1D,missing
spar_fire_2025,SPAR/BTC fire,industrial_fire,NO2,µmol/m²,2025-12-24T00:00:00Z,2025-12-25T00:00:00Z,24,SI035,Zasavska,,,,,45,45,0,Sentinel Hub Statistical API / Sentinel-5P,P1D,missing
spar_fire_2025,SPAR/BTC fire,industrial_fire,NO2,µmol/m²,2025-12-25T00:00:00Z,2025-12-26T00:00:00Z,25,SI035,Zasavska,,,,,45,45,0,Sentinel Hub Statistical API / Sentinel-5P,P1D,missing
spar_fire_2025,SPAR/BTC fire,industrial_fire,NO2,µmol/m²,2025-12-26T00:00:00Z,2025-12-27T00:00:00Z,26,SI035,Zasavska,,,,,45,45,0,Sentinel Hub Statistical API / Sentinel-5P,P1D,missing
spar_fire_2025,SPAR/BTC fire,industrial_fire,NO2,µmol/m²,2025-12-27T00:00:00Z,2025-12-28T00:00:00Z,27,SI035,Zasavska,25.411450951651204,10.25468282023212,60.32470992067829,9.565612269613814,45,10,35,Sentinel Hub Statistical API / Sentinel-5P,P1D,good
spar_fire_2025,SPAR/BTC fire,industrial_fire,NO2,µmol/m²,2025-12-28T00:00:00Z,2025-12-29T00:00:00Z,28,SI035,Zasavska,34.383571346552344,24.393446437898092,44.8302089353092,5.743796476375082,45,33,12,Sentinel Hub Statistical API / Sentinel-5P,P1D,partial
spar_fire_2025,SPAR/BTC fire,industrial_fire,NO2,µmol/m²,2025-12-29T00:00:00Z,2025-12-30T00:00:00Z,29,SI035,Zasavska,35.95015735170039,12.394605619192589,68.22905561421067,11.715488045254551,45,10,35,Sentinel Hub Statistical API / Sentinel-5P,P1D,good
spar_fire_2025,SPAR/BTC fire,industrial_fire,NO2,µmol/m²,2025-12-30T00:00:00Z,2025-12-31T00:00:00Z,30,SI035,Zasavska,58.80586468265392,58.80586468265392,58.80586468265392,0.0,45,42,3,Sentinel Hub Statistical API / Sentinel-5P,P1D,partial
spar_fire_2025,SPAR/BTC fire,industrial_fire,NO2,µmol/m²,2025-12-31T00:00:00Z,2026-01-01T00:00:00Z,31,SI035,Zasavska,20.495772405411117,8.137631084537134,30.4786935885204,4.848645637889685,45,20,25,Sentinel Hub Statistical API / Sentinel-5P,P1D,good
spar_fire_2025,SPAR/BTC fire,industrial_fire,NO2,µmol/m²,2025-12-01T00:00:00Z,2025-12-02T00:00:00Z,1,SI036,Posavska,72.1884322081438,28.00658876367379,108.12694381456822,19.005961338025777,78,25,53,Sentinel Hub Statistical API / Sentinel-5P,P1D,good
spar_fire_2025,SPAR/BTC fire,industrial_fire,NO2,µmol/m²,2025-12-02T00:00:00Z,2025-12-03T00:00:00Z,2,SI036,Posavska,,,,,78,78,0,Sentinel Hub Statistical API / Sentinel-5P,P1D,missing
spar_fire_2025,SPAR/BTC fire,industrial_fire,NO2,µmol/m²,2025-12-03T00:00:00Z,2025-12-04T00:00:00Z,3,SI036,Posavska,,,,,78,78,0,Sentinel Hub Statistical API / Sentinel-5P,P1D,missing
spar_fire_2025,SPAR/BTC fire,industrial_fire,NO2,µmol/m²,2025-12-04T00:00:00Z,2025-12-05T00:00:00Z,4,SI036,Posavska,,,,,78,78,0,Sentinel Hub Statistical API / Sentinel-5P,P1D,missing
spar_fire_2025,SPAR/BTC fire,industrial_fire,NO2,µmol/m²,2025-12-05T00:00:00Z,2025-12-06T00:00:00Z,5,SI036,Posavska,166.95307567715645,166.95307567715645,166.95307567715645,0.0,78,76,2,Sentinel Hub Statistical API / Sentinel-5P,P1D,partial
spar_fire_2025,SPAR/BTC fire,industrial_fire,NO2,µmol/m²,2025-12-06T00:00:00Z,2025-12-07T00:00:00Z,6,SI036,Posavska,,,,,78,78,0,Sentinel Hub Statistical API / Sentinel-5P,P1D,missing
spar_fire_2025,SPAR/BTC fire,industrial_fire,NO2,µmol/m²,2025-12-07T00:00:00Z,2025-12-08T00:00:00Z,7,SI036,Posavska,27.977653645668468,0.24832030476318323,60.943271819269285,12.190438056011438,78,30,48,Sentinel Hub Statistical API / Sentinel-5P,P1D,good
spar_fire_2025,SPAR/BTC fire,industrial_fire,NO2,µmol/m²,2025-12-08T00:00:00Z,2025-12-09T00:00:00Z,8,SI036,Posavska,54.446366798052054,21.374218704295345,87.75221795076504,23.694544678355403,78,65,13,Sentinel Hub Statistical API / Sentinel-5P,P1D,partial
spar_fire_2025,SPAR/BTC fire,industrial_fire,NO2,µmol/m²,2025-12-09T00:00:00Z,2025-12-10T00:00:00Z,9,SI036,Posavska,36.84370656692569,1.859503527157358,104.0554852806963,19.919294015870484,78,21,57,Sentinel Hub Statistical API / Sentinel-5P,P1D,good
spar_fire_2025,SPAR/BTC fire,industrial_fire,NO2,µmol/m²,2025-12-10T00:00:00Z,2025-12-11T00:00:00Z,10,SI036,Posavska,58.46843829450506,13.771049452770967,95.72121052769944,20.349162188561184,78,19,59,Sentinel Hub Statistical API / Sentinel-5P,P1D,good
spar_fire_2025,SPAR/BTC fire,industrial_fire,NO2,µmol/m²,2025-12-11T00:00:00Z,2025-12-12T00:00:00Z,11,SI036,Posavska,64.63271310144007,29.160872145439498,116.95435387082398,21.164884276411218,78,39,39,Sentinel Hub Statistical API / Sentinel-5P,P1D,good
spar_fire_2025,SPAR/BTC fire,industrial_fire,NO2,µmol/m²,2025-12-12T00:00:00Z,2025-12-13T00:00:00Z,12,SI036,Posavska,53.35316518925292,2.4739408672758145,103.37367712054402,19.758263288208276,78,19,59,Sentinel Hub Statistical API / Sentinel-5P,P1D,good
spar_fire_2025,SPAR/BTC fire,industrial_fire,NO2,µmol/m²,2025-12-13T00:00:00Z,2025-12-14T00:00:00Z,13,SI036,Posavska,53.20186140194822,32.38443605368957,75.37404599133879,12.138969106843021,78,65,13,Sentinel Hub Statistical API / Sentinel-5P,P1D,partial
spar_fire_2025,SPAR/BTC fire,industrial_fire,NO2,µmol/m²,2025-12-14T00:00:00Z,2025-12-15T00:00:00Z,14,SI036,Posavska,,,,,78,78,0,Sentinel Hub Statistical API / Sentinel-5P,P1D,missing
spar_fire_2025,SPAR/BTC fire,industrial_fire,NO2,µmol/m²,2025-12-15T00:00:00Z,2025-12-16T00:00:00Z,15,SI036,Posavska,33.0661547195632,23.652868549106643,38.00355261773802,5.243515006255002,78,73,5,Sentinel Hub Statistical API / Sentinel-5P,P1D,partial
spar_fire_2025,SPAR/BTC fire,industrial_fire,NO2,µmol/m²,2025-12-16T00:00:00Z,2025-12-17T00:00:00Z,16,SI036,Posavska,74.72743163816631,74.72743163816631,74.72743163816631,0.0,78,77,1,Sentinel Hub Statistical API / Sentinel-5P,P1D,partial
spar_fire_2025,SPAR/BTC fire,industrial_fire,NO2,µmol/m²,2025-12-17T00:00:00Z,2025-12-18T00:00:00Z,17,SI036,Posavska,,,,,78,78,0,Sentinel Hub Statistical API / Sentinel-5P,P1D,missing
spar_fire_2025,SPAR/BTC fire,industrial_fire,NO2,µmol/m²,2025-12-18T00:00:00Z,2025-12-19T00:00:00Z,18,SI036,Posavska,49.50987266133876,27.560632588574663,80.99951082840562,13.767233677745896,78,31,47,Sentinel Hub Statistical API / Sentinel-5P,P1D,good
spar_fire_2025,SPAR/BTC fire,industrial_fire,NO2,µmol/m²,2025-12-19T00:00:00Z,2025-12-20T00:00:00Z,19,SI036,Posavska,37.66878617787339,25.509074475849047,55.099313613027334,7.9756423295188,78,19,59,Sentinel Hub Statistical API / Sentinel-5P,P1D,good
spar_fire_2025,SPAR/BTC fire,industrial_fire,NO2,µmol/m²,2025-12-20T00:00:00Z,2025-12-21T00:00:00Z,20,SI036,Posavska,52.593176709099986,40.711314795771614,76.33984932908788,13.995242984235633,78,69,9,Sentinel Hub Statistical API / Sentinel-5P,P1D,partial
spar_fire_2025,SPAR/BTC fire,industrial_fire,NO2,µmol/m²,2025-12-21T00:00:00Z,2025-12-22T00:00:00Z,21,SI036,Posavska,,,,,78,78,0,Sentinel Hub Statistical API / Sentinel-5P,P1D,missing
spar_fire_2025,SPAR/BTC fire,industrial_fire,NO2,µmol/m²,2025-12-22T00:00:00Z,2025-12-23T00:00:00Z,22,SI036,Posavska,,,,,78,78,0,Sentinel Hub Statistical API / Sentinel-5P,P1D,missing
spar_fire_2025,SPAR/BTC fire,industrial_fire,NO2,µmol/m²,2025-12-23T00:00:00Z,2025-12-24T00:00:00Z,23,SI036,Posavska,,,,,78,78,0,Sentinel Hub Statistical API / Sentinel-5P,P1D,missing
spar_fire_2025,SPAR/BTC fire,industrial_fire,NO2,µmol/m²,2025-12-24T00:00:00Z,2025-12-25T00:00:00Z,24,SI036,Posavska,,,,,78,78,0,Sentinel Hub Statistical API / Sentinel-5P,P1D,missing
spar_fire_2025,SPAR/BTC fire,industrial_fire,NO2,µmol/m²,2025-12-25T00:00:00Z,2025-12-26T00:00:00Z,25,SI036,Posavska,,,,,78,78,0,Sentinel Hub Statistical API / Sentinel-5P,P1D,missing
spar_fire_2025,SPAR/BTC fire,industrial_fire,NO2,µmol/m²,2025-12-26T00:00:00Z,2025-12-27T00:00:00Z,26,SI036,Posavska,,,,,78,78,0,Sentinel Hub Statistical API / Sentinel-5P,P1D,missing
spar_fire_2025,SPAR/BTC fire,industrial_fire,NO2,µmol/m²,2025-12-27T00:00:00Z,2025-12-28T00:00:00Z,27,SI036,Posavska,26.463548470309572,5.939834409218747,42.89939533919096,10.64137607714184,78,31,47,Sentinel Hub Statistical API / Sentinel-5P,P1D,good
spar_fire_2025,SPAR/BTC fire,industrial_fire,NO2,µmol/m²,2025-12-28T00:00:00Z,2025-12-29T00:00:00Z,28,SI036,Posavska,44.26386766816846,28.277507226448506,58.76542491023429,9.481742865718397,78,31,47,Sentinel Hub Statistical API / Sentinel-5P,P1D,good
spar_fire_2025,SPAR/BTC fire,industrial_fire,NO2,µmol/m²,2025-12-29T00:00:00Z,2025-12-30T00:00:00Z,29,SI036,Posavska,47.71766994053905,22.1006412175484,77.12150545557961,13.421279673883205,78,38,40,Sentinel Hub Statistical API / Sentinel-5P,P1D,good
spar_fire_2025,SPAR/BTC fire,industrial_fire,NO2,µmol/m²,2025-12-30T00:00:00Z,2025-12-31T00:00:00Z,30,SI036,Posavska,,,,,78,78,0,Sentinel Hub Statistical API / Sentinel-5P,P1D,missing
spar_fire_2025,SPAR/BTC fire,industrial_fire,NO2,µmol/m²,2025-12-31T00:00:00Z,2026-01-01T00:00:00Z,31,SI036,Posavska,26.06161287985742,7.548273515567416,44.912114390172064,10.284024405789799,78,53,25,Sentinel Hub Statistical API / Sentinel-5P,P1D,partial
spar_fire_2025,SPAR/BTC fire,industrial_fire,NO2,µmol/m²,2025-12-01T00:00:00Z,2025-12-02T00:00:00Z,1,SI037,Jugovzhodna Slovenija,71.624851989327,31.64310328429565,99.10299559123814,19.133407587672714,204,194,10,Sentinel Hub Statistical API / Sentinel-5P,P1D,partial
spar_fire_2025,SPAR/BTC fire,industrial_fire,NO2,µmol/m²,2025-12-02T00:00:00Z,2025-12-03T00:00:00Z,2,SI037,Jugovzhodna Slovenija,,,,,204,204,0,Sentinel Hub Statistical API / Sentinel-5P,P1D,missing
spar_fire_2025,SPAR/BTC fire,industrial_fire,NO2,µmol/m²,2025-12-03T00:00:00Z,2025-12-04T00:00:00Z,3,SI037,Jugovzhodna Slovenija,,,,,204,204,0,Sentinel Hub Statistical API / Sentinel-5P,P1D,missing
spar_fire_2025,SPAR/BTC fire,industrial_fire,NO2,µmol/m²,2025-12-04T00:00:00Z,2025-12-05T00:00:00Z,4,SI037,Jugovzhodna Slovenija,,,,,204,204,0,Sentinel Hub Statistical API / Sentinel-5P,P1D,missing
spar_fire_2025,SPAR/BTC fire,industrial_fire,NO2,µmol/m²,2025-12-05T00:00:00Z,2025-12-06T00:00:00Z,5,SI037,Jugovzhodna Slovenija,103.08809448490918,69.96586307650432,166.95307567715645,22.672000487385915,204,176,28,Sentinel Hub Statistical API / Sentinel-5P,P1D,partial
spar_fire_2025,SPAR/BTC fire,industrial_fire,NO2,µmol/m²,2025-12-06T00:00:00Z,2025-12-07T00:00:00Z,6,SI037,Jugovzhodna Slovenija,,,,,204,204,0,Sentinel Hub Statistical API / Sentinel-5P,P1D,missing
spar_fire_2025,SPAR/BTC fire,industrial_fire,NO2,µmol/m²,2025-12-07T00:00:00Z,2025-12-08T00:00:00Z,7,SI037,Jugovzhodna Slovenija,26.763902389896376,4.836942025576718,60.13338133925572,12.531136664486166,204,187,17,Sentinel Hub Statistical API / Sentinel-5P,P1D,partial
spar_fire_2025,SPAR/BTC fire,industrial_fire,NO2,µmol/m²,2025-12-08T00:00:00Z,2025-12-09T00:00:00Z,8,SI037,Jugovzhodna Slovenija,39.11399277678987,0.45913233748251514,73.06683255592361,16.80085335503424,204,74,130,Sentinel Hub Statistical API / Sentinel-5P,P1D,good
spar_fire_2025,SPAR/BTC fire,industrial_fire,NO2,µmol/m²,2025-12-09T00:00:00Z,2025-12-10T00:00:00Z,9,SI037,Jugovzhodna Slovenija,23.728559784296447,0.4510471853791387,59.76071406621486,11.017335984289126,204,53,151,Sentinel Hub Statistical API / Sentinel-5P,P1D,good
spar_fire_2025,SPAR/BTC fire,industrial_fire,NO2,µmol/m²,2025-12-10T00:00:00Z,2025-12-11T00:00:00Z,10,SI037,Jugovzhodna Slovenija,52.3682513793399,12.52284891961608,107.22126899054274,19.56700456344271,204,53,151,Sentinel Hub Statistical API / Sentinel-5P,P1D,good
spar_fire_2025,SPAR/BTC fire,industrial_fire,NO2,µmol/m²,2025-12-11T00:00:00Z,2025-12-12T00:00:00Z,11,SI037,Jugovzhodna Slovenija,52.19169632793227,19.26120057760272,99.69574603019282,17.05086048102577,204,133,71,Sentinel Hub Statistical API / Sentinel-5P,P1D,partial
spar_fire_2025,SPAR/BTC fire,industrial_fire,NO2,µmol/m²,2025-12-12T00:00:00Z,2025-12-13T00:00:00Z,12,SI037,Jugovzhodna Slovenija,43.001033089017334,5.846182830282487,103.37367712054402,19.411094451193932,204,106,98,Sentinel Hub Statistical API / Sentinel-5P,P1D,partial
spar_fire_2025,SPAR/BTC fire,industrial_fire,NO2,µmol/m²,2025-12-13T00:00:00Z,2025-12-14T00:00:00Z,13,SI037,Jugovzhodna Slovenija,41.97338985586948,14.614484825870022,99.30346277542412,16.417950063522323,204,150,54,Sentinel Hub Statistical API / Sentinel-5P,P1D,partial
spar_fire_2025,SPAR/BTC fire,industrial_fire,NO2,µmol/m²,2025-12-14T00:00:00Z,2025-12-15T00:00:00Z,14,SI037,Jugovzhodna Slovenija,26.85825620574178,20.87203574774321,44.845404772786424,5.931400964028728,204,178,26,Sentinel Hub Statistical API / Sentinel-5P,P1D,partial
spar_fire_2025,SPAR/BTC fire,industrial_fire,NO2,µmol/m²,2025-12-15T00:00:00Z,2025-12-16T00:00:00Z,15,SI037,Jugovzhodna Slovenija,20.632702122232637,-11.065739272453357,56.6142080060672,11.97713106438678,204,132,72,Sentinel Hub Statistical API / Sentinel-5P,P1D,partial
spar_fire_2025,SPAR/BTC fire,industrial_fire,NO2,µmol/m²,2025-12-16T00:00:00Z,2025-12-17T00:00:00Z,16,SI037,Jugovzhodna Slovenija,45.982408702608765,-7.456932053173659,78.2840870670043,25.346952899755077,204,192,12,Sentinel Hub Statistical API / Sentinel-5P,P1D,partial
spar_fire_2025,SPAR/BTC fire,industrial_fire,NO2,µmol/m²,2025-12-17T00:00:00Z,2025-12-18T00:00:00Z,17,SI037,Jugovzhodna Slovenija,100.0422053039074,86.8858041940257,113.1986064137891,13.156401109881699,204,202,2,Sentinel Hub Statistical API / Sentinel-5P,P1D,partial
spar_fire_2025,SPAR/BTC fire,industrial_fire,NO2,µmol/m²,2025-12-18T00:00:00Z,2025-12-19T00:00:00Z,18,SI037,Jugovzhodna Slovenija,36.81361524286331,13.32896590611199,74.6357036405243,12.44745232569495,204,104,100,Sentinel Hub Statistical API / Sentinel-5P,P1D,partial
spar_fire_2025,SPAR/BTC fire,industrial_fire,NO2,µmol/m²,2025-12-19T00:00:00Z,2025-12-20T00:00:00Z,19,SI037,Jugovzhodna Slovenija,33.91802972843824,16.81438516243361,58.88868327019736,9.980714572841633,204,101,103,Sentinel Hub Statistical API / Sentinel-5P,P1D,good
spar_fire_2025,SPAR/BTC fire,industrial_fire,NO2,µmol/m²,2025-12-20T00:00:00Z,2025-12-21T00:00:00Z,20,SI037,Jugovzhodna Slovenija,,,,,204,204,0,Sentinel Hub Statistical API / Sentinel-5P,P1D,missing
spar_fire_2025,SPAR/BTC fire,industrial_fire,NO2,µmol/m²,2025-12-21T00:00:00Z,2025-12-22T00:00:00Z,21,SI037,Jugovzhodna Slovenija,,,,,204,204,0,Sentinel Hub Statistical API / Sentinel-5P,P1D,missing
spar_fire_2025,SPAR/BTC fire,industrial_fire,NO2,µmol/m²,2025-12-22T00:00:00Z,2025-12-23T00:00:00Z,22,SI037,Jugovzhodna Slovenija,,,,,204,204,0,Sentinel Hub Statistical API / Sentinel-5P,P1D,missing
spar_fire_2025,SPAR/BTC fire,industrial_fire,NO2,µmol/m²,2025-12-23T00:00:00Z,2025-12-24T00:00:00Z,23,SI037,Jugovzhodna Slovenija,,,,,204,204,0,Sentinel Hub Statistical API / Sentinel-5P,P1D,missing
spar_fire_2025,SPAR/BTC fire,industrial_fire,NO2,µmol/m²,2025-12-24T00:00:00Z,2025-12-25T00:00:00Z,24,SI037,Jugovzhodna Slovenija,,,,,204,204,0,Sentinel Hub Statistical API / Sentinel-5P,P1D,missing
spar_fire_2025,SPAR/BTC fire,industrial_fire,NO2,µmol/m²,2025-12-25T00:00:00Z,2025-12-26T00:00:00Z,25,SI037,Jugovzhodna Slovenija,,,,,204,204,0,Sentinel Hub Statistical API / Sentinel-5P,P1D,missing
spar_fire_2025,SPAR/BTC fire,industrial_fire,NO2,µmol/m²,2025-12-26T00:00:00Z,2025-12-27T00:00:00Z,26,SI037,Jugovzhodna Slovenija,,,,,204,204,0,Sentinel Hub Statistical API / Sentinel-5P,P1D,missing
spar_fire_2025,SPAR/BTC fire,industrial_fire,NO2,µmol/m²,2025-12-27T00:00:00Z,2025-12-28T00:00:00Z,27,SI037,Jugovzhodna Slovenija,19.144162653729243,0.6170823780848878,50.36376023781486,10.012387828409434,204,88,116,Sentinel Hub Statistical API / Sentinel-5P,P1D,good
spar_fire_2025,SPAR/BTC fire,industrial_fire,NO2,µmol/m²,2025-12-28T00:00:00Z,2025-12-29T00:00:00Z,28,SI037,Jugovzhodna Slovenija,33.40115943454947,17.82817707862705,56.60050010192208,10.619657809658168,204,165,39,Sentinel Hub Statistical API / Sentinel-5P,P1D,partial
spar_fire_2025,SPAR/BTC fire,industrial_fire,NO2,µmol/m²,2025-12-29T00:00:00Z,2025-12-30T00:00:00Z,29,SI037,Jugovzhodna Slovenija,37.507817331480986,16.51617458264809,78.3238501753658,12.990330886341194,204,100,104,Sentinel Hub Statistical API / Sentinel-5P,P1D,good
spar_fire_2025,SPAR/BTC fire,industrial_fire,NO2,µmol/m²,2025-12-30T00:00:00Z,2025-12-31T00:00:00Z,30,SI037,Jugovzhodna Slovenija,55.25499060847021,33.51251143612899,102.169782621786,27.369990875601374,204,192,12,Sentinel Hub Statistical API / Sentinel-5P,P1D,partial
spar_fire_2025,SPAR/BTC fire,industrial_fire,NO2,µmol/m²,2025-12-31T00:00:00Z,2026-01-01T00:00:00Z,31,SI037,Jugovzhodna Slovenija,22.064623894598647,-1.4655287259301986,44.912114390172064,10.689660118576622,204,139,65,Sentinel Hub Statistical API / Sentinel-5P,P1D,partial
spar_fire_2025,SPAR/BTC fire,industrial_fire,NO2,µmol/m²,2025-12-01T00:00:00Z,2025-12-02T00:00:00Z,1,SI038,Primorsko-notranjska,,,,,88,88,0,Sentinel Hub Statistical API / Sentinel-5P,P1D,missing
spar_fire_2025,SPAR/BTC fire,industrial_fire,NO2,µmol/m²,2025-12-02T00:00:00Z,2025-12-03T00:00:00Z,2,SI038,Primorsko-notranjska,,,,,88,88,0,Sentinel Hub Statistical API / Sentinel-5P,P1D,missing
spar_fire_2025,SPAR/BTC fire,industrial_fire,NO2,µmol/m²,2025-12-03T00:00:00Z,2025-12-04T00:00:00Z,3,SI038,Primorsko-notranjska,56.56882785842754,56.56882785842754,56.56882785842754,0.0,88,87,1,Sentinel Hub Statistical API / Sentinel-5P,P1D,partial
spar_fire_2025,SPAR/BTC fire,industrial_fire,NO2,µmol/m²,2025-12-04T00:00:00Z,2025-12-05T00:00:00Z,4,SI038,Primorsko-notranjska,,,,,88,88,0,Sentinel Hub Statistical API / Sentinel-5P,P1D,missing
spar_fire_2025,SPAR/BTC fire,industrial_fire,NO2,µmol/m²,2025-12-05T00:00:00Z,2025-12-06T00:00:00Z,5,SI038,Primorsko-notranjska,42.16782040065014,17.29226642055437,70.31487621134147,13.928662328912154,88,55,33,Sentinel Hub Statistical API / Sentinel-5P,P1D,partial
spar_fire_2025,SPAR/BTC fire,industrial_fire,NO2,µmol/m²,2025-12-06T00:00:00Z,2025-12-07T00:00:00Z,6,SI038,Primorsko-notranjska,72.34315042016813,39.11910607712343,104.49832916492596,18.478056485165077,88,75,13,Sentinel Hub Statistical API / Sentinel-5P,P1D,partial
spar_fire_2025,SPAR/BTC fire,industrial_fire,NO2,µmol/m²,2025-12-07T00:00:00Z,2025-12-08T00:00:00Z,7,SI038,Primorsko-notranjska,22.56665752261492,-3.8381494960049167,53.413310524774715,13.961690805036802,88,36,52,Sentinel Hub Statistical API / Sentinel-5P,P1D,good
spar_fire_2025,SPAR/BTC fire,industrial_fire,NO2,µmol/m²,2025-12-08T00:00:00Z,2025-12-09T00:00:00Z,8,SI038,Primorsko-notranjska,42.38588617563775,2.2289768821792677,91.79732296615839,20.47117176953121,88,7,81,Sentinel Hub Statistical API / Sentinel-5P,P1D,good
spar_fire_2025,SPAR/BTC fire,industrial_fire,NO2,µmol/m²,2025-12-09T00:00:00Z,2025-12-10T00:00:00Z,9,SI038,Primorsko-notranjska,28.797460259615217,0.4510471853791387,61.22287595644593,17.032214499322684,88,7,81,Sentinel Hub Statistical API / Sentinel-5P,P1D,good
spar_fire_2025,SPAR/BTC fire,industrial_fire,NO2,µmol/m²,2025-12-10T00:00:00Z,2025-12-11T00:00:00Z,10,SI038,Primorsko-notranjska,56.11975126983355,1.4145272189125535,128.8415223825723,22.787439897797707,88,12,76,Sentinel Hub Statistical API / Sentinel-5P,P1D,good
spar_fire_2025,SPAR/BTC fire,industrial_fire,NO2,µmol/m²,2025-12-11T00:00:00Z,2025-12-12T00:00:00Z,11,SI038,Primorsko-notranjska,51.323958498667515,6.956452125450596,86.7452981765382,19.333219791539474,88,16,72,Sentinel Hub Statistical API / Sentinel-5P,P1D,good
spar_fire_2025,SPAR/BTC fire,industrial_fire,NO2,µmol/m²,2025-12-12T00:00:00Z,2025-12-13T00:00:00Z,12,SI038,Primorsko-notranjska,36.96671928992147,7.229634320538025,84.19236837653443,16.239386437862482,88,8,80,Sentinel Hub Statistical API / Sentinel-5P,P1D,good
spar_fire_2025,SPAR/BTC fire,industrial_fire,NO2,µmol/m²,2025-12-13T00:00:00Z,2025-12-14T00:00:00Z,13,SI038,Primorsko-notranjska,35.06020683617641,12.044994946336374,71.12012826837599,12.64587039252701,88,9,79,Sentinel Hub Statistical API / Sentinel-5P,P1D,good
spar_fire_2025,SPAR/BTC fire,industrial_fire,NO2,µmol/m²,2025-12-14T00:00:00Z,2025-12-15T00:00:00Z,14,SI038,Primorsko-notranjska,35.039948420489985,22.07716715929564,52.537292503984645,7.306911619998698,88,8,80,Sentinel Hub Statistical API / Sentinel-5P,P1D,good
spar_fire_2025,SPAR/BTC fire,industrial_fire,NO2,µmol/m²,2025-12-15T00:00:00Z,2025-12-16T00:00:00Z,15,SI038,Primorsko-notranjska,26.646446976995737,-1.2352186331554549,46.58216857933439,11.876966146254476,88,7,81,Sentinel Hub Statistical API / Sentinel-5P,P1D,good
spar_fire_2025,SPAR/BTC fire,industrial_fire,NO2,µmol/m²,2025-12-16T00:00:00Z,2025-12-17T00:00:00Z,16,SI038,Primorsko-notranjska,,,,,88,88,0,Sentinel Hub Statistical API / Sentinel-5P,P1D,missing
spar_fire_2025,SPAR/BTC fire,industrial_fire,NO2,µmol/m²,2025-12-17T00:00:00Z,2025-12-18T00:00:00Z,17,SI038,Primorsko-notranjska,,,,,88,88,0,Sentinel Hub Statistical API / Sentinel-5P,P1D,missing
spar_fire_2025,SPAR/BTC fire,industrial_fire,NO2,µmol/m²,2025-12-18T00:00:00Z,2025-12-19T00:00:00Z,18,SI038,Primorsko-notranjska,,,,,88,88,0,Sentinel Hub Statistical API / Sentinel-5P,P1D,missing
spar_fire_2025,SPAR/BTC fire,industrial_fire,NO2,µmol/m²,2025-12-19T00:00:00Z,2025-12-20T00:00:00Z,19,SI038,Primorsko-notranjska,26.051920031022746,22.966631149756722,29.13720891228877,3.085288881266025,88,80,8,Sentinel Hub Statistical API / Sentinel-5P,P1D,partial
spar_fire_2025,SPAR/BTC fire,industrial_fire,NO2,µmol/m²,2025-12-20T00:00:00Z,2025-12-21T00:00:00Z,20,SI038,Primorsko-notranjska,44.86930338316598,31.86332105542533,60.32344026607461,9.492537576708315,88,58,30,Sentinel Hub Statistical API / Sentinel-5P,P1D,partial
spar_fire_2025,SPAR/BTC fire,industrial_fire,NO2,µmol/m²,2025-12-21T00:00:00Z,2025-12-22T00:00:00Z,21,SI038,Primorsko-notranjska,40.512687142259765,13.059860066277906,75.38930367445573,14.76738936321666,88,47,41,Sentinel Hub Statistical API / Sentinel-5P,P1D,partial
spar_fire_2025,SPAR/BTC fire,industrial_fire,NO2,µmol/m²,2025-12-22T00:00:00Z,2025-12-23T00:00:00Z,22,SI038,Primorsko-notranjska,24.72623507488746,-13.636674339068122,68.65155592095107,15.994693231650736,88,62,26,Sentinel Hub Statistical API / Sentinel-5P,P1D,partial
spar_fire_2025,SPAR/BTC fire,industrial_fire,NO2,µmol/m²,2025-12-23T00:00:00Z,2025-12-24T00:00:00Z,23,SI038,Primorsko-notranjska,,,,,88,88,0,Sentinel Hub Statistical API / Sentinel-5P,P1D,missing
spar_fire_2025,SPAR/BTC fire,industrial_fire,NO2,µmol/m²,2025-12-24T00:00:00Z,2025-12-25T00:00:00Z,24,SI038,Primorsko-notranjska,,,,,88,88,0,Sentinel Hub Statistical API / Sentinel-5P,P1D,missing
spar_fire_2025,SPAR/BTC fire,industrial_fire,NO2,µmol/m²,2025-12-25T00:00:00Z,2025-12-26T00:00:00Z,25,SI038,Primorsko-notranjska,35.695688438863726,20.86129279632587,40.640486986376345,8.564642317484642,88,84,4,Sentinel Hub Statistical API / Sentinel-5P,P1D,partial
spar_fire_2025,SPAR/BTC fire,industrial_fire,NO2,µmol/m²,2025-12-26T00:00:00Z,2025-12-27T00:00:00Z,26,SI038,Primorsko-notranjska,36.513029044726856,21.255773390294053,60.278991441009566,9.624038614933465,88,60,28,Sentinel Hub Statistical API / Sentinel-5P,P1D,partial
spar_fire_2025,SPAR/BTC fire,industrial_fire,NO2,µmol/m²,2025-12-27T00:00:00Z,2025-12-28T00:00:00Z,27,SI038,Primorsko-notranjska,16.65440462473293,-26.81083424249664,84.48709559161216,16.18624252787257,88,7,81,Sentinel Hub Statistical API / Sentinel-5P,P1D,good
spar_fire_2025,SPAR/BTC fire,industrial_fire,NO2,µmol/m²,2025-12-28T00:00:00Z,2025-12-29T00:00:00Z,28,SI038,Primorsko-notranjska,31.346094359226605,2.2956896827963647,68.5154227539897,12.021455604179081,88,13,75,Sentinel Hub Statistical API / Sentinel-5P,P1D,good
spar_fire_2025,SPAR/BTC fire,industrial_fire,NO2,µmol/m²,2025-12-29T00:00:00Z,2025-12-30T00:00:00Z,29,SI038,Primorsko-notranjska,34.02180932057121,11.854767762997653,65.80807530554011,11.926904385752552,88,14,74,Sentinel Hub Statistical API / Sentinel-5P,P1D,good
spar_fire_2025,SPAR/BTC fire,industrial_fire,NO2,µmol/m²,2025-12-30T00:00:00Z,2025-12-31T00:00:00Z,30,SI038,Primorsko-notranjska,36.78801652065225,19.570279619074427,56.641285482328385,11.088895009191448,88,33,55,Sentinel Hub Statistical API / Sentinel-5P,P1D,good
spar_fire_2025,SPAR/BTC fire,industrial_fire,NO2,µmol/m²,2025-12-31T00:00:00Z,2026-01-01T00:00:00Z,31,SI038,Primorsko-notranjska,23.02369608642358,-13.865593246009666,47.58911018143408,12.596663585577693,88,31,57,Sentinel Hub Statistical API / Sentinel-5P,P1D,good
spar_fire_2025,SPAR/BTC fire,industrial_fire,NO2,µmol/m²,2025-12-01T00:00:00Z,2025-12-02T00:00:00Z,1,SI041,Osrednjeslovenska,85.77234144292059,-9.67987762123812,216.1080192308873,37.87153659329154,221,159,62,Sentinel Hub Statistical API / Sentinel-5P,P1D,partial
spar_fire_2025,SPAR/BTC fire,industrial_fire,NO2,µmol/m²,2025-12-02T00:00:00Z,2025-12-03T00:00:00Z,2,SI041,Osrednjeslovenska,74.6356563467998,41.82583870715462,92.15848695021123,18.50491420596962,221,216,5,Sentinel Hub Statistical API / Sentinel-5P,P1D,partial
spar_fire_2025,SPAR/BTC fire,industrial_fire,NO2,µmol/m²,2025-12-03T00:00:00Z,2025-12-04T00:00:00Z,3,SI041,Osrednjeslovenska,33.777920959567254,23.946613509906456,45.39689325611107,10.168066824523708,221,214,7,Sentinel Hub Statistical API / Sentinel-5P,P1D,partial
spar_fire_2025,SPAR/BTC fire,industrial_fire,NO2,µmol/m²,2025-12-04T00:00:00Z,2025-12-05T00:00:00Z,4,SI041,Osrednjeslovenska,,,,,221,221,0,Sentinel Hub Statistical API / Sentinel-5P,P1D,missing
spar_fire_2025,SPAR/BTC fire,industrial_fire,NO2,µmol/m²,2025-12-05T00:00:00Z,2025-12-06T00:00:00Z,5,SI041,Osrednjeslovenska,52.41513326836866,16.189920643228106,130.43556828051805,33.56154461418849,221,201,20,Sentinel Hub Statistical API / Sentinel-5P,P1D,partial
spar_fire_2025,SPAR/BTC fire,industrial_fire,NO2,µmol/m²,2025-12-06T00:00:00Z,2025-12-07T00:00:00Z,6,SI041,Osrednjeslovenska,,,,,221,221,0,Sentinel Hub Statistical API / Sentinel-5P,P1D,missing
spar_fire_2025,SPAR/BTC fire,industrial_fire,NO2,µmol/m²,2025-12-07T00:00:00Z,2025-12-08T00:00:00Z,7,SI041,Osrednjeslovenska,22.18256063315493,6.0120728448964655,47.28452768176794,13.526114951807859,221,201,20,Sentinel Hub Statistical API / Sentinel-5P,P1D,partial
spar_fire_2025,SPAR/BTC fire,industrial_fire,NO2,µmol/m²,2025-12-08T00:00:00Z,2025-12-09T00:00:00Z,8,SI041,Osrednjeslovenska,52.46376398505301,4.006605195172597,137.80409062746912,25.402124734419065,221,78,143,Sentinel Hub Statistical API / Sentinel-5P,P1D,good
spar_fire_2025,SPAR/BTC fire,industrial_fire,NO2,µmol/m²,2025-12-09T00:00:00Z,2025-12-10T00:00:00Z,9,SI041,Osrednjeslovenska,49.92869985434189,9.125816177402157,137.88467913400382,33.15256486188366,221,100,121,Sentinel Hub Statistical API / Sentinel-5P,P1D,good
spar_fire_2025,SPAR/BTC fire,industrial_fire,NO2,µmol/m²,2025-12-10T00:00:00Z,2025-12-11T00:00:00Z,10,SI041,Osrednjeslovenska,66.40979328698576,8.210026862798259,139.59503849036992,25.862603254433438,221,76,145,Sentinel Hub Statistical API / Sentinel-5P,P1D,good
spar_fire_2025,SPAR/BTC fire,industrial_fire,NO2,µmol/m²,2025-12-11T00:00:00Z,2025-12-12T00:00:00Z,11,SI041,Osrednjeslovenska,51.602666806300284,18.576165530248545,103.93396223662421,19.634455027613765,221,176,45,Sentinel Hub Statistical API / Sentinel-5P,P1D,partial
spar_fire_2025,SPAR/BTC fire,industrial_fire,NO2,µmol/m²,2025-12-12T00:00:00Z,2025-12-13T00:00:00Z,12,SI041,Osrednjeslovenska,50.86009745614969,3.6396986615727656,136.62638957612216,22.02297591176291,221,151,70,Sentinel Hub Statistical API / Sentinel-5P,P1D,partial
spar_fire_2025,SPAR/BTC fire,industrial_fire,NO2,µmol/m²,2025-12-13T00:00:00Z,2025-12-14T00:00:00Z,13,SI041,Osrednjeslovenska,54.595014759952214,29.30521259258967,81.47693006321788,12.525732031740652,221,168,53,Sentinel Hub Statistical API / Sentinel-5P,P1D,partial
spar_fire_2025,SPAR/BTC fire,industrial_fire,NO2,µmol/m²,2025-12-14T00:00:00Z,2025-12-15T00:00:00Z,14,SI041,Osrednjeslovenska,34.83443956332738,15.236036233545747,52.537292503984645,9.416082991457724,221,172,49,Sentinel Hub Statistical API / Sentinel-5P,P1D,partial
spar_fire_2025,SPAR/BTC fire,industrial_fire,NO2,µmol/m²,2025-12-15T00:00:00Z,2025-12-16T00:00:00Z,15,SI041,Osrednjeslovenska,35.032070616918716,2.5487424863968045,76.83184230700135,15.193444789365426,221,135,86,Sentinel Hub Statistical API / Sentinel-5P,P1D,partial
spar_fire_2025,SPAR/BTC fire,industrial_fire,NO2,µmol/m²,2025-12-16T00:00:00Z,2025-12-17T00:00:00Z,16,SI041,Osrednjeslovenska,,,,,221,221,0,Sentinel Hub Statistical API / Sentinel-5P,P1D,missing
spar_fire_2025,SPAR/BTC fire,industrial_fire,NO2,µmol/m²,2025-12-17T00:00:00Z,2025-12-18T00:00:00Z,17,SI041,Osrednjeslovenska,,,,,221,221,0,Sentinel Hub Statistical API / Sentinel-5P,P1D,missing
spar_fire_2025,SPAR/BTC fire,industrial_fire,NO2,µmol/m²,2025-12-18T00:00:00Z,2025-12-19T00:00:00Z,18,SI041,Osrednjeslovenska,52.20976183611331,30.50527084269561,124.33061783667654,28.47110674188918,221,203,18,Sentinel Hub Statistical API / Sentinel-5P,P1D,partial
spar_fire_2025,SPAR/BTC fire,industrial_fire,NO2,µmol/m²,2025-12-19T00:00:00Z,2025-12-20T00:00:00Z,19,SI041,Osrednjeslovenska,34.8263228160148,16.621488612145185,54.034233471611515,9.157694725887843,221,86,135,Sentinel Hub Statistical API / Sentinel-5P,P1D,good
spar_fire_2025,SPAR/BTC fire,industrial_fire,NO2,µmol/m²,2025-12-20T00:00:00Z,2025-12-21T00:00:00Z,20,SI041,Osrednjeslovenska,41.05586898125088,21.46799670299515,69.43003972992301,12.97164117167758,221,188,33,Sentinel Hub Statistical API / Sentinel-5P,P1D,partial
spar_fire_2025,SPAR/BTC fire,industrial_fire,NO2,µmol/m²,2025-12-21T00:00:00Z,2025-12-22T00:00:00Z,21,SI041,Osrednjeslovenska,36.05543838602898,13.457615750667173,56.17459464701824,13.419439770402091,221,209,12,Sentinel Hub Statistical API / Sentinel-5P,P1D,partial
spar_fire_2025,SPAR/BTC fire,industrial_fire,NO2,µmol/m²,2025-12-22T00:00:00Z,2025-12-23T00:00:00Z,22,SI041,Osrednjeslovenska,22.236342622570437,11.664353223750368,35.72846981114708,7.301055718429804,221,210,11,Sentinel Hub Statistical API / Sentinel-5P,P1D,partial
spar_fire_2025,SPAR/BTC fire,industrial_fire,NO2,µmol/m²,2025-12-23T00:00:00Z,2025-12-24T00:00:00Z,23,SI041,Osrednjeslovenska,,,,,221,221,0,Sentinel Hub Statistical API / Sentinel-5P,P1D,missing
spar_fire_2025,SPAR/BTC fire,industrial_fire,NO2,µmol/m²,2025-12-24T00:00:00Z,2025-12-25T00:00:00Z,24,SI041,Osrednjeslovenska,,,,,221,221,0,Sentinel Hub Statistical API / Sentinel-5P,P1D,missing
spar_fire_2025,SPAR/BTC fire,industrial_fire,NO2,µmol/m²,2025-12-25T00:00:00Z,2025-12-26T00:00:00Z,25,SI041,Osrednjeslovenska,31.097366445465013,31.097366445465013,31.097366445465013,0.0,221,220,1,Sentinel Hub Statistical API / Sentinel-5P,P1D,partial
spar_fire_2025,SPAR/BTC fire,industrial_fire,NO2,µmol/m²,2025-12-26T00:00:00Z,2025-12-27T00:00:00Z,26,SI041,Osrednjeslovenska,19.861000328091905,6.368521553667961,37.528006942011416,10.694705719347013,221,211,10,Sentinel Hub Statistical API / Sentinel-5P,P1D,partial
spar_fire_2025,SPAR/BTC fire,industrial_fire,NO2,µmol/m²,2025-12-27T00:00:00Z,2025-12-28T00:00:00Z,27,SI041,Osrednjeslovenska,18.264114845750907,-3.245297648390988,39.394464693032205,8.558962351546871,221,122,99,Sentinel Hub Statistical API / Sentinel-5P,P1D,partial
spar_fire_2025,SPAR/BTC fire,industrial_fire,NO2,µmol/m²,2025-12-28T00:00:00Z,2025-12-29T00:00:00Z,28,SI041,Osrednjeslovenska,32.34169986778095,13.8501691253623,48.23681229026988,8.314607562172172,221,176,45,Sentinel Hub Statistical API / Sentinel-5P,P1D,partial
spar_fire_2025,SPAR/BTC fire,industrial_fire,NO2,µmol/m²,2025-12-29T00:00:00Z,2025-12-30T00:00:00Z,29,SI041,Osrednjeslovenska,39.095918878203875,8.683266969455872,98.3341597020626,19.117801674368067,221,105,116,Sentinel Hub Statistical API / Sentinel-5P,P1D,good
spar_fire_2025,SPAR/BTC fire,industrial_fire,NO2,µmol/m²,2025-12-30T00:00:00Z,2025-12-31T00:00:00Z,30,SI041,Osrednjeslovenska,72.2261591783116,29.531853215303272,147.61919737793505,30.017304791389982,221,143,78,Sentinel Hub Statistical API / Sentinel-5P,P1D,partial
spar_fire_2025,SPAR/BTC fire,industrial_fire,NO2,µmol/m²,2025-12-31T00:00:00Z,2026-01-01T00:00:00Z,31,SI041,Osrednjeslovenska,27.6594247351815,-3.7528920984186698,75.45922562712803,15.232222505145785,221,94,127,Sentinel Hub Statistical API / Sentinel-5P,P1D,good
spar_fire_2025,SPAR/BTC fire,industrial_fire,NO2,µmol/m²,2025-12-01T00:00:00Z,2025-12-02T00:00:00Z,1,SI042,Gorenjska,39.085378808167434,-9.67987762123812,99.61385512724519,21.39610560554885,180,98,82,Sentinel Hub Statistical API / Sentinel-5P,P1D,partial
spar_fire_2025,SPAR/BTC fire,industrial_fire,NO2,µmol/m²,2025-12-02T00:00:00Z,2025-12-03T00:00:00Z,2,SI042,Gorenjska,45.29207366100639,16.644065908621997,92.15848695021123,22.05496439284132,180,147,33,Sentinel Hub Statistical API / Sentinel-5P,P1D,partial
spar_fire_2025,SPAR/BTC fire,industrial_fire,NO2,µmol/m²,2025-12-03T00:00:00Z,2025-12-04T00:00:00Z,3,SI042,Gorenjska,31.69033379890606,20.06593240366783,47.851568524492905,6.00387087945195,180,160,20,Sentinel Hub Statistical API / Sentinel-5P,P1D,partial
spar_fire_2025,SPAR/BTC fire,industrial_fire,NO2,µmol/m²,2025-12-04T00:00:00Z,2025-12-05T00:00:00Z,4,SI042,Gorenjska,,,,,180,180,0,Sentinel Hub Statistical API / Sentinel-5P,P1D,missing
spar_fire_2025,SPAR/BTC fire,industrial_fire,NO2,µmol/m²,2025-12-05T00:00:00Z,2025-12-06T00:00:00Z,5,SI042,Gorenjska,42.2890589106828,17.611257135285996,77.3151041357778,23.172543107395047,180,173,7,Sentinel Hub Statistical API / Sentinel-5P,P1D,partial
spar_fire_2025,SPAR/BTC fire,industrial_fire,NO2,µmol/m²,2025-12-06T00:00:00Z,2025-12-07T00:00:00Z,6,SI042,Gorenjska,,,,,180,180,0,Sentinel Hub Statistical API / Sentinel-5P,P1D,missing
spar_fire_2025,SPAR/BTC fire,industrial_fire,NO2,µmol/m²,2025-12-07T00:00:00Z,2025-12-08T00:00:00Z,7,SI042,Gorenjska,25.867948031645934,-0.309201283243965,63.21676482912153,15.76137431966561,180,155,25,Sentinel Hub Statistical API / Sentinel-5P,P1D,partial
spar_fire_2025,SPAR/BTC fire,industrial_fire,NO2,µmol/m²,2025-12-08T00:00:00Z,2025-12-09T00:00:00Z,8,SI042,Gorenjska,38.427668433003554,7.329448180826148,89.01114779291674,18.856012286145123,180,82,98,Sentinel Hub Statistical API / Sentinel-5P,P1D,good
spar_fire_2025,SPAR/BTC fire,industrial_fire,NO2,µmol/m²,2025-12-09T00:00:00Z,2025-12-10T00:00:00Z,9,SI042,Gorenjska,32.57169530408126,-2.564502892710152,109.01437781285495,26.815562782631467,180,124,56,Sentinel Hub Statistical API / Sentinel-5P,P1D,partial
spar_fire_2025,SPAR/BTC fire,industrial_fire,NO2,µmol/m²,2025-12-10T00:00:00Z,2025-12-11T00:00:00Z,10,SI042,Gorenjska,44.19222620815229,5.769368272012798,131.34023174643517,23.502907783511734,180,57,123,Sentinel Hub Statistical API / Sentinel-5P,P1D,good
spar_fire_2025,SPAR/BTC fire,industrial_fire,NO2,µmol/m²,2025-12-11T00:00:00Z,2025-12-12T00:00:00Z,11,SI042,Gorenjska,40.85407737322753,8.117538527585566,178.88857109937817,29.617693973644517,180,101,79,Sentinel Hub Statistical API / Sentinel-5P,P1D,partial
spar_fire_2025,SPAR/BTC fire,industrial_fire,NO2,µmol/m²,2025-12-12T00:00:00Z,2025-12-13T00:00:00Z,12,SI042,Gorenjska,39.91994591109243,-5.995678748149658,84.37192445853725,18.208234274298597,180,102,78,Sentinel Hub Statistical API / Sentinel-5P,P1D,partial
spar_fire_2025,SPAR/BTC fire,industrial_fire,NO2,µmol/m²,2025-12-13T00:00:00Z,2025-12-14T00:00:00Z,13,SI042,Gorenjska,46.68031278649296,20.325789591879584,79.542507592123,16.548190854008865,180,114,66,Sentinel Hub Statistical API / Sentinel-5P,P1D,partial
spar_fire_2025,SPAR/BTC fire,industrial_fire,NO2,µmol/m²,2025-12-14T00:00:00Z,2025-12-15T00:00:00Z,14,SI042,Gorenjska,29.8707059938292,7.011354682617821,59.158523072255775,13.552904868645845,180,73,107,Sentinel Hub Statistical API / Sentinel-5P,P1D,good
spar_fire_2025,SPAR/BTC fire,industrial_fire,NO2,µmol/m²,2025-12-15T00:00:00Z,2025-12-16T00:00:00Z,15,SI042,Gorenjska,21.461301728906523,-2.5049700980162015,63.25622234726325,13.695744735382114,180,69,111,Sentinel Hub Statistical API / Sentinel-5P,P1D,good
spar_fire_2025,SPAR/BTC fire,industrial_fire,NO2,µmol/m²,2025-12-16T00:00:00Z,2025-12-17T00:00:00Z,16,SI042,Gorenjska,26.945013814838603,26.945013814838603,26.945013814838603,0.0,180,179,1,Sentinel Hub Statistical API / Sentinel-5P,P1D,partial
spar_fire_2025,SPAR/BTC fire,industrial_fire,NO2,µmol/m²,2025-12-17T00:00:00Z,2025-12-18T00:00:00Z,17,SI042,Gorenjska,,,,,180,180,0,Sentinel Hub Statistical API / Sentinel-5P,P1D,missing
spar_fire_2025,SPAR/BTC fire,industrial_fire,NO2,µmol/m²,2025-12-18T00:00:00Z,2025-12-19T00:00:00Z,18,SI042,Gorenjska,38.01633749844768,11.037069270969369,81.75121911335737,18.414726930895377,180,148,32,Sentinel Hub Statistical API / Sentinel-5P,P1D,partial
spar_fire_2025,SPAR/BTC fire,industrial_fire,NO2,µmol/m²,2025-12-19T00:00:00Z,2025-12-20T00:00:00Z,19,SI042,Gorenjska,29.408262820405813,13.271187526697759,50.929222197737545,7.262819821963111,180,62,118,Sentinel Hub Statistical API / Sentinel-5P,P1D,good
spar_fire_2025,SPAR/BTC fire,industrial_fire,NO2,µmol/m²,2025-12-20T00:00:00Z,2025-12-21T00:00:00Z,20,SI042,Gorenjska,40.758513478067464,13.392983419180382,74.29462129948661,14.702152165657184,180,76,104,Sentinel Hub Statistical API / Sentinel-5P,P1D,good
spar_fire_2025,SPAR/BTC fire,industrial_fire,NO2,µmol/m²,2025-12-21T00:00:00Z,2025-12-22T00:00:00Z,21,SI042,Gorenjska,25.407067250299438,-0.5894771106795815,55.80416473094374,12.882582488043731,180,102,78,Sentinel Hub Statistical API / Sentinel-5P,P1D,partial
spar_fire_2025,SPAR/BTC fire,industrial_fire,NO2,µmol/m²,2025-12-22T00:00:00Z,2025-12-23T00:00:00Z,22,SI042,Gorenjska,14.865899975986743,2.7582209440879524,29.69390516227577,6.795320803388006,180,159,21,Sentinel Hub Statistical API / Sentinel-5P,P1D,partial
spar_fire_2025,SPAR/BTC fire,industrial_fire,NO2,µmol/m²,2025-12-23T00:00:00Z,2025-12-24T00:00:00Z,23,SI042,Gorenjska,,,,,180,180,0,Sentinel Hub Statistical API / Sentinel-5P,P1D,missing
spar_fire_2025,SPAR/BTC fire,industrial_fire,NO2,µmol/m²,2025-12-24T00:00:00Z,2025-12-25T00:00:00Z,24,SI042,Gorenjska,,,,,180,180,0,Sentinel Hub Statistical API / Sentinel-5P,P1D,missing
spar_fire_2025,SPAR/BTC fire,industrial_fire,NO2,µmol/m²,2025-12-25T00:00:00Z,2025-12-26T00:00:00Z,25,SI042,Gorenjska,13.436080128788793,7.213361186586553,18.63971738202963,4.085955853575282,180,171,9,Sentinel Hub Statistical API / Sentinel-5P,P1D,partial
spar_fire_2025,SPAR/BTC fire,industrial_fire,NO2,µmol/m²,2025-12-26T00:00:00Z,2025-12-27T00:00:00Z,26,SI042,Gorenjska,22.054206302376162,3.4643251183297252,47.72080137627199,10.21596057446215,180,108,72,Sentinel Hub Statistical API / Sentinel-5P,P1D,partial
spar_fire_2025,SPAR/BTC fire,industrial_fire,NO2,µmol/m²,2025-12-27T00:00:00Z,2025-12-28T00:00:00Z,27,SI042,Gorenjska,13.542991918622809,-11.718902896973304,44.94105087360367,10.818314684079414,180,65,115,Sentinel Hub Statistical API / Sentinel-5P,P1D,good
spar_fire_2025,SPAR/BTC fire,industrial_fire,NO2,µmol/m²,2025-12-28T00:00:00Z,2025-12-29T00:00:00Z,28,SI042,Gorenjska,28.129280838025196,0.8057938885031035,55.16846795217134,12.206295730220814,180,71,109,Sentinel Hub Statistical API / Sentinel-5P,P1D,good
spar_fire_2025,SPAR/BTC fire,industrial_fire,NO2,µmol/m²,2025-12-29T00:00:00Z,2025-12-30T00:00:00Z,29,SI042,Gorenjska,26.206160164128804,-2.2602123408432817,62.4843014520593,12.401116257912438,180,69,111,Sentinel Hub Statistical API / Sentinel-5P,P1D,good
spar_fire_2025,SPAR/BTC fire,industrial_fire,NO2,µmol/m²,2025-12-30T00:00:00Z,2025-12-31T00:00:00Z,30,SI042,Gorenjska,46.42897658229916,19.77249667106662,106.94486991269514,22.35416995138881,180,91,89,Sentinel Hub Statistical API / Sentinel-5P,P1D,partial
spar_fire_2025,SPAR/BTC fire,industrial_fire,NO2,µmol/m²,2025-12-31T00:00:00Z,2026-01-01T00:00:00Z,31,SI042,Gorenjska,13.596524794211751,-15.69324558658991,61.58308679005131,14.789576348595853,180,62,118,Sentinel Hub Statistical API / Sentinel-5P,P1D,good
spar_fire_2025,SPAR/BTC fire,industrial_fire,NO2,µmol/m²,2025-12-01T00:00:00Z,2025-12-02T00:00:00Z,1,SI043,Goriška,54.17041393229738,54.17041393229738,54.17041393229738,0.0,210,209,1,Sentinel Hub Statistical API / Sentinel-5P,P1D,partial
spar_fire_2025,SPAR/BTC fire,industrial_fire,NO2,µmol/m²,2025-12-02T00:00:00Z,2025-12-03T00:00:00Z,2,SI043,Goriška,37.51961048692465,20.789051632164046,55.413027439499274,13.105980304310817,210,203,7,Sentinel Hub Statistical API / Sentinel-5P,P1D,partial
spar_fire_2025,SPAR/BTC fire,industrial_fire,NO2,µmol/m²,2025-12-03T00:00:00Z,2025-12-04T00:00:00Z,3,SI043,Goriška,53.64495902742622,47.851568524492905,58.610679843695834,3.9507606244416955,210,192,18,Sentinel Hub Statistical API / Sentinel-5P,P1D,partial
spar_fire_2025,SPAR/BTC fire,industrial_fire,NO2,µmol/m²,2025-12-04T00:00:00Z,2025-12-05T00:00:00Z,4,SI043,Goriška,,,,,210,210,0,Sentinel Hub Statistical API / Sentinel-5P,P1D,missing
spar_fire_2025,SPAR/BTC fire,industrial_fire,NO2,µmol/m²,2025-12-05T00:00:00Z,2025-12-06T00:00:00Z,5,SI043,Goriška,,,,,210,210,0,Sentinel Hub Statistical API / Sentinel-5P,P1D,missing
spar_fire_2025,SPAR/BTC fire,industrial_fire,NO2,µmol/m²,2025-12-06T00:00:00Z,2025-12-07T00:00:00Z,6,SI043,Goriška,56.63696992996847,34.75209450698458,78.89136031735688,16.47780102653807,210,206,4,Sentinel Hub Statistical API / Sentinel-5P,P1D,partial
spar_fire_2025,SPAR/BTC fire,industrial_fire,NO2,µmol/m²,2025-12-07T00:00:00Z,2025-12-08T00:00:00Z,7,SI043,Goriška,32.02032858914604,-3.039409648408764,69.45049244677648,19.176343702088975,210,171,39,Sentinel Hub Statistical API / Sentinel-5P,P1D,partial
spar_fire_2025,SPAR/BTC fire,industrial_fire,NO2,µmol/m²,2025-12-08T00:00:00Z,2025-12-09T00:00:00Z,8,SI043,Goriška,43.1961211240481,-5.652897925756406,99.29762745741755,24.813400681660166,210,87,123,Sentinel Hub Statistical API / Sentinel-5P,P1D,good
spar_fire_2025,SPAR/BTC fire,industrial_fire,NO2,µmol/m²,2025-12-09T00:00:00Z,2025-12-10T00:00:00Z,9,SI043,Goriška,40.459722433060165,-2.564502892710152,104.25817163195461,23.591327337041143,210,95,115,Sentinel Hub Statistical API / Sentinel-5P,P1D,good
spar_fire_2025,SPAR/BTC fire,industrial_fire,NO2,µmol/m²,2025-12-10T00:00:00Z,2025-12-11T00:00:00Z,10,SI043,Goriška,51.97776329288515,6.090293936722446,147.24888023920357,26.289886284912566,210,115,95,Sentinel Hub Statistical API / Sentinel-5P,P1D,partial
spar_fire_2025,SPAR/BTC fire,industrial_fire,NO2,µmol/m²,2025-12-11T00:00:00Z,2025-12-12T00:00:00Z,11,SI043,Goriška,48.56975685352079,4.349522441771114,102.80677815899253,22.79600168361931,210,87,123,Sentinel Hub Statistical API / Sentinel-5P,P1D,good
spar_fire_2025,SPAR/BTC fire,industrial_fire,NO2,µmol/m²,2025-12-12T00:00:00Z,2025-12-13T00:00:00Z,12,SI043,Goriška,40.14373661545977,-5.231959676166298,92.13379235006869,19.7192058126707,210,92,118,Sentinel Hub Statistical API / Sentinel-5P,P1D,good
spar_fire_2025,SPAR/BTC fire,industrial_fire,NO2,µmol/m²,2025-12-13T00:00:00Z,2025-12-14T00:00:00Z,13,SI043,Goriška,38.909552960022765,9.214219971909188,77.9683978180401,14.887340336876434,210,120,90,Sentinel Hub Statistical API / Sentinel-5P,P1D,partial
spar_fire_2025,SPAR/BTC fire,industrial_fire,NO2,µmol/m²,2025-12-14T00:00:00Z,2025-12-15T00:00:00Z,14,SI043,Goriška,34.79794458716812,9.920905540639069,86.99796308064833,14.568051063654549,210,75,135,Sentinel Hub Statistical API / Sentinel-5P,P1D,good
spar_fire_2025,SPAR/BTC fire,industrial_fire,NO2,µmol/m²,2025-12-15T00:00:00Z,2025-12-16T00:00:00Z,15,SI043,Goriška,29.505374694439446,-3.4750453323795227,83.88355490751565,21.052680921875584,210,72,138,Sentinel Hub Statistical API / Sentinel-5P,P1D,good
spar_fire_2025,SPAR/BTC fire,industrial_fire,NO2,µmol/m²,2025-12-16T00:00:00Z,2025-12-17T00:00:00Z,16,SI043,Goriška,,,,,210,210,0,Sentinel Hub Statistical API / Sentinel-5P,P1D,missing
spar_fire_2025,SPAR/BTC fire,industrial_fire,NO2,µmol/m²,2025-12-17T00:00:00Z,2025-12-18T00:00:00Z,17,SI043,Goriška,,,,,210,210,0,Sentinel Hub Statistical API / Sentinel-5P,P1D,missing
spar_fire_2025,SPAR/BTC fire,industrial_fire,NO2,µmol/m²,2025-12-18T00:00:00Z,2025-12-19T00:00:00Z,18,SI043,Goriška,27.60195775408647,19.899613107554615,31.537740142084658,4.752249849216878,210,206,4,Sentinel Hub Statistical API / Sentinel-5P,P1D,partial
spar_fire_2025,SPAR/BTC fire,industrial_fire,NO2,µmol/m²,2025-12-19T00:00:00Z,2025-12-20T00:00:00Z,19,SI043,Goriška,27.290051741843808,13.271187526697759,43.13842873671092,7.188157017287911,210,163,47,Sentinel Hub Statistical API / Sentinel-5P,P1D,partial
spar_fire_2025,SPAR/BTC fire,industrial_fire,NO2,µmol/m²,2025-12-20T00:00:00Z,2025-12-21T00:00:00Z,20,SI043,Goriška,41.89155574003145,9.464310096518602,81.00259583443403,19.26299572465767,210,76,134,Sentinel Hub Statistical API / Sentinel-5P,P1D,good
spar_fire_2025,SPAR/BTC fire,industrial_fire,NO2,µmol/m²,2025-12-21T00:00:00Z,2025-12-22T00:00:00Z,21,SI043,Goriška,30.379032402875858,-18.229051420348696,70.99765934981406,15.584162520957987,210,101,109,Sentinel Hub Statistical API / Sentinel-5P,P1D,good
spar_fire_2025,SPAR/BTC fire,industrial_fire,NO2,µmol/m²,2025-12-22T00:00:00Z,2025-12-23T00:00:00Z,22,SI043,Goriška,22.781692422779358,-17.0722596521955,66.43406231887639,16.058219541487844,210,149,61,Sentinel Hub Statistical API / Sentinel-5P,P1D,partial
spar_fire_2025,SPAR/BTC fire,industrial_fire,NO2,µmol/m²,2025-12-23T00:00:00Z,2025-12-24T00:00:00Z,23,SI043,Goriška,,,,,210,210,0,Sentinel Hub Statistical API / Sentinel-5P,P1D,missing
spar_fire_2025,SPAR/BTC fire,industrial_fire,NO2,µmol/m²,2025-12-24T00:00:00Z,2025-12-25T00:00:00Z,24,SI043,Goriška,,,,,210,210,0,Sentinel Hub Statistical API / Sentinel-5P,P1D,missing
spar_fire_2025,SPAR/BTC fire,industrial_fire,NO2,µmol/m²,2025-12-25T00:00:00Z,2025-12-26T00:00:00Z,25,SI043,Goriška,17.33753137350983,7.213361186586553,23.715259885648265,5.898983855698178,210,191,19,Sentinel Hub Statistical API / Sentinel-5P,P1D,partial
spar_fire_2025,SPAR/BTC fire,industrial_fire,NO2,µmol/m²,2025-12-26T00:00:00Z,2025-12-27T00:00:00Z,26,SI043,Goriška,29.587624518092948,1.2600847867361153,68.62108421046287,14.04981726396544,210,106,104,Sentinel Hub Statistical API / Sentinel-5P,P1D,partial
spar_fire_2025,SPAR/BTC fire,industrial_fire,NO2,µmol/m²,2025-12-27T00:00:00Z,2025-12-28T00:00:00Z,27,SI043,Goriška,17.16748153964855,-32.08796260878444,78.13263073330745,17.525563438535134,210,69,141,Sentinel Hub Statistical API / Sentinel-5P,P1D,good
spar_fire_2025,SPAR/BTC fire,industrial_fire,NO2,µmol/m²,2025-12-28T00:00:00Z,2025-12-29T00:00:00Z,28,SI043,Goriška,29.172635197739474,-11.695817192958202,74.01176117127761,17.642928255455956,210,77,133,Sentinel Hub Statistical API / Sentinel-5P,P1D,good
spar_fire_2025,SPAR/BTC fire,industrial_fire,NO2,µmol/m²,2025-12-29T00:00:00Z,2025-12-30T00:00:00Z,29,SI043,Goriška,39.382845779842086,-0.476540265026415,95.36858124192804,22.61830785033913,210,113,97,Sentinel Hub Statistical API / Sentinel-5P,P1D,partial
spar_fire_2025,SPAR/BTC fire,industrial_fire,NO2,µmol/m²,2025-12-30T00:00:00Z,2025-12-31T00:00:00Z,30,SI043,Goriška,44.16769611295955,14.92013871029485,77.988144767005,17.415020349267902,210,94,116,Sentinel Hub Statistical API / Sentinel-5P,P1D,good
spar_fire_2025,SPAR/BTC fire,industrial_fire,NO2,µmol/m²,2025-12-31T00:00:00Z,2026-01-01T00:00:00Z,31,SI043,Goriška,21.893766522396167,-3.178819270033273,65.50524267368019,15.717144881309856,210,98,112,Sentinel Hub Statistical API / Sentinel-5P,P1D,good
spar_fire_2025,SPAR/BTC fire,industrial_fire,NO2,µmol/m²,2025-12-01T00:00:00Z,2025-12-02T00:00:00Z,1,SI044,Obalno-kraška,,,,,99,99,0,Sentinel Hub Statistical API / Sentinel-5P,P1D,missing
spar_fire_2025,SPAR/BTC fire,industrial_fire,NO2,µmol/m²,2025-12-02T00:00:00Z,2025-12-03T00:00:00Z,2,SI044,Obalno-kraška,,,,,99,99,0,Sentinel Hub Statistical API / Sentinel-5P,P1D,missing
spar_fire_2025,SPAR/BTC fire,industrial_fire,NO2,µmol/m²,2025-12-03T00:00:00Z,2025-12-04T00:00:00Z,3,SI044,Obalno-kraška,64.76344103301766,49.55914482707158,78.39091267669573,8.965438747730847,99,82,17,Sentinel Hub Statistical API / Sentinel-5P,P1D,partial
spar_fire_2025,SPAR/BTC fire,industrial_fire,NO2,µmol/m²,2025-12-04T00:00:00Z,2025-12-05T00:00:00Z,4,SI044,Obalno-kraška,,,,,99,99,0,Sentinel Hub Statistical API / Sentinel-5P,P1D,missing
spar_fire_2025,SPAR/BTC fire,industrial_fire,NO2,µmol/m²,2025-12-05T00:00:00Z,2025-12-06T00:00:00Z,5,SI044,Obalno-kraška,,,,,99,99,0,Sentinel Hub Statistical API / Sentinel-5P,P1D,missing
spar_fire_2025,SPAR/BTC fire,industrial_fire,NO2,µmol/m²,2025-12-06T00:00:00Z,2025-12-07T00:00:00Z,6,SI044,Obalno-kraška,83.22050016431605,40.447546780342236,124.01618005242199,19.978984292336875,99,79,20,Sentinel Hub Statistical API / Sentinel-5P,P1D,partial
spar_fire_2025,SPAR/BTC fire,industrial_fire,NO2,µmol/m²,2025-12-07T00:00:00Z,2025-12-08T00:00:00Z,7,SI044,Obalno-kraška,31.659008291171627,-15.827115930733271,74.88007395295426,17.36756824676308,99,49,50,Sentinel Hub Statistical API / Sentinel-5P,P1D,good
spar_fire_2025,SPAR/BTC fire,industrial_fire,NO2,µmol/m²,2025-12-08T00:00:00Z,2025-12-09T00:00:00Z,8,SI044,Obalno-kraška,61.13195677943835,13.18972044828115,127.87875311914831,25.605491100804308,99,21,78,Sentinel Hub Statistical API / Sentinel-5P,P1D,good
spar_fire_2025,SPAR/BTC fire,industrial_fire,NO2,µmol/m²,2025-12-09T00:00:00Z,2025-12-10T00:00:00Z,9,SI044,Obalno-kraška,64.17440109101173,16.838905139593408,124.73989045247436,25.437941016882178,99,21,78,Sentinel Hub Statistical API / Sentinel-5P,P1D,good
spar_fire_2025,SPAR/BTC fire,industrial_fire,NO2,µmol/m²,2025-12-10T00:00:00Z,2025-12-11T00:00:00Z,10,SI044,Obalno-kraška,139.09899592233288,58.503588661551476,237.78571630828083,43.45402629695563,99,71,28,Sentinel Hub Statistical API / Sentinel-5P,P1D,partial
spar_fire_2025,SPAR/BTC fire,industrial_fire,NO2,µmol/m²,2025-12-11T00:00:00Z,2025-12-12T00:00:00Z,11,SI044,Obalno-kraška,73.8225915176679,23.49083479202818,140.33104525879025,25.12267838868309,99,22,77,Sentinel Hub Statistical API / Sentinel-5P,P1D,good
spar_fire_2025,SPAR/BTC fire,industrial_fire,NO2,µmol/m²,2025-12-12T00:00:00Z,2025-12-13T00:00:00Z,12,SI044,Obalno-kraška,59.036598637855306,9.073848559637554,180.2094338927418,31.39413713194045,99,21,78,Sentinel Hub Statistical API / Sentinel-5P,P1D,good
spar_fire_2025,SPAR/BTC fire,industrial_fire,NO2,µmol/m²,2025-12-13T00:00:00Z,2025-12-14T00:00:00Z,13,SI044,Obalno-kraška,43.346946353374406,8.842825081956107,98.7227977020666,18.531822373574347,99,31,68,Sentinel Hub Statistical API / Sentinel-5P,P1D,good
spar_fire_2025,SPAR/BTC fire,industrial_fire,NO2,µmol/m²,2025-12-14T00:00:00Z,2025-12-15T00:00:00Z,14,SI044,Obalno-kraška,54.57102787868978,28.43423862941563,86.99796308064833,14.952366523471163,99,21,78,Sentinel Hub Statistical API / Sentinel-5P,P1D,good
spar_fire_2025,SPAR/BTC fire,industrial_fire,NO2,µmol/m²,2025-12-15T00:00:00Z,2025-12-16T00:00:00Z,15,SI044,Obalno-kraška,52.004190474690404,10.878970897465479,87.49476546654478,18.386326200497358,99,49,50,Sentinel Hub Statistical API / Sentinel-5P,P1D,good
spar_fire_2025,SPAR/BTC fire,industrial_fire,NO2,µmol/m²,2025-12-16T00:00:00Z,2025-12-17T00:00:00Z,16,SI044,Obalno-kraška,,,,,99,99,0,Sentinel Hub Statistical API / Sentinel-5P,P1D,missing
spar_fire_2025,SPAR/BTC fire,industrial_fire,NO2,µmol/m²,2025-12-17T00:00:00Z,2025-12-18T00:00:00Z,17,SI044,Obalno-kraška,,,,,99,99,0,Sentinel Hub Statistical API / Sentinel-5P,P1D,missing
spar_fire_2025,SPAR/BTC fire,industrial_fire,NO2,µmol/m²,2025-12-18T00:00:00Z,2025-12-19T00:00:00Z,18,SI044,Obalno-kraška,,,,,99,99,0,Sentinel Hub Statistical API / Sentinel-5P,P1D,missing
spar_fire_2025,SPAR/BTC fire,industrial_fire,NO2,µmol/m²,2025-12-19T00:00:00Z,2025-12-20T00:00:00Z,19,SI044,Obalno-kraška,,,,,99,99,0,Sentinel Hub Statistical API / Sentinel-5P,P1D,missing
spar_fire_2025,SPAR/BTC fire,industrial_fire,NO2,µmol/m²,2025-12-20T00:00:00Z,2025-12-21T00:00:00Z,20,SI044,Obalno-kraška,60.39531266045133,33.12341868877411,86.72889089211822,14.295820847144144,99,39,60,Sentinel Hub Statistical API / Sentinel-5P,P1D,good
spar_fire_2025,SPAR/BTC fire,industrial_fire,NO2,µmol/m²,2025-12-21T00:00:00Z,2025-12-22T00:00:00Z,21,SI044,Obalno-kraška,41.666460744566464,16.70945312071126,76.99613342992961,14.028659659672071,99,21,78,Sentinel Hub Statistical API / Sentinel-5P,P1D,good
spar_fire_2025,SPAR/BTC fire,industrial_fire,NO2,µmol/m²,2025-12-22T00:00:00Z,2025-12-23T00:00:00Z,22,SI044,Obalno-kraška,26.288335804785113,-16.23366551939398,65.19705493701622,16.341157106490524,99,41,58,Sentinel Hub Statistical API / Sentinel-5P,P1D,good
spar_fire_2025,SPAR/BTC fire,industrial_fire,NO2,µmol/m²,2025-12-23T00:00:00Z,2025-12-24T00:00:00Z,23,SI044,Obalno-kraška,,,,,99,99,0,Sentinel Hub Statistical API / Sentinel-5P,P1D,missing
spar_fire_2025,SPAR/BTC fire,industrial_fire,NO2,µmol/m²,2025-12-24T00:00:00Z,2025-12-25T00:00:00Z,24,SI044,Obalno-kraška,,,,,99,99,0,Sentinel Hub Statistical API / Sentinel-5P,P1D,missing
spar_fire_2025,SPAR/BTC fire,industrial_fire,NO2,µmol/m²,2025-12-25T00:00:00Z,2025-12-26T00:00:00Z,25,SI044,Obalno-kraška,24.2924043461777,-0.2401853578248847,51.748324040090665,14.862803080520374,99,70,29,Sentinel Hub Statistical API / Sentinel-5P,P1D,partial
spar_fire_2025,SPAR/BTC fire,industrial_fire,NO2,µmol/m²,2025-12-26T00:00:00Z,2025-12-27T00:00:00Z,26,SI044,Obalno-kraška,45.913319834451414,25.15757478249725,68.40627611381933,10.13894503367646,99,27,72,Sentinel Hub Statistical API / Sentinel-5P,P1D,good
spar_fire_2025,SPAR/BTC fire,industrial_fire,NO2,µmol/m²,2025-12-27T00:00:00Z,2025-12-28T00:00:00Z,27,SI044,Obalno-kraška,42.21782693874934,-17.135562302428298,121.90216511953622,30.61696451103793,99,21,78,Sentinel Hub Statistical API / Sentinel-5P,P1D,good
spar_fire_2025,SPAR/BTC fire,industrial_fire,NO2,µmol/m²,2025-12-28T00:00:00Z,2025-12-29T00:00:00Z,28,SI044,Obalno-kraška,40.678181573060684,-7.649691724509466,100.99950304720551,19.520350487231482,99,22,77,Sentinel Hub Statistical API / Sentinel-5P,P1D,good
spar_fire_2025,SPAR/BTC fire,industrial_fire,NO2,µmol/m²,2025-12-29T00:00:00Z,2025-12-30T00:00:00Z,29,SI044,Obalno-kraška,57.243999955452246,8.682311090524308,112.8126386902295,23.102731480892047,99,29,70,Sentinel Hub Statistical API / Sentinel-5P,P1D,good
spar_fire_2025,SPAR/BTC fire,industrial_fire,NO2,µmol/m²,2025-12-30T00:00:00Z,2025-12-31T00:00:00Z,30,SI044,Obalno-kraška,52.569513172784355,29.73635128000751,83.38739280588925,13.6883213383736,99,23,76,Sentinel Hub Statistical API / Sentinel-5P,P1D,good
spar_fire_2025,SPAR/BTC fire,industrial_fire,NO2,µmol/m²,2025-12-31T00:00:00Z,2026-01-01T00:00:00Z,31,SI044,Obalno-kraška,45.876287061502524,-1.6540135447939974,84.81300756102428,19.597856953389613,99,22,77,Sentinel Hub Statistical API / Sentinel-5P,P1D,good
kras_fire_2022,Goriški Kras wildfire,wildfire,NO2,µmol/m²,2022-07-01T00:00:00Z,2022-07-02T00:00:00Z,1,SI031,Pomurska,22.596998638707703,2.760613824648317,38.952097384026274,7.0075333998321065,128,46,82,Sentinel Hub Statistical API / Sentinel-5P,P1D,good
kras_fire_2022,Goriški Kras wildfire,wildfire,NO2,µmol/m²,2022-07-02T00:00:00Z,2022-07-03T00:00:00Z,2,SI031,Pomurska,23.763814912920836,3.3618139241298195,45.48260767478496,9.577939999328615,128,46,82,Sentinel Hub Statistical API / Sentinel-5P,P1D,good
kras_fire_2022,Goriški Kras wildfire,wildfire,NO2,µmol/m²,2022-07-03T00:00:00Z,2022-07-04T00:00:00Z,3,SI031,Pomurska,28.309154708395223,6.764592853869544,47.9724767501466,8.95212484041297,128,46,82,Sentinel Hub Statistical API / Sentinel-5P,P1D,good
kras_fire_2022,Goriški Kras wildfire,wildfire,NO2,µmol/m²,2022-07-04T00:00:00Z,2022-07-05T00:00:00Z,4,SI031,Pomurska,37.28000774572137,33.71034836163744,57.72084114141762,7.788026912169142,128,120,8,Sentinel Hub Statistical API / Sentinel-5P,P1D,partial
kras_fire_2022,Goriški Kras wildfire,wildfire,NO2,µmol/m²,2022-07-05T00:00:00Z,2022-07-06T00:00:00Z,5,SI031,Pomurska,29.225045831740964,24.650988052599132,50.46255682827905,8.684104020618172,128,121,7,Sentinel Hub Statistical API / Sentinel-5P,P1D,partial
kras_fire_2022,Goriški Kras wildfire,wildfire,NO2,µmol/m²,2022-07-06T00:00:00Z,2022-07-07T00:00:00Z,6,SI031,Pomurska,20.644487352886436,0.2205649991537939,41.15914271096699,8.313266871237746,128,72,56,Sentinel Hub Statistical API / Sentinel-5P,P1D,partial
kras_fire_2022,Goriški Kras wildfire,wildfire,NO2,µmol/m²,2022-07-07T00:00:00Z,2022-07-08T00:00:00Z,7,SI031,Pomurska,17.013110534337883,4.489880666369572,26.711239115684293,7.506838736140926,128,121,7,Sentinel Hub Statistical API / Sentinel-5P,P1D,partial
kras_fire_2022,Goriški Kras wildfire,wildfire,NO2,µmol/m²,2022-07-08T00:00:00Z,2022-07-09T00:00:00Z,8,SI031,Pomurska,22.436310928242168,-5.263628736429382,43.74358104541898,11.753554302997326,128,112,16,Sentinel Hub Statistical API / Sentinel-5P,P1D,partial
kras_fire_2022,Goriški Kras wildfire,wildfire,NO2,µmol/m²,2022-07-09T00:00:00Z,2022-07-10T00:00:00Z,9,SI031,Pomurska,16.946865097298218,-0.320354189398131,35.39797035045922,8.693671641308004,128,97,31,Sentinel Hub Statistical API / Sentinel-5P,P1D,partial
kras_fire_2022,Goriški Kras wildfire,wildfire,NO2,µmol/m²,2022-07-10T00:00:00Z,2022-07-11T00:00:00Z,10,SI031,Pomurska,24.152328800634372,2.3364768821920734,44.45897138793953,13.061727219344101,128,104,24,Sentinel Hub Statistical API / Sentinel-5P,P1D,partial
kras_fire_2022,Goriški Kras wildfire,wildfire,NO2,µmol/m²,2022-07-11T00:00:00Z,2022-07-12T00:00:00Z,11,SI031,Pomurska,28.085408395045736,-0.7789737992425216,46.988698159111664,11.086952014543344,128,86,42,Sentinel Hub Statistical API / Sentinel-5P,P1D,partial
kras_fire_2022,Goriški Kras wildfire,wildfire,NO2,µmol/m²,2022-07-12T00:00:00Z,2022-07-13T00:00:00Z,12,SI031,Pomurska,25.580419903483488,3.8491889426950365,41.4773567172233,9.223856071914957,128,73,55,Sentinel Hub Statistical API / Sentinel-5P,P1D,partial
kras_fire_2022,Goriški Kras wildfire,wildfire,NO2,µmol/m²,2022-07-13T00:00:00Z,2022-07-14T00:00:00Z,13,SI031,Pomurska,22.73982953123023,-5.798926849820418,44.5253390353173,9.828061220113067,128,46,82,Sentinel Hub Statistical API / Sentinel-5P,P1D,good
kras_fire_2022,Goriški Kras wildfire,wildfire,NO2,µmol/m²,2022-07-14T00:00:00Z,2022-07-15T00:00:00Z,14,SI031,Pomurska,13.315084434193112,-14.678988918603864,36.014243960380554,10.84208999524865,128,61,67,Sentinel Hub Statistical API / Sentinel-5P,P1D,good
kras_fire_2022,Goriški Kras wildfire,wildfire,NO2,µmol/m²,2022-07-15T00:00:00Z,2022-07-16T00:00:00Z,15,SI031,Pomurska,24.26799482577735,3.3803692076617153,36.88078504637815,8.075382505281151,128,88,40,Sentinel Hub Statistical API / Sentinel-5P,P1D,partial
kras_fire_2022,Goriški Kras wildfire,wildfire,NO2,µmol/m²,2022-07-16T00:00:00Z,2022-07-17T00:00:00Z,16,SI031,Pomurska,24.742125398396247,8.182507372112013,38.95762711181305,6.235121532571097,128,51,77,Sentinel Hub Statistical API / Sentinel-5P,P1D,good
kras_fire_2022,Goriški Kras wildfire,wildfire,NO2,µmol/m²,2022-07-17T00:00:00Z,2022-07-18T00:00:00Z,17,SI031,Pomurska,21.575413027415756,0.7687147558499419,40.06364179076627,8.701717965592907,128,46,82,Sentinel Hub Statistical API / Sentinel-5P,P1D,good
kras_fire_2022,Goriški Kras wildfire,wildfire,NO2,µmol/m²,2022-07-18T00:00:00Z,2022-07-19T00:00:00Z,18,SI031,Pomurska,25.83684378317607,6.191010015754728,43.64562119008042,8.461942143805278,128,46,82,Sentinel Hub Statistical API / Sentinel-5P,P1D,good
kras_fire_2022,Goriški Kras wildfire,wildfire,NO2,µmol/m²,2022-07-19T00:00:00Z,2022-07-20T00:00:00Z,19,SI031,Pomurska,21.096571943905097,-2.6937284474115586,37.93144060182385,8.679720307581789,128,46,82,Sentinel Hub Statistical API / Sentinel-5P,P1D,good
kras_fire_2022,Goriški Kras wildfire,wildfire,NO2,µmol/m²,2022-07-20T00:00:00Z,2022-07-21T00:00:00Z,20,SI031,Pomurska,26.7434255009703,8.725583938939963,42.67521944711916,8.636973834310231,128,46,82,Sentinel Hub Statistical API / Sentinel-5P,P1D,good
kras_fire_2022,Goriški Kras wildfire,wildfire,NO2,µmol/m²,2022-07-21T00:00:00Z,2022-07-22T00:00:00Z,21,SI031,Pomurska,20.552615036117135,4.671768238040386,31.907173251966015,6.301325009290519,128,46,82,Sentinel Hub Statistical API / Sentinel-5P,P1D,good
kras_fire_2022,Goriški Kras wildfire,wildfire,NO2,µmol/m²,2022-07-22T00:00:00Z,2022-07-23T00:00:00Z,22,SI031,Pomurska,20.810423149402887,6.6103352764912415,35.54943759809248,7.316136094931662,128,46,82,Sentinel Hub Statistical API / Sentinel-5P,P1D,good
kras_fire_2022,Goriški Kras wildfire,wildfire,NO2,µmol/m²,2022-07-23T00:00:00Z,2022-07-24T00:00:00Z,23,SI031,Pomurska,26.086393806575114,7.653075044800062,43.58151272754185,6.513113889761785,128,46,82,Sentinel Hub Statistical API / Sentinel-5P,P1D,good
kras_fire_2022,Goriški Kras wildfire,wildfire,NO2,µmol/m²,2022-07-24T00:00:00Z,2022-07-25T00:00:00Z,24,SI031,Pomurska,27.979006930157382,7.119095243979245,47.50863809022121,8.698463223798303,128,53,75,Sentinel Hub Statistical API / Sentinel-5P,P1D,good
kras_fire_2022,Goriški Kras wildfire,wildfire,NO2,µmol/m²,2022-07-25T00:00:00Z,2022-07-26T00:00:00Z,25,SI031,Pomurska,30.39210820666419,5.599840733339079,59.03903002035804,10.238021727005487,128,46,82,Sentinel Hub Statistical API / Sentinel-5P,P1D,good
kras_fire_2022,Goriški Kras wildfire,wildfire,NO2,µmol/m²,2022-07-26T00:00:00Z,2022-07-27T00:00:00Z,26,SI031,Pomurska,,,,,128,128,0,Sentinel Hub Statistical API / Sentinel-5P,P1D,missing
kras_fire_2022,Goriški Kras wildfire,wildfire,NO2,µmol/m²,2022-07-27T00:00:00Z,2022-07-28T00:00:00Z,27,SI031,Pomurska,11.43318058893783,11.43318058893783,11.43318058893783,0.0,128,126,2,Sentinel Hub Statistical API / Sentinel-5P,P1D,partial
kras_fire_2022,Goriški Kras wildfire,wildfire,NO2,µmol/m²,2022-07-28T00:00:00Z,2022-07-29T00:00:00Z,28,SI031,Pomurska,27.61924095954405,9.176841558655724,50.332066166447476,7.757478643243665,128,46,82,Sentinel Hub Statistical API / Sentinel-5P,P1D,good
kras_fire_2022,Goriški Kras wildfire,wildfire,NO2,µmol/m²,2022-07-29T00:00:00Z,2022-07-30T00:00:00Z,29,SI031,Pomurska,30.22143152833223,0.3732783397936146,58.69103915756568,10.444641592458,128,48,80,Sentinel Hub Statistical API / Sentinel-5P,P1D,good
kras_fire_2022,Goriški Kras wildfire,wildfire,NO2,µmol/m²,2022-07-30T00:00:00Z,2022-07-31T00:00:00Z,30,SI031,Pomurska,,,,,128,128,0,Sentinel Hub Statistical API / Sentinel-5P,P1D,missing
kras_fire_2022,Goriški Kras wildfire,wildfire,NO2,µmol/m²,2022-07-31T00:00:00Z,2022-08-01T00:00:00Z,31,SI031,Pomurska,24.258507272117466,11.871118658746127,44.61507705855183,7.804696610484622,128,51,77,Sentinel Hub Statistical API / Sentinel-5P,P1D,good
kras_fire_2022,Goriški Kras wildfire,wildfire,NO2,µmol/m²,2022-07-01T00:00:00Z,2022-07-02T00:00:00Z,1,SI032,Podravska,24.284042993372164,-6.147320164018311,46.0196788480971,7.970390566954415,180,52,128,Sentinel Hub Statistical API / Sentinel-5P,P1D,good
kras_fire_2022,Goriški Kras wildfire,wildfire,NO2,µmol/m²,2022-07-02T00:00:00Z,2022-07-03T00:00:00Z,2,SI032,Podravska,23.69457897638305,-2.1993844256940065,49.692029278958216,9.724788675732487,180,61,119,Sentinel Hub Statistical API / Sentinel-5P,P1D,good
kras_fire_2022,Goriški Kras wildfire,wildfire,NO2,µmol/m²,2022-07-03T00:00:00Z,2022-07-04T00:00:00Z,3,SI032,Podravska,24.486160217662697,2.1321334315871354,47.961584641598165,9.76992759160835,180,52,128,Sentinel Hub Statistical API / Sentinel-5P,P1D,good
kras_fire_2022,Goriški Kras wildfire,wildfire,NO2,µmol/m²,2022-07-04T00:00:00Z,2022-07-05T00:00:00Z,4,SI032,Podravska,32.838730627797005,13.364910955715459,57.046414440264925,10.758838781271761,180,132,48,Sentinel Hub Statistical API / Sentinel-5P,P1D,partial
kras_fire_2022,Goriški Kras wildfire,wildfire,NO2,µmol/m²,2022-07-05T00:00:00Z,2022-07-06T00:00:00Z,5,SI032,Podravska,25.777254332722567,7.998102773854043,41.585753933759406,10.92649832605046,180,149,31,Sentinel Hub Statistical API / Sentinel-5P,P1D,partial
kras_fire_2022,Goriški Kras wildfire,wildfire,NO2,µmol/m²,2022-07-06T00:00:00Z,2022-07-07T00:00:00Z,6,SI032,Podravska,21.90689183976247,1.5500731933570933,55.857984989415854,8.11954360089225,180,100,80,Sentinel Hub Statistical API / Sentinel-5P,P1D,partial
kras_fire_2022,Goriški Kras wildfire,wildfire,NO2,µmol/m²,2022-07-07T00:00:00Z,2022-07-08T00:00:00Z,7,SI032,Podravska,6.029049984590529,-7.84796429798007,21.435900634969585,9.176101385969625,180,172,8,Sentinel Hub Statistical API / Sentinel-5P,P1D,partial
kras_fire_2022,Goriški Kras wildfire,wildfire,NO2,µmol/m²,2022-07-08T00:00:00Z,2022-07-09T00:00:00Z,8,SI032,Podravska,23.97801600797239,3.9000692595436703,49.658483476378024,14.623133517643668,180,163,17,Sentinel Hub Statistical API / Sentinel-5P,P1D,partial
kras_fire_2022,Goriški Kras wildfire,wildfire,NO2,µmol/m²,2022-07-09T00:00:00Z,2022-07-10T00:00:00Z,9,SI032,Podravska,,,,,180,180,0,Sentinel Hub Statistical API / Sentinel-5P,P1D,missing
kras_fire_2022,Goriški Kras wildfire,wildfire,NO2,µmol/m²,2022-07-10T00:00:00Z,2022-07-11T00:00:00Z,10,SI032,Podravska,23.45488666530097,5.770916231995216,36.12773434724659,9.848022869028599,180,150,30,Sentinel Hub Statistical API / Sentinel-5P,P1D,partial
kras_fire_2022,Goriški Kras wildfire,wildfire,NO2,µmol/m²,2022-07-11T00:00:00Z,2022-07-12T00:00:00Z,11,SI032,Podravska,25.883356465783436,11.187802556378301,52.10707240621559,9.00011472564825,180,140,40,Sentinel Hub Statistical API / Sentinel-5P,P1D,partial
kras_fire_2022,Goriški Kras wildfire,wildfire,NO2,µmol/m²,2022-07-12T00:00:00Z,2022-07-13T00:00:00Z,12,SI032,Podravska,23.816233882219727,13.531501281249803,38.17384640569799,7.925953697460817,180,168,12,Sentinel Hub Statistical API / Sentinel-5P,P1D,partial
kras_fire_2022,Goriški Kras wildfire,wildfire,NO2,µmol/m²,2022-07-13T00:00:00Z,2022-07-14T00:00:00Z,13,SI032,Podravska,25.366269881033077,3.1765434869157616,56.10339212580584,10.105224316057912,180,52,128,Sentinel Hub Statistical API / Sentinel-5P,P1D,good
kras_fire_2022,Goriški Kras wildfire,wildfire,NO2,µmol/m²,2022-07-14T00:00:00Z,2022-07-15T00:00:00Z,14,SI032,Podravska,4.644648181139333,-22.188405637280084,26.522535335971043,12.868596529532198,180,154,26,Sentinel Hub Statistical API / Sentinel-5P,P1D,partial
kras_fire_2022,Goriški Kras wildfire,wildfire,NO2,µmol/m²,2022-07-15T00:00:00Z,2022-07-16T00:00:00Z,15,SI032,Podravska,23.79534173431283,3.3803692076617153,36.0677222488448,7.281511086151976,180,98,82,Sentinel Hub Statistical API / Sentinel-5P,P1D,partial
kras_fire_2022,Goriški Kras wildfire,wildfire,NO2,µmol/m²,2022-07-16T00:00:00Z,2022-07-17T00:00:00Z,16,SI032,Podravska,21.270849356369595,5.865854291187134,42.19712354824878,7.7734022538216925,180,60,120,Sentinel Hub Statistical API / Sentinel-5P,P1D,good
kras_fire_2022,Goriški Kras wildfire,wildfire,NO2,µmol/m²,2022-07-17T00:00:00Z,2022-07-18T00:00:00Z,17,SI032,Podravska,18.9997785132734,-3.2046582418843172,40.06364179076627,8.819834297730397,180,52,128,Sentinel Hub Statistical API / Sentinel-5P,P1D,good
kras_fire_2022,Goriški Kras wildfire,wildfire,NO2,µmol/m²,2022-07-18T00:00:00Z,2022-07-19T00:00:00Z,18,SI032,Podravska,22.860621956826648,-11.925901162612718,48.53355494560674,11.090194462284522,180,54,126,Sentinel Hub Statistical API / Sentinel-5P,P1D,good
kras_fire_2022,Goriški Kras wildfire,wildfire,NO2,µmol/m²,2022-07-19T00:00:00Z,2022-07-20T00:00:00Z,19,SI032,Podravska,21.706872940896464,0.5501503892446635,54.645035561406985,9.963571791467979,180,52,128,Sentinel Hub Statistical API / Sentinel-5P,P1D,good
kras_fire_2022,Goriški Kras wildfire,wildfire,NO2,µmol/m²,2022-07-20T00:00:00Z,2022-07-21T00:00:00Z,20,SI032,Podravska,23.857575108365843,4.745060323330108,47.55603731609881,8.580116949321885,180,52,128,Sentinel Hub Statistical API / Sentinel-5P,P1D,good
kras_fire_2022,Goriški Kras wildfire,wildfire,NO2,µmol/m²,2022-07-21T00:00:00Z,2022-07-22T00:00:00Z,21,SI032,Podravska,19.328973827725804,6.260826467041625,29.960610845591873,5.480362897572289,180,52,128,Sentinel Hub Statistical API / Sentinel-5P,P1D,good
kras_fire_2022,Goriški Kras wildfire,wildfire,NO2,µmol/m²,2022-07-22T00:00:00Z,2022-07-23T00:00:00Z,22,SI032,Podravska,19.88267449881675,2.1134335383976577,38.84963007294573,6.693250310045478,180,52,128,Sentinel Hub Statistical API / Sentinel-5P,P1D,good
kras_fire_2022,Goriški Kras wildfire,wildfire,NO2,µmol/m²,2022-07-23T00:00:00Z,2022-07-24T00:00:00Z,23,SI032,Podravska,26.201588152765854,3.3184601306857076,53.93082756199874,9.331907347135926,180,58,122,Sentinel Hub Statistical API / Sentinel-5P,P1D,good
kras_fire_2022,Goriški Kras wildfire,wildfire,NO2,µmol/m²,2022-07-24T00:00:00Z,2022-07-25T00:00:00Z,24,SI032,Podravska,27.506159148577517,-1.5431386373165878,47.28462954517454,9.753701412212964,180,70,110,Sentinel Hub Statistical API / Sentinel-5P,P1D,good
kras_fire_2022,Goriški Kras wildfire,wildfire,NO2,µmol/m²,2022-07-25T00:00:00Z,2022-07-26T00:00:00Z,25,SI032,Podravska,24.22836084459799,8.040110515139531,35.93891960917972,10.268233074835901,180,163,17,Sentinel Hub Statistical API / Sentinel-5P,P1D,partial
kras_fire_2022,Goriški Kras wildfire,wildfire,NO2,µmol/m²,2022-07-26T00:00:00Z,2022-07-27T00:00:00Z,26,SI032,Podravska,,,,,180,180,0,Sentinel Hub Statistical API / Sentinel-5P,P1D,missing
kras_fire_2022,Goriški Kras wildfire,wildfire,NO2,µmol/m²,2022-07-27T00:00:00Z,2022-07-28T00:00:00Z,27,SI032,Podravska,23.168675801975443,12.508236068242695,47.85999408341013,8.812990172012213,180,153,27,Sentinel Hub Statistical API / Sentinel-5P,P1D,partial
kras_fire_2022,Goriški Kras wildfire,wildfire,NO2,µmol/m²,2022-07-28T00:00:00Z,2022-07-29T00:00:00Z,28,SI032,Podravska,27.403541157077093,8.73584758664947,47.539619117742404,8.193511722345095,180,90,90,Sentinel Hub Statistical API / Sentinel-5P,P1D,good
kras_fire_2022,Goriški Kras wildfire,wildfire,NO2,µmol/m²,2022-07-29T00:00:00Z,2022-07-30T00:00:00Z,29,SI032,Podravska,36.32955291845131,6.366997240547789,60.26635310263373,11.295034934193646,180,72,108,Sentinel Hub Statistical API / Sentinel-5P,P1D,good
kras_fire_2022,Goriški Kras wildfire,wildfire,NO2,µmol/m²,2022-07-30T00:00:00Z,2022-07-31T00:00:00Z,30,SI032,Podravska,,,,,180,180,0,Sentinel Hub Statistical API / Sentinel-5P,P1D,missing
kras_fire_2022,Goriški Kras wildfire,wildfire,NO2,µmol/m²,2022-07-31T00:00:00Z,2022-08-01T00:00:00Z,31,SI032,Podravska,26.643327940509543,7.661055860808119,49.66461347066797,9.39005132467099,180,109,71,Sentinel Hub Statistical API / Sentinel-5P,P1D,partial
kras_fire_2022,Goriški Kras wildfire,wildfire,NO2,µmol/m²,2022-07-01T00:00:00Z,2022-07-02T00:00:00Z,1,SI033,Koroška,26.29019621736006,3.185385594406398,44.54094232642092,7.676418713888898,75,19,56,Sentinel Hub Statistical API / Sentinel-5P,P1D,good
kras_fire_2022,Goriški Kras wildfire,wildfire,NO2,µmol/m²,2022-07-02T00:00:00Z,2022-07-03T00:00:00Z,2,SI033,Koroška,17.12729628153747,-1.1718706218744046,41.80375253781676,8.922357645141881,75,22,53,Sentinel Hub Statistical API / Sentinel-5P,P1D,good
kras_fire_2022,Goriški Kras wildfire,wildfire,NO2,µmol/m²,2022-07-03T00:00:00Z,2022-07-04T00:00:00Z,3,SI033,Koroška,18.85075694305777,0.8315320201290888,45.37993299891241,9.240886858869311,75,16,59,Sentinel Hub Statistical API / Sentinel-5P,P1D,good
kras_fire_2022,Goriški Kras wildfire,wildfire,NO2,µmol/m²,2022-07-04T00:00:00Z,2022-07-05T00:00:00Z,4,SI033,Koroška,30.08917650257227,12.457748198357876,52.47122680884786,11.90702626734337,75,29,46,Sentinel Hub Statistical API / Sentinel-5P,P1D,good
kras_fire_2022,Goriški Kras wildfire,wildfire,NO2,µmol/m²,2022-07-05T00:00:00Z,2022-07-06T00:00:00Z,5,SI033,Koroška,18.161397364517477,6.617313374590594,41.24612678424455,7.64940944176377,75,56,19,Sentinel Hub Statistical API / Sentinel-5P,P1D,partial
kras_fire_2022,Goriški Kras wildfire,wildfire,NO2,µmol/m²,2022-07-06T00:00:00Z,2022-07-07T00:00:00Z,6,SI033,Koroška,16.088628903313904,-0.13915877161707613,28.507254683063366,8.897114079692216,75,60,15,Sentinel Hub Statistical API / Sentinel-5P,P1D,partial
kras_fire_2022,Goriški Kras wildfire,wildfire,NO2,µmol/m²,2022-07-07T00:00:00Z,2022-07-08T00:00:00Z,7,SI033,Koroška,,,,,75,75,0,Sentinel Hub Statistical API / Sentinel-5P,P1D,missing
kras_fire_2022,Goriški Kras wildfire,wildfire,NO2,µmol/m²,2022-07-08T00:00:00Z,2022-07-09T00:00:00Z,8,SI033,Koroška,22.169451536401223,-4.0391892071056645,47.613983042538166,14.125437183653121,75,46,29,Sentinel Hub Statistical API / Sentinel-5P,P1D,partial
kras_fire_2022,Goriški Kras wildfire,wildfire,NO2,µmol/m²,2022-07-09T00:00:00Z,2022-07-10T00:00:00Z,9,SI033,Koroška,,,,,75,75,0,Sentinel Hub Statistical API / Sentinel-5P,P1D,missing
kras_fire_2022,Goriški Kras wildfire,wildfire,NO2,µmol/m²,2022-07-10T00:00:00Z,2022-07-11T00:00:00Z,10,SI033,Koroška,,,,,75,75,0,Sentinel Hub Statistical API / Sentinel-5P,P1D,missing
kras_fire_2022,Goriški Kras wildfire,wildfire,NO2,µmol/m²,2022-07-11T00:00:00Z,2022-07-12T00:00:00Z,11,SI033,Koroška,24.343326610202592,23.213033273350447,26.603913283906877,1.598476166436242,75,72,3,Sentinel Hub Statistical API / Sentinel-5P,P1D,partial
kras_fire_2022,Goriški Kras wildfire,wildfire,NO2,µmol/m²,2022-07-12T00:00:00Z,2022-07-13T00:00:00Z,12,SI033,Koroška,,,,,75,75,0,Sentinel Hub Statistical API / Sentinel-5P,P1D,missing
kras_fire_2022,Goriški Kras wildfire,wildfire,NO2,µmol/m²,2022-07-13T00:00:00Z,2022-07-14T00:00:00Z,13,SI033,Koroška,20.385237545362266,-8.218483344535343,53.154675697442144,13.431006376107973,75,16,59,Sentinel Hub Statistical API / Sentinel-5P,P1D,good
kras_fire_2022,Goriški Kras wildfire,wildfire,NO2,µmol/m²,2022-07-14T00:00:00Z,2022-07-15T00:00:00Z,14,SI033,Koroška,,,,,75,75,0,Sentinel Hub Statistical API / Sentinel-5P,P1D,missing
kras_fire_2022,Goriški Kras wildfire,wildfire,NO2,µmol/m²,2022-07-15T00:00:00Z,2022-07-16T00:00:00Z,15,SI033,Koroška,,,,,75,75,0,Sentinel Hub Statistical API / Sentinel-5P,P1D,missing
kras_fire_2022,Goriški Kras wildfire,wildfire,NO2,µmol/m²,2022-07-16T00:00:00Z,2022-07-17T00:00:00Z,16,SI033,Koroška,19.68841335205386,4.796169378096238,39.676204323768616,9.239734772158624,75,29,46,Sentinel Hub Statistical API / Sentinel-5P,P1D,good
kras_fire_2022,Goriški Kras wildfire,wildfire,NO2,µmol/m²,2022-07-17T00:00:00Z,2022-07-18T00:00:00Z,17,SI033,Koroška,20.86081598409399,-1.162480998573301,38.80016811308451,9.171814587346184,75,16,59,Sentinel Hub Statistical API / Sentinel-5P,P1D,good
kras_fire_2022,Goriški Kras wildfire,wildfire,NO2,µmol/m²,2022-07-18T00:00:00Z,2022-07-19T00:00:00Z,18,SI033,Koroška,15.829410855582067,-8.007605174498167,42.73775266483426,12.850136702208276,75,26,49,Sentinel Hub Statistical API / Sentinel-5P,P1D,good
kras_fire_2022,Goriški Kras wildfire,wildfire,NO2,µmol/m²,2022-07-19T00:00:00Z,2022-07-20T00:00:00Z,19,SI033,Koroška,12.548536213624423,-12.391780728648882,36.39717397163622,11.66204499637038,75,17,58,Sentinel Hub Statistical API / Sentinel-5P,P1D,good
kras_fire_2022,Goriški Kras wildfire,wildfire,NO2,µmol/m²,2022-07-20T00:00:00Z,2022-07-21T00:00:00Z,20,SI033,Koroška,21.797548423958272,4.745060323330108,38.695299735991284,7.237697924377909,75,16,59,Sentinel Hub Statistical API / Sentinel-5P,P1D,good
kras_fire_2022,Goriški Kras wildfire,wildfire,NO2,µmol/m²,2022-07-21T00:00:00Z,2022-07-22T00:00:00Z,21,SI033,Koroška,15.754004272235704,4.891793196293293,30.27162529178895,5.801195664171582,75,16,59,Sentinel Hub Statistical API / Sentinel-5P,P1D,good
kras_fire_2022,Goriški Kras wildfire,wildfire,NO2,µmol/m²,2022-07-22T00:00:00Z,2022-07-23T00:00:00Z,22,SI033,Koroška,19.48930044166462,8.983474799606483,33.847081795101985,5.81864166028893,75,22,53,Sentinel Hub Statistical API / Sentinel-5P,P1D,good
kras_fire_2022,Goriški Kras wildfire,wildfire,NO2,µmol/m²,2022-07-23T00:00:00Z,2022-07-24T00:00:00Z,23,SI033,Koroška,17.89983747568369,0.32243269743048586,35.97949034883641,8.073377949375892,75,21,54,Sentinel Hub Statistical API / Sentinel-5P,P1D,good
kras_fire_2022,Goriški Kras wildfire,wildfire,NO2,µmol/m²,2022-07-24T00:00:00Z,2022-07-25T00:00:00Z,24,SI033,Koroška,19.54122295241437,6.440424840548076,32.90662061772309,8.367691165568992,75,54,21,Sentinel Hub Statistical API / Sentinel-5P,P1D,partial
kras_fire_2022,Goriški Kras wildfire,wildfire,NO2,µmol/m²,2022-07-25T00:00:00Z,2022-07-26T00:00:00Z,25,SI033,Koroška,26.993795846205366,9.48018077906454,41.46142237004824,7.764736454818338,75,19,56,Sentinel Hub Statistical API / Sentinel-5P,P1D,good
kras_fire_2022,Goriški Kras wildfire,wildfire,NO2,µmol/m²,2022-07-26T00:00:00Z,2022-07-27T00:00:00Z,26,SI033,Koroška,24.607458313270897,10.319899047317449,38.84418401867151,9.74633153584439,75,64,11,Sentinel Hub Statistical API / Sentinel-5P,P1D,partial
kras_fire_2022,Goriški Kras wildfire,wildfire,NO2,µmol/m²,2022-07-27T00:00:00Z,2022-07-28T00:00:00Z,27,SI033,Koroška,,,,,75,75,0,Sentinel Hub Statistical API / Sentinel-5P,P1D,missing
kras_fire_2022,Goriški Kras wildfire,wildfire,NO2,µmol/m²,2022-07-28T00:00:00Z,2022-07-29T00:00:00Z,28,SI033,Koroška,15.79541822138708,15.79541822138708,15.79541822138708,0.0,75,74,1,Sentinel Hub Statistical API / Sentinel-5P,P1D,partial
kras_fire_2022,Goriški Kras wildfire,wildfire,NO2,µmol/m²,2022-07-29T00:00:00Z,2022-07-30T00:00:00Z,29,SI033,Koroška,19.90007035601593,11.492132216517348,28.436370484996587,6.267342140175518,75,71,4,Sentinel Hub Statistical API / Sentinel-5P,P1D,partial
kras_fire_2022,Goriški Kras wildfire,wildfire,NO2,µmol/m²,2022-07-30T00:00:00Z,2022-07-31T00:00:00Z,30,SI033,Koroška,,,,,75,75,0,Sentinel Hub Statistical API / Sentinel-5P,P1D,missing
kras_fire_2022,Goriški Kras wildfire,wildfire,NO2,µmol/m²,2022-07-31T00:00:00Z,2022-08-01T00:00:00Z,31,SI033,Koroška,29.328413802431896,29.328413802431896,29.328413802431896,0.0,75,72,3,Sentinel Hub Statistical API / Sentinel-5P,P1D,partial
kras_fire_2022,Goriški Kras wildfire,wildfire,NO2,µmol/m²,2022-07-01T00:00:00Z,2022-07-02T00:00:00Z,1,SI034,Savinjska,24.169291621359765,3.185385594406398,43.46962668932974,7.010244617552883,225,89,136,Sentinel Hub Statistical API / Sentinel-5P,P1D,good
kras_fire_2022,Goriški Kras wildfire,wildfire,NO2,µmol/m²,2022-07-02T00:00:00Z,2022-07-03T00:00:00Z,2,SI034,Savinjska,19.899337745053653,-5.223943844612222,51.33280865265988,9.591835935112687,225,98,127,Sentinel Hub Statistical API / Sentinel-5P,P1D,good
kras_fire_2022,Goriški Kras wildfire,wildfire,NO2,µmol/m²,2022-07-03T00:00:00Z,2022-07-04T00:00:00Z,3,SI034,Savinjska,22.425168200849523,-3.1444783417100552,44.80513962334953,9.514023979155763,225,90,135,Sentinel Hub Statistical API / Sentinel-5P,P1D,good
kras_fire_2022,Goriški Kras wildfire,wildfire,NO2,µmol/m²,2022-07-04T00:00:00Z,2022-07-05T00:00:00Z,4,SI034,Savinjska,28.33436331327123,8.499169780407101,52.47122680884786,10.501630653516301,225,127,98,Sentinel Hub Statistical API / Sentinel-5P,P1D,partial
kras_fire_2022,Goriški Kras wildfire,wildfire,NO2,µmol/m²,2022-07-05T00:00:00Z,2022-07-06T00:00:00Z,5,SI034,Savinjska,23.508704321607684,6.617313374590594,37.97103272518143,10.03346080273483,225,180,45,Sentinel Hub Statistical API / Sentinel-5P,P1D,partial
kras_fire_2022,Goriški Kras wildfire,wildfire,NO2,µmol/m²,2022-07-06T00:00:00Z,2022-07-07T00:00:00Z,6,SI034,Savinjska,17.10215809484437,-3.151082864860655,37.46455695363693,8.01371473826408,225,167,58,Sentinel Hub Statistical API / Sentinel-5P,P1D,partial
kras_fire_2022,Goriški Kras wildfire,wildfire,NO2,µmol/m²,2022-07-07T00:00:00Z,2022-07-08T00:00:00Z,7,SI034,Savinjska,14.00389008850929,-4.062061634613201,31.56146703986451,9.658595297144851,225,202,23,Sentinel Hub Statistical API / Sentinel-5P,P1D,partial
kras_fire_2022,Goriški Kras wildfire,wildfire,NO2,µmol/m²,2022-07-08T00:00:00Z,2022-07-09T00:00:00Z,8,SI034,Savinjska,21.8824928619402,-2.287437837367179,38.70949876727536,10.7955752974188,225,190,35,Sentinel Hub Statistical API / Sentinel-5P,P1D,partial
kras_fire_2022,Goriški Kras wildfire,wildfire,NO2,µmol/m²,2022-07-09T00:00:00Z,2022-07-10T00:00:00Z,9,SI034,Savinjska,,,,,225,225,0,Sentinel Hub Statistical API / Sentinel-5P,P1D,missing
kras_fire_2022,Goriški Kras wildfire,wildfire,NO2,µmol/m²,2022-07-10T00:00:00Z,2022-07-11T00:00:00Z,10,SI034,Savinjska,19.82376722610622,11.050204193452373,29.971897674840875,7.756054417488319,225,218,7,Sentinel Hub Statistical API / Sentinel-5P,P1D,partial
kras_fire_2022,Goriški Kras wildfire,wildfire,NO2,µmol/m²,2022-07-11T00:00:00Z,2022-07-12T00:00:00Z,11,SI034,Savinjska,26.986036997792933,18.565700884209946,42.08192331134342,7.233213004848542,225,210,15,Sentinel Hub Statistical API / Sentinel-5P,P1D,partial
kras_fire_2022,Goriški Kras wildfire,wildfire,NO2,µmol/m²,2022-07-12T00:00:00Z,2022-07-13T00:00:00Z,12,SI034,Savinjska,12.362427696643863,12.362427696643863,12.362427696643863,0.0,225,224,1,Sentinel Hub Statistical API / Sentinel-5P,P1D,partial
kras_fire_2022,Goriški Kras wildfire,wildfire,NO2,µmol/m²,2022-07-13T00:00:00Z,2022-07-14T00:00:00Z,13,SI034,Savinjska,21.205171919672562,-11.078291208832525,51.77686034585349,11.525006078849204,225,89,136,Sentinel Hub Statistical API / Sentinel-5P,P1D,good
kras_fire_2022,Goriški Kras wildfire,wildfire,NO2,µmol/m²,2022-07-14T00:00:00Z,2022-07-15T00:00:00Z,14,SI034,Savinjska,7.910437954221138,-9.491900527791586,36.10590647440404,13.010158708680192,225,194,31,Sentinel Hub Statistical API / Sentinel-5P,P1D,partial
kras_fire_2022,Goriški Kras wildfire,wildfire,NO2,µmol/m²,2022-07-15T00:00:00Z,2022-07-16T00:00:00Z,15,SI034,Savinjska,20.15137336760139,9.398948350280989,33.06852886453271,6.101796774438137,225,177,48,Sentinel Hub Statistical API / Sentinel-5P,P1D,partial
kras_fire_2022,Goriški Kras wildfire,wildfire,NO2,µmol/m²,2022-07-16T00:00:00Z,2022-07-17T00:00:00Z,16,SI034,Savinjska,18.370344290675494,4.480720235733315,31.99416460120119,6.686142739929085,225,108,117,Sentinel Hub Statistical API / Sentinel-5P,P1D,good
kras_fire_2022,Goriški Kras wildfire,wildfire,NO2,µmol/m²,2022-07-17T00:00:00Z,2022-07-18T00:00:00Z,17,SI034,Savinjska,22.78072878382127,-4.177331447863253,46.26365262083709,9.41718669900671,225,94,131,Sentinel Hub Statistical API / Sentinel-5P,P1D,good
kras_fire_2022,Goriški Kras wildfire,wildfire,NO2,µmol/m²,2022-07-18T00:00:00Z,2022-07-19T00:00:00Z,18,SI034,Savinjska,17.50466490152245,-12.381495253066532,46.243396354839206,11.991861246925087,225,101,124,Sentinel Hub Statistical API / Sentinel-5P,P1D,good
kras_fire_2022,Goriški Kras wildfire,wildfire,NO2,µmol/m²,2022-07-19T00:00:00Z,2022-07-20T00:00:00Z,19,SI034,Savinjska,19.010168086076774,-12.391780728648882,42.10549741401337,10.028484833262665,225,89,136,Sentinel Hub Statistical API / Sentinel-5P,P1D,good
kras_fire_2022,Goriški Kras wildfire,wildfire,NO2,µmol/m²,2022-07-20T00:00:00Z,2022-07-21T00:00:00Z,20,SI034,Savinjska,21.64830038964283,1.7940833458851557,47.55603731609881,9.024938111448948,225,89,136,Sentinel Hub Statistical API / Sentinel-5P,P1D,good
kras_fire_2022,Goriški Kras wildfire,wildfire,NO2,µmol/m²,2022-07-21T00:00:00Z,2022-07-22T00:00:00Z,21,SI034,Savinjska,15.671864857037074,-1.1291758710285649,33.65589145687409,8.207719436835976,225,89,136,Sentinel Hub Statistical API / Sentinel-5P,P1D,good
kras_fire_2022,Goriški Kras wildfire,wildfire,NO2,µmol/m²,2022-07-22T00:00:00Z,2022-07-23T00:00:00Z,22,SI034,Savinjska,20.01467419958116,-0.6470777975664532,35.56758019840345,7.279114102313835,225,94,131,Sentinel Hub Statistical API / Sentinel-5P,P1D,good
kras_fire_2022,Goriški Kras wildfire,wildfire,NO2,µmol/m²,2022-07-23T00:00:00Z,2022-07-24T00:00:00Z,23,SI034,Savinjska,18.99068527304883,-9.031552508531604,49.39706195727922,11.014953330017029,225,103,122,Sentinel Hub Statistical API / Sentinel-5P,P1D,good
kras_fire_2022,Goriški Kras wildfire,wildfire,NO2,µmol/m²,2022-07-24T00:00:00Z,2022-07-25T00:00:00Z,24,SI034,Savinjska,22.084105351574845,-5.759279702033382,45.047374442219734,10.178160318217975,225,127,98,Sentinel Hub Statistical API / Sentinel-5P,P1D,partial
kras_fire_2022,Goriški Kras wildfire,wildfire,NO2,µmol/m²,2022-07-25T00:00:00Z,2022-07-26T00:00:00Z,25,SI034,Savinjska,28.573869144565837,7.651742635061964,46.931116230553016,7.64345396414992,225,113,112,Sentinel Hub Statistical API / Sentinel-5P,P1D,partial
kras_fire_2022,Goriški Kras wildfire,wildfire,NO2,µmol/m²,2022-07-26T00:00:00Z,2022-07-27T00:00:00Z,26,SI034,Savinjska,23.39501106689568,10.319899047317449,32.124968129210174,6.3019584129708175,225,205,20,Sentinel Hub Statistical API / Sentinel-5P,P1D,partial
kras_fire_2022,Goriški Kras wildfire,wildfire,NO2,µmol/m²,2022-07-27T00:00:00Z,2022-07-28T00:00:00Z,27,SI034,Savinjska,21.086443439344297,-4.028989678772632,42.15204535285011,9.588632793481711,225,181,44,Sentinel Hub Statistical API / Sentinel-5P,P1D,partial
kras_fire_2022,Goriški Kras wildfire,wildfire,NO2,µmol/m²,2022-07-28T00:00:00Z,2022-07-29T00:00:00Z,28,SI034,Savinjska,23.64750434658274,-1.1277576277279877,68.89896758366376,12.980871099049798,225,184,41,Sentinel Hub Statistical API / Sentinel-5P,P1D,partial
kras_fire_2022,Goriški Kras wildfire,wildfire,NO2,µmol/m²,2022-07-29T00:00:00Z,2022-07-30T00:00:00Z,29,SI034,Savinjska,30.206620353796843,-9.323227459390182,60.51340824342333,13.499584848853162,225,144,81,Sentinel Hub Statistical API / Sentinel-5P,P1D,partial
kras_fire_2022,Goriški Kras wildfire,wildfire,NO2,µmol/m²,2022-07-30T00:00:00Z,2022-07-31T00:00:00Z,30,SI034,Savinjska,,,,,225,225,0,Sentinel Hub Statistical API / Sentinel-5P,P1D,missing
kras_fire_2022,Goriški Kras wildfire,wildfire,NO2,µmol/m²,2022-07-31T00:00:00Z,2022-08-01T00:00:00Z,31,SI034,Savinjska,17.763922109484806,7.347259725065669,32.43791070417501,7.777172016571855,225,190,35,Sentinel Hub Statistical API / Sentinel-5P,P1D,partial
kras_fire_2022,Goriški Kras wildfire,wildfire,NO2,µmol/m²,2022-07-01T00:00:00Z,2022-07-02T00:00:00Z,1,SI035,Zasavska,22.266214961876226,8.720807272766251,42.49071207595989,7.016993144270485,45,10,35,Sentinel Hub Statistical API / Sentinel-5P,P1D,good
kras_fire_2022,Goriški Kras wildfire,wildfire,NO2,µmol/m²,2022-07-02T00:00:00Z,2022-07-03T00:00:00Z,2,SI035,Zasavska,17.71280221873894,-7.279958481376525,40.85926411789842,9.520087156164264,45,14,31,Sentinel Hub Statistical API / Sentinel-5P,P1D,good
kras_fire_2022,Goriški Kras wildfire,wildfire,NO2,µmol/m²,2022-07-03T00:00:00Z,2022-07-04T00:00:00Z,3,SI035,Zasavska,25.278221531672383,-3.1444783417100552,49.97411815566011,12.719421090789805,45,10,35,Sentinel Hub Statistical API / Sentinel-5P,P1D,good
kras_fire_2022,Goriški Kras wildfire,wildfire,NO2,µmol/m²,2022-07-04T00:00:00Z,2022-07-05T00:00:00Z,4,SI035,Zasavska,31.940201221335556,17.221153029822744,39.62320988648571,7.707239266933725,45,23,22,Sentinel Hub Statistical API / Sentinel-5P,P1D,partial
kras_fire_2022,Goriški Kras wildfire,wildfire,NO2,µmol/m²,2022-07-05T00:00:00Z,2022-07-06T00:00:00Z,5,SI035,Zasavska,27.1687713056626,13.333151400729548,47.03284503193572,9.048181033138768,45,18,27,Sentinel Hub Statistical API / Sentinel-5P,P1D,good
kras_fire_2022,Goriški Kras wildfire,wildfire,NO2,µmol/m²,2022-07-06T00:00:00Z,2022-07-07T00:00:00Z,6,SI035,Zasavska,15.321934839107595,-4.25578673457494,31.92145231878385,9.670812390687153,45,29,16,Sentinel Hub Statistical API / Sentinel-5P,P1D,partial
kras_fire_2022,Goriški Kras wildfire,wildfire,NO2,µmol/m²,2022-07-07T00:00:00Z,2022-07-08T00:00:00Z,7,SI035,Zasavska,7.278872089955257,2.366987246205099,12.190756933705416,4.911884843750158,45,43,2,Sentinel Hub Statistical API / Sentinel-5P,P1D,partial
kras_fire_2022,Goriški Kras wildfire,wildfire,NO2,µmol/m²,2022-07-08T00:00:00Z,2022-07-09T00:00:00Z,8,SI035,Zasavska,23.663220358116636,0.5827916425005242,42.442323319846764,11.79379732320853,45,25,20,Sentinel Hub Statistical API / Sentinel-5P,P1D,partial
kras_fire_2022,Goriški Kras wildfire,wildfire,NO2,µmol/m²,2022-07-09T00:00:00Z,2022-07-10T00:00:00Z,9,SI035,Zasavska,23.095048163668253,23.095048163668253,23.095048163668253,0.0,45,43,2,Sentinel Hub Statistical API / Sentinel-5P,P1D,partial
kras_fire_2022,Goriški Kras wildfire,wildfire,NO2,µmol/m²,2022-07-10T00:00:00Z,2022-07-11T00:00:00Z,10,SI035,Zasavska,17.95731189056162,2.5031556560861645,25.369497961946763,8.231107690073824,45,34,11,Sentinel Hub Statistical API / Sentinel-5P,P1D,partial
kras_fire_2022,Goriški Kras wildfire,wildfire,NO2,µmol/m²,2022-07-11T00:00:00Z,2022-07-12T00:00:00Z,11,SI035,Zasavska,20.868693067505344,13.434045285976026,29.472112146322615,5.860117326806741,45,26,19,Sentinel Hub Statistical API / Sentinel-5P,P1D,partial
kras_fire_2022,Goriški Kras wildfire,wildfire,NO2,µmol/m²,2022-07-12T00:00:00Z,2022-07-13T00:00:00Z,12,SI035,Zasavska,15.996749993973935,1.8570182191979256,25.77515442681033,8.33288096328754,45,40,5,Sentinel Hub Statistical API / Sentinel-5P,P1D,partial
kras_fire_2022,Goriški Kras wildfire,wildfire,NO2,µmol/m²,2022-07-13T00:00:00Z,2022-07-14T00:00:00Z,13,SI035,Zasavska,23.089213755156376,-11.078291208832525,47.70641680806875,12.769376730075663,45,10,35,Sentinel Hub Statistical API / Sentinel-5P,P1D,good
kras_fire_2022,Goriški Kras wildfire,wildfire,NO2,µmol/m²,2022-07-14T00:00:00Z,2022-07-15T00:00:00Z,14,SI035,Zasavska,9.45770939324575,-5.191459877096349,36.10590647440404,12.579040314299622,45,35,10,Sentinel Hub Statistical API / Sentinel-5P,P1D,partial
kras_fire_2022,Goriški Kras wildfire,wildfire,NO2,µmol/m²,2022-07-15T00:00:00Z,2022-07-16T00:00:00Z,15,SI035,Zasavska,,,,,45,45,0,Sentinel Hub Statistical API / Sentinel-5P,P1D,missing
kras_fire_2022,Goriški Kras wildfire,wildfire,NO2,µmol/m²,2022-07-16T00:00:00Z,2022-07-17T00:00:00Z,16,SI035,Zasavska,18.201695015055257,9.430027603229973,30.205861548893154,6.1963087354461965,45,10,35,Sentinel Hub Statistical API / Sentinel-5P,P1D,good
kras_fire_2022,Goriški Kras wildfire,wildfire,NO2,µmol/m²,2022-07-17T00:00:00Z,2022-07-18T00:00:00Z,17,SI035,Zasavska,28.225114614802543,15.927054846542887,46.97001713793725,7.9402373469803065,45,10,35,Sentinel Hub Statistical API / Sentinel-5P,P1D,good
kras_fire_2022,Goriški Kras wildfire,wildfire,NO2,µmol/m²,2022-07-18T00:00:00Z,2022-07-19T00:00:00Z,18,SI035,Zasavska,19.430148235447373,-5.668610810971586,34.568125556688756,8.875604096277945,45,10,35,Sentinel Hub Statistical API / Sentinel-5P,P1D,good
kras_fire_2022,Goriški Kras wildfire,wildfire,NO2,µmol/m²,2022-07-19T00:00:00Z,2022-07-20T00:00:00Z,19,SI035,Zasavska,14.434262370092,-7.61353294365108,37.331567000364885,10.377552010984347,45,10,35,Sentinel Hub Statistical API / Sentinel-5P,P1D,good
kras_fire_2022,Goriški Kras wildfire,wildfire,NO2,µmol/m²,2022-07-20T00:00:00Z,2022-07-21T00:00:00Z,20,SI035,Zasavska,20.114611509468105,1.7940833458851557,27.67782461887691,5.3175389213842825,45,10,35,Sentinel Hub Statistical API / Sentinel-5P,P1D,good
kras_fire_2022,Goriški Kras wildfire,wildfire,NO2,µmol/m²,2022-07-21T00:00:00Z,2022-07-22T00:00:00Z,21,SI035,Zasavska,14.69107321879294,-0.6824329830124043,25.463243218837306,5.866553439682083,45,10,35,Sentinel Hub Statistical API / Sentinel-5P,P1D,good
kras_fire_2022,Goriški Kras wildfire,wildfire,NO2,µmol/m²,2022-07-22T00:00:00Z,2022-07-23T00:00:00Z,22,SI035,Zasavska,17.73376929382461,4.65687844553031,32.98891169833951,7.666304304368325,45,10,35,Sentinel Hub Statistical API / Sentinel-5P,P1D,good
kras_fire_2022,Goriški Kras wildfire,wildfire,NO2,µmol/m²,2022-07-23T00:00:00Z,2022-07-24T00:00:00Z,23,SI035,Zasavska,18.096114555581668,4.271851139492355,36.13648732425645,7.633343147394265,45,10,35,Sentinel Hub Statistical API / Sentinel-5P,P1D,good
kras_fire_2022,Goriški Kras wildfire,wildfire,NO2,µmol/m²,2022-07-24T00:00:00Z,2022-07-25T00:00:00Z,24,SI035,Zasavska,17.300361657817117,0.2854379772543325,46.1215568066109,10.09775047829186,45,20,25,Sentinel Hub Statistical API / Sentinel-5P,P1D,good
kras_fire_2022,Goriški Kras wildfire,wildfire,NO2,µmol/m²,2022-07-25T00:00:00Z,2022-07-26T00:00:00Z,25,SI035,Zasavska,29.296439762609744,14.161953004077077,43.512118281796575,8.51954763224871,45,10,35,Sentinel Hub Statistical API / Sentinel-5P,P1D,good
kras_fire_2022,Goriški Kras wildfire,wildfire,NO2,µmol/m²,2022-07-26T00:00:00Z,2022-07-27T00:00:00Z,26,SI035,Zasavska,,,,,45,45,0,Sentinel Hub Statistical API / Sentinel-5P,P1D,missing
kras_fire_2022,Goriški Kras wildfire,wildfire,NO2,µmol/m²,2022-07-27T00:00:00Z,2022-07-28T00:00:00Z,27,SI035,Zasavska,20.10158459597733,20.10158459597733,20.10158459597733,0.0,45,44,1,Sentinel Hub Statistical API / Sentinel-5P,P1D,partial
kras_fire_2022,Goriški Kras wildfire,wildfire,NO2,µmol/m²,2022-07-28T00:00:00Z,2022-07-29T00:00:00Z,28,SI035,Zasavska,25.643856133683585,13.033379218541086,37.96097735175863,10.178763197512394,45,42,3,Sentinel Hub Statistical API / Sentinel-5P,P1D,partial
kras_fire_2022,Goriški Kras wildfire,wildfire,NO2,µmol/m²,2022-07-29T00:00:00Z,2022-07-30T00:00:00Z,29,SI035,Zasavska,21.343380000934275,-0.596182530898659,55.17156751011498,12.795083159091197,45,16,29,Sentinel Hub Statistical API / Sentinel-5P,P1D,good
kras_fire_2022,Goriški Kras wildfire,wildfire,NO2,µmol/m²,2022-07-30T00:00:00Z,2022-07-31T00:00:00Z,30,SI035,Zasavska,,,,,45,45,0,Sentinel Hub Statistical API / Sentinel-5P,P1D,missing
kras_fire_2022,Goriški Kras wildfire,wildfire,NO2,µmol/m²,2022-07-31T00:00:00Z,2022-08-01T00:00:00Z,31,SI035,Zasavska,,,,,45,45,0,Sentinel Hub Statistical API / Sentinel-5P,P1D,missing
kras_fire_2022,Goriški Kras wildfire,wildfire,NO2,µmol/m²,2022-07-01T00:00:00Z,2022-07-02T00:00:00Z,1,SI036,Posavska,22.352974418150183,9.991910701501183,32.77695577708073,6.2727415560431785,78,19,59,Sentinel Hub Statistical API / Sentinel-5P,P1D,good
kras_fire_2022,Goriški Kras wildfire,wildfire,NO2,µmol/m²,2022-07-02T00:00:00Z,2022-07-03T00:00:00Z,2,SI036,Posavska,19.903787110981032,-4.1351649997523054,44.9496837973129,9.308625114481293,78,20,58,Sentinel Hub Statistical API / Sentinel-5P,P1D,good
kras_fire_2022,Goriški Kras wildfire,wildfire,NO2,µmol/m²,2022-07-03T00:00:00Z,2022-07-04T00:00:00Z,3,SI036,Posavska,24.12432905595964,-4.176866241323296,43.92373739392497,9.521050019689941,78,19,59,Sentinel Hub Statistical API / Sentinel-5P,P1D,good
kras_fire_2022,Goriški Kras wildfire,wildfire,NO2,µmol/m²,2022-07-04T00:00:00Z,2022-07-05T00:00:00Z,4,SI036,Posavska,31.406722998574622,6.630338248214684,53.10467167873867,11.274096855849123,78,23,55,Sentinel Hub Statistical API / Sentinel-5P,P1D,good
kras_fire_2022,Goriški Kras wildfire,wildfire,NO2,µmol/m²,2022-07-05T00:00:00Z,2022-07-06T00:00:00Z,5,SI036,Posavska,29.483680312599365,20.167328329989687,49.01987995253876,9.056729582879964,78,63,15,Sentinel Hub Statistical API / Sentinel-5P,P1D,partial
kras_fire_2022,Goriški Kras wildfire,wildfire,NO2,µmol/m²,2022-07-06T00:00:00Z,2022-07-07T00:00:00Z,6,SI036,Posavska,19.946855613542624,-4.349370101408567,52.19483864493668,12.068131253572348,78,34,44,Sentinel Hub Statistical API / Sentinel-5P,P1D,good
kras_fire_2022,Goriški Kras wildfire,wildfire,NO2,µmol/m²,2022-07-07T00:00:00Z,2022-07-08T00:00:00Z,7,SI036,Posavska,19.6130498491382,-1.4309117659649928,38.95558256772347,8.850636333431437,78,33,45,Sentinel Hub Statistical API / Sentinel-5P,P1D,good
kras_fire_2022,Goriški Kras wildfire,wildfire,NO2,µmol/m²,2022-07-08T00:00:00Z,2022-07-09T00:00:00Z,8,SI036,Posavska,28.886894142488018,28.886894142488018,28.886894142488018,0.0,78,77,1,Sentinel Hub Statistical API / Sentinel-5P,P1D,partial
kras_fire_2022,Goriški Kras wildfire,wildfire,NO2,µmol/m²,2022-07-09T00:00:00Z,2022-07-10T00:00:00Z,9,SI036,Posavska,23.81080594204832,18.839595213648863,28.782016670447774,4.9712107283994555,78,72,6,Sentinel Hub Statistical API / Sentinel-5P,P1D,partial
kras_fire_2022,Goriški Kras wildfire,wildfire,NO2,µmol/m²,2022-07-10T00:00:00Z,2022-07-11T00:00:00Z,10,SI036,Posavska,26.791450733126666,9.720874913909938,43.12161763664335,9.605994079197313,78,45,33,Sentinel Hub Statistical API / Sentinel-5P,P1D,partial
kras_fire_2022,Goriški Kras wildfire,wildfire,NO2,µmol/m²,2022-07-11T00:00:00Z,2022-07-12T00:00:00Z,11,SI036,Posavska,21.961253584295797,6.894261332490714,39.32657637051307,8.568830515060254,78,44,34,Sentinel Hub Statistical API / Sentinel-5P,P1D,partial
kras_fire_2022,Goriški Kras wildfire,wildfire,NO2,µmol/m²,2022-07-12T00:00:00Z,2022-07-13T00:00:00Z,12,SI036,Posavska,43.31735544838011,43.31735544838011,43.31735544838011,0.0,78,77,1,Sentinel Hub Statistical API / Sentinel-5P,P1D,partial
kras_fire_2022,Goriški Kras wildfire,wildfire,NO2,µmol/m²,2022-07-13T00:00:00Z,2022-07-14T00:00:00Z,13,SI036,Posavska,19.585626735194744,-0.6136007186796633,39.227008528541774,9.424488319864086,78,19,59,Sentinel Hub Statistical API / Sentinel-5P,P1D,good
kras_fire_2022,Goriški Kras wildfire,wildfire,NO2,µmol/m²,2022-07-14T00:00:00Z,2022-07-15T00:00:00Z,14,SI036,Posavska,12.591356971193413,-22.089818230597302,29.461825761245564,11.224411777573284,78,42,36,Sentinel Hub Statistical API / Sentinel-5P,P1D,partial
kras_fire_2022,Goriški Kras wildfire,wildfire,NO2,µmol/m²,2022-07-15T00:00:00Z,2022-07-16T00:00:00Z,15,SI036,Posavska,23.252511943740373,16.264404621324502,28.78584564314224,3.8946831131192226,78,43,35,Sentinel Hub Statistical API / Sentinel-5P,P1D,partial
kras_fire_2022,Goriški Kras wildfire,wildfire,NO2,µmol/m²,2022-07-16T00:00:00Z,2022-07-17T00:00:00Z,16,SI036,Posavska,15.851736962003532,4.480720235733315,29.347351301112212,5.705034181451098,78,19,59,Sentinel Hub Statistical API / Sentinel-5P,P1D,good
kras_fire_2022,Goriški Kras wildfire,wildfire,NO2,µmol/m²,2022-07-17T00:00:00Z,2022-07-18T00:00:00Z,17,SI036,Posavska,23.69509407583529,10.429991561977658,42.06959420116618,7.933460903564945,78,19,59,Sentinel Hub Statistical API / Sentinel-5P,P1D,good
kras_fire_2022,Goriški Kras wildfire,wildfire,NO2,µmol/m²,2022-07-18T00:00:00Z,2022-07-19T00:00:00Z,18,SI036,Posavska,24.255510172640815,-9.472564670431893,57.73395605501719,13.932718767597756,78,19,59,Sentinel Hub Statistical API / Sentinel-5P,P1D,good
kras_fire_2022,Goriški Kras wildfire,wildfire,NO2,µmol/m²,2022-07-19T00:00:00Z,2022-07-20T00:00:00Z,19,SI036,Posavska,22.97163777164592,-11.272607480350416,51.50958531885408,12.727686210861256,78,19,59,Sentinel Hub Statistical API / Sentinel-5P,P1D,good
kras_fire_2022,Goriški Kras wildfire,wildfire,NO2,µmol/m²,2022-07-20T00:00:00Z,2022-07-21T00:00:00Z,20,SI036,Posavska,24.272626479475964,3.328877028252464,37.02632966451347,7.605885824955306,78,19,59,Sentinel Hub Statistical API / Sentinel-5P,P1D,good
kras_fire_2022,Goriški Kras wildfire,wildfire,NO2,µmol/m²,2022-07-21T00:00:00Z,2022-07-22T00:00:00Z,21,SI036,Posavska,19.029320664215497,8.932090167945717,33.684653317322955,5.531968061147689,78,19,59,Sentinel Hub Statistical API / Sentinel-5P,P1D,good
kras_fire_2022,Goriški Kras wildfire,wildfire,NO2,µmol/m²,2022-07-22T00:00:00Z,2022-07-23T00:00:00Z,22,SI036,Posavska,19.944121157681433,4.67717745777918,40.08683026768267,7.498034246870371,78,19,59,Sentinel Hub Statistical API / Sentinel-5P,P1D,good
kras_fire_2022,Goriški Kras wildfire,wildfire,NO2,µmol/m²,2022-07-23T00:00:00Z,2022-07-24T00:00:00Z,23,SI036,Posavska,15.680468318562859,-4.967426320945378,58.67464278708212,9.678729172429845,78,19,59,Sentinel Hub Statistical API / Sentinel-5P,P1D,good
kras_fire_2022,Goriški Kras wildfire,wildfire,NO2,µmol/m²,2022-07-24T00:00:00Z,2022-07-25T00:00:00Z,24,SI036,Posavska,24.762205890439006,0.9125146220867464,45.047374442219734,10.647896924564531,78,21,57,Sentinel Hub Statistical API / Sentinel-5P,P1D,good
kras_fire_2022,Goriški Kras wildfire,wildfire,NO2,µmol/m²,2022-07-25T00:00:00Z,2022-07-26T00:00:00Z,25,SI036,Posavska,24.325127527938605,8.077073289314285,46.931116230553016,8.03763928707344,78,39,39,Sentinel Hub Statistical API / Sentinel-5P,P1D,good
kras_fire_2022,Goriški Kras wildfire,wildfire,NO2,µmol/m²,2022-07-26T00:00:00Z,2022-07-27T00:00:00Z,26,SI036,Posavska,,,,,78,78,0,Sentinel Hub Statistical API / Sentinel-5P,P1D,missing
kras_fire_2022,Goriški Kras wildfire,wildfire,NO2,µmol/m²,2022-07-27T00:00:00Z,2022-07-28T00:00:00Z,27,SI036,Posavska,23.708311684543357,-4.028989678772632,44.59146657609381,8.853395734369354,78,35,43,Sentinel Hub Statistical API / Sentinel-5P,P1D,good
kras_fire_2022,Goriški Kras wildfire,wildfire,NO2,µmol/m²,2022-07-28T00:00:00Z,2022-07-29T00:00:00Z,28,SI036,Posavska,24.58981965091658,-1.1277576277279877,45.006370783085,10.036554558709737,78,37,41,Sentinel Hub Statistical API / Sentinel-5P,P1D,good
kras_fire_2022,Goriški Kras wildfire,wildfire,NO2,µmol/m²,2022-07-29T00:00:00Z,2022-07-30T00:00:00Z,29,SI036,Posavska,28.734403512918124,9.439473615202587,50.7256445416715,10.846492726319946,78,19,59,Sentinel Hub Statistical API / Sentinel-5P,P1D,good
kras_fire_2022,Goriški Kras wildfire,wildfire,NO2,µmol/m²,2022-07-30T00:00:00Z,2022-07-31T00:00:00Z,30,SI036,Posavska,,,,,78,78,0,Sentinel Hub Statistical API / Sentinel-5P,P1D,missing
kras_fire_2022,Goriški Kras wildfire,wildfire,NO2,µmol/m²,2022-07-31T00:00:00Z,2022-08-01T00:00:00Z,31,SI036,Posavska,20.312185415605196,2.9260954761411995,35.30057074385695,8.61424558218445,78,38,40,Sentinel Hub Statistical API / Sentinel-5P,P1D,good
kras_fire_2022,Goriški Kras wildfire,wildfire,NO2,µmol/m²,2022-07-01T00:00:00Z,2022-07-02T00:00:00Z,1,SI037,Jugovzhodna Slovenija,18.500838398351878,-5.640975359710865,31.021350878290832,7.313879846299627,204,69,135,Sentinel Hub Statistical API / Sentinel-5P,P1D,good
kras_fire_2022,Goriški Kras wildfire,wildfire,NO2,µmol/m²,2022-07-02T00:00:00Z,2022-07-03T00:00:00Z,2,SI037,Jugovzhodna Slovenija,18.539661536663544,-8.389815775444731,48.82703069597483,11.558395159799213,204,75,129,Sentinel Hub Statistical API / Sentinel-5P,P1D,good
kras_fire_2022,Goriški Kras wildfire,wildfire,NO2,µmol/m²,2022-07-03T00:00:00Z,2022-07-04T00:00:00Z,3,SI037,Jugovzhodna Slovenija,23.709464690813586,3.8577122722927015,43.92373739392497,8.632659223024696,204,53,151,Sentinel Hub Statistical API / Sentinel-5P,P1D,good
kras_fire_2022,Goriški Kras wildfire,wildfire,NO2,µmol/m²,2022-07-04T00:00:00Z,2022-07-05T00:00:00Z,4,SI037,Jugovzhodna Slovenija,27.032427796429317,-1.9720594082173193,47.71691237692721,13.69955710858831,204,167,37,Sentinel Hub Statistical API / Sentinel-5P,P1D,partial
kras_fire_2022,Goriški Kras wildfire,wildfire,NO2,µmol/m²,2022-07-05T00:00:00Z,2022-07-06T00:00:00Z,5,SI037,Jugovzhodna Slovenija,25.223071905643202,11.091255146311596,56.148168368963525,11.57100428248462,204,138,66,Sentinel Hub Statistical API / Sentinel-5P,P1D,partial
kras_fire_2022,Goriški Kras wildfire,wildfire,NO2,µmol/m²,2022-07-06T00:00:00Z,2022-07-07T00:00:00Z,6,SI037,Jugovzhodna Slovenija,19.629034325612054,-5.575927843892714,43.878557335119694,12.23739485246691,204,123,81,Sentinel Hub Statistical API / Sentinel-5P,P1D,partial
kras_fire_2022,Goriški Kras wildfire,wildfire,NO2,µmol/m²,2022-07-07T00:00:00Z,2022-07-08T00:00:00Z,7,SI037,Jugovzhodna Slovenija,14.65545946152703,-11.22973844758235,34.48009374551475,9.54675222296285,204,123,81,Sentinel Hub Statistical API / Sentinel-5P,P1D,partial
kras_fire_2022,Goriški Kras wildfire,wildfire,NO2,µmol/m²,2022-07-08T00:00:00Z,2022-07-09T00:00:00Z,8,SI037,Jugovzhodna Slovenija,31.06147560174577,7.722304872004315,42.442323319846764,12.48308118325586,204,199,5,Sentinel Hub Statistical API / Sentinel-5P,P1D,partial
kras_fire_2022,Goriški Kras wildfire,wildfire,NO2,µmol/m²,2022-07-09T00:00:00Z,2022-07-10T00:00:00Z,9,SI037,Jugovzhodna Slovenija,27.99351376347285,4.540048848866718,46.31601404980756,9.247489707593232,204,143,61,Sentinel Hub Statistical API / Sentinel-5P,P1D,partial
kras_fire_2022,Goriški Kras wildfire,wildfire,NO2,µmol/m²,2022-07-10T00:00:00Z,2022-07-11T00:00:00Z,10,SI037,Jugovzhodna Slovenija,26.90167983184272,9.698716894490644,52.00190207688138,9.53335200449019,204,94,110,Sentinel Hub Statistical API / Sentinel-5P,P1D,good
kras_fire_2022,Goriški Kras wildfire,wildfire,NO2,µmol/m²,2022-07-11T00:00:00Z,2022-07-12T00:00:00Z,11,SI037,Jugovzhodna Slovenija,24.24757734316747,1.8877423144658678,53.45877434592694,9.575243020112222,204,109,95,Sentinel Hub Statistical API / Sentinel-5P,P1D,partial
kras_fire_2022,Goriški Kras wildfire,wildfire,NO2,µmol/m²,2022-07-12T00:00:00Z,2022-07-13T00:00:00Z,12,SI037,Jugovzhodna Slovenija,23.53882014683432,-16.3938821060583,65.3166716801934,12.648054231665132,204,121,83,Sentinel Hub Statistical API / Sentinel-5P,P1D,partial
kras_fire_2022,Goriški Kras wildfire,wildfire,NO2,µmol/m²,2022-07-13T00:00:00Z,2022-07-14T00:00:00Z,13,SI037,Jugovzhodna Slovenija,18.483725846979247,-8.754809641686734,51.126287871738896,9.406047811260906,204,53,151,Sentinel Hub Statistical API / Sentinel-5P,P1D,good
kras_fire_2022,Goriški Kras wildfire,wildfire,NO2,µmol/m²,2022-07-14T00:00:00Z,2022-07-15T00:00:00Z,14,SI037,Jugovzhodna Slovenija,17.907584468919897,-17.068514353013597,43.81079997983761,10.256436825777358,204,60,144,Sentinel Hub Statistical API / Sentinel-5P,P1D,good
kras_fire_2022,Goriški Kras wildfire,wildfire,NO2,µmol/m²,2022-07-15T00:00:00Z,2022-07-16T00:00:00Z,15,SI037,Jugovzhodna Slovenija,22.12904355811016,10.035671039076988,44.9406543339137,8.698585765281852,204,150,54,Sentinel Hub Statistical API / Sentinel-5P,P1D,partial
kras_fire_2022,Goriški Kras wildfire,wildfire,NO2,µmol/m²,2022-07-16T00:00:00Z,2022-07-17T00:00:00Z,16,SI037,Jugovzhodna Slovenija,16.693420001898716,-15.987632650649175,50.460323109291494,10.726668826760502,204,71,133,Sentinel Hub Statistical API / Sentinel-5P,P1D,good
kras_fire_2022,Goriški Kras wildfire,wildfire,NO2,µmol/m²,2022-07-17T00:00:00Z,2022-07-18T00:00:00Z,17,SI037,Jugovzhodna Slovenija,22.39275989792222,2.1142634523130255,50.25016798754223,8.737860451260412,204,53,151,Sentinel Hub Statistical API / Sentinel-5P,P1D,good
kras_fire_2022,Goriški Kras wildfire,wildfire,NO2,µmol/m²,2022-07-18T00:00:00Z,2022-07-19T00:00:00Z,18,SI037,Jugovzhodna Slovenija,18.793052502147972,-6.8315930548124015,48.68580072070472,10.51194313682979,204,53,151,Sentinel Hub Statistical API / Sentinel-5P,P1D,good
kras_fire_2022,Goriški Kras wildfire,wildfire,NO2,µmol/m²,2022-07-19T00:00:00Z,2022-07-20T00:00:00Z,19,SI037,Jugovzhodna Slovenija,15.754582242809056,-10.02566386887338,43.57032958068885,11.21369143872717,204,53,151,Sentinel Hub Statistical API / Sentinel-5P,P1D,good
kras_fire_2022,Goriški Kras wildfire,wildfire,NO2,µmol/m²,2022-07-20T00:00:00Z,2022-07-21T00:00:00Z,20,SI037,Jugovzhodna Slovenija,17.807692554680937,0.41897450842043327,33.48736936459318,7.448988564901057,204,53,151,Sentinel Hub Statistical API / Sentinel-5P,P1D,good
kras_fire_2022,Goriški Kras wildfire,wildfire,NO2,µmol/m²,2022-07-21T00:00:00Z,2022-07-22T00:00:00Z,21,SI037,Jugovzhodna Slovenija,13.34473829716377,-7.420912879751995,34.41590888542123,7.006692038323204,204,53,151,Sentinel Hub Statistical API / Sentinel-5P,P1D,good
kras_fire_2022,Goriški Kras wildfire,wildfire,NO2,µmol/m²,2022-07-22T00:00:00Z,2022-07-23T00:00:00Z,22,SI037,Jugovzhodna Slovenija,17.766259984821488,-3.8709104046574794,40.58635749970563,7.543954392411058,204,55,149,Sentinel Hub Statistical API / Sentinel-5P,P1D,good
kras_fire_2022,Goriški Kras wildfire,wildfire,NO2,µmol/m²,2022-07-23T00:00:00Z,2022-07-24T00:00:00Z,23,SI037,Jugovzhodna Slovenija,15.719773829249739,-28.249898605281487,50.405920774210244,12.262890571584803,204,105,99,Sentinel Hub Statistical API / Sentinel-5P,P1D,partial
kras_fire_2022,Goriški Kras wildfire,wildfire,NO2,µmol/m²,2022-07-24T00:00:00Z,2022-07-25T00:00:00Z,24,SI037,Jugovzhodna Slovenija,19.898496928235183,-1.6782671536930138,40.992454160004854,8.207563845030922,204,58,146,Sentinel Hub Statistical API / Sentinel-5P,P1D,good
kras_fire_2022,Goriški Kras wildfire,wildfire,NO2,µmol/m²,2022-07-25T00:00:00Z,2022-07-26T00:00:00Z,25,SI037,Jugovzhodna Slovenija,25.86341599647985,6.025520178809529,49.88643922843039,8.314564283624149,204,73,131,Sentinel Hub Statistical API / Sentinel-5P,P1D,good
kras_fire_2022,Goriški Kras wildfire,wildfire,NO2,µmol/m²,2022-07-26T00:00:00Z,2022-07-27T00:00:00Z,26,SI037,Jugovzhodna Slovenija,,,,,204,204,0,Sentinel Hub Statistical API / Sentinel-5P,P1D,missing
kras_fire_2022,Goriški Kras wildfire,wildfire,NO2,µmol/m²,2022-07-27T00:00:00Z,2022-07-28T00:00:00Z,27,SI037,Jugovzhodna Slovenija,31.357082965162896,23.391126887872815,54.326632380252704,10.443080095867101,204,198,6,Sentinel Hub Statistical API / Sentinel-5P,P1D,partial
kras_fire_2022,Goriški Kras wildfire,wildfire,NO2,µmol/m²,2022-07-28T00:00:00Z,2022-07-29T00:00:00Z,28,SI037,Jugovzhodna Slovenija,25.03866726328853,4.10372604164877,42.7135601057671,8.426305065270775,204,94,110,Sentinel Hub Statistical API / Sentinel-5P,P1D,good
kras_fire_2022,Goriški Kras wildfire,wildfire,NO2,µmol/m²,2022-07-29T00:00:00Z,2022-07-30T00:00:00Z,29,SI037,Jugovzhodna Slovenija,21.7650113741874,-15.753230400150642,48.7283177790232,11.808537722788877,204,105,99,Sentinel Hub Statistical API / Sentinel-5P,P1D,partial
kras_fire_2022,Goriški Kras wildfire,wildfire,NO2,µmol/m²,2022-07-30T00:00:00Z,2022-07-31T00:00:00Z,30,SI037,Jugovzhodna Slovenija,,,,,204,204,0,Sentinel Hub Statistical API / Sentinel-5P,P1D,missing
kras_fire_2022,Goriški Kras wildfire,wildfire,NO2,µmol/m²,2022-07-31T00:00:00Z,2022-08-01T00:00:00Z,31,SI037,Jugovzhodna Slovenija,23.513325132035682,2.9260954761411995,55.20452032214962,13.389557520362947,204,147,57,Sentinel Hub Statistical API / Sentinel-5P,P1D,partial
kras_fire_2022,Goriški Kras wildfire,wildfire,NO2,µmol/m²,2022-07-01T00:00:00Z,2022-07-02T00:00:00Z,1,SI038,Primorsko-notranjska,15.35840112947498,-11.32024044636637,39.414855564245954,7.869503627568079,88,19,69,Sentinel Hub Statistical API / Sentinel-5P,P1D,good
kras_fire_2022,Goriški Kras wildfire,wildfire,NO2,µmol/m²,2022-07-02T00:00:00Z,2022-07-03T00:00:00Z,2,SI038,Primorsko-notranjska,15.788539088557176,-10.08742310659727,45.137261622585356,11.03445349955983,88,7,81,Sentinel Hub Statistical API / Sentinel-5P,P1D,good
kras_fire_2022,Goriški Kras wildfire,wildfire,NO2,µmol/m²,2022-07-03T00:00:00Z,2022-07-04T00:00:00Z,3,SI038,Primorsko-notranjska,23.267535543372677,3.7900365441601025,47.89679587702267,9.125586538211383,88,7,81,Sentinel Hub Statistical API / Sentinel-5P,P1D,good
kras_fire_2022,Goriški Kras wildfire,wildfire,NO2,µmol/m²,2022-07-04T00:00:00Z,2022-07-05T00:00:00Z,4,SI038,Primorsko-notranjska,22.547468688571826,22.547468688571826,22.547468688571826,0.0,88,84,4,Sentinel Hub Statistical API / Sentinel-5P,P1D,partial
kras_fire_2022,Goriški Kras wildfire,wildfire,NO2,µmol/m²,2022-07-05T00:00:00Z,2022-07-06T00:00:00Z,5,SI038,Primorsko-notranjska,25.894946358878062,11.520036423462443,44.160020479466766,8.032548656336946,88,43,45,Sentinel Hub Statistical API / Sentinel-5P,P1D,good
kras_fire_2022,Goriški Kras wildfire,wildfire,NO2,µmol/m²,2022-07-06T00:00:00Z,2022-07-07T00:00:00Z,6,SI038,Primorsko-notranjska,21.982358023892743,-1.1889679853993584,42.4486497649923,10.734743083314402,88,49,39,Sentinel Hub Statistical API / Sentinel-5P,P1D,partial
kras_fire_2022,Goriški Kras wildfire,wildfire,NO2,µmol/m²,2022-07-07T00:00:00Z,2022-07-08T00:00:00Z,7,SI038,Primorsko-notranjska,0.7546544111391995,-10.202875273535028,8.406494089285843,6.7581494659812416,88,83,5,Sentinel Hub Statistical API / Sentinel-5P,P1D,partial
kras_fire_2022,Goriški Kras wildfire,wildfire,NO2,µmol/m²,2022-07-08T00:00:00Z,2022-07-09T00:00:00Z,8,SI038,Primorsko-notranjska,23.78309121316609,16.009089449653402,31.045288778841496,5.173152570560045,88,82,6,Sentinel Hub Statistical API / Sentinel-5P,P1D,partial
kras_fire_2022,Goriški Kras wildfire,wildfire,NO2,µmol/m²,2022-07-09T00:00:00Z,2022-07-10T00:00:00Z,9,SI038,Primorsko-notranjska,22.157247346715145,-3.007843815794331,40.78055280842818,10.505603001851094,88,34,54,Sentinel Hub Statistical API / Sentinel-5P,P1D,good
kras_fire_2022,Goriški Kras wildfire,wildfire,NO2,µmol/m²,2022-07-10T00:00:00Z,2022-07-11T00:00:00Z,10,SI038,Primorsko-notranjska,12.485978643894667,-0.39699133935755526,25.368948627146892,12.882969983252224,88,84,4,Sentinel Hub Statistical API / Sentinel-5P,P1D,partial
kras_fire_2022,Goriški Kras wildfire,wildfire,NO2,µmol/m²,2022-07-11T00:00:00Z,2022-07-12T00:00:00Z,11,SI038,Primorsko-notranjska,26.933416665997353,12.076845450792462,47.18946365755983,12.698416985668693,88,78,10,Sentinel Hub Statistical API / Sentinel-5P,P1D,partial
kras_fire_2022,Goriški Kras wildfire,wildfire,NO2,µmol/m²,2022-07-12T00:00:00Z,2022-07-13T00:00:00Z,12,SI038,Primorsko-notranjska,21.73318359137528,3.7397574033093406,48.52969141211361,9.19550966060491,88,62,26,Sentinel Hub Statistical API / Sentinel-5P,P1D,partial
kras_fire_2022,Goriški Kras wildfire,wildfire,NO2,µmol/m²,2022-07-13T00:00:00Z,2022-07-14T00:00:00Z,13,SI038,Primorsko-notranjska,22.317822559210818,-4.742992132378276,45.61576133710332,10.031654935511318,88,7,81,Sentinel Hub Statistical API / Sentinel-5P,P1D,good
kras_fire_2022,Goriški Kras wildfire,wildfire,NO2,µmol/m²,2022-07-14T00:00:00Z,2022-07-15T00:00:00Z,14,SI038,Primorsko-notranjska,17.045460736191604,-3.3608534977247473,38.61719960696064,9.657504247602075,88,26,62,Sentinel Hub Statistical API / Sentinel-5P,P1D,good
kras_fire_2022,Goriški Kras wildfire,wildfire,NO2,µmol/m²,2022-07-15T00:00:00Z,2022-07-16T00:00:00Z,15,SI038,Primorsko-notranjska,23.644581723112005,5.662572220899165,45.82389010465704,8.933492570070674,88,36,52,Sentinel Hub Statistical API / Sentinel-5P,P1D,good
kras_fire_2022,Goriški Kras wildfire,wildfire,NO2,µmol/m²,2022-07-16T00:00:00Z,2022-07-17T00:00:00Z,16,SI038,Primorsko-notranjska,17.145330407719335,-2.119655164278811,59.412381233414635,13.954436995327576,88,45,43,Sentinel Hub Statistical API / Sentinel-5P,P1D,partial
kras_fire_2022,Goriški Kras wildfire,wildfire,NO2,µmol/m²,2022-07-17T00:00:00Z,2022-07-18T00:00:00Z,17,SI038,Primorsko-notranjska,19.478917208828157,0.9747096783030429,35.70265107555315,8.772228695732373,88,7,81,Sentinel Hub Statistical API / Sentinel-5P,P1D,good
kras_fire_2022,Goriški Kras wildfire,wildfire,NO2,µmol/m²,2022-07-18T00:00:00Z,2022-07-19T00:00:00Z,18,SI038,Primorsko-notranjska,19.254477405687606,2.5259821541112615,46.68791370932013,8.969674520184943,88,9,79,Sentinel Hub Statistical API / Sentinel-5P,P1D,good
kras_fire_2022,Goriški Kras wildfire,wildfire,NO2,µmol/m²,2022-07-19T00:00:00Z,2022-07-20T00:00:00Z,19,SI038,Primorsko-notranjska,15.713704048137535,-10.02566386887338,41.95039582555182,9.91672094749059,88,7,81,Sentinel Hub Statistical API / Sentinel-5P,P1D,good
kras_fire_2022,Goriški Kras wildfire,wildfire,NO2,µmol/m²,2022-07-20T00:00:00Z,2022-07-21T00:00:00Z,20,SI038,Primorsko-notranjska,19.375935568668975,11.124393495265394,31.201489036902785,5.7426958801789025,88,7,81,Sentinel Hub Statistical API / Sentinel-5P,P1D,good
kras_fire_2022,Goriški Kras wildfire,wildfire,NO2,µmol/m²,2022-07-21T00:00:00Z,2022-07-22T00:00:00Z,21,SI038,Primorsko-notranjska,17.989037453552168,-13.322683116712142,40.46250251121819,12.771405114993636,88,32,56,Sentinel Hub Statistical API / Sentinel-5P,P1D,good
kras_fire_2022,Goriški Kras wildfire,wildfire,NO2,µmol/m²,2022-07-22T00:00:00Z,2022-07-23T00:00:00Z,22,SI038,Primorsko-notranjska,18.53842580917192,-7.826580258551985,43.13467798056081,10.999655997872312,88,52,36,Sentinel Hub Statistical API / Sentinel-5P,P1D,partial
kras_fire_2022,Goriški Kras wildfire,wildfire,NO2,µmol/m²,2022-07-23T00:00:00Z,2022-07-24T00:00:00Z,23,SI038,Primorsko-notranjska,15.801235716726147,-19.39114554261323,51.5834653924685,12.338983943491504,88,25,63,Sentinel Hub Statistical API / Sentinel-5P,P1D,good
kras_fire_2022,Goriški Kras wildfire,wildfire,NO2,µmol/m²,2022-07-24T00:00:00Z,2022-07-25T00:00:00Z,24,SI038,Primorsko-notranjska,18.92404493859927,4.602730768965557,41.185769077856094,8.181295275480169,88,11,77,Sentinel Hub Statistical API / Sentinel-5P,P1D,good
kras_fire_2022,Goriški Kras wildfire,wildfire,NO2,µmol/m²,2022-07-25T00:00:00Z,2022-07-26T00:00:00Z,25,SI038,Primorsko-notranjska,38.023671223550664,8.364992936549243,64.67888306360692,11.344384755014557,88,49,39,Sentinel Hub Statistical API / Sentinel-5P,P1D,partial
kras_fire_2022,Goriški Kras wildfire,wildfire,NO2,µmol/m²,2022-07-26T00:00:00Z,2022-07-27T00:00:00Z,26,SI038,Primorsko-notranjska,21.321907844548402,6.450513410527492,35.626464523375034,7.36352213056537,88,19,69,Sentinel Hub Statistical API / Sentinel-5P,P1D,good
kras_fire_2022,Goriški Kras wildfire,wildfire,NO2,µmol/m²,2022-07-27T00:00:00Z,2022-07-28T00:00:00Z,27,SI038,Primorsko-notranjska,,,,,88,88,0,Sentinel Hub Statistical API / Sentinel-5P,P1D,missing
kras_fire_2022,Goriški Kras wildfire,wildfire,NO2,µmol/m²,2022-07-28T00:00:00Z,2022-07-29T00:00:00Z,28,SI038,Primorsko-notranjska,23.943387847996036,1.5535460988758132,42.388070141896605,8.596958740492555,88,16,72,Sentinel Hub Statistical API / Sentinel-5P,P1D,good
kras_fire_2022,Goriški Kras wildfire,wildfire,NO2,µmol/m²,2022-07-29T00:00:00Z,2022-07-30T00:00:00Z,29,SI038,Primorsko-notranjska,25.97462929877699,7.924674719106406,43.97266457090154,11.30388786855919,88,71,17,Sentinel Hub Statistical API / Sentinel-5P,P1D,partial
kras_fire_2022,Goriški Kras wildfire,wildfire,NO2,µmol/m²,2022-07-30T00:00:00Z,2022-07-31T00:00:00Z,30,SI038,Primorsko-notranjska,,,,,88,88,0,Sentinel Hub Statistical API / Sentinel-5P,P1D,missing
kras_fire_2022,Goriški Kras wildfire,wildfire,NO2,µmol/m²,2022-07-31T00:00:00Z,2022-08-01T00:00:00Z,31,SI038,Primorsko-notranjska,34.18967147202542,28.989756174269132,43.35775884101167,6.502290229759942,88,85,3,Sentinel Hub Statistical API / Sentinel-5P,P1D,partial
kras_fire_2022,Goriški Kras wildfire,wildfire,NO2,µmol/m²,2022-07-01T00:00:00Z,2022-07-02T00:00:00Z,1,SI041,Osrednjeslovenska,20.43635309263436,-11.32024044636637,42.94037353247404,10.156975868627544,221,121,100,Sentinel Hub Statistical API / Sentinel-5P,P1D,partial
kras_fire_2022,Goriški Kras wildfire,wildfire,NO2,µmol/m²,2022-07-02T00:00:00Z,2022-07-03T00:00:00Z,2,SI041,Osrednjeslovenska,18.649680423598678,-7.996065505722072,38.60522338072769,9.272920847862228,221,80,141,Sentinel Hub Statistical API / Sentinel-5P,P1D,good
kras_fire_2022,Goriški Kras wildfire,wildfire,NO2,µmol/m²,2022-07-03T00:00:00Z,2022-07-04T00:00:00Z,3,SI041,Osrednjeslovenska,22.791379877099672,0.5543204792957113,49.97411815566011,9.498400028678791,221,76,145,Sentinel Hub Statistical API / Sentinel-5P,P1D,good
kras_fire_2022,Goriški Kras wildfire,wildfire,NO2,µmol/m²,2022-07-04T00:00:00Z,2022-07-05T00:00:00Z,4,SI041,Osrednjeslovenska,21.238446424831636,20.30805808317382,22.04004158556927,0.7852012824528132,221,216,5,Sentinel Hub Statistical API / Sentinel-5P,P1D,partial
kras_fire_2022,Goriški Kras wildfire,wildfire,NO2,µmol/m²,2022-07-05T00:00:00Z,2022-07-06T00:00:00Z,5,SI041,Osrednjeslovenska,19.54917395289782,8.153559974743985,47.03284503193572,8.46079124563559,221,154,67,Sentinel Hub Statistical API / Sentinel-5P,P1D,partial
kras_fire_2022,Goriški Kras wildfire,wildfire,NO2,µmol/m²,2022-07-06T00:00:00Z,2022-07-07T00:00:00Z,6,SI041,Osrednjeslovenska,20.26925775661651,-4.25578673457494,38.20810525212437,9.328370822920624,221,150,71,Sentinel Hub Statistical API / Sentinel-5P,P1D,partial
kras_fire_2022,Goriški Kras wildfire,wildfire,NO2,µmol/m²,2022-07-07T00:00:00Z,2022-07-08T00:00:00Z,7,SI041,Osrednjeslovenska,14.834093766088092,2.366987246205099,27.653813958750106,9.395059923600813,221,215,6,Sentinel Hub Statistical API / Sentinel-5P,P1D,partial
kras_fire_2022,Goriški Kras wildfire,wildfire,NO2,µmol/m²,2022-07-08T00:00:00Z,2022-07-09T00:00:00Z,8,SI041,Osrednjeslovenska,22.908595980197784,-3.866697625198867,52.014289394719526,9.617605105061973,221,165,56,Sentinel Hub Statistical API / Sentinel-5P,P1D,partial
kras_fire_2022,Goriški Kras wildfire,wildfire,NO2,µmol/m²,2022-07-09T00:00:00Z,2022-07-10T00:00:00Z,9,SI041,Osrednjeslovenska,22.58890147762334,8.848509423842188,46.31601404980756,8.461564107829071,221,179,42,Sentinel Hub Statistical API / Sentinel-5P,P1D,partial
kras_fire_2022,Goriški Kras wildfire,wildfire,NO2,µmol/m²,2022-07-10T00:00:00Z,2022-07-11T00:00:00Z,10,SI041,Osrednjeslovenska,20.671332687163883,2.5031556560861645,45.455206418409944,10.725405511255342,221,178,43,Sentinel Hub Statistical API / Sentinel-5P,P1D,partial
kras_fire_2022,Goriški Kras wildfire,wildfire,NO2,µmol/m²,2022-07-11T00:00:00Z,2022-07-12T00:00:00Z,11,SI041,Osrednjeslovenska,25.650442441036816,2.2567428459296934,47.18946365755983,9.192424982478979,221,142,79,Sentinel Hub Statistical API / Sentinel-5P,P1D,partial
kras_fire_2022,Goriški Kras wildfire,wildfire,NO2,µmol/m²,2022-07-12T00:00:00Z,2022-07-13T00:00:00Z,12,SI041,Osrednjeslovenska,23.661230921427347,-5.363875516195549,50.86062446935102,10.386940354609115,221,138,83,Sentinel Hub Statistical API / Sentinel-5P,P1D,partial
kras_fire_2022,Goriški Kras wildfire,wildfire,NO2,µmol/m²,2022-07-13T00:00:00Z,2022-07-14T00:00:00Z,13,SI041,Osrednjeslovenska,23.48415377018056,-5.370038252294762,50.17867079004645,11.192523081878667,221,76,145,Sentinel Hub Statistical API / Sentinel-5P,P1D,good
kras_fire_2022,Goriški Kras wildfire,wildfire,NO2,µmol/m²,2022-07-14T00:00:00Z,2022-07-15T00:00:00Z,14,SI041,Osrednjeslovenska,14.75081275372311,-17.644837498664856,36.63243114715442,10.085938415547727,221,95,126,Sentinel Hub Statistical API / Sentinel-5P,P1D,good
kras_fire_2022,Goriški Kras wildfire,wildfire,NO2,µmol/m²,2022-07-15T00:00:00Z,2022-07-16T00:00:00Z,15,SI041,Osrednjeslovenska,24.300725551886263,14.363335139933042,33.88039840501733,6.1879028239109095,221,182,39,Sentinel Hub Statistical API / Sentinel-5P,P1D,partial
kras_fire_2022,Goriški Kras wildfire,wildfire,NO2,µmol/m²,2022-07-16T00:00:00Z,2022-07-17T00:00:00Z,16,SI041,Osrednjeslovenska,17.66753033440609,1.3542735359806102,50.460323109291494,7.731626762838047,221,85,136,Sentinel Hub Statistical API / Sentinel-5P,P1D,good
kras_fire_2022,Goriški Kras wildfire,wildfire,NO2,µmol/m²,2022-07-17T00:00:00Z,2022-07-18T00:00:00Z,17,SI041,Osrednjeslovenska,23.482941716457574,-4.177331447863253,42.993393435608596,8.624258233923909,221,80,141,Sentinel Hub Statistical API / Sentinel-5P,P1D,good
kras_fire_2022,Goriški Kras wildfire,wildfire,NO2,µmol/m²,2022-07-18T00:00:00Z,2022-07-19T00:00:00Z,18,SI041,Osrednjeslovenska,19.55303464568817,-9.974407475965563,48.53653081227094,10.775620077119232,221,80,141,Sentinel Hub Statistical API / Sentinel-5P,P1D,good
kras_fire_2022,Goriški Kras wildfire,wildfire,NO2,µmol/m²,2022-07-19T00:00:00Z,2022-07-20T00:00:00Z,19,SI041,Osrednjeslovenska,18.16634330170613,-5.27907877767575,54.62484114104882,11.199329721332363,221,76,145,Sentinel Hub Statistical API / Sentinel-5P,P1D,good
kras_fire_2022,Goriški Kras wildfire,wildfire,NO2,µmol/m²,2022-07-20T00:00:00Z,2022-07-21T00:00:00Z,20,SI041,Osrednjeslovenska,20.466059940472718,5.885204245714704,35.56469164323062,6.364716486858739,221,76,145,Sentinel Hub Statistical API / Sentinel-5P,P1D,good
kras_fire_2022,Goriški Kras wildfire,wildfire,NO2,µmol/m²,2022-07-21T00:00:00Z,2022-07-22T00:00:00Z,21,SI041,Osrednjeslovenska,14.564302735552394,-1.1291758710285649,38.37362237391062,8.20026938656427,221,76,145,Sentinel Hub Statistical API / Sentinel-5P,P1D,good
kras_fire_2022,Goriški Kras wildfire,wildfire,NO2,µmol/m²,2022-07-22T00:00:00Z,2022-07-23T00:00:00Z,22,SI041,Osrednjeslovenska,20.281430999665623,-1.995463435378042,46.874178224243224,8.781200860430289,221,76,145,Sentinel Hub Statistical API / Sentinel-5P,P1D,good
kras_fire_2022,Goriški Kras wildfire,wildfire,NO2,µmol/m²,2022-07-23T00:00:00Z,2022-07-24T00:00:00Z,23,SI041,Osrednjeslovenska,14.375315450470902,-7.3214314397773705,38.29643173958175,8.075108550391485,221,86,135,Sentinel Hub Statistical API / Sentinel-5P,P1D,good
kras_fire_2022,Goriški Kras wildfire,wildfire,NO2,µmol/m²,2022-07-24T00:00:00Z,2022-07-25T00:00:00Z,24,SI041,Osrednjeslovenska,20.45253657706781,0.2854379772543325,40.831175283528864,8.547123786351744,221,96,125,Sentinel Hub Statistical API / Sentinel-5P,P1D,good
kras_fire_2022,Goriški Kras wildfire,wildfire,NO2,µmol/m²,2022-07-25T00:00:00Z,2022-07-26T00:00:00Z,25,SI041,Osrednjeslovenska,31.367153983157728,8.650477866467554,53.131709137232974,8.879968524090367,221,77,144,Sentinel Hub Statistical API / Sentinel-5P,P1D,good
kras_fire_2022,Goriški Kras wildfire,wildfire,NO2,µmol/m²,2022-07-26T00:00:00Z,2022-07-27T00:00:00Z,26,SI041,Osrednjeslovenska,28.516956873529917,15.033018826215994,43.878470023628324,5.884557748350268,221,148,73,Sentinel Hub Statistical API / Sentinel-5P,P1D,partial
kras_fire_2022,Goriški Kras wildfire,wildfire,NO2,µmol/m²,2022-07-27T00:00:00Z,2022-07-28T00:00:00Z,27,SI041,Osrednjeslovenska,,,,,221,221,0,Sentinel Hub Statistical API / Sentinel-5P,P1D,missing
kras_fire_2022,Goriški Kras wildfire,wildfire,NO2,µmol/m²,2022-07-28T00:00:00Z,2022-07-29T00:00:00Z,28,SI041,Osrednjeslovenska,24.75583024018026,0.7915265314295539,45.26962584350258,9.59070166513876,221,169,52,Sentinel Hub Statistical API / Sentinel-5P,P1D,partial
kras_fire_2022,Goriški Kras wildfire,wildfire,NO2,µmol/m²,2022-07-29T00:00:00Z,2022-07-30T00:00:00Z,29,SI041,Osrednjeslovenska,26.35549044863131,-4.670870566769736,55.392847571056336,11.490350917607596,221,115,106,Sentinel Hub Statistical API / Sentinel-5P,P1D,partial
kras_fire_2022,Goriški Kras wildfire,wildfire,NO2,µmol/m²,2022-07-30T00:00:00Z,2022-07-31T00:00:00Z,30,SI041,Osrednjeslovenska,,,,,221,221,0,Sentinel Hub Statistical API / Sentinel-5P,P1D,missing
kras_fire_2022,Goriški Kras wildfire,wildfire,NO2,µmol/m²,2022-07-31T00:00:00Z,2022-08-01T00:00:00Z,31,SI041,Osrednjeslovenska,,,,,221,221,0,Sentinel Hub Statistical API / Sentinel-5P,P1D,missing
kras_fire_2022,Goriški Kras wildfire,wildfire,NO2,µmol/m²,2022-07-01T00:00:00Z,2022-07-02T00:00:00Z,1,SI042,Gorenjska,13.399635553152587,-2.988441565321409,31.88672781107016,8.38803995099431,180,129,51,Sentinel Hub Statistical API / Sentinel-5P,P1D,partial
kras_fire_2022,Goriški Kras wildfire,wildfire,NO2,µmol/m²,2022-07-02T00:00:00Z,2022-07-03T00:00:00Z,2,SI042,Gorenjska,15.725489532279614,-12.521461940195877,39.381655369652435,9.188381694627418,180,64,116,Sentinel Hub Statistical API / Sentinel-5P,P1D,good
kras_fire_2022,Goriški Kras wildfire,wildfire,NO2,µmol/m²,2022-07-03T00:00:00Z,2022-07-04T00:00:00Z,3,SI042,Gorenjska,19.483410412722744,-8.888686352293007,38.010268326615915,8.14658105597959,180,59,121,Sentinel Hub Statistical API / Sentinel-5P,P1D,good
kras_fire_2022,Goriški Kras wildfire,wildfire,NO2,µmol/m²,2022-07-04T00:00:00Z,2022-07-05T00:00:00Z,4,SI042,Gorenjska,25.252677005482838,25.252677005482838,25.252677005482838,0.0,180,177,3,Sentinel Hub Statistical API / Sentinel-5P,P1D,partial
kras_fire_2022,Goriški Kras wildfire,wildfire,NO2,µmol/m²,2022-07-05T00:00:00Z,2022-07-06T00:00:00Z,5,SI042,Gorenjska,10.892885256907903,6.95820835971972,16.973748643067665,4.277789287817444,180,171,9,Sentinel Hub Statistical API / Sentinel-5P,P1D,partial
kras_fire_2022,Goriški Kras wildfire,wildfire,NO2,µmol/m²,2022-07-06T00:00:00Z,2022-07-07T00:00:00Z,6,SI042,Gorenjska,17.584852147675438,-5.389335456129629,33.61230847076513,11.308929088791418,180,158,22,Sentinel Hub Statistical API / Sentinel-5P,P1D,partial
kras_fire_2022,Goriški Kras wildfire,wildfire,NO2,µmol/m²,2022-07-07T00:00:00Z,2022-07-08T00:00:00Z,7,SI042,Gorenjska,10.632752072581297,0.43083778678010276,16.385229173465632,6.4670780969055555,180,176,4,Sentinel Hub Statistical API / Sentinel-5P,P1D,partial
kras_fire_2022,Goriški Kras wildfire,wildfire,NO2,µmol/m²,2022-07-08T00:00:00Z,2022-07-09T00:00:00Z,8,SI042,Gorenjska,19.25196025992164,-9.232619049726054,53.98057692218572,13.996489357660478,180,131,49,Sentinel Hub Statistical API / Sentinel-5P,P1D,partial
kras_fire_2022,Goriški Kras wildfire,wildfire,NO2,µmol/m²,2022-07-09T00:00:00Z,2022-07-10T00:00:00Z,9,SI042,Gorenjska,20.554859373886654,12.385443369566929,31.598647183272988,5.699123901025545,180,171,9,Sentinel Hub Statistical API / Sentinel-5P,P1D,partial
kras_fire_2022,Goriški Kras wildfire,wildfire,NO2,µmol/m²,2022-07-10T00:00:00Z,2022-07-11T00:00:00Z,10,SI042,Gorenjska,,,,,180,180,0,Sentinel Hub Statistical API / Sentinel-5P,P1D,missing
kras_fire_2022,Goriški Kras wildfire,wildfire,NO2,µmol/m²,2022-07-11T00:00:00Z,2022-07-12T00:00:00Z,11,SI042,Gorenjska,19.128129706862666,3.8536391002708115,33.40464536449872,7.812830422212332,180,147,33,Sentinel Hub Statistical API / Sentinel-5P,P1D,partial
kras_fire_2022,Goriški Kras wildfire,wildfire,NO2,µmol/m²,2022-07-12T00:00:00Z,2022-07-13T00:00:00Z,12,SI042,Gorenjska,14.344423838489702,-5.363875516195549,35.97264367272146,10.399021855951894,180,165,15,Sentinel Hub Statistical API / Sentinel-5P,P1D,partial
kras_fire_2022,Goriški Kras wildfire,wildfire,NO2,µmol/m²,2022-07-13T00:00:00Z,2022-07-14T00:00:00Z,13,SI042,Gorenjska,20.62902063233019,-2.6256975615979172,41.06873529963195,9.107952020706911,180,57,123,Sentinel Hub Statistical API / Sentinel-5P,P1D,good
kras_fire_2022,Goriški Kras wildfire,wildfire,NO2,µmol/m²,2022-07-14T00:00:00Z,2022-07-15T00:00:00Z,14,SI042,Gorenjska,,,,,180,180,0,Sentinel Hub Statistical API / Sentinel-5P,P1D,missing
kras_fire_2022,Goriški Kras wildfire,wildfire,NO2,µmol/m²,2022-07-15T00:00:00Z,2022-07-16T00:00:00Z,15,SI042,Gorenjska,16.98994613737644,15.903098756098188,17.533369828015566,0.768517153416693,180,177,3,Sentinel Hub Statistical API / Sentinel-5P,P1D,partial
kras_fire_2022,Goriški Kras wildfire,wildfire,NO2,µmol/m²,2022-07-16T00:00:00Z,2022-07-17T00:00:00Z,16,SI042,Gorenjska,14.235397637581045,-4.730965883936733,31.034505809657276,7.4877918045497305,180,81,99,Sentinel Hub Statistical API / Sentinel-5P,P1D,good
kras_fire_2022,Goriški Kras wildfire,wildfire,NO2,µmol/m²,2022-07-17T00:00:00Z,2022-07-18T00:00:00Z,17,SI042,Gorenjska,20.825653686823237,-3.890012521878816,41.728984797373414,9.202474849169212,180,64,116,Sentinel Hub Statistical API / Sentinel-5P,P1D,good
kras_fire_2022,Goriški Kras wildfire,wildfire,NO2,µmol/m²,2022-07-18T00:00:00Z,2022-07-19T00:00:00Z,18,SI042,Gorenjska,18.79537961405878,-9.974407475965563,39.58262095693499,9.86195984842504,180,69,111,Sentinel Hub Statistical API / Sentinel-5P,P1D,good
kras_fire_2022,Goriški Kras wildfire,wildfire,NO2,µmol/m²,2022-07-19T00:00:00Z,2022-07-20T00:00:00Z,19,SI042,Gorenjska,17.365941206934405,-6.621944976359373,49.9870911880862,10.263272907968275,180,57,123,Sentinel Hub Statistical API / Sentinel-5P,P1D,good
kras_fire_2022,Goriški Kras wildfire,wildfire,NO2,µmol/m²,2022-07-20T00:00:00Z,2022-07-21T00:00:00Z,20,SI042,Gorenjska,19.009271380763657,9.3291364464676,34.36931365286,5.748030424323315,180,57,123,Sentinel Hub Statistical API / Sentinel-5P,P1D,good
kras_fire_2022,Goriški Kras wildfire,wildfire,NO2,µmol/m²,2022-07-21T00:00:00Z,2022-07-22T00:00:00Z,21,SI042,Gorenjska,15.314302288268902,-3.226010903745191,35.59476317605004,8.077176902258756,180,65,115,Sentinel Hub Statistical API / Sentinel-5P,P1D,good
kras_fire_2022,Goriški Kras wildfire,wildfire,NO2,µmol/m²,2022-07-22T00:00:00Z,2022-07-23T00:00:00Z,22,SI042,Gorenjska,22.923547334596417,-2.6157574666285655,50.02217221772298,8.86783109751176,180,58,122,Sentinel Hub Statistical API / Sentinel-5P,P1D,good
kras_fire_2022,Goriški Kras wildfire,wildfire,NO2,µmol/m²,2022-07-23T00:00:00Z,2022-07-24T00:00:00Z,23,SI042,Gorenjska,10.141826880363082,-17.36550075293053,29.456778065650724,8.594392041079853,180,126,54,Sentinel Hub Statistical API / Sentinel-5P,P1D,partial
kras_fire_2022,Goriški Kras wildfire,wildfire,NO2,µmol/m²,2022-07-24T00:00:00Z,2022-07-25T00:00:00Z,24,SI042,Gorenjska,19.529824652093133,1.1965390740442672,44.79878771235235,8.228381615139268,180,108,72,Sentinel Hub Statistical API / Sentinel-5P,P1D,partial
kras_fire_2022,Goriški Kras wildfire,wildfire,NO2,µmol/m²,2022-07-25T00:00:00Z,2022-07-26T00:00:00Z,25,SI042,Gorenjska,30.359134657571666,8.650477866467554,67.59613461326808,11.248679455838857,180,88,92,Sentinel Hub Statistical API / Sentinel-5P,P1D,good
kras_fire_2022,Goriški Kras wildfire,wildfire,NO2,µmol/m²,2022-07-26T00:00:00Z,2022-07-27T00:00:00Z,26,SI042,Gorenjska,22.560478738209625,12.815138688893057,34.98529258649796,5.223841847480332,180,63,117,Sentinel Hub Statistical API / Sentinel-5P,P1D,good
kras_fire_2022,Goriški Kras wildfire,wildfire,NO2,µmol/m²,2022-07-27T00:00:00Z,2022-07-28T00:00:00Z,27,SI042,Gorenjska,,,,,180,180,0,Sentinel Hub Statistical API / Sentinel-5P,P1D,missing
kras_fire_2022,Goriški Kras wildfire,wildfire,NO2,µmol/m²,2022-07-28T00:00:00Z,2022-07-29T00:00:00Z,28,SI042,Gorenjska,15.839647278215594,-0.46495708261318214,28.738864784827456,7.857039487095331,180,153,27,Sentinel Hub Statistical API / Sentinel-5P,P1D,partial
kras_fire_2022,Goriški Kras wildfire,wildfire,NO2,µmol/m²,2022-07-29T00:00:00Z,2022-07-30T00:00:00Z,29,SI042,Gorenjska,21.98822547306803,-18.526114217820577,51.03032526676543,13.793090950273767,180,138,42,Sentinel Hub Statistical API / Sentinel-5P,P1D,partial
kras_fire_2022,Goriški Kras wildfire,wildfire,NO2,µmol/m²,2022-07-30T00:00:00Z,2022-07-31T00:00:00Z,30,SI042,Gorenjska,,,,,180,180,0,Sentinel Hub Statistical API / Sentinel-5P,P1D,missing
kras_fire_2022,Goriški Kras wildfire,wildfire,NO2,µmol/m²,2022-07-31T00:00:00Z,2022-08-01T00:00:00Z,31,SI042,Gorenjska,,,,,180,180,0,Sentinel Hub Statistical API / Sentinel-5P,P1D,missing
kras_fire_2022,Goriški Kras wildfire,wildfire,NO2,µmol/m²,2022-07-01T00:00:00Z,2022-07-02T00:00:00Z,1,SI043,Goriška,12.868422736289633,1.2277475889277412,26.73834933375474,6.469123595748239,210,178,32,Sentinel Hub Statistical API / Sentinel-5P,P1D,partial
kras_fire_2022,Goriški Kras wildfire,wildfire,NO2,µmol/m²,2022-07-02T00:00:00Z,2022-07-03T00:00:00Z,2,SI043,Goriška,15.308323407287556,-5.534035608434351,38.59541175188497,9.208020115260078,210,78,132,Sentinel Hub Statistical API / Sentinel-5P,P1D,good
kras_fire_2022,Goriški Kras wildfire,wildfire,NO2,µmol/m²,2022-07-03T00:00:00Z,2022-07-04T00:00:00Z,3,SI043,Goriška,23.53471823320993,-8.888686352293007,45.69216980598867,8.913565108281842,210,80,130,Sentinel Hub Statistical API / Sentinel-5P,P1D,good
kras_fire_2022,Goriški Kras wildfire,wildfire,NO2,µmol/m²,2022-07-04T00:00:00Z,2022-07-05T00:00:00Z,4,SI043,Goriška,14.30920262161332,8.539871487300843,23.735123249934986,6.0520941350306074,210,204,6,Sentinel Hub Statistical API / Sentinel-5P,P1D,partial
kras_fire_2022,Goriški Kras wildfire,wildfire,NO2,µmol/m²,2022-07-05T00:00:00Z,2022-07-06T00:00:00Z,5,SI043,Goriška,21.531897315677877,11.520036423462443,28.26688978530001,5.115440708544618,210,195,15,Sentinel Hub Statistical API / Sentinel-5P,P1D,partial
kras_fire_2022,Goriški Kras wildfire,wildfire,NO2,µmol/m²,2022-07-06T00:00:00Z,2022-07-07T00:00:00Z,6,SI043,Goriška,17.55757393766544,0.4483990778680891,52.79191100271419,11.774813141570688,210,190,20,Sentinel Hub Statistical API / Sentinel-5P,P1D,partial
kras_fire_2022,Goriški Kras wildfire,wildfire,NO2,µmol/m²,2022-07-07T00:00:00Z,2022-07-08T00:00:00Z,7,SI043,Goriška,2.0318700332414403,-22.17137262050528,15.388784959213808,10.170422322424537,210,196,14,Sentinel Hub Statistical API / Sentinel-5P,P1D,partial
kras_fire_2022,Goriški Kras wildfire,wildfire,NO2,µmol/m²,2022-07-08T00:00:00Z,2022-07-09T00:00:00Z,8,SI043,Goriška,21.20022082144505,-10.656914128048811,48.33601997233927,12.51143473056585,210,123,87,Sentinel Hub Statistical API / Sentinel-5P,P1D,partial
kras_fire_2022,Goriški Kras wildfire,wildfire,NO2,µmol/m²,2022-07-09T00:00:00Z,2022-07-10T00:00:00Z,9,SI043,Goriška,23.944554069396073,3.6462704429141013,41.2876506743487,9.338680182901827,210,177,33,Sentinel Hub Statistical API / Sentinel-5P,P1D,partial
kras_fire_2022,Goriški Kras wildfire,wildfire,NO2,µmol/m²,2022-07-10T00:00:00Z,2022-07-11T00:00:00Z,10,SI043,Goriška,25.634518976858086,7.215268851723522,45.20544098340906,13.462019876657669,210,194,16,Sentinel Hub Statistical API / Sentinel-5P,P1D,partial
kras_fire_2022,Goriški Kras wildfire,wildfire,NO2,µmol/m²,2022-07-11T00:00:00Z,2022-07-12T00:00:00Z,11,SI043,Goriška,19.11973975604104,6.1171526795078535,35.32196205924265,11.454472086385131,210,199,11,Sentinel Hub Statistical API / Sentinel-5P,P1D,partial
kras_fire_2022,Goriški Kras wildfire,wildfire,NO2,µmol/m²,2022-07-12T00:00:00Z,2022-07-13T00:00:00Z,12,SI043,Goriška,18.016271765119996,-17.022555766743608,38.61072764266282,14.025175133591247,210,194,16,Sentinel Hub Statistical API / Sentinel-5P,P1D,partial
kras_fire_2022,Goriški Kras wildfire,wildfire,NO2,µmol/m²,2022-07-13T00:00:00Z,2022-07-14T00:00:00Z,13,SI043,Goriška,22.176170286716527,-7.084991011652164,51.22140282765031,11.645312779945149,210,76,134,Sentinel Hub Statistical API / Sentinel-5P,P1D,good
kras_fire_2022,Goriški Kras wildfire,wildfire,NO2,µmol/m²,2022-07-14T00:00:00Z,2022-07-15T00:00:00Z,14,SI043,Goriška,29.04058106651064,11.27616451412905,45.88574665831402,9.11979225004155,210,185,25,Sentinel Hub Statistical API / Sentinel-5P,P1D,partial
kras_fire_2022,Goriški Kras wildfire,wildfire,NO2,µmol/m²,2022-07-15T00:00:00Z,2022-07-16T00:00:00Z,15,SI043,Goriška,25.354232181964647,3.381695023563225,41.88613092992455,9.603197312802827,210,133,77,Sentinel Hub Statistical API / Sentinel-5P,P1D,partial
kras_fire_2022,Goriški Kras wildfire,wildfire,NO2,µmol/m²,2022-07-16T00:00:00Z,2022-07-17T00:00:00Z,16,SI043,Goriška,14.244827507521153,-4.730965883936733,35.98015973693691,8.597890894224674,210,87,123,Sentinel Hub Statistical API / Sentinel-5P,P1D,good
kras_fire_2022,Goriški Kras wildfire,wildfire,NO2,µmol/m²,2022-07-17T00:00:00Z,2022-07-18T00:00:00Z,17,SI043,Goriška,26.476784092110965,-2.7673825115925865,221.14084276836365,23.921757911068955,210,70,140,Sentinel Hub Statistical API / Sentinel-5P,P1D,good
kras_fire_2022,Goriški Kras wildfire,wildfire,NO2,µmol/m²,2022-07-18T00:00:00Z,2022-07-19T00:00:00Z,18,SI043,Goriška,21.853098481770836,-2.537966338422848,48.69063195656054,10.439207520877996,210,78,132,Sentinel Hub Statistical API / Sentinel-5P,P1D,good
kras_fire_2022,Goriški Kras wildfire,wildfire,NO2,µmol/m²,2022-07-19T00:00:00Z,2022-07-20T00:00:00Z,19,SI043,Goriška,18.992555053204534,-3.3672802146611502,69.97166201472282,11.273701268094447,210,69,141,Sentinel Hub Statistical API / Sentinel-5P,P1D,good
kras_fire_2022,Goriški Kras wildfire,wildfire,NO2,µmol/m²,2022-07-20T00:00:00Z,2022-07-21T00:00:00Z,20,SI043,Goriška,23.50355582024324,6.5181011450476944,121.01653555873781,19.727579308398415,210,69,141,Sentinel Hub Statistical API / Sentinel-5P,P1D,good
kras_fire_2022,Goriški Kras wildfire,wildfire,NO2,µmol/m²,2022-07-21T00:00:00Z,2022-07-22T00:00:00Z,21,SI043,Goriška,26.365100555983975,-3.226010903745191,103.29392534913495,17.464711153373127,210,78,132,Sentinel Hub Statistical API / Sentinel-5P,P1D,good
kras_fire_2022,Goriški Kras wildfire,wildfire,NO2,µmol/m²,2022-07-22T00:00:00Z,2022-07-23T00:00:00Z,22,SI043,Goriška,31.857784052548794,1.6336376802428276,260.74692141264677,30.578896368584978,210,79,131,Sentinel Hub Statistical API / Sentinel-5P,P1D,good
kras_fire_2022,Goriški Kras wildfire,wildfire,NO2,µmol/m²,2022-07-23T00:00:00Z,2022-07-24T00:00:00Z,23,SI043,Goriška,14.284092289341459,-17.36550075293053,46.171018766472116,9.492906750697541,210,109,101,Sentinel Hub Statistical API / Sentinel-5P,P1D,partial
kras_fire_2022,Goriški Kras wildfire,wildfire,NO2,µmol/m²,2022-07-24T00:00:00Z,2022-07-25T00:00:00Z,24,SI043,Goriška,17.77290893587968,-2.841089099092642,38.013695302652195,8.584339389678881,210,101,109,Sentinel Hub Statistical API / Sentinel-5P,P1D,good
kras_fire_2022,Goriški Kras wildfire,wildfire,NO2,µmol/m²,2022-07-25T00:00:00Z,2022-07-26T00:00:00Z,25,SI043,Goriška,33.23762112894754,9.111865438171662,57.61716965935193,11.946104293357122,210,109,101,Sentinel Hub Statistical API / Sentinel-5P,P1D,partial
kras_fire_2022,Goriški Kras wildfire,wildfire,NO2,µmol/m²,2022-07-26T00:00:00Z,2022-07-27T00:00:00Z,26,SI043,Goriška,20.88714405701353,-3.951923190470552,34.599823266034946,6.534617264176111,210,82,128,Sentinel Hub Statistical API / Sentinel-5P,P1D,good
kras_fire_2022,Goriški Kras wildfire,wildfire,NO2,µmol/m²,2022-07-27T00:00:00Z,2022-07-28T00:00:00Z,27,SI043,Goriška,36.19389651378568,16.410147509304807,60.01359724905342,12.163267781321531,210,182,28,Sentinel Hub Statistical API / Sentinel-5P,P1D,partial
kras_fire_2022,Goriški Kras wildfire,wildfire,NO2,µmol/m²,2022-07-28T00:00:00Z,2022-07-29T00:00:00Z,28,SI043,Goriška,20.782019873178815,-10.681881576601882,47.26163751911372,10.092160204939223,210,107,103,Sentinel Hub Statistical API / Sentinel-5P,P1D,partial
kras_fire_2022,Goriški Kras wildfire,wildfire,NO2,µmol/m²,2022-07-29T00:00:00Z,2022-07-30T00:00:00Z,29,SI043,Goriška,22.14220691148701,-0.11939248167891492,50.26293729315512,11.647788401504116,210,150,60,Sentinel Hub Statistical API / Sentinel-5P,P1D,partial
kras_fire_2022,Goriški Kras wildfire,wildfire,NO2,µmol/m²,2022-07-30T00:00:00Z,2022-07-31T00:00:00Z,30,SI043,Goriška,12.824954228562998,-5.602418241323903,29.2048880510265,11.012310749783847,210,190,20,Sentinel Hub Statistical API / Sentinel-5P,P1D,partial
kras_fire_2022,Goriški Kras wildfire,wildfire,NO2,µmol/m²,2022-07-31T00:00:00Z,2022-08-01T00:00:00Z,31,SI043,Goriška,32.153788197319955,32.153788197319955,32.153788197319955,0.0,210,207,3,Sentinel Hub Statistical API / Sentinel-5P,P1D,partial
kras_fire_2022,Goriški Kras wildfire,wildfire,NO2,µmol/m²,2022-07-01T00:00:00Z,2022-07-02T00:00:00Z,1,SI044,Obalno-kraška,17.224215587963993,0.5158532871973875,41.194562072632834,8.213626859599222,99,45,54,Sentinel Hub Statistical API / Sentinel-5P,P1D,good
kras_fire_2022,Goriški Kras wildfire,wildfire,NO2,µmol/m²,2022-07-02T00:00:00Z,2022-07-03T00:00:00Z,2,SI044,Obalno-kraška,22.58633646521814,-0.8419395953751518,57.91757575934753,12.386161029479432,99,23,76,Sentinel Hub Statistical API / Sentinel-5P,P1D,good
kras_fire_2022,Goriški Kras wildfire,wildfire,NO2,µmol/m²,2022-07-03T00:00:00Z,2022-07-04T00:00:00Z,3,SI044,Obalno-kraška,28.424579625910457,7.798822480253875,55.2072815480642,9.725057465680248,99,24,75,Sentinel Hub Statistical API / Sentinel-5P,P1D,good
kras_fire_2022,Goriški Kras wildfire,wildfire,NO2,µmol/m²,2022-07-04T00:00:00Z,2022-07-05T00:00:00Z,4,SI044,Obalno-kraška,19.149827065640626,4.453956535144243,38.71616718242876,9.91609337565016,99,64,35,Sentinel Hub Statistical API / Sentinel-5P,P1D,partial
kras_fire_2022,Goriški Kras wildfire,wildfire,NO2,µmol/m²,2022-07-05T00:00:00Z,2022-07-06T00:00:00Z,5,SI044,Obalno-kraška,31.26311445962752,16.089097698568366,51.68471398064867,7.5919521425954635,99,38,61,Sentinel Hub Statistical API / Sentinel-5P,P1D,good
kras_fire_2022,Goriški Kras wildfire,wildfire,NO2,µmol/m²,2022-07-06T00:00:00Z,2022-07-07T00:00:00Z,6,SI044,Obalno-kraška,29.501184319129102,-1.1889679853993584,61.79984484333545,14.12055223604227,99,44,55,Sentinel Hub Statistical API / Sentinel-5P,P1D,good
kras_fire_2022,Goriški Kras wildfire,wildfire,NO2,µmol/m²,2022-07-07T00:00:00Z,2022-07-08T00:00:00Z,7,SI044,Obalno-kraška,14.012192700363356,-17.821135770645924,30.224839065340348,8.912292443433087,99,67,32,Sentinel Hub Statistical API / Sentinel-5P,P1D,partial
kras_fire_2022,Goriški Kras wildfire,wildfire,NO2,µmol/m²,2022-07-08T00:00:00Z,2022-07-09T00:00:00Z,8,SI044,Obalno-kraška,29.94620546006546,5.568875167227816,48.01341856364161,11.091026770117333,99,72,27,Sentinel Hub Statistical API / Sentinel-5P,P1D,partial
kras_fire_2022,Goriški Kras wildfire,wildfire,NO2,µmol/m²,2022-07-09T00:00:00Z,2022-07-10T00:00:00Z,9,SI044,Obalno-kraška,28.16663339520649,12.024693205603398,44.76870526559651,7.677629411683379,99,39,60,Sentinel Hub Statistical API / Sentinel-5P,P1D,good
kras_fire_2022,Goriški Kras wildfire,wildfire,NO2,µmol/m²,2022-07-10T00:00:00Z,2022-07-11T00:00:00Z,10,SI044,Obalno-kraška,27.041327484766953,27.041327484766953,27.041327484766953,0.0,99,97,2,Sentinel Hub Statistical API / Sentinel-5P,P1D,partial
kras_fire_2022,Goriški Kras wildfire,wildfire,NO2,µmol/m²,2022-07-11T00:00:00Z,2022-07-12T00:00:00Z,11,SI044,Obalno-kraška,26.7520556008094,4.803066076419782,48.056252126116306,10.876869162367385,99,59,40,Sentinel Hub Statistical API / Sentinel-5P,P1D,partial
kras_fire_2022,Goriški Kras wildfire,wildfire,NO2,µmol/m²,2022-07-12T00:00:00Z,2022-07-13T00:00:00Z,12,SI044,Obalno-kraška,29.16876394465362,5.376349690777715,63.175466493703425,10.243069346976492,99,35,64,Sentinel Hub Statistical API / Sentinel-5P,P1D,good
kras_fire_2022,Goriški Kras wildfire,wildfire,NO2,µmol/m²,2022-07-13T00:00:00Z,2022-07-14T00:00:00Z,13,SI044,Obalno-kraška,28.498501490340004,2.1095099782542093,70.26642560958862,12.8690381347076,99,21,78,Sentinel Hub Statistical API / Sentinel-5P,P1D,good
kras_fire_2022,Goriški Kras wildfire,wildfire,NO2,µmol/m²,2022-07-14T00:00:00Z,2022-07-15T00:00:00Z,14,SI044,Obalno-kraška,34.23798648741055,18.197959434473887,65.961095970124,11.383481196655286,99,44,55,Sentinel Hub Statistical API / Sentinel-5P,P1D,good
kras_fire_2022,Goriški Kras wildfire,wildfire,NO2,µmol/m²,2022-07-15T00:00:00Z,2022-07-16T00:00:00Z,15,SI044,Obalno-kraška,30.35035145633931,15.009088201622944,45.82389010465704,7.624242887501163,99,30,69,Sentinel Hub Statistical API / Sentinel-5P,P1D,good
kras_fire_2022,Goriški Kras wildfire,wildfire,NO2,µmol/m²,2022-07-16T00:00:00Z,2022-07-17T00:00:00Z,16,SI044,Obalno-kraška,23.513774652071454,3.3693281693558674,59.412381233414635,11.167561904954455,99,36,63,Sentinel Hub Statistical API / Sentinel-5P,P1D,good
kras_fire_2022,Goriški Kras wildfire,wildfire,NO2,µmol/m²,2022-07-17T00:00:00Z,2022-07-18T00:00:00Z,17,SI044,Obalno-kraška,29.61766829638436,-2.133017005689908,221.14084276836365,26.217853124894855,99,21,78,Sentinel Hub Statistical API / Sentinel-5P,P1D,good
kras_fire_2022,Goriški Kras wildfire,wildfire,NO2,µmol/m²,2022-07-18T00:00:00Z,2022-07-19T00:00:00Z,18,SI044,Obalno-kraška,25.031924759297482,-13.799632142763585,55.48238550545648,12.717842769397617,99,34,65,Sentinel Hub Statistical API / Sentinel-5P,P1D,good
kras_fire_2022,Goriški Kras wildfire,wildfire,NO2,µmol/m²,2022-07-19T00:00:00Z,2022-07-20T00:00:00Z,19,SI044,Obalno-kraška,26.85457757368754,-9.001651051221415,69.97166201472282,13.18558310596063,99,21,78,Sentinel Hub Statistical API / Sentinel-5P,P1D,good
kras_fire_2022,Goriški Kras wildfire,wildfire,NO2,µmol/m²,2022-07-20T00:00:00Z,2022-07-21T00:00:00Z,20,SI044,Obalno-kraška,32.57123722878765,13.87994325341424,121.01653555873781,20.486760528114676,99,21,78,Sentinel Hub Statistical API / Sentinel-5P,P1D,good
kras_fire_2022,Goriški Kras wildfire,wildfire,NO2,µmol/m²,2022-07-21T00:00:00Z,2022-07-22T00:00:00Z,21,SI044,Obalno-kraška,39.55702062133545,23.58038727834355,103.29392534913495,16.87101805089787,99,39,60,Sentinel Hub Statistical API / Sentinel-5P,P1D,good
kras_fire_2022,Goriški Kras wildfire,wildfire,NO2,µmol/m²,2022-07-22T00:00:00Z,2022-07-23T00:00:00Z,22,SI044,Obalno-kraška,31.94060099410898,13.12871518166503,62.38266360014677,8.565589800371434,99,31,68,Sentinel Hub Statistical API / Sentinel-5P,P1D,good
kras_fire_2022,Goriški Kras wildfire,wildfire,NO2,µmol/m²,2022-07-23T00:00:00Z,2022-07-24T00:00:00Z,23,SI044,Obalno-kraška,21.551170054688274,-3.4064303235936677,57.858149375533685,12.029932735342497,99,21,78,Sentinel Hub Statistical API / Sentinel-5P,P1D,good
kras_fire_2022,Goriški Kras wildfire,wildfire,NO2,µmol/m²,2022-07-24T00:00:00Z,2022-07-25T00:00:00Z,24,SI044,Obalno-kraška,24.337858423759418,3.716505261763814,47.97528526978567,10.45609792960674,99,32,67,Sentinel Hub Statistical API / Sentinel-5P,P1D,good
kras_fire_2022,Goriški Kras wildfire,wildfire,NO2,µmol/m²,2022-07-25T00:00:00Z,2022-07-26T00:00:00Z,25,SI044,Obalno-kraška,36.900236728478696,15.135306057345588,64.67888306360692,10.590420137071145,99,22,77,Sentinel Hub Statistical API / Sentinel-5P,P1D,good
kras_fire_2022,Goriški Kras wildfire,wildfire,NO2,µmol/m²,2022-07-26T00:00:00Z,2022-07-27T00:00:00Z,26,SI044,Obalno-kraška,25.359425803682633,6.450513410527492,40.45474997838028,5.6494586600944885,99,21,78,Sentinel Hub Statistical API / Sentinel-5P,P1D,good
kras_fire_2022,Goriški Kras wildfire,wildfire,NO2,µmol/m²,2022-07-27T00:00:00Z,2022-07-28T00:00:00Z,27,SI044,Obalno-kraška,50.381415348965675,43.34768891567364,52.725990826729685,4.060923849667341,99,95,4,Sentinel Hub Statistical API / Sentinel-5P,P1D,partial
kras_fire_2022,Goriški Kras wildfire,wildfire,NO2,µmol/m²,2022-07-28T00:00:00Z,2022-07-29T00:00:00Z,28,SI044,Obalno-kraška,29.516300814562282,3.4625154512468725,57.04232899006456,11.30642147739093,99,22,77,Sentinel Hub Statistical API / Sentinel-5P,P1D,good
kras_fire_2022,Goriški Kras wildfire,wildfire,NO2,µmol/m²,2022-07-29T00:00:00Z,2022-07-30T00:00:00Z,29,SI044,Obalno-kraška,28.439849466445196,10.831748113560025,52.04182889428921,9.67527931477295,99,27,72,Sentinel Hub Statistical API / Sentinel-5P,P1D,good
kras_fire_2022,Goriški Kras wildfire,wildfire,NO2,µmol/m²,2022-07-30T00:00:00Z,2022-07-31T00:00:00Z,30,SI044,Obalno-kraška,25.5601674985419,9.444524948776234,37.95189331867732,8.141698092024095,99,48,51,Sentinel Hub Statistical API / Sentinel-5P,P1D,good
kras_fire_2022,Goriški Kras wildfire,wildfire,NO2,µmol/m²,2022-07-31T00:00:00Z,2022-08-01T00:00:00Z,31,SI044,Obalno-kraška,29.003644976910433,16.02210795681458,43.35775884101167,6.602894742631333,99,59,40,Sentinel Hub Statistical API / Sentinel-5P,P1D,partial
cinkarna_celje_2019,Cinkarna Celje industrial case,industrial_case,NO2,µmol/m²,2019-12-01T00:00:00Z,2019-12-02T00:00:00Z,1,SI031,Pomurska,14.685911992273759,14.685911992273759,14.685911992273759,0.0,128,127,1,Sentinel Hub Statistical API / Sentinel-5P,P1D,partial
cinkarna_celje_2019,Cinkarna Celje industrial case,industrial_case,NO2,µmol/m²,2019-12-02T00:00:00Z,2019-12-03T00:00:00Z,2,SI031,Pomurska,,,,,128,128,0,Sentinel Hub Statistical API / Sentinel-5P,P1D,missing
cinkarna_celje_2019,Cinkarna Celje industrial case,industrial_case,NO2,µmol/m²,2019-12-03T00:00:00Z,2019-12-04T00:00:00Z,3,SI031,Pomurska,43.73883132088078,16.314126696670428,82.36634312197566,16.074454361652958,128,75,53,Sentinel Hub Statistical API / Sentinel-5P,P1D,partial
cinkarna_celje_2019,Cinkarna Celje industrial case,industrial_case,NO2,µmol/m²,2019-12-04T00:00:00Z,2019-12-05T00:00:00Z,4,SI031,Pomurska,69.76873245966507,30.468467230093665,108.86788368225098,19.481651740936773,128,54,74,Sentinel Hub Statistical API / Sentinel-5P,P1D,good
cinkarna_celje_2019,Cinkarna Celje industrial case,industrial_case,NO2,µmol/m²,2019-12-05T00:00:00Z,2019-12-06T00:00:00Z,5,SI031,Pomurska,,,,,128,128,0,Sentinel Hub Statistical API / Sentinel-5P,P1D,missing
cinkarna_celje_2019,Cinkarna Celje industrial case,industrial_case,NO2,µmol/m²,2019-12-06T00:00:00Z,2019-12-07T00:00:00Z,6,SI031,Pomurska,133.3618929493241,132.03415437601507,134.68963152263314,1.327738573309034,128,126,2,Sentinel Hub Statistical API / Sentinel-5P,P1D,partial
cinkarna_celje_2019,Cinkarna Celje industrial case,industrial_case,NO2,µmol/m²,2019-12-07T00:00:00Z,2019-12-08T00:00:00Z,7,SI031,Pomurska,62.090522988000885,33.77211760380305,98.04511500988156,20.44738946613246,128,112,16,Sentinel Hub Statistical API / Sentinel-5P,P1D,partial
cinkarna_celje_2019,Cinkarna Celje industrial case,industrial_case,NO2,µmol/m²,2019-12-08T00:00:00Z,2019-12-09T00:00:00Z,8,SI031,Pomurska,73.79059388767928,49.12756412522867,99.8078248812817,21.23970683122066,128,123,5,Sentinel Hub Statistical API / Sentinel-5P,P1D,partial
cinkarna_celje_2019,Cinkarna Celje industrial case,industrial_case,NO2,µmol/m²,2019-12-09T00:00:00Z,2019-12-10T00:00:00Z,9,SI031,Pomurska,,,,,128,128,0,Sentinel Hub Statistical API / Sentinel-5P,P1D,missing
cinkarna_celje_2019,Cinkarna Celje industrial case,industrial_case,NO2,µmol/m²,2019-12-10T00:00:00Z,2019-12-11T00:00:00Z,10,SI031,Pomurska,36.29345212954962,20.100187612115405,52.09969458519481,8.583077527985303,128,58,70,Sentinel Hub Statistical API / Sentinel-5P,P1D,good
cinkarna_celje_2019,Cinkarna Celje industrial case,industrial_case,NO2,µmol/m²,2019-12-11T00:00:00Z,2019-12-12T00:00:00Z,11,SI031,Pomurska,42.424477175988685,5.507004516402958,76.90073834965006,17.55626470573286,128,46,82,Sentinel Hub Statistical API / Sentinel-5P,P1D,good
cinkarna_celje_2019,Cinkarna Celje industrial case,industrial_case,NO2,µmol/m²,2019-12-12T00:00:00Z,2019-12-13T00:00:00Z,12,SI031,Pomurska,,,,,128,128,0,Sentinel Hub Statistical API / Sentinel-5P,P1D,missing
cinkarna_celje_2019,Cinkarna Celje industrial case,industrial_case,NO2,µmol/m²,2019-12-13T00:00:00Z,2019-12-14T00:00:00Z,13,SI031,Pomurska,86.4131397975143,73.1973850633949,121.07184738852084,20.11358463337009,128,124,4,Sentinel Hub Statistical API / Sentinel-5P,P1D,partial
cinkarna_celje_2019,Cinkarna Celje industrial case,industrial_case,NO2,µmol/m²,2019-12-14T00:00:00Z,2019-12-15T00:00:00Z,14,SI031,Pomurska,57.588867781394185,36.41310104285367,155.34678823314607,15.800028527967946,128,46,82,Sentinel Hub Statistical API / Sentinel-5P,P1D,good
cinkarna_celje_2019,Cinkarna Celje industrial case,industrial_case,NO2,µmol/m²,2019-12-15T00:00:00Z,2019-12-16T00:00:00Z,15,SI031,Pomurska,51.471991722345386,17.3802600329509,79.92120663402602,14.762565975923577,128,71,57,Sentinel Hub Statistical API / Sentinel-5P,P1D,partial
cinkarna_celje_2019,Cinkarna Celje industrial case,industrial_case,NO2,µmol/m²,2019-12-16T00:00:00Z,2019-12-17T00:00:00Z,16,SI031,Pomurska,53.20808051455178,-9.41612870519748,96.27325198380277,23.401359765483953,128,82,46,Sentinel Hub Statistical API / Sentinel-5P,P1D,partial
cinkarna_celje_2019,Cinkarna Celje industrial case,industrial_case,NO2,µmol/m²,2019-12-17T00:00:00Z,2019-12-18T00:00:00Z,17,SI031,Pomurska,25.975305415418664,1.7709631947582238,60.97283767303452,15.744591767280646,128,107,21,Sentinel Hub Statistical API / Sentinel-5P,P1D,partial
cinkarna_celje_2019,Cinkarna Celje industrial case,industrial_case,NO2,µmol/m²,2019-12-18T00:00:00Z,2019-12-19T00:00:00Z,18,SI031,Pomurska,34.33299285993931,2.8662043405347504,66.01158384000883,14.812218612819748,128,46,82,Sentinel Hub Statistical API / Sentinel-5P,P1D,good
cinkarna_celje_2019,Cinkarna Celje industrial case,industrial_case,NO2,µmol/m²,2019-12-19T00:00:00Z,2019-12-20T00:00:00Z,19,SI031,Pomurska,27.253912812739145,-8.00378984422423,59.58166002528742,19.04875495281428,128,103,25,Sentinel Hub Statistical API / Sentinel-5P,P1D,partial
cinkarna_celje_2019,Cinkarna Celje industrial case,industrial_case,NO2,µmol/m²,2019-12-20T00:00:00Z,2019-12-21T00:00:00Z,20,SI031,Pomurska,35.72108777539475,19.739693016163073,52.22483741817996,8.004237135279894,128,46,82,Sentinel Hub Statistical API / Sentinel-5P,P1D,good
cinkarna_celje_2019,Cinkarna Celje industrial case,industrial_case,NO2,µmol/m²,2019-12-21T00:00:00Z,2019-12-22T00:00:00Z,21,SI031,Pomurska,,,,,128,128,0,Sentinel Hub Statistical API / Sentinel-5P,P1D,missing
cinkarna_celje_2019,Cinkarna Celje industrial case,industrial_case,NO2,µmol/m²,2019-12-22T00:00:00Z,2019-12-23T00:00:00Z,22,SI031,Pomurska,,,,,128,128,0,Sentinel Hub Statistical API / Sentinel-5P,P1D,missing
cinkarna_celje_2019,Cinkarna Celje industrial case,industrial_case,NO2,µmol/m²,2019-12-23T00:00:00Z,2019-12-24T00:00:00Z,23,SI031,Pomurska,40.09859201472098,0.9216813623424969,60.21586523274891,15.186053860076271,128,109,19,Sentinel Hub Statistical API / Sentinel-5P,P1D,partial
cinkarna_celje_2019,Cinkarna Celje industrial case,industrial_case,NO2,µmol/m²,2019-12-24T00:00:00Z,2019-12-25T00:00:00Z,24,SI031,Pomurska,45.573311653195006,20.24009700107854,75.70861635031179,12.014871276731931,128,52,76,Sentinel Hub Statistical API / Sentinel-5P,P1D,good
cinkarna_celje_2019,Cinkarna Celje industrial case,industrial_case,NO2,µmol/m²,2019-12-25T00:00:00Z,2019-12-26T00:00:00Z,25,SI031,Pomurska,44.32407149579377,34.59568688413128,63.04259295575321,11.939205762450566,128,121,7,Sentinel Hub Statistical API / Sentinel-5P,P1D,partial
cinkarna_celje_2019,Cinkarna Celje industrial case,industrial_case,NO2,µmol/m²,2019-12-26T00:00:00Z,2019-12-27T00:00:00Z,26,SI031,Pomurska,39.29485062240257,10.047881914942991,64.17910481104627,12.009001603112479,128,52,76,Sentinel Hub Statistical API / Sentinel-5P,P1D,good
cinkarna_celje_2019,Cinkarna Celje industrial case,industrial_case,NO2,µmol/m²,2019-12-27T00:00:00Z,2019-12-28T00:00:00Z,27,SI031,Pomurska,,,,,128,128,0,Sentinel Hub Statistical API / Sentinel-5P,P1D,missing
cinkarna_celje_2019,Cinkarna Celje industrial case,industrial_case,NO2,µmol/m²,2019-12-28T00:00:00Z,2019-12-29T00:00:00Z,28,SI031,Pomurska,21.495356748919914,-15.432629879796878,60.91883915360086,15.62130758526458,128,52,76,Sentinel Hub Statistical API / Sentinel-5P,P1D,good
cinkarna_celje_2019,Cinkarna Celje industrial case,industrial_case,NO2,µmol/m²,2019-12-29T00:00:00Z,2019-12-30T00:00:00Z,29,SI031,Pomurska,21.5827047327366,-21.509822545340285,41.31042442168109,15.4655545236564,128,112,16,Sentinel Hub Statistical API / Sentinel-5P,P1D,partial
cinkarna_celje_2019,Cinkarna Celje industrial case,industrial_case,NO2,µmol/m²,2019-12-30T00:00:00Z,2019-12-31T00:00:00Z,30,SI031,Pomurska,40.117041518852794,-15.49575426906813,62.138868088368326,14.98860707623274,128,46,82,Sentinel Hub Statistical API / Sentinel-5P,P1D,good
cinkarna_celje_2019,Cinkarna Celje industrial case,industrial_case,NO2,µmol/m²,2019-12-31T00:00:00Z,2020-01-01T00:00:00Z,31,SI031,Pomurska,52.591961653755476,22.64393879158888,89.44768342189491,13.798462076381272,128,46,82,Sentinel Hub Statistical API / Sentinel-5P,P1D,good
cinkarna_celje_2019,Cinkarna Celje industrial case,industrial_case,NO2,µmol/m²,2019-12-01T00:00:00Z,2019-12-02T00:00:00Z,1,SI032,Podravska,,,,,180,180,0,Sentinel Hub Statistical API / Sentinel-5P,P1D,missing
cinkarna_celje_2019,Cinkarna Celje industrial case,industrial_case,NO2,µmol/m²,2019-12-02T00:00:00Z,2019-12-03T00:00:00Z,2,SI032,Podravska,,,,,180,180,0,Sentinel Hub Statistical API / Sentinel-5P,P1D,missing
cinkarna_celje_2019,Cinkarna Celje industrial case,industrial_case,NO2,µmol/m²,2019-12-03T00:00:00Z,2019-12-04T00:00:00Z,3,SI032,Podravska,44.01085456457191,3.2396546885138378,87.2042219270952,16.883470207340988,180,66,114,Sentinel Hub Statistical API / Sentinel-5P,P1D,good
cinkarna_celje_2019,Cinkarna Celje industrial case,industrial_case,NO2,µmol/m²,2019-12-04T00:00:00Z,2019-12-05T00:00:00Z,4,SI032,Podravska,67.57341938869712,23.59122117923107,134.05444042291492,23.07406328023977,180,53,127,Sentinel Hub Statistical API / Sentinel-5P,P1D,good
cinkarna_celje_2019,Cinkarna Celje industrial case,industrial_case,NO2,µmol/m²,2019-12-05T00:00:00Z,2019-12-06T00:00:00Z,5,SI032,Podravska,32.62321388319833,19.252885977039114,37.41207183338702,7.730069454390292,180,176,4,Sentinel Hub Statistical API / Sentinel-5P,P1D,partial
cinkarna_celje_2019,Cinkarna Celje industrial case,industrial_case,NO2,µmol/m²,2019-12-06T00:00:00Z,2019-12-07T00:00:00Z,6,SI032,Podravska,96.45248073866244,12.87966915697325,197.64799799304456,51.057646974838285,180,140,40,Sentinel Hub Statistical API / Sentinel-5P,P1D,partial
cinkarna_celje_2019,Cinkarna Celje industrial case,industrial_case,NO2,µmol/m²,2019-12-07T00:00:00Z,2019-12-08T00:00:00Z,7,SI032,Podravska,48.53552832236748,-7.946599907882046,90.28592467075214,28.680299972903704,180,135,45,Sentinel Hub Statistical API / Sentinel-5P,P1D,partial
cinkarna_celje_2019,Cinkarna Celje industrial case,industrial_case,NO2,µmol/m²,2019-12-08T00:00:00Z,2019-12-09T00:00:00Z,8,SI032,Podravska,-11.504077605195562,-22.072214051149786,-0.935941159241338,10.568136445954224,180,178,2,Sentinel Hub Statistical API / Sentinel-5P,P1D,partial
cinkarna_celje_2019,Cinkarna Celje industrial case,industrial_case,NO2,µmol/m²,2019-12-09T00:00:00Z,2019-12-10T00:00:00Z,9,SI032,Podravska,,,,,180,180,0,Sentinel Hub Statistical API / Sentinel-5P,P1D,missing
cinkarna_celje_2019,Cinkarna Celje industrial case,industrial_case,NO2,µmol/m²,2019-12-10T00:00:00Z,2019-12-11T00:00:00Z,10,SI032,Podravska,50.07628938667199,21.725387341575697,91.17415902437642,16.453382441519352,180,88,92,Sentinel Hub Statistical API / Sentinel-5P,P1D,good
cinkarna_celje_2019,Cinkarna Celje industrial case,industrial_case,NO2,µmol/m²,2019-12-11T00:00:00Z,2019-12-12T00:00:00Z,11,SI032,Podravska,49.46356510870941,-9.365206096845213,134.46499360725284,24.761496566651036,180,52,128,Sentinel Hub Statistical API / Sentinel-5P,P1D,good
cinkarna_celje_2019,Cinkarna Celje industrial case,industrial_case,NO2,µmol/m²,2019-12-12T00:00:00Z,2019-12-13T00:00:00Z,12,SI032,Podravska,,,,,180,180,0,Sentinel Hub Statistical API / Sentinel-5P,P1D,missing
cinkarna_celje_2019,Cinkarna Celje industrial case,industrial_case,NO2,µmol/m²,2019-12-13T00:00:00Z,2019-12-14T00:00:00Z,13,SI032,Podravska,86.13192112534307,37.944733776384965,121.07184738852084,18.03987718228173,180,165,15,Sentinel Hub Statistical API / Sentinel-5P,P1D,partial
cinkarna_celje_2019,Cinkarna Celje industrial case,industrial_case,NO2,µmol/m²,2019-12-14T00:00:00Z,2019-12-15T00:00:00Z,14,SI032,Podravska,61.09541351510083,35.73439971660264,155.34678823314607,17.27732012105797,180,70,110,Sentinel Hub Statistical API / Sentinel-5P,P1D,good
cinkarna_celje_2019,Cinkarna Celje industrial case,industrial_case,NO2,µmol/m²,2019-12-15T00:00:00Z,2019-12-16T00:00:00Z,15,SI032,Podravska,53.976738636265516,26.55838761711493,79.92120663402602,16.28018349974727,180,155,25,Sentinel Hub Statistical API / Sentinel-5P,P1D,partial
cinkarna_celje_2019,Cinkarna Celje industrial case,industrial_case,NO2,µmol/m²,2019-12-16T00:00:00Z,2019-12-17T00:00:00Z,16,SI032,Podravska,57.853138059726916,53.13101792125963,62.575258198194206,4.7221201384672895,180,178,2,Sentinel Hub Statistical API / Sentinel-5P,P1D,partial
cinkarna_celje_2019,Cinkarna Celje industrial case,industrial_case,NO2,µmol/m²,2019-12-17T00:00:00Z,2019-12-18T00:00:00Z,17,SI032,Podravska,30.657757492246933,5.311652785167098,67.825814767275,15.773231080600171,180,119,61,Sentinel Hub Statistical API / Sentinel-5P,P1D,partial
cinkarna_celje_2019,Cinkarna Celje industrial case,industrial_case,NO2,µmol/m²,2019-12-18T00:00:00Z,2019-12-19T00:00:00Z,18,SI032,Podravska,34.08636954429437,-4.716461717180209,76.29120955243707,16.753655865215936,180,77,103,Sentinel Hub Statistical API / Sentinel-5P,P1D,good
cinkarna_celje_2019,Cinkarna Celje industrial case,industrial_case,NO2,µmol/m²,2019-12-19T00:00:00Z,2019-12-20T00:00:00Z,19,SI032,Podravska,17.558824574256217,-9.867238077276852,59.620917454594746,23.326520103649194,180,161,19,Sentinel Hub Statistical API / Sentinel-5P,P1D,partial
cinkarna_celje_2019,Cinkarna Celje industrial case,industrial_case,NO2,µmol/m²,2019-12-20T00:00:00Z,2019-12-21T00:00:00Z,20,SI032,Podravska,41.29806009700588,17.23735658742953,71.10274600563571,13.697429416411468,180,116,64,Sentinel Hub Statistical API / Sentinel-5P,P1D,partial
cinkarna_celje_2019,Cinkarna Celje industrial case,industrial_case,NO2,µmol/m²,2019-12-21T00:00:00Z,2019-12-22T00:00:00Z,21,SI032,Podravska,,,,,180,180,0,Sentinel Hub Statistical API / Sentinel-5P,P1D,missing
cinkarna_celje_2019,Cinkarna Celje industrial case,industrial_case,NO2,µmol/m²,2019-12-22T00:00:00Z,2019-12-23T00:00:00Z,22,SI032,Podravska,,,,,180,180,0,Sentinel Hub Statistical API / Sentinel-5P,P1D,missing
cinkarna_celje_2019,Cinkarna Celje industrial case,industrial_case,NO2,µmol/m²,2019-12-23T00:00:00Z,2019-12-24T00:00:00Z,23,SI032,Podravska,40.84111208287182,-10.366141395934392,87.32987771509215,20.723534397125057,180,136,44,Sentinel Hub Statistical API / Sentinel-5P,P1D,partial
cinkarna_celje_2019,Cinkarna Celje industrial case,industrial_case,NO2,µmol/m²,2019-12-24T00:00:00Z,2019-12-25T00:00:00Z,24,SI032,Podravska,,,,,180,180,0,Sentinel Hub Statistical API / Sentinel-5P,P1D,missing
cinkarna_celje_2019,Cinkarna Celje industrial case,industrial_case,NO2,µmol/m²,2019-12-25T00:00:00Z,2019-12-26T00:00:00Z,25,SI032,Podravska,32.422117662972155,1.8950487401525606,67.4762122798711,16.62551440397727,180,96,84,Sentinel Hub Statistical API / Sentinel-5P,P1D,partial
cinkarna_celje_2019,Cinkarna Celje industrial case,industrial_case,NO2,µmol/m²,2019-12-26T00:00:00Z,2019-12-27T00:00:00Z,26,SI032,Podravska,35.65159899881112,-4.090698439540574,73.35801637964323,15.56807494953544,180,55,125,Sentinel Hub Statistical API / Sentinel-5P,P1D,good
cinkarna_celje_2019,Cinkarna Celje industrial case,industrial_case,NO2,µmol/m²,2019-12-27T00:00:00Z,2019-12-28T00:00:00Z,27,SI032,Podravska,,,,,180,180,0,Sentinel Hub Statistical API / Sentinel-5P,P1D,missing
cinkarna_celje_2019,Cinkarna Celje industrial case,industrial_case,NO2,µmol/m²,2019-12-28T00:00:00Z,2019-12-29T00:00:00Z,28,SI032,Podravska,25.877977560713738,-16.89942837401759,74.11996193695813,19.266830234150827,180,103,77,Sentinel Hub Statistical API / Sentinel-5P,P1D,partial
cinkarna_celje_2019,Cinkarna Celje industrial case,industrial_case,NO2,µmol/m²,2019-12-29T00:00:00Z,2019-12-30T00:00:00Z,29,SI032,Podravska,27.263680568399575,-1.0524335039008292,55.11517883860506,15.105274835006844,180,126,54,Sentinel Hub Statistical API / Sentinel-5P,P1D,partial
cinkarna_celje_2019,Cinkarna Celje industrial case,industrial_case,NO2,µmol/m²,2019-12-30T00:00:00Z,2019-12-31T00:00:00Z,30,SI032,Podravska,40.55079742192151,-7.236480996652972,77.08479824941605,14.894227693022712,180,59,121,Sentinel Hub Statistical API / Sentinel-5P,P1D,good
cinkarna_celje_2019,Cinkarna Celje industrial case,industrial_case,NO2,µmol/m²,2019-12-31T00:00:00Z,2020-01-01T00:00:00Z,31,SI032,Podravska,42.46961158571593,10.678401849872898,89.44768342189491,14.971199437756558,180,52,128,Sentinel Hub Statistical API / Sentinel-5P,P1D,good
cinkarna_celje_2019,Cinkarna Celje industrial case,industrial_case,NO2,µmol/m²,2019-12-01T00:00:00Z,2019-12-02T00:00:00Z,1,SI033,Koroška,33.129490475403145,28.441587346605957,37.81739360420033,4.687903128797188,75,73,2,Sentinel Hub Statistical API / Sentinel-5P,P1D,partial
cinkarna_celje_2019,Cinkarna Celje industrial case,industrial_case,NO2,µmol/m²,2019-12-02T00:00:00Z,2019-12-03T00:00:00Z,2,SI033,Koroška,,,,,75,75,0,Sentinel Hub Statistical API / Sentinel-5P,P1D,missing
cinkarna_celje_2019,Cinkarna Celje industrial case,industrial_case,NO2,µmol/m²,2019-12-03T00:00:00Z,2019-12-04T00:00:00Z,3,SI033,Koroška,35.0048630249871,-0.4626794805062673,82.9825658001937,19.63681120312756,75,36,39,Sentinel Hub Statistical API / Sentinel-5P,P1D,good
cinkarna_celje_2019,Cinkarna Celje industrial case,industrial_case,NO2,µmol/m²,2019-12-04T00:00:00Z,2019-12-05T00:00:00Z,4,SI033,Koroška,56.3426175093892,18.938530047307722,156.79701755288988,28.948452708042783,75,31,44,Sentinel Hub Statistical API / Sentinel-5P,P1D,good
cinkarna_celje_2019,Cinkarna Celje industrial case,industrial_case,NO2,µmol/m²,2019-12-05T00:00:00Z,2019-12-06T00:00:00Z,5,SI033,Koroška,36.03066363666585,13.59722409688402,81.73387323040515,19.265577704928415,75,59,16,Sentinel Hub Statistical API / Sentinel-5P,P1D,partial
cinkarna_celje_2019,Cinkarna Celje industrial case,industrial_case,NO2,µmol/m²,2019-12-06T00:00:00Z,2019-12-07T00:00:00Z,6,SI033,Koroška,30.546542680761977,-13.912411304772831,79.47531412355602,21.56582194534323,75,34,41,Sentinel Hub Statistical API / Sentinel-5P,P1D,good
cinkarna_celje_2019,Cinkarna Celje industrial case,industrial_case,NO2,µmol/m²,2019-12-07T00:00:00Z,2019-12-08T00:00:00Z,7,SI033,Koroška,-4.096175919866095,-34.477434383006766,42.565348849166185,19.72043633418246,75,58,17,Sentinel Hub Statistical API / Sentinel-5P,P1D,partial
cinkarna_celje_2019,Cinkarna Celje industrial case,industrial_case,NO2,µmol/m²,2019-12-08T00:00:00Z,2019-12-09T00:00:00Z,8,SI033,Koroška,26.086915736542792,-22.072214051149786,87.5320693012327,22.1469140879577,75,22,53,Sentinel Hub Statistical API / Sentinel-5P,P1D,good
cinkarna_celje_2019,Cinkarna Celje industrial case,industrial_case,NO2,µmol/m²,2019-12-09T00:00:00Z,2019-12-10T00:00:00Z,9,SI033,Koroška,,,,,75,75,0,Sentinel Hub Statistical API / Sentinel-5P,P1D,missing
cinkarna_celje_2019,Cinkarna Celje industrial case,industrial_case,NO2,µmol/m²,2019-12-10T00:00:00Z,2019-12-11T00:00:00Z,10,SI033,Koroška,61.890747661784516,13.834960554959252,106.01096437312663,26.325793860317077,75,58,17,Sentinel Hub Statistical API / Sentinel-5P,P1D,partial
cinkarna_celje_2019,Cinkarna Celje industrial case,industrial_case,NO2,µmol/m²,2019-12-11T00:00:00Z,2019-12-12T00:00:00Z,11,SI033,Koroška,48.66084907362485,-10.97586482501356,107.82393655972555,24.93113849745744,75,18,57,Sentinel Hub Statistical API / Sentinel-5P,P1D,good
cinkarna_celje_2019,Cinkarna Celje industrial case,industrial_case,NO2,µmol/m²,2019-12-12T00:00:00Z,2019-12-13T00:00:00Z,12,SI033,Koroška,,,,,75,75,0,Sentinel Hub Statistical API / Sentinel-5P,P1D,missing
cinkarna_celje_2019,Cinkarna Celje industrial case,industrial_case,NO2,µmol/m²,2019-12-13T00:00:00Z,2019-12-14T00:00:00Z,13,SI033,Koroška,,,,,75,75,0,Sentinel Hub Statistical API / Sentinel-5P,P1D,missing
cinkarna_celje_2019,Cinkarna Celje industrial case,industrial_case,NO2,µmol/m²,2019-12-14T00:00:00Z,2019-12-15T00:00:00Z,14,SI033,Koroška,50.95830049100971,19.411067114560865,76.36405644007027,18.381958254130044,75,24,51,Sentinel Hub Statistical API / Sentinel-5P,P1D,good
cinkarna_celje_2019,Cinkarna Celje industrial case,industrial_case,NO2,µmol/m²,2019-12-15T00:00:00Z,2019-12-16T00:00:00Z,15,SI033,Koroška,,,,,75,75,0,Sentinel Hub Statistical API / Sentinel-5P,P1D,missing
cinkarna_celje_2019,Cinkarna Celje industrial case,industrial_case,NO2,µmol/m²,2019-12-16T00:00:00Z,2019-12-17T00:00:00Z,16,SI033,Koroška,100.52377885066171,46.46163142751902,167.67634951975197,37.93808193605373,75,61,14,Sentinel Hub Statistical API / Sentinel-5P,P1D,partial
cinkarna_celje_2019,Cinkarna Celje industrial case,industrial_case,NO2,µmol/m²,2019-12-17T00:00:00Z,2019-12-18T00:00:00Z,17,SI033,Koroška,,,,,75,75,0,Sentinel Hub Statistical API / Sentinel-5P,P1D,missing
cinkarna_celje_2019,Cinkarna Celje industrial case,industrial_case,NO2,µmol/m²,2019-12-18T00:00:00Z,2019-12-19T00:00:00Z,18,SI033,Koroška,,,,,75,75,0,Sentinel Hub Statistical API / Sentinel-5P,P1D,missing
cinkarna_celje_2019,Cinkarna Celje industrial case,industrial_case,NO2,µmol/m²,2019-12-19T00:00:00Z,2019-12-20T00:00:00Z,19,SI033,Koroška,,,,,75,75,0,Sentinel Hub Statistical API / Sentinel-5P,P1D,missing
cinkarna_celje_2019,Cinkarna Celje industrial case,industrial_case,NO2,µmol/m²,2019-12-20T00:00:00Z,2019-12-21T00:00:00Z,20,SI033,Koroška,,,,,75,75,0,Sentinel Hub Statistical API / Sentinel-5P,P1D,missing
cinkarna_celje_2019,Cinkarna Celje industrial case,industrial_case,NO2,µmol/m²,2019-12-21T00:00:00Z,2019-12-22T00:00:00Z,21,SI033,Koroška,,,,,75,75,0,Sentinel Hub Statistical API / Sentinel-5P,P1D,missing
cinkarna_celje_2019,Cinkarna Celje industrial case,industrial_case,NO2,µmol/m²,2019-12-22T00:00:00Z,2019-12-23T00:00:00Z,22,SI033,Koroška,,,,,75,75,0,Sentinel Hub Statistical API / Sentinel-5P,P1D,missing
cinkarna_celje_2019,Cinkarna Celje industrial case,industrial_case,NO2,µmol/m²,2019-12-23T00:00:00Z,2019-12-24T00:00:00Z,23,SI033,Koroška,-10.366141395934392,-10.366141395934392,-10.366141395934392,0.0,75,74,1,Sentinel Hub Statistical API / Sentinel-5P,P1D,partial
cinkarna_celje_2019,Cinkarna Celje industrial case,industrial_case,NO2,µmol/m²,2019-12-24T00:00:00Z,2019-12-25T00:00:00Z,24,SI033,Koroška,16.78216045775116,7.6875057857250795,23.25084642507136,5.452835635797415,75,59,16,Sentinel Hub Statistical API / Sentinel-5P,P1D,partial
cinkarna_celje_2019,Cinkarna Celje industrial case,industrial_case,NO2,µmol/m²,2019-12-25T00:00:00Z,2019-12-26T00:00:00Z,25,SI033,Koroška,20.303382789193765,1.8950487401525606,37.31552715180442,10.665940660221903,75,22,53,Sentinel Hub Statistical API / Sentinel-5P,P1D,good
cinkarna_celje_2019,Cinkarna Celje industrial case,industrial_case,NO2,µmol/m²,2019-12-26T00:00:00Z,2019-12-27T00:00:00Z,26,SI033,Koroška,32.84400710921511,-4.090698439540574,73.6067522666417,21.941395996105058,75,22,53,Sentinel Hub Statistical API / Sentinel-5P,P1D,good
cinkarna_celje_2019,Cinkarna Celje industrial case,industrial_case,NO2,µmol/m²,2019-12-27T00:00:00Z,2019-12-28T00:00:00Z,27,SI033,Koroška,,,,,75,75,0,Sentinel Hub Statistical API / Sentinel-5P,P1D,missing
cinkarna_celje_2019,Cinkarna Celje industrial case,industrial_case,NO2,µmol/m²,2019-12-28T00:00:00Z,2019-12-29T00:00:00Z,28,SI033,Koroška,28.411984260401372,1.9694764432642842,74.11996193695813,16.60142953924275,75,55,20,Sentinel Hub Statistical API / Sentinel-5P,P1D,partial
cinkarna_celje_2019,Cinkarna Celje industrial case,industrial_case,NO2,µmol/m²,2019-12-29T00:00:00Z,2019-12-30T00:00:00Z,29,SI033,Koroška,23.764378209641425,-12.376980521366931,49.79599543730728,16.829262207365538,75,26,49,Sentinel Hub Statistical API / Sentinel-5P,P1D,good
cinkarna_celje_2019,Cinkarna Celje industrial case,industrial_case,NO2,µmol/m²,2019-12-30T00:00:00Z,2019-12-31T00:00:00Z,30,SI033,Koroška,22.05009942473326,-16.183632396860048,73.53800174314529,23.194242666159983,75,30,45,Sentinel Hub Statistical API / Sentinel-5P,P1D,good
cinkarna_celje_2019,Cinkarna Celje industrial case,industrial_case,NO2,µmol/m²,2019-12-31T00:00:00Z,2020-01-01T00:00:00Z,31,SI033,Koroška,35.71986880599759,5.471272288559703,81.48385677486658,15.667899261337366,75,17,58,Sentinel Hub Statistical API / Sentinel-5P,P1D,good
cinkarna_celje_2019,Cinkarna Celje industrial case,industrial_case,NO2,µmol/m²,2019-12-01T00:00:00Z,2019-12-02T00:00:00Z,1,SI034,Savinjska,,,,,225,225,0,Sentinel Hub Statistical API / Sentinel-5P,P1D,missing
cinkarna_celje_2019,Cinkarna Celje industrial case,industrial_case,NO2,µmol/m²,2019-12-02T00:00:00Z,2019-12-03T00:00:00Z,2,SI034,Savinjska,,,,,225,225,0,Sentinel Hub Statistical API / Sentinel-5P,P1D,missing
cinkarna_celje_2019,Cinkarna Celje industrial case,industrial_case,NO2,µmol/m²,2019-12-03T00:00:00Z,2019-12-04T00:00:00Z,3,SI034,Savinjska,46.85344439330434,-0.4626794805062673,89.11030454328284,18.711206231833827,225,101,124,Sentinel Hub Statistical API / Sentinel-5P,P1D,good
cinkarna_celje_2019,Cinkarna Celje industrial case,industrial_case,NO2,µmol/m²,2019-12-04T00:00:00Z,2019-12-05T00:00:00Z,4,SI034,Savinjska,58.77000957952646,18.938530047307722,115.36599777173251,24.278990086511374,225,118,107,Sentinel Hub Statistical API / Sentinel-5P,P1D,partial
cinkarna_celje_2019,Cinkarna Celje industrial case,industrial_case,NO2,µmol/m²,2019-12-05T00:00:00Z,2019-12-06T00:00:00Z,5,SI034,Savinjska,57.685541672553335,13.59722409688402,116.35747068794444,22.818739463333884,225,157,68,Sentinel Hub Statistical API / Sentinel-5P,P1D,partial
cinkarna_celje_2019,Cinkarna Celje industrial case,industrial_case,NO2,µmol/m²,2019-12-06T00:00:00Z,2019-12-07T00:00:00Z,6,SI034,Savinjska,48.14314400535201,8.42469307826832,96.80475341156125,20.362363731811158,225,187,38,Sentinel Hub Statistical API / Sentinel-5P,P1D,partial
cinkarna_celje_2019,Cinkarna Celje industrial case,industrial_case,NO2,µmol/m²,2019-12-07T00:00:00Z,2019-12-08T00:00:00Z,7,SI034,Savinjska,36.46717645689171,-26.934925699606538,80.14795457711443,24.970141882488523,225,139,86,Sentinel Hub Statistical API / Sentinel-5P,P1D,partial
cinkarna_celje_2019,Cinkarna Celje industrial case,industrial_case,NO2,µmol/m²,2019-12-08T00:00:00Z,2019-12-09T00:00:00Z,8,SI034,Savinjska,59.184280568539776,10.534877219470218,113.51282591931522,31.011280484750117,225,168,57,Sentinel Hub Statistical API / Sentinel-5P,P1D,partial
cinkarna_celje_2019,Cinkarna Celje industrial case,industrial_case,NO2,µmol/m²,2019-12-09T00:00:00Z,2019-12-10T00:00:00Z,9,SI034,Savinjska,,,,,225,225,0,Sentinel Hub Statistical API / Sentinel-5P,P1D,missing
cinkarna_celje_2019,Cinkarna Celje industrial case,industrial_case,NO2,µmol/m²,2019-12-10T00:00:00Z,2019-12-11T00:00:00Z,10,SI034,Savinjska,59.64894035951505,12.34842147823656,92.81634993385524,20.955573116980748,225,174,51,Sentinel Hub Statistical API / Sentinel-5P,P1D,partial
cinkarna_celje_2019,Cinkarna Celje industrial case,industrial_case,NO2,µmol/m²,2019-12-11T00:00:00Z,2019-12-12T00:00:00Z,11,SI034,Savinjska,49.932707684844964,-12.111780961276963,189.8472401080653,27.51104246272262,225,92,133,Sentinel Hub Statistical API / Sentinel-5P,P1D,good
cinkarna_celje_2019,Cinkarna Celje industrial case,industrial_case,NO2,µmol/m²,2019-12-12T00:00:00Z,2019-12-13T00:00:00Z,12,SI034,Savinjska,,,,,225,225,0,Sentinel Hub Statistical API / Sentinel-5P,P1D,missing
cinkarna_celje_2019,Cinkarna Celje industrial case,industrial_case,NO2,µmol/m²,2019-12-13T00:00:00Z,2019-12-14T00:00:00Z,13,SI034,Savinjska,,,,,225,225,0,Sentinel Hub Statistical API / Sentinel-5P,P1D,missing
cinkarna_celje_2019,Cinkarna Celje industrial case,industrial_case,NO2,µmol/m²,2019-12-14T00:00:00Z,2019-12-15T00:00:00Z,14,SI034,Savinjska,57.98546536410511,14.280531104304828,108.03669283632189,22.51275532770589,225,103,122,Sentinel Hub Statistical API / Sentinel-5P,P1D,good
cinkarna_celje_2019,Cinkarna Celje industrial case,industrial_case,NO2,µmol/m²,2019-12-15T00:00:00Z,2019-12-16T00:00:00Z,15,SI034,Savinjska,87.62997216156995,63.34175122901797,117.09120735758916,22.245914470704147,225,219,6,Sentinel Hub Statistical API / Sentinel-5P,P1D,partial
cinkarna_celje_2019,Cinkarna Celje industrial case,industrial_case,NO2,µmol/m²,2019-12-16T00:00:00Z,2019-12-17T00:00:00Z,16,SI034,Savinjska,54.13238951795003,29.173075745347887,98.31110946834087,22.189935999637992,225,211,14,Sentinel Hub Statistical API / Sentinel-5P,P1D,partial
cinkarna_celje_2019,Cinkarna Celje industrial case,industrial_case,NO2,µmol/m²,2019-12-17T00:00:00Z,2019-12-18T00:00:00Z,17,SI034,Savinjska,34.41489606763,-15.655576135031879,85.30095510650426,18.21767121824447,225,144,81,Sentinel Hub Statistical API / Sentinel-5P,P1D,partial
cinkarna_celje_2019,Cinkarna Celje industrial case,industrial_case,NO2,µmol/m²,2019-12-18T00:00:00Z,2019-12-19T00:00:00Z,18,SI034,Savinjska,27.44091174614975,2.125222636095714,67.18061922583729,13.274967973650652,225,177,48,Sentinel Hub Statistical API / Sentinel-5P,P1D,partial
cinkarna_celje_2019,Cinkarna Celje industrial case,industrial_case,NO2,µmol/m²,2019-12-19T00:00:00Z,2019-12-20T00:00:00Z,19,SI034,Savinjska,16.990797636632735,-11.379709576431196,53.648756875190884,24.022088317543588,225,210,15,Sentinel Hub Statistical API / Sentinel-5P,P1D,partial
cinkarna_celje_2019,Cinkarna Celje industrial case,industrial_case,NO2,µmol/m²,2019-12-20T00:00:00Z,2019-12-21T00:00:00Z,20,SI034,Savinjska,50.046171963913366,45.31325976131484,51.244547648821026,2.124926755367972,225,219,6,Sentinel Hub Statistical API / Sentinel-5P,P1D,partial
cinkarna_celje_2019,Cinkarna Celje industrial case,industrial_case,NO2,µmol/m²,2019-12-21T00:00:00Z,2019-12-22T00:00:00Z,21,SI034,Savinjska,,,,,225,225,0,Sentinel Hub Statistical API / Sentinel-5P,P1D,missing
cinkarna_celje_2019,Cinkarna Celje industrial case,industrial_case,NO2,µmol/m²,2019-12-22T00:00:00Z,2019-12-23T00:00:00Z,22,SI034,Savinjska,,,,,225,225,0,Sentinel Hub Statistical API / Sentinel-5P,P1D,missing
cinkarna_celje_2019,Cinkarna Celje industrial case,industrial_case,NO2,µmol/m²,2019-12-23T00:00:00Z,2019-12-24T00:00:00Z,23,SI034,Savinjska,29.436868317134213,15.318166333599947,43.55557030066848,14.118701983534265,225,223,2,Sentinel Hub Statistical API / Sentinel-5P,P1D,partial
cinkarna_celje_2019,Cinkarna Celje industrial case,industrial_case,NO2,µmol/m²,2019-12-24T00:00:00Z,2019-12-25T00:00:00Z,24,SI034,Savinjska,11.108849018152492,4.323632310843095,14.501457371807192,4.797872745558733,225,222,3,Sentinel Hub Statistical API / Sentinel-5P,P1D,partial
cinkarna_celje_2019,Cinkarna Celje industrial case,industrial_case,NO2,µmol/m²,2019-12-25T00:00:00Z,2019-12-26T00:00:00Z,25,SI034,Savinjska,29.546867717652916,3.5951520658272784,51.434341003187,12.567585960788684,225,102,123,Sentinel Hub Statistical API / Sentinel-5P,P1D,good
cinkarna_celje_2019,Cinkarna Celje industrial case,industrial_case,NO2,µmol/m²,2019-12-26T00:00:00Z,2019-12-27T00:00:00Z,26,SI034,Savinjska,37.43631282649211,-4.229326350468909,82.07076461985707,17.84182436886242,225,93,132,Sentinel Hub Statistical API / Sentinel-5P,P1D,good
cinkarna_celje_2019,Cinkarna Celje industrial case,industrial_case,NO2,µmol/m²,2019-12-27T00:00:00Z,2019-12-28T00:00:00Z,27,SI034,Savinjska,,,,,225,225,0,Sentinel Hub Statistical API / Sentinel-5P,P1D,missing
cinkarna_celje_2019,Cinkarna Celje industrial case,industrial_case,NO2,µmol/m²,2019-12-28T00:00:00Z,2019-12-29T00:00:00Z,28,SI034,Savinjska,28.041751294019896,-1.2194185501357424,74.48621181538329,16.318451095726477,225,186,39,Sentinel Hub Statistical API / Sentinel-5P,P1D,partial
cinkarna_celje_2019,Cinkarna Celje industrial case,industrial_case,NO2,µmol/m²,2019-12-29T00:00:00Z,2019-12-30T00:00:00Z,29,SI034,Savinjska,29.5520003562597,-2.9518398605432594,73.41536547755823,17.388900302831253,225,98,127,Sentinel Hub Statistical API / Sentinel-5P,P1D,good
cinkarna_celje_2019,Cinkarna Celje industrial case,industrial_case,NO2,µmol/m²,2019-12-30T00:00:00Z,2019-12-31T00:00:00Z,30,SI034,Savinjska,35.578330010319874,-13.863884305465035,75.56821219623089,22.018846208229174,225,89,136,Sentinel Hub Statistical API / Sentinel-5P,P1D,good
cinkarna_celje_2019,Cinkarna Celje industrial case,industrial_case,NO2,µmol/m²,2019-12-31T00:00:00Z,2020-01-01T00:00:00Z,31,SI034,Savinjska,41.324744599665685,-8.246971447078977,84.03482934227213,19.94931498034838,225,89,136,Sentinel Hub Statistical API / Sentinel-5P,P1D,good
cinkarna_celje_2019,Cinkarna Celje industrial case,industrial_case,NO2,µmol/m²,2019-12-01T00:00:00Z,2019-12-02T00:00:00Z,1,SI035,Zasavska,,,,,45,45,0,Sentinel Hub Statistical API / Sentinel-5P,P1D,missing
cinkarna_celje_2019,Cinkarna Celje industrial case,industrial_case,NO2,µmol/m²,2019-12-02T00:00:00Z,2019-12-03T00:00:00Z,2,SI035,Zasavska,,,,,45,45,0,Sentinel Hub Statistical API / Sentinel-5P,P1D,missing
cinkarna_celje_2019,Cinkarna Celje industrial case,industrial_case,NO2,µmol/m²,2019-12-03T00:00:00Z,2019-12-04T00:00:00Z,3,SI035,Zasavska,37.53495116792952,13.214384125603829,54.72408884088509,10.263674432665765,45,10,35,Sentinel Hub Statistical API / Sentinel-5P,P1D,good
cinkarna_celje_2019,Cinkarna Celje industrial case,industrial_case,NO2,µmol/m²,2019-12-04T00:00:00Z,2019-12-05T00:00:00Z,4,SI035,Zasavska,53.38355267961179,34.62507447693497,65.2479357086122,9.448161148753961,45,14,31,Sentinel Hub Statistical API / Sentinel-5P,P1D,good
cinkarna_celje_2019,Cinkarna Celje industrial case,industrial_case,NO2,µmol/m²,2019-12-05T00:00:00Z,2019-12-06T00:00:00Z,5,SI035,Zasavska,60.06098301440943,29.289227313711308,97.20837260829285,14.468893294871608,45,10,35,Sentinel Hub Statistical API / Sentinel-5P,P1D,good
cinkarna_celje_2019,Cinkarna Celje industrial case,industrial_case,NO2,µmol/m²,2019-12-06T00:00:00Z,2019-12-07T00:00:00Z,6,SI035,Zasavska,24.74693226556863,-30.040961064514704,41.49918459006585,21.244486831097706,45,36,9,Sentinel Hub Statistical API / Sentinel-5P,P1D,partial
cinkarna_celje_2019,Cinkarna Celje industrial case,industrial_case,NO2,µmol/m²,2019-12-07T00:00:00Z,2019-12-08T00:00:00Z,7,SI035,Zasavska,16.041147498699697,-26.248892027069815,37.07278665388003,16.765193465969705,45,22,23,Sentinel Hub Statistical API / Sentinel-5P,P1D,good
cinkarna_celje_2019,Cinkarna Celje industrial case,industrial_case,NO2,µmol/m²,2019-12-08T00:00:00Z,2019-12-09T00:00:00Z,8,SI035,Zasavska,98.07869901123921,65.600048401393,125.50038809422404,27.756489022456726,45,37,8,Sentinel Hub Statistical API / Sentinel-5P,P1D,partial
cinkarna_celje_2019,Cinkarna Celje industrial case,industrial_case,NO2,µmol/m²,2019-12-09T00:00:00Z,2019-12-10T00:00:00Z,9,SI035,Zasavska,,,,,45,45,0,Sentinel Hub Statistical API / Sentinel-5P,P1D,missing
cinkarna_celje_2019,Cinkarna Celje industrial case,industrial_case,NO2,µmol/m²,2019-12-10T00:00:00Z,2019-12-11T00:00:00Z,10,SI035,Zasavska,73.36295675486326,41.308179788757116,111.49268539156765,15.22982844989245,45,26,19,Sentinel Hub Statistical API / Sentinel-5P,P1D,partial
cinkarna_celje_2019,Cinkarna Celje industrial case,industrial_case,NO2,µmol/m²,2019-12-11T00:00:00Z,2019-12-12T00:00:00Z,11,SI035,Zasavska,38.755851460337,-20.197152480250224,77.38386193523183,22.461463831080856,45,10,35,Sentinel Hub Statistical API / Sentinel-5P,P1D,good
cinkarna_celje_2019,Cinkarna Celje industrial case,industrial_case,NO2,µmol/m²,2019-12-12T00:00:00Z,2019-12-13T00:00:00Z,12,SI035,Zasavska,,,,,45,45,0,Sentinel Hub Statistical API / Sentinel-5P,P1D,missing
cinkarna_celje_2019,Cinkarna Celje industrial case,industrial_case,NO2,µmol/m²,2019-12-13T00:00:00Z,2019-12-14T00:00:00Z,13,SI035,Zasavska,,,,,45,45,0,Sentinel Hub Statistical API / Sentinel-5P,P1D,missing
cinkarna_celje_2019,Cinkarna Celje industrial case,industrial_case,NO2,µmol/m²,2019-12-14T00:00:00Z,2019-12-15T00:00:00Z,14,SI035,Zasavska,58.22768325742801,35.09195084916428,79.17438051663339,13.62147357949693,45,15,30,Sentinel Hub Statistical API / Sentinel-5P,P1D,good
cinkarna_celje_2019,Cinkarna Celje industrial case,industrial_case,NO2,µmol/m²,2019-12-15T00:00:00Z,2019-12-16T00:00:00Z,15,SI035,Zasavska,,,,,45,45,0,Sentinel Hub Statistical API / Sentinel-5P,P1D,missing
cinkarna_celje_2019,Cinkarna Celje industrial case,industrial_case,NO2,µmol/m²,2019-12-16T00:00:00Z,2019-12-17T00:00:00Z,16,SI035,Zasavska,,,,,45,45,0,Sentinel Hub Statistical API / Sentinel-5P,P1D,missing
cinkarna_celje_2019,Cinkarna Celje industrial case,industrial_case,NO2,µmol/m²,2019-12-17T00:00:00Z,2019-12-18T00:00:00Z,17,SI035,Zasavska,42.086775173239786,6.42691475150059,79.15724563645199,19.795522183034457,45,31,14,Sentinel Hub Statistical API / Sentinel-5P,P1D,partial
cinkarna_celje_2019,Cinkarna Celje industrial case,industrial_case,NO2,µmol/m²,2019-12-18T00:00:00Z,2019-12-19T00:00:00Z,18,SI035,Zasavska,62.858362070983276,54.15658961283043,71.56013452913612,8.701772458152846,45,43,2,Sentinel Hub Statistical API / Sentinel-5P,P1D,partial
cinkarna_celje_2019,Cinkarna Celje industrial case,industrial_case,NO2,µmol/m²,2019-12-19T00:00:00Z,2019-12-20T00:00:00Z,19,SI035,Zasavska,,,,,45,45,0,Sentinel Hub Statistical API / Sentinel-5P,P1D,missing
cinkarna_celje_2019,Cinkarna Celje industrial case,industrial_case,NO2,µmol/m²,2019-12-20T00:00:00Z,2019-12-21T00:00:00Z,20,SI035,Zasavska,,,,,45,45,0,Sentinel Hub Statistical API / Sentinel-5P,P1D,missing
cinkarna_celje_2019,Cinkarna Celje industrial case,industrial_case,NO2,µmol/m²,2019-12-21T00:00:00Z,2019-12-22T00:00:00Z,21,SI035,Zasavska,,,,,45,45,0,Sentinel Hub Statistical API / Sentinel-5P,P1D,missing
cinkarna_celje_2019,Cinkarna Celje industrial case,industrial_case,NO2,µmol/m²,2019-12-22T00:00:00Z,2019-12-23T00:00:00Z,22,SI035,Zasavska,,,,,45,45,0,Sentinel Hub Statistical API / Sentinel-5P,P1D,missing
cinkarna_celje_2019,Cinkarna Celje industrial case,industrial_case,NO2,µmol/m²,2019-12-23T00:00:00Z,2019-12-24T00:00:00Z,23,SI035,Zasavska,48.16482241949416,-6.985211257415358,106.53270146576688,33.51793618843318,45,35,10,Sentinel Hub Statistical API / Sentinel-5P,P1D,partial
cinkarna_celje_2019,Cinkarna Celje industrial case,industrial_case,NO2,µmol/m²,2019-12-24T00:00:00Z,2019-12-25T00:00:00Z,24,SI035,Zasavska,17.68049796737614,-23.56464756303467,47.58464638143778,24.30029645004736,45,35,10,Sentinel Hub Statistical API / Sentinel-5P,P1D,partial
cinkarna_celje_2019,Cinkarna Celje industrial case,industrial_case,NO2,µmol/m²,2019-12-25T00:00:00Z,2019-12-26T00:00:00Z,25,SI035,Zasavska,29.627087561883467,6.216422207216965,48.23310155188665,11.778163105751094,45,10,35,Sentinel Hub Statistical API / Sentinel-5P,P1D,good
cinkarna_celje_2019,Cinkarna Celje industrial case,industrial_case,NO2,µmol/m²,2019-12-26T00:00:00Z,2019-12-27T00:00:00Z,26,SI035,Zasavska,35.898732910157236,-2.818885377564584,74.22632188536227,22.43917736384732,45,10,35,Sentinel Hub Statistical API / Sentinel-5P,P1D,good
cinkarna_celje_2019,Cinkarna Celje industrial case,industrial_case,NO2,µmol/m²,2019-12-27T00:00:00Z,2019-12-28T00:00:00Z,27,SI035,Zasavska,,,,,45,45,0,Sentinel Hub Statistical API / Sentinel-5P,P1D,missing
cinkarna_celje_2019,Cinkarna Celje industrial case,industrial_case,NO2,µmol/m²,2019-12-28T00:00:00Z,2019-12-29T00:00:00Z,28,SI035,Zasavska,32.49629944927317,6.625851256103488,57.3065372009296,15.070877575613958,45,21,24,Sentinel Hub Statistical API / Sentinel-5P,P1D,good
cinkarna_celje_2019,Cinkarna Celje industrial case,industrial_case,NO2,µmol/m²,2019-12-29T00:00:00Z,2019-12-30T00:00:00Z,29,SI035,Zasavska,31.870873863226734,8.315761078847572,55.00791667145677,11.594109546377682,45,10,35,Sentinel Hub Statistical API / Sentinel-5P,P1D,good
cinkarna_celje_2019,Cinkarna Celje industrial case,industrial_case,NO2,µmol/m²,2019-12-30T00:00:00Z,2019-12-31T00:00:00Z,30,SI035,Zasavska,32.962879127548405,9.785901966097299,59.11724656471051,13.913469649265522,45,10,35,Sentinel Hub Statistical API / Sentinel-5P,P1D,good
cinkarna_celje_2019,Cinkarna Celje industrial case,industrial_case,NO2,µmol/m²,2019-12-31T00:00:00Z,2020-01-01T00:00:00Z,31,SI035,Zasavska,48.418285067392766,19.481069102766924,84.03482934227213,12.917456022457268,45,10,35,Sentinel Hub Statistical API / Sentinel-5P,P1D,good
cinkarna_celje_2019,Cinkarna Celje industrial case,industrial_case,NO2,µmol/m²,2019-12-01T00:00:00Z,2019-12-02T00:00:00Z,1,SI036,Posavska,,,,,78,78,0,Sentinel Hub Statistical API / Sentinel-5P,P1D,missing
cinkarna_celje_2019,Cinkarna Celje industrial case,industrial_case,NO2,µmol/m²,2019-12-02T00:00:00Z,2019-12-03T00:00:00Z,2,SI036,Posavska,,,,,78,78,0,Sentinel Hub Statistical API / Sentinel-5P,P1D,missing
cinkarna_celje_2019,Cinkarna Celje industrial case,industrial_case,NO2,µmol/m²,2019-12-03T00:00:00Z,2019-12-04T00:00:00Z,3,SI036,Posavska,48.1282805301786,18.20126453822013,87.23531209398061,13.76975762483036,78,19,59,Sentinel Hub Statistical API / Sentinel-5P,P1D,good
cinkarna_celje_2019,Cinkarna Celje industrial case,industrial_case,NO2,µmol/m²,2019-12-04T00:00:00Z,2019-12-05T00:00:00Z,4,SI036,Posavska,34.62507447693497,34.62507447693497,34.62507447693497,0.0,78,77,1,Sentinel Hub Statistical API / Sentinel-5P,P1D,partial
cinkarna_celje_2019,Cinkarna Celje industrial case,industrial_case,NO2,µmol/m²,2019-12-05T00:00:00Z,2019-12-06T00:00:00Z,5,SI036,Posavska,42.51644190844672,18.61859709606506,68.98114224895835,16.242472259199005,78,70,8,Sentinel Hub Statistical API / Sentinel-5P,P1D,partial
cinkarna_celje_2019,Cinkarna Celje industrial case,industrial_case,NO2,µmol/m²,2019-12-06T00:00:00Z,2019-12-07T00:00:00Z,6,SI036,Posavska,53.489634475616704,7.036972419882659,124.23316366039217,25.37359228980817,78,36,42,Sentinel Hub Statistical API / Sentinel-5P,P1D,good
cinkarna_celje_2019,Cinkarna Celje industrial case,industrial_case,NO2,µmol/m²,2019-12-07T00:00:00Z,2019-12-08T00:00:00Z,7,SI036,Posavska,41.30848496143615,-4.566617008094909,129.46987408213317,25.54021037343898,78,23,55,Sentinel Hub Statistical API / Sentinel-5P,P1D,good
cinkarna_celje_2019,Cinkarna Celje industrial case,industrial_case,NO2,µmol/m²,2019-12-08T00:00:00Z,2019-12-09T00:00:00Z,8,SI036,Posavska,77.06185239103868,29.28233334387187,123.38232772890478,23.313153823435478,78,57,21,Sentinel Hub Statistical API / Sentinel-5P,P1D,partial
cinkarna_celje_2019,Cinkarna Celje industrial case,industrial_case,NO2,µmol/m²,2019-12-09T00:00:00Z,2019-12-10T00:00:00Z,9,SI036,Posavska,,,,,78,78,0,Sentinel Hub Statistical API / Sentinel-5P,P1D,missing
cinkarna_celje_2019,Cinkarna Celje industrial case,industrial_case,NO2,µmol/m²,2019-12-10T00:00:00Z,2019-12-11T00:00:00Z,10,SI036,Posavska,75.62554856122004,54.42872497951612,111.24701995868236,11.978928467548785,78,42,36,Sentinel Hub Statistical API / Sentinel-5P,P1D,partial
cinkarna_celje_2019,Cinkarna Celje industrial case,industrial_case,NO2,µmol/m²,2019-12-11T00:00:00Z,2019-12-12T00:00:00Z,11,SI036,Posavska,31.732843388577393,-6.2505796449841,69.03280882397667,15.220005664191271,78,19,59,Sentinel Hub Statistical API / Sentinel-5P,P1D,good
cinkarna_celje_2019,Cinkarna Celje industrial case,industrial_case,NO2,µmol/m²,2019-12-12T00:00:00Z,2019-12-13T00:00:00Z,12,SI036,Posavska,,,,,78,78,0,Sentinel Hub Statistical API / Sentinel-5P,P1D,missing
cinkarna_celje_2019,Cinkarna Celje industrial case,industrial_case,NO2,µmol/m²,2019-12-13T00:00:00Z,2019-12-14T00:00:00Z,13,SI036,Posavska,,,,,78,78,0,Sentinel Hub Statistical API / Sentinel-5P,P1D,missing
cinkarna_celje_2019,Cinkarna Celje industrial case,industrial_case,NO2,µmol/m²,2019-12-14T00:00:00Z,2019-12-15T00:00:00Z,14,SI036,Posavska,43.22505761096678,23.538435925729573,62.90984310908243,10.834218320384275,78,23,55,Sentinel Hub Statistical API / Sentinel-5P,P1D,good
cinkarna_celje_2019,Cinkarna Celje industrial case,industrial_case,NO2,µmol/m²,2019-12-15T00:00:00Z,2019-12-16T00:00:00Z,15,SI036,Posavska,69.98413288062598,42.333856981713325,117.09120735758916,14.519960854493995,78,49,29,Sentinel Hub Statistical API / Sentinel-5P,P1D,partial
cinkarna_celje_2019,Cinkarna Celje industrial case,industrial_case,NO2,µmol/m²,2019-12-16T00:00:00Z,2019-12-17T00:00:00Z,16,SI036,Posavska,80.39389073625594,42.079373088199645,115.31167547218502,20.65792370868448,78,66,12,Sentinel Hub Statistical API / Sentinel-5P,P1D,partial
cinkarna_celje_2019,Cinkarna Celje industrial case,industrial_case,NO2,µmol/m²,2019-12-17T00:00:00Z,2019-12-18T00:00:00Z,17,SI036,Posavska,35.001242395082954,11.950758562306874,73.29131767619401,15.510139088914352,78,64,14,Sentinel Hub Statistical API / Sentinel-5P,P1D,partial
cinkarna_celje_2019,Cinkarna Celje industrial case,industrial_case,NO2,µmol/m²,2019-12-18T00:00:00Z,2019-12-19T00:00:00Z,18,SI036,Posavska,28.429843678168258,-12.531274478533305,62.429280660580844,15.043478804730606,78,23,55,Sentinel Hub Statistical API / Sentinel-5P,P1D,good
cinkarna_celje_2019,Cinkarna Celje industrial case,industrial_case,NO2,µmol/m²,2019-12-19T00:00:00Z,2019-12-20T00:00:00Z,19,SI036,Posavska,28.655009373323992,28.655009373323992,28.655009373323992,0.0,78,76,2,Sentinel Hub Statistical API / Sentinel-5P,P1D,partial
cinkarna_celje_2019,Cinkarna Celje industrial case,industrial_case,NO2,µmol/m²,2019-12-20T00:00:00Z,2019-12-21T00:00:00Z,20,SI036,Posavska,,,,,78,78,0,Sentinel Hub Statistical API / Sentinel-5P,P1D,missing
cinkarna_celje_2019,Cinkarna Celje industrial case,industrial_case,NO2,µmol/m²,2019-12-21T00:00:00Z,2019-12-22T00:00:00Z,21,SI036,Posavska,,,,,78,78,0,Sentinel Hub Statistical API / Sentinel-5P,P1D,missing
cinkarna_celje_2019,Cinkarna Celje industrial case,industrial_case,NO2,µmol/m²,2019-12-22T00:00:00Z,2019-12-23T00:00:00Z,22,SI036,Posavska,,,,,78,78,0,Sentinel Hub Statistical API / Sentinel-5P,P1D,missing
cinkarna_celje_2019,Cinkarna Celje industrial case,industrial_case,NO2,µmol/m²,2019-12-23T00:00:00Z,2019-12-24T00:00:00Z,23,SI036,Posavska,28.178063257655594,14.087944691709708,48.7074394186493,12.950285319355066,78,73,5,Sentinel Hub Statistical API / Sentinel-5P,P1D,partial
cinkarna_celje_2019,Cinkarna Celje industrial case,industrial_case,NO2,µmol/m²,2019-12-24T00:00:00Z,2019-12-25T00:00:00Z,24,SI036,Posavska,,,,,78,78,0,Sentinel Hub Statistical API / Sentinel-5P,P1D,missing
cinkarna_celje_2019,Cinkarna Celje industrial case,industrial_case,NO2,µmol/m²,2019-12-25T00:00:00Z,2019-12-26T00:00:00Z,25,SI036,Posavska,32.10460474323462,6.216422207216965,47.16223702416755,9.601201665055239,78,19,59,Sentinel Hub Statistical API / Sentinel-5P,P1D,good
cinkarna_celje_2019,Cinkarna Celje industrial case,industrial_case,NO2,µmol/m²,2019-12-26T00:00:00Z,2019-12-27T00:00:00Z,26,SI036,Posavska,35.08729057087075,-1.8781136077450356,78.43758794479072,16.394248393810273,78,20,58,Sentinel Hub Statistical API / Sentinel-5P,P1D,good
cinkarna_celje_2019,Cinkarna Celje industrial case,industrial_case,NO2,µmol/m²,2019-12-27T00:00:00Z,2019-12-28T00:00:00Z,27,SI036,Posavska,,,,,78,78,0,Sentinel Hub Statistical API / Sentinel-5P,P1D,missing
cinkarna_celje_2019,Cinkarna Celje industrial case,industrial_case,NO2,µmol/m²,2019-12-28T00:00:00Z,2019-12-29T00:00:00Z,28,SI036,Posavska,32.40315026750037,-1.2194185501357424,57.710982218850404,14.637237513638034,78,49,29,Sentinel Hub Statistical API / Sentinel-5P,P1D,partial
cinkarna_celje_2019,Cinkarna Celje industrial case,industrial_case,NO2,µmol/m²,2019-12-29T00:00:00Z,2019-12-30T00:00:00Z,29,SI036,Posavska,31.23130965688783,-2.676189978956245,67.30751192662865,15.279779527202846,78,21,57,Sentinel Hub Statistical API / Sentinel-5P,P1D,good
cinkarna_celje_2019,Cinkarna Celje industrial case,industrial_case,NO2,µmol/m²,2019-12-30T00:00:00Z,2019-12-31T00:00:00Z,30,SI036,Posavska,34.67476285473144,15.106275895959698,59.55675806035288,13.261934592103199,78,19,59,Sentinel Hub Statistical API / Sentinel-5P,P1D,good
cinkarna_celje_2019,Cinkarna Celje industrial case,industrial_case,NO2,µmol/m²,2019-12-31T00:00:00Z,2020-01-01T00:00:00Z,31,SI036,Posavska,42.783660596873915,5.134676939633209,78.03568587405607,15.52515979707392,78,19,59,Sentinel Hub Statistical API / Sentinel-5P,P1D,good
cinkarna_celje_2019,Cinkarna Celje industrial case,industrial_case,NO2,µmol/m²,2019-12-01T00:00:00Z,2019-12-02T00:00:00Z,1,SI037,Jugovzhodna Slovenija,,,,,204,204,0,Sentinel Hub Statistical API / Sentinel-5P,P1D,missing
cinkarna_celje_2019,Cinkarna Celje industrial case,industrial_case,NO2,µmol/m²,2019-12-02T00:00:00Z,2019-12-03T00:00:00Z,2,SI037,Jugovzhodna Slovenija,,,,,204,204,0,Sentinel Hub Statistical API / Sentinel-5P,P1D,missing
cinkarna_celje_2019,Cinkarna Celje industrial case,industrial_case,NO2,µmol/m²,2019-12-03T00:00:00Z,2019-12-04T00:00:00Z,3,SI037,Jugovzhodna Slovenija,35.697362054570284,0.021888386214641287,80.02869435586035,15.057303303877454,204,66,138,Sentinel Hub Statistical API / Sentinel-5P,P1D,good
cinkarna_celje_2019,Cinkarna Celje industrial case,industrial_case,NO2,µmol/m²,2019-12-04T00:00:00Z,2019-12-05T00:00:00Z,4,SI037,Jugovzhodna Slovenija,28.997713040250048,12.615117157110944,39.75305298808962,6.230686141427513,204,165,39,Sentinel Hub Statistical API / Sentinel-5P,P1D,partial
cinkarna_celje_2019,Cinkarna Celje industrial case,industrial_case,NO2,µmol/m²,2019-12-05T00:00:00Z,2019-12-06T00:00:00Z,5,SI037,Jugovzhodna Slovenija,35.90651937895198,1.1598989431149676,75.87555592181161,16.501046022091796,204,122,82,Sentinel Hub Statistical API / Sentinel-5P,P1D,partial
cinkarna_celje_2019,Cinkarna Celje industrial case,industrial_case,NO2,µmol/m²,2019-12-06T00:00:00Z,2019-12-07T00:00:00Z,6,SI037,Jugovzhodna Slovenija,45.276482570752044,-1.2809506415578653,99.47977378033102,18.758807286447272,204,148,56,Sentinel Hub Statistical API / Sentinel-5P,P1D,partial
cinkarna_celje_2019,Cinkarna Celje industrial case,industrial_case,NO2,µmol/m²,2019-12-07T00:00:00Z,2019-12-08T00:00:00Z,7,SI037,Jugovzhodna Slovenija,21.844879835467346,-23.102407794795,55.761789553798735,16.090707380168034,204,65,139,Sentinel Hub Statistical API / Sentinel-5P,P1D,good
cinkarna_celje_2019,Cinkarna Celje industrial case,industrial_case,NO2,µmol/m²,2019-12-08T00:00:00Z,2019-12-09T00:00:00Z,8,SI037,Jugovzhodna Slovenija,64.54991345867995,12.88809744437458,125.50038809422404,22.62454571011702,204,123,81,Sentinel Hub Statistical API / Sentinel-5P,P1D,partial
cinkarna_celje_2019,Cinkarna Celje industrial case,industrial_case,NO2,µmol/m²,2019-12-09T00:00:00Z,2019-12-10T00:00:00Z,9,SI037,Jugovzhodna Slovenija,,,,,204,204,0,Sentinel Hub Statistical API / Sentinel-5P,P1D,missing
cinkarna_celje_2019,Cinkarna Celje industrial case,industrial_case,NO2,µmol/m²,2019-12-10T00:00:00Z,2019-12-11T00:00:00Z,10,SI037,Jugovzhodna Slovenija,68.84066674769306,29.305709176696837,111.49268539156765,17.50691818168123,204,119,85,Sentinel Hub Statistical API / Sentinel-5P,P1D,partial
cinkarna_celje_2019,Cinkarna Celje industrial case,industrial_case,NO2,µmol/m²,2019-12-11T00:00:00Z,2019-12-12T00:00:00Z,11,SI037,Jugovzhodna Slovenija,25.696243511392435,-30.916748073650524,58.40842277393676,17.263818545080163,204,53,151,Sentinel Hub Statistical API / Sentinel-5P,P1D,good
cinkarna_celje_2019,Cinkarna Celje industrial case,industrial_case,NO2,µmol/m²,2019-12-12T00:00:00Z,2019-12-13T00:00:00Z,12,SI037,Jugovzhodna Slovenija,,,,,204,204,0,Sentinel Hub Statistical API / Sentinel-5P,P1D,missing
cinkarna_celje_2019,Cinkarna Celje industrial case,industrial_case,NO2,µmol/m²,2019-12-13T00:00:00Z,2019-12-14T00:00:00Z,13,SI037,Jugovzhodna Slovenija,,,,,204,204,0,Sentinel Hub Statistical API / Sentinel-5P,P1D,missing
cinkarna_celje_2019,Cinkarna Celje industrial case,industrial_case,NO2,µmol/m²,2019-12-14T00:00:00Z,2019-12-15T00:00:00Z,14,SI037,Jugovzhodna Slovenija,44.24227927302129,17.733085769577883,91.56428131973371,16.080266141465955,204,104,100,Sentinel Hub Statistical API / Sentinel-5P,P1D,partial
cinkarna_celje_2019,Cinkarna Celje industrial case,industrial_case,NO2,µmol/m²,2019-12-15T00:00:00Z,2019-12-16T00:00:00Z,15,SI037,Jugovzhodna Slovenija,89.0329033609305,55.49261550186202,121.30553659517318,22.923643788852683,204,196,8,Sentinel Hub Statistical API / Sentinel-5P,P1D,partial
cinkarna_celje_2019,Cinkarna Celje industrial case,industrial_case,NO2,µmol/m²,2019-12-16T00:00:00Z,2019-12-17T00:00:00Z,16,SI037,Jugovzhodna Slovenija,125.31378888525069,125.31378888525069,125.31378888525069,0.0,204,202,2,Sentinel Hub Statistical API / Sentinel-5P,P1D,partial
cinkarna_celje_2019,Cinkarna Celje industrial case,industrial_case,NO2,µmol/m²,2019-12-17T00:00:00Z,2019-12-18T00:00:00Z,17,SI037,Jugovzhodna Slovenija,17.468883217790992,-25.71165532572195,43.558902689255774,20.509836410663667,204,195,9,Sentinel Hub Statistical API / Sentinel-5P,P1D,partial
cinkarna_celje_2019,Cinkarna Celje industrial case,industrial_case,NO2,µmol/m²,2019-12-18T00:00:00Z,2019-12-19T00:00:00Z,18,SI037,Jugovzhodna Slovenija,24.523782542473775,-17.620121070649475,55.49791603698395,16.107386251260603,204,91,113,Sentinel Hub Statistical API / Sentinel-5P,P1D,good
cinkarna_celje_2019,Cinkarna Celje industrial case,industrial_case,NO2,µmol/m²,2019-12-19T00:00:00Z,2019-12-20T00:00:00Z,19,SI037,Jugovzhodna Slovenija,,,,,204,204,0,Sentinel Hub Statistical API / Sentinel-5P,P1D,missing
cinkarna_celje_2019,Cinkarna Celje industrial case,industrial_case,NO2,µmol/m²,2019-12-20T00:00:00Z,2019-12-21T00:00:00Z,20,SI037,Jugovzhodna Slovenija,,,,,204,204,0,Sentinel Hub Statistical API / Sentinel-5P,P1D,missing
cinkarna_celje_2019,Cinkarna Celje industrial case,industrial_case,NO2,µmol/m²,2019-12-21T00:00:00Z,2019-12-22T00:00:00Z,21,SI037,Jugovzhodna Slovenija,,,,,204,204,0,Sentinel Hub Statistical API / Sentinel-5P,P1D,missing
cinkarna_celje_2019,Cinkarna Celje industrial case,industrial_case,NO2,µmol/m²,2019-12-22T00:00:00Z,2019-12-23T00:00:00Z,22,SI037,Jugovzhodna Slovenija,,,,,204,204,0,Sentinel Hub Statistical API / Sentinel-5P,P1D,missing
cinkarna_celje_2019,Cinkarna Celje industrial case,industrial_case,NO2,µmol/m²,2019-12-23T00:00:00Z,2019-12-24T00:00:00Z,23,SI037,Jugovzhodna Slovenija,9.113843816521694,-6.904048404976493,25.13173603801988,16.017892221498187,204,202,2,Sentinel Hub Statistical API / Sentinel-5P,P1D,partial
cinkarna_celje_2019,Cinkarna Celje industrial case,industrial_case,NO2,µmol/m²,2019-12-24T00:00:00Z,2019-12-25T00:00:00Z,24,SI037,Jugovzhodna Slovenija,6.387749044733936,-13.424913049675524,36.993886169511825,12.123223512344246,204,174,30,Sentinel Hub Statistical API / Sentinel-5P,P1D,partial
cinkarna_celje_2019,Cinkarna Celje industrial case,industrial_case,NO2,µmol/m²,2019-12-25T00:00:00Z,2019-12-26T00:00:00Z,25,SI037,Jugovzhodna Slovenija,22.598559118185737,-7.52339519749512,47.16223702416755,13.972980963722527,204,64,140,Sentinel Hub Statistical API / Sentinel-5P,P1D,good
cinkarna_celje_2019,Cinkarna Celje industrial case,industrial_case,NO2,µmol/m²,2019-12-26T00:00:00Z,2019-12-27T00:00:00Z,26,SI037,Jugovzhodna Slovenija,29.243477912769478,-9.837332981987856,68.97452112752944,15.285919453651678,204,57,147,Sentinel Hub Statistical API / Sentinel-5P,P1D,good
cinkarna_celje_2019,Cinkarna Celje industrial case,industrial_case,NO2,µmol/m²,2019-12-27T00:00:00Z,2019-12-28T00:00:00Z,27,SI037,Jugovzhodna Slovenija,,,,,204,204,0,Sentinel Hub Statistical API / Sentinel-5P,P1D,missing
cinkarna_celje_2019,Cinkarna Celje industrial case,industrial_case,NO2,µmol/m²,2019-12-28T00:00:00Z,2019-12-29T00:00:00Z,28,SI037,Jugovzhodna Slovenija,35.11842249011578,0.7424401928801672,80.50793258007616,15.819953284186816,204,81,123,Sentinel Hub Statistical API / Sentinel-5P,P1D,good
cinkarna_celje_2019,Cinkarna Celje industrial case,industrial_case,NO2,µmol/m²,2019-12-29T00:00:00Z,2019-12-30T00:00:00Z,29,SI037,Jugovzhodna Slovenija,27.432089004362542,-9.18261048354907,62.698170950170606,12.948795953571983,204,59,145,Sentinel Hub Statistical API / Sentinel-5P,P1D,good
cinkarna_celje_2019,Cinkarna Celje industrial case,industrial_case,NO2,µmol/m²,2019-12-30T00:00:00Z,2019-12-31T00:00:00Z,30,SI037,Jugovzhodna Slovenija,23.226946053083534,-11.690112842188682,59.55675806035288,13.51778633181954,204,56,148,Sentinel Hub Statistical API / Sentinel-5P,P1D,good
cinkarna_celje_2019,Cinkarna Celje industrial case,industrial_case,NO2,µmol/m²,2019-12-31T00:00:00Z,2020-01-01T00:00:00Z,31,SI037,Jugovzhodna Slovenija,38.10932888167634,-4.960313617630163,93.16074283560738,20.742927238216684,204,92,112,Sentinel Hub Statistical API / Sentinel-5P,P1D,good
cinkarna_celje_2019,Cinkarna Celje industrial case,industrial_case,NO2,µmol/m²,2019-12-01T00:00:00Z,2019-12-02T00:00:00Z,1,SI038,Primorsko-notranjska,,,,,88,88,0,Sentinel Hub Statistical API / Sentinel-5P,P1D,missing
cinkarna_celje_2019,Cinkarna Celje industrial case,industrial_case,NO2,µmol/m²,2019-12-02T00:00:00Z,2019-12-03T00:00:00Z,2,SI038,Primorsko-notranjska,,,,,88,88,0,Sentinel Hub Statistical API / Sentinel-5P,P1D,missing
cinkarna_celje_2019,Cinkarna Celje industrial case,industrial_case,NO2,µmol/m²,2019-12-03T00:00:00Z,2019-12-04T00:00:00Z,3,SI038,Primorsko-notranjska,23.12716171420309,9.651849723013584,41.06951746507548,8.661249671473469,88,7,81,Sentinel Hub Statistical API / Sentinel-5P,P1D,good
cinkarna_celje_2019,Cinkarna Celje industrial case,industrial_case,NO2,µmol/m²,2019-12-04T00:00:00Z,2019-12-05T00:00:00Z,4,SI038,Primorsko-notranjska,23.869569477746595,-1.724932417346281,40.7836378144566,8.813198807313556,88,12,76,Sentinel Hub Statistical API / Sentinel-5P,P1D,good
cinkarna_celje_2019,Cinkarna Celje industrial case,industrial_case,NO2,µmol/m²,2019-12-05T00:00:00Z,2019-12-06T00:00:00Z,5,SI038,Primorsko-notranjska,29.514077335382662,-3.7336619698180584,69.2961475579068,12.3094162246595,88,13,75,Sentinel Hub Statistical API / Sentinel-5P,P1D,good
cinkarna_celje_2019,Cinkarna Celje industrial case,industrial_case,NO2,µmol/m²,2019-12-06T00:00:00Z,2019-12-07T00:00:00Z,6,SI038,Primorsko-notranjska,,,,,88,88,0,Sentinel Hub Statistical API / Sentinel-5P,P1D,missing
cinkarna_celje_2019,Cinkarna Celje industrial case,industrial_case,NO2,µmol/m²,2019-12-07T00:00:00Z,2019-12-08T00:00:00Z,7,SI038,Primorsko-notranjska,43.68256668385584,25.492436179774813,52.77763193589635,12.862364630103965,88,85,3,Sentinel Hub Statistical API / Sentinel-5P,P1D,partial
cinkarna_celje_2019,Cinkarna Celje industrial case,industrial_case,NO2,µmol/m²,2019-12-08T00:00:00Z,2019-12-09T00:00:00Z,8,SI038,Primorsko-notranjska,,,,,88,88,0,Sentinel Hub Statistical API / Sentinel-5P,P1D,missing
cinkarna_celje_2019,Cinkarna Celje industrial case,industrial_case,NO2,µmol/m²,2019-12-09T00:00:00Z,2019-12-10T00:00:00Z,9,SI038,Primorsko-notranjska,,,,,88,88,0,Sentinel Hub Statistical API / Sentinel-5P,P1D,missing
cinkarna_celje_2019,Cinkarna Celje industrial case,industrial_case,NO2,µmol/m²,2019-12-10T00:00:00Z,2019-12-11T00:00:00Z,10,SI038,Primorsko-notranjska,55.57872518942504,26.73073140613269,85.78731649322435,13.059693949899405,88,15,73,Sentinel Hub Statistical API / Sentinel-5P,P1D,good
cinkarna_celje_2019,Cinkarna Celje industrial case,industrial_case,NO2,µmol/m²,2019-12-11T00:00:00Z,2019-12-12T00:00:00Z,11,SI038,Primorsko-notranjska,22.785266753684787,-28.817654310842045,76.06938743265346,20.273306987008517,88,7,81,Sentinel Hub Statistical API / Sentinel-5P,P1D,good
cinkarna_celje_2019,Cinkarna Celje industrial case,industrial_case,NO2,µmol/m²,2019-12-12T00:00:00Z,2019-12-13T00:00:00Z,12,SI038,Primorsko-notranjska,,,,,88,88,0,Sentinel Hub Statistical API / Sentinel-5P,P1D,missing
cinkarna_celje_2019,Cinkarna Celje industrial case,industrial_case,NO2,µmol/m²,2019-12-13T00:00:00Z,2019-12-14T00:00:00Z,13,SI038,Primorsko-notranjska,,,,,88,88,0,Sentinel Hub Statistical API / Sentinel-5P,P1D,missing
cinkarna_celje_2019,Cinkarna Celje industrial case,industrial_case,NO2,µmol/m²,2019-12-14T00:00:00Z,2019-12-15T00:00:00Z,14,SI038,Primorsko-notranjska,47.27724353870144,15.48338150314521,93.81523705087602,16.966661770634325,88,36,52,Sentinel Hub Statistical API / Sentinel-5P,P1D,good
cinkarna_celje_2019,Cinkarna Celje industrial case,industrial_case,NO2,µmol/m²,2019-12-15T00:00:00Z,2019-12-16T00:00:00Z,15,SI038,Primorsko-notranjska,,,,,88,88,0,Sentinel Hub Statistical API / Sentinel-5P,P1D,missing
cinkarna_celje_2019,Cinkarna Celje industrial case,industrial_case,NO2,µmol/m²,2019-12-16T00:00:00Z,2019-12-17T00:00:00Z,16,SI038,Primorsko-notranjska,,,,,88,88,0,Sentinel Hub Statistical API / Sentinel-5P,P1D,missing
cinkarna_celje_2019,Cinkarna Celje industrial case,industrial_case,NO2,µmol/m²,2019-12-17T00:00:00Z,2019-12-18T00:00:00Z,17,SI038,Primorsko-notranjska,43.558902689255774,43.558902689255774,43.558902689255774,0.0,88,87,1,Sentinel Hub Statistical API / Sentinel-5P,P1D,partial
cinkarna_celje_2019,Cinkarna Celje industrial case,industrial_case,NO2,µmol/m²,2019-12-18T00:00:00Z,2019-12-19T00:00:00Z,18,SI038,Primorsko-notranjska,26.901319074568164,8.243743650382385,39.40276656066999,11.324454169085998,88,80,8,Sentinel Hub Statistical API / Sentinel-5P,P1D,partial
cinkarna_celje_2019,Cinkarna Celje industrial case,industrial_case,NO2,µmol/m²,2019-12-19T00:00:00Z,2019-12-20T00:00:00Z,19,SI038,Primorsko-notranjska,,,,,88,88,0,Sentinel Hub Statistical API / Sentinel-5P,P1D,missing
cinkarna_celje_2019,Cinkarna Celje industrial case,industrial_case,NO2,µmol/m²,2019-12-20T00:00:00Z,2019-12-21T00:00:00Z,20,SI038,Primorsko-notranjska,,,,,88,88,0,Sentinel Hub Statistical API / Sentinel-5P,P1D,missing
cinkarna_celje_2019,Cinkarna Celje industrial case,industrial_case,NO2,µmol/m²,2019-12-21T00:00:00Z,2019-12-22T00:00:00Z,21,SI038,Primorsko-notranjska,,,,,88,88,0,Sentinel Hub Statistical API / Sentinel-5P,P1D,missing
cinkarna_celje_2019,Cinkarna Celje industrial case,industrial_case,NO2,µmol/m²,2019-12-22T00:00:00Z,2019-12-23T00:00:00Z,22,SI038,Primorsko-notranjska,,,,,88,88,0,Sentinel Hub Statistical API / Sentinel-5P,P1D,missing
cinkarna_celje_2019,Cinkarna Celje industrial case,industrial_case,NO2,µmol/m²,2019-12-23T00:00:00Z,2019-12-24T00:00:00Z,23,SI038,Primorsko-notranjska,,,,,88,88,0,Sentinel Hub Statistical API / Sentinel-5P,P1D,missing
cinkarna_celje_2019,Cinkarna Celje industrial case,industrial_case,NO2,µmol/m²,2019-12-24T00:00:00Z,2019-12-25T00:00:00Z,24,SI038,Primorsko-notranjska,8.059703052115058,-12.358577805571258,17.970551198231988,11.28008852204499,88,79,9,Sentinel Hub Statistical API / Sentinel-5P,P1D,partial
cinkarna_celje_2019,Cinkarna Celje industrial case,industrial_case,NO2,µmol/m²,2019-12-25T00:00:00Z,2019-12-26T00:00:00Z,25,SI038,Primorsko-notranjska,22.777749539895197,-7.227303740364732,51.34149614605121,15.068893503553177,88,12,76,Sentinel Hub Statistical API / Sentinel-5P,P1D,good
cinkarna_celje_2019,Cinkarna Celje industrial case,industrial_case,NO2,µmol/m²,2019-12-26T00:00:00Z,2019-12-27T00:00:00Z,26,SI038,Primorsko-notranjska,42.875887957319826,3.5949628909293097,74.38768807332963,18.166339950785073,88,20,68,Sentinel Hub Statistical API / Sentinel-5P,P1D,good
cinkarna_celje_2019,Cinkarna Celje industrial case,industrial_case,NO2,µmol/m²,2019-12-27T00:00:00Z,2019-12-28T00:00:00Z,27,SI038,Primorsko-notranjska,,,,,88,88,0,Sentinel Hub Statistical API / Sentinel-5P,P1D,missing
cinkarna_celje_2019,Cinkarna Celje industrial case,industrial_case,NO2,µmol/m²,2019-12-28T00:00:00Z,2019-12-29T00:00:00Z,28,SI038,Primorsko-notranjska,26.145468459267605,-7.921635187813081,71.7751681804657,16.26057807991407,88,23,65,Sentinel Hub Statistical API / Sentinel-5P,P1D,good
cinkarna_celje_2019,Cinkarna Celje industrial case,industrial_case,NO2,µmol/m²,2019-12-29T00:00:00Z,2019-12-30T00:00:00Z,29,SI038,Primorsko-notranjska,23.320611732552646,-4.955175882059848,46.67701432481408,13.02760240390427,88,21,67,Sentinel Hub Statistical API / Sentinel-5P,P1D,good
cinkarna_celje_2019,Cinkarna Celje industrial case,industrial_case,NO2,µmol/m²,2019-12-30T00:00:00Z,2019-12-31T00:00:00Z,30,SI038,Primorsko-notranjska,22.262682078558342,-5.076575234852498,66.16961763938889,18.369945531080575,88,12,76,Sentinel Hub Statistical API / Sentinel-5P,P1D,good
cinkarna_celje_2019,Cinkarna Celje industrial case,industrial_case,NO2,µmol/m²,2019-12-31T00:00:00Z,2020-01-01T00:00:00Z,31,SI038,Primorsko-notranjska,46.2295437760726,5.563236754824175,99.91890692617744,19.28046376284379,88,11,77,Sentinel Hub Statistical API / Sentinel-5P,P1D,good
cinkarna_celje_2019,Cinkarna Celje industrial case,industrial_case,NO2,µmol/m²,2019-12-01T00:00:00Z,2019-12-02T00:00:00Z,1,SI041,Osrednjeslovenska,,,,,221,221,0,Sentinel Hub Statistical API / Sentinel-5P,P1D,missing
cinkarna_celje_2019,Cinkarna Celje industrial case,industrial_case,NO2,µmol/m²,2019-12-02T00:00:00Z,2019-12-03T00:00:00Z,2,SI041,Osrednjeslovenska,,,,,221,221,0,Sentinel Hub Statistical API / Sentinel-5P,P1D,missing
cinkarna_celje_2019,Cinkarna Celje industrial case,industrial_case,NO2,µmol/m²,2019-12-03T00:00:00Z,2019-12-04T00:00:00Z,3,SI041,Osrednjeslovenska,38.900823980199036,11.44333236879902,74.23289935104549,12.565609382420586,221,86,135,Sentinel Hub Statistical API / Sentinel-5P,P1D,good
cinkarna_celje_2019,Cinkarna Celje industrial case,industrial_case,NO2,µmol/m²,2019-12-04T00:00:00Z,2019-12-05T00:00:00Z,4,SI041,Osrednjeslovenska,55.356163050500435,10.974329597956967,140.2711059199646,29.678407755746104,221,98,123,Sentinel Hub Statistical API / Sentinel-5P,P1D,good
cinkarna_celje_2019,Cinkarna Celje industrial case,industrial_case,NO2,µmol/m²,2019-12-05T00:00:00Z,2019-12-06T00:00:00Z,5,SI041,Osrednjeslovenska,58.62004053501868,1.1598989431149676,181.05401250068098,33.595999555034496,221,92,129,Sentinel Hub Statistical API / Sentinel-5P,P1D,good
cinkarna_celje_2019,Cinkarna Celje industrial case,industrial_case,NO2,µmol/m²,2019-12-06T00:00:00Z,2019-12-07T00:00:00Z,6,SI041,Osrednjeslovenska,35.92648778882496,2.209473677794449,71.6893991921097,15.966806503438654,221,192,29,Sentinel Hub Statistical API / Sentinel-5P,P1D,partial
cinkarna_celje_2019,Cinkarna Celje industrial case,industrial_case,NO2,µmol/m²,2019-12-07T00:00:00Z,2019-12-08T00:00:00Z,7,SI041,Osrednjeslovenska,22.515952966876174,-3.0350736324180616,52.77763193589635,14.463210100516601,221,188,33,Sentinel Hub Statistical API / Sentinel-5P,P1D,partial
cinkarna_celje_2019,Cinkarna Celje industrial case,industrial_case,NO2,µmol/m²,2019-12-08T00:00:00Z,2019-12-09T00:00:00Z,8,SI041,Osrednjeslovenska,90.99506700649948,35.658347769640386,141.79166464600712,30.57888934111522,221,180,41,Sentinel Hub Statistical API / Sentinel-5P,P1D,partial
cinkarna_celje_2019,Cinkarna Celje industrial case,industrial_case,NO2,µmol/m²,2019-12-09T00:00:00Z,2019-12-10T00:00:00Z,9,SI041,Osrednjeslovenska,,,,,221,221,0,Sentinel Hub Statistical API / Sentinel-5P,P1D,missing
cinkarna_celje_2019,Cinkarna Celje industrial case,industrial_case,NO2,µmol/m²,2019-12-10T00:00:00Z,2019-12-11T00:00:00Z,10,SI041,Osrednjeslovenska,71.22473007621014,12.34842147823656,149.48735770303756,23.599372853844873,221,96,125,Sentinel Hub Statistical API / Sentinel-5P,P1D,good
cinkarna_celje_2019,Cinkarna Celje industrial case,industrial_case,NO2,µmol/m²,2019-12-11T00:00:00Z,2019-12-12T00:00:00Z,11,SI041,Osrednjeslovenska,53.19878944698117,-14.726493645866867,146.03298041038215,30.693927404057845,221,80,141,Sentinel Hub Statistical API / Sentinel-5P,P1D,good
cinkarna_celje_2019,Cinkarna Celje industrial case,industrial_case,NO2,µmol/m²,2019-12-12T00:00:00Z,2019-12-13T00:00:00Z,12,SI041,Osrednjeslovenska,,,,,221,221,0,Sentinel Hub Statistical API / Sentinel-5P,P1D,missing
cinkarna_celje_2019,Cinkarna Celje industrial case,industrial_case,NO2,µmol/m²,2019-12-13T00:00:00Z,2019-12-14T00:00:00Z,13,SI041,Osrednjeslovenska,,,,,221,221,0,Sentinel Hub Statistical API / Sentinel-5P,P1D,missing
cinkarna_celje_2019,Cinkarna Celje industrial case,industrial_case,NO2,µmol/m²,2019-12-14T00:00:00Z,2019-12-15T00:00:00Z,14,SI041,Osrednjeslovenska,61.14327395323474,14.280531104304828,101.31559974979609,21.897709005551427,221,93,128,Sentinel Hub Statistical API / Sentinel-5P,P1D,good
cinkarna_celje_2019,Cinkarna Celje industrial case,industrial_case,NO2,µmol/m²,2019-12-15T00:00:00Z,2019-12-16T00:00:00Z,15,SI041,Osrednjeslovenska,,,,,221,221,0,Sentinel Hub Statistical API / Sentinel-5P,P1D,missing
cinkarna_celje_2019,Cinkarna Celje industrial case,industrial_case,NO2,µmol/m²,2019-12-16T00:00:00Z,2019-12-17T00:00:00Z,16,SI041,Osrednjeslovenska,,,,,221,221,0,Sentinel Hub Statistical API / Sentinel-5P,P1D,missing
cinkarna_celje_2019,Cinkarna Celje industrial case,industrial_case,NO2,µmol/m²,2019-12-17T00:00:00Z,2019-12-18T00:00:00Z,17,SI041,Osrednjeslovenska,24.11015123016114,-25.71165532572195,41.45061757299118,20.852021562498035,221,213,8,Sentinel Hub Statistical API / Sentinel-5P,P1D,partial
cinkarna_celje_2019,Cinkarna Celje industrial case,industrial_case,NO2,µmol/m²,2019-12-18T00:00:00Z,2019-12-19T00:00:00Z,18,SI041,Osrednjeslovenska,33.74201987753622,17.055370335583575,54.15658961283043,12.257665939310083,221,206,15,Sentinel Hub Statistical API / Sentinel-5P,P1D,partial
cinkarna_celje_2019,Cinkarna Celje industrial case,industrial_case,NO2,µmol/m²,2019-12-19T00:00:00Z,2019-12-20T00:00:00Z,19,SI041,Osrednjeslovenska,,,,,221,221,0,Sentinel Hub Statistical API / Sentinel-5P,P1D,missing
cinkarna_celje_2019,Cinkarna Celje industrial case,industrial_case,NO2,µmol/m²,2019-12-20T00:00:00Z,2019-12-21T00:00:00Z,20,SI041,Osrednjeslovenska,,,,,221,221,0,Sentinel Hub Statistical API / Sentinel-5P,P1D,missing
cinkarna_celje_2019,Cinkarna Celje industrial case,industrial_case,NO2,µmol/m²,2019-12-21T00:00:00Z,2019-12-22T00:00:00Z,21,SI041,Osrednjeslovenska,,,,,221,221,0,Sentinel Hub Statistical API / Sentinel-5P,P1D,missing
cinkarna_celje_2019,Cinkarna Celje industrial case,industrial_case,NO2,µmol/m²,2019-12-22T00:00:00Z,2019-12-23T00:00:00Z,22,SI041,Osrednjeslovenska,,,,,221,221,0,Sentinel Hub Statistical API / Sentinel-5P,P1D,missing
cinkarna_celje_2019,Cinkarna Celje industrial case,industrial_case,NO2,µmol/m²,2019-12-23T00:00:00Z,2019-12-24T00:00:00Z,23,SI041,Osrednjeslovenska,46.05507911037421,12.595039152074605,106.53270146576688,30.49795883411483,221,215,6,Sentinel Hub Statistical API / Sentinel-5P,P1D,partial
cinkarna_celje_2019,Cinkarna Celje industrial case,industrial_case,NO2,µmol/m²,2019-12-24T00:00:00Z,2019-12-25T00:00:00Z,24,SI041,Osrednjeslovenska,26.400324885507178,-23.56464756303467,93.03915430791676,27.643722345849152,221,115,106,Sentinel Hub Statistical API / Sentinel-5P,P1D,partial
cinkarna_celje_2019,Cinkarna Celje industrial case,industrial_case,NO2,µmol/m²,2019-12-25T00:00:00Z,2019-12-26T00:00:00Z,25,SI041,Osrednjeslovenska,33.68539720705805,-7.227303740364732,81.34751988109201,15.760805247459775,221,88,133,Sentinel Hub Statistical API / Sentinel-5P,P1D,good
cinkarna_celje_2019,Cinkarna Celje industrial case,industrial_case,NO2,µmol/m²,2019-12-26T00:00:00Z,2019-12-27T00:00:00Z,26,SI041,Osrednjeslovenska,42.53494259987939,-9.647178558225278,111.88544885953888,23.125832829691962,221,79,142,Sentinel Hub Statistical API / Sentinel-5P,P1D,good
cinkarna_celje_2019,Cinkarna Celje industrial case,industrial_case,NO2,µmol/m²,2019-12-27T00:00:00Z,2019-12-28T00:00:00Z,27,SI041,Osrednjeslovenska,,,,,221,221,0,Sentinel Hub Statistical API / Sentinel-5P,P1D,missing
cinkarna_celje_2019,Cinkarna Celje industrial case,industrial_case,NO2,µmol/m²,2019-12-28T00:00:00Z,2019-12-29T00:00:00Z,28,SI041,Osrednjeslovenska,38.863728557590484,-7.921635187813081,95.17619764665142,21.988695938421966,221,86,135,Sentinel Hub Statistical API / Sentinel-5P,P1D,good
cinkarna_celje_2019,Cinkarna Celje industrial case,industrial_case,NO2,µmol/m²,2019-12-29T00:00:00Z,2019-12-30T00:00:00Z,29,SI041,Osrednjeslovenska,34.22897020673256,-2.6706150038080523,75.92965266667306,17.8673199311722,221,82,139,Sentinel Hub Statistical API / Sentinel-5P,P1D,good
cinkarna_celje_2019,Cinkarna Celje industrial case,industrial_case,NO2,µmol/m²,2019-12-30T00:00:00Z,2019-12-31T00:00:00Z,30,SI041,Osrednjeslovenska,41.84288663757551,-11.690112842188682,117.73845471907407,27.454065488719742,221,78,143,Sentinel Hub Statistical API / Sentinel-5P,P1D,good
cinkarna_celje_2019,Cinkarna Celje industrial case,industrial_case,NO2,µmol/m²,2019-12-31T00:00:00Z,2020-01-01T00:00:00Z,31,SI041,Osrednjeslovenska,55.77585082865998,-8.246971447078977,155.29413940384984,30.711258064597914,221,79,142,Sentinel Hub Statistical API / Sentinel-5P,P1D,good
cinkarna_celje_2019,Cinkarna Celje industrial case,industrial_case,NO2,µmol/m²,2019-12-01T00:00:00Z,2019-12-02T00:00:00Z,1,SI042,Gorenjska,,,,,180,180,0,Sentinel Hub Statistical API / Sentinel-5P,P1D,missing
cinkarna_celje_2019,Cinkarna Celje industrial case,industrial_case,NO2,µmol/m²,2019-12-02T00:00:00Z,2019-12-03T00:00:00Z,2,SI042,Gorenjska,,,,,180,180,0,Sentinel Hub Statistical API / Sentinel-5P,P1D,missing
cinkarna_celje_2019,Cinkarna Celje industrial case,industrial_case,NO2,µmol/m²,2019-12-03T00:00:00Z,2019-12-04T00:00:00Z,3,SI042,Gorenjska,42.18432514925939,11.490325050544925,74.23289935104549,15.950379110258554,180,93,87,Sentinel Hub Statistical API / Sentinel-5P,P1D,partial
cinkarna_celje_2019,Cinkarna Celje industrial case,industrial_case,NO2,µmol/m²,2019-12-04T00:00:00Z,2019-12-05T00:00:00Z,4,SI042,Gorenjska,35.79603083815764,-7.234121767396573,121.01616448489949,20.54732522810216,180,65,115,Sentinel Hub Statistical API / Sentinel-5P,P1D,good
cinkarna_celje_2019,Cinkarna Celje industrial case,industrial_case,NO2,µmol/m²,2019-12-05T00:00:00Z,2019-12-06T00:00:00Z,5,SI042,Gorenjska,33.26168412816816,1.2809774716515676,87.49085827730596,18.014101681321122,180,123,57,Sentinel Hub Statistical API / Sentinel-5P,P1D,partial
cinkarna_celje_2019,Cinkarna Celje industrial case,industrial_case,NO2,µmol/m²,2019-12-06T00:00:00Z,2019-12-07T00:00:00Z,6,SI042,Gorenjska,17.24089701491348,-22.680958863929845,67.80722469557077,18.562455155492565,180,141,39,Sentinel Hub Statistical API / Sentinel-5P,P1D,partial
cinkarna_celje_2019,Cinkarna Celje industrial case,industrial_case,NO2,µmol/m²,2019-12-07T00:00:00Z,2019-12-08T00:00:00Z,7,SI042,Gorenjska,17.69991479250166,-2.6778534447657876,32.516123610548675,16.183447573206823,180,175,5,Sentinel Hub Statistical API / Sentinel-5P,P1D,partial
cinkarna_celje_2019,Cinkarna Celje industrial case,industrial_case,NO2,µmol/m²,2019-12-08T00:00:00Z,2019-12-09T00:00:00Z,8,SI042,Gorenjska,57.775488825096886,8.603400601714384,141.79166464600712,37.71871815422855,180,125,55,Sentinel Hub Statistical API / Sentinel-5P,P1D,partial
cinkarna_celje_2019,Cinkarna Celje industrial case,industrial_case,NO2,µmol/m²,2019-12-09T00:00:00Z,2019-12-10T00:00:00Z,9,SI042,Gorenjska,,,,,180,180,0,Sentinel Hub Statistical API / Sentinel-5P,P1D,missing
cinkarna_celje_2019,Cinkarna Celje industrial case,industrial_case,NO2,µmol/m²,2019-12-10T00:00:00Z,2019-12-11T00:00:00Z,10,SI042,Gorenjska,49.12059152439159,15.294464901671745,91.00990428123623,16.937278346553416,180,101,79,Sentinel Hub Statistical API / Sentinel-5P,P1D,partial
cinkarna_celje_2019,Cinkarna Celje industrial case,industrial_case,NO2,µmol/m²,2019-12-11T00:00:00Z,2019-12-12T00:00:00Z,11,SI042,Gorenjska,33.34227103538961,-24.845829102559946,107.06623288569972,25.70747994946474,180,60,120,Sentinel Hub Statistical API / Sentinel-5P,P1D,good
cinkarna_celje_2019,Cinkarna Celje industrial case,industrial_case,NO2,µmol/m²,2019-12-12T00:00:00Z,2019-12-13T00:00:00Z,12,SI042,Gorenjska,,,,,180,180,0,Sentinel Hub Statistical API / Sentinel-5P,P1D,missing
cinkarna_celje_2019,Cinkarna Celje industrial case,industrial_case,NO2,µmol/m²,2019-12-13T00:00:00Z,2019-12-14T00:00:00Z,13,SI042,Gorenjska,,,,,180,180,0,Sentinel Hub Statistical API / Sentinel-5P,P1D,missing
cinkarna_celje_2019,Cinkarna Celje industrial case,industrial_case,NO2,µmol/m²,2019-12-14T00:00:00Z,2019-12-15T00:00:00Z,14,SI042,Gorenjska,37.890035413771066,12.900590263598133,76.97460387134925,16.559964723146305,180,75,105,Sentinel Hub Statistical API / Sentinel-5P,P1D,good
cinkarna_celje_2019,Cinkarna Celje industrial case,industrial_case,NO2,µmol/m²,2019-12-15T00:00:00Z,2019-12-16T00:00:00Z,15,SI042,Gorenjska,,,,,180,180,0,Sentinel Hub Statistical API / Sentinel-5P,P1D,missing
cinkarna_celje_2019,Cinkarna Celje industrial case,industrial_case,NO2,µmol/m²,2019-12-16T00:00:00Z,2019-12-17T00:00:00Z,16,SI042,Gorenjska,99.60721945390105,99.60721945390105,99.60721945390105,0.0,180,179,1,Sentinel Hub Statistical API / Sentinel-5P,P1D,partial
cinkarna_celje_2019,Cinkarna Celje industrial case,industrial_case,NO2,µmol/m²,2019-12-17T00:00:00Z,2019-12-18T00:00:00Z,17,SI042,Gorenjska,,,,,180,180,0,Sentinel Hub Statistical API / Sentinel-5P,P1D,missing
cinkarna_celje_2019,Cinkarna Celje industrial case,industrial_case,NO2,µmol/m²,2019-12-18T00:00:00Z,2019-12-19T00:00:00Z,18,SI042,Gorenjska,,,,,180,180,0,Sentinel Hub Statistical API / Sentinel-5P,P1D,missing
cinkarna_celje_2019,Cinkarna Celje industrial case,industrial_case,NO2,µmol/m²,2019-12-19T00:00:00Z,2019-12-20T00:00:00Z,19,SI042,Gorenjska,,,,,180,180,0,Sentinel Hub Statistical API / Sentinel-5P,P1D,missing
cinkarna_celje_2019,Cinkarna Celje industrial case,industrial_case,NO2,µmol/m²,2019-12-20T00:00:00Z,2019-12-21T00:00:00Z,20,SI042,Gorenjska,,,,,180,180,0,Sentinel Hub Statistical API / Sentinel-5P,P1D,missing
cinkarna_celje_2019,Cinkarna Celje industrial case,industrial_case,NO2,µmol/m²,2019-12-21T00:00:00Z,2019-12-22T00:00:00Z,21,SI042,Gorenjska,,,,,180,180,0,Sentinel Hub Statistical API / Sentinel-5P,P1D,missing
cinkarna_celje_2019,Cinkarna Celje industrial case,industrial_case,NO2,µmol/m²,2019-12-22T00:00:00Z,2019-12-23T00:00:00Z,22,SI042,Gorenjska,,,,,180,180,0,Sentinel Hub Statistical API / Sentinel-5P,P1D,missing
cinkarna_celje_2019,Cinkarna Celje industrial case,industrial_case,NO2,µmol/m²,2019-12-23T00:00:00Z,2019-12-24T00:00:00Z,23,SI042,Gorenjska,,,,,180,180,0,Sentinel Hub Statistical API / Sentinel-5P,P1D,missing
cinkarna_celje_2019,Cinkarna Celje industrial case,industrial_case,NO2,µmol/m²,2019-12-24T00:00:00Z,2019-12-25T00:00:00Z,24,SI042,Gorenjska,32.96199284704926,-28.739192202920094,93.03915430791676,24.094702651439384,180,130,50,Sentinel Hub Statistical API / Sentinel-5P,P1D,partial
cinkarna_celje_2019,Cinkarna Celje industrial case,industrial_case,NO2,µmol/m²,2019-12-25T00:00:00Z,2019-12-26T00:00:00Z,25,SI042,Gorenjska,20.470800794145163,-8.30768021842232,55.013337259879336,15.684636753083524,180,98,82,Sentinel Hub Statistical API / Sentinel-5P,P1D,partial
cinkarna_celje_2019,Cinkarna Celje industrial case,industrial_case,NO2,µmol/m²,2019-12-26T00:00:00Z,2019-12-27T00:00:00Z,26,SI042,Gorenjska,36.10327588847842,-2.1692026166419964,96.88155114417896,24.05521061655121,180,73,107,Sentinel Hub Statistical API / Sentinel-5P,P1D,good
cinkarna_celje_2019,Cinkarna Celje industrial case,industrial_case,NO2,µmol/m²,2019-12-27T00:00:00Z,2019-12-28T00:00:00Z,27,SI042,Gorenjska,,,,,180,180,0,Sentinel Hub Statistical API / Sentinel-5P,P1D,missing
cinkarna_celje_2019,Cinkarna Celje industrial case,industrial_case,NO2,µmol/m²,2019-12-28T00:00:00Z,2019-12-29T00:00:00Z,28,SI042,Gorenjska,21.417488376131434,-16.940171917667612,95.17619764665142,19.803390310468398,180,86,94,Sentinel Hub Statistical API / Sentinel-5P,P1D,good
cinkarna_celje_2019,Cinkarna Celje industrial case,industrial_case,NO2,µmol/m²,2019-12-29T00:00:00Z,2019-12-30T00:00:00Z,29,SI042,Gorenjska,-1.9269798485765932,-1.9269798485765932,-1.9269798485765932,0.0,180,179,1,Sentinel Hub Statistical API / Sentinel-5P,P1D,partial
cinkarna_celje_2019,Cinkarna Celje industrial case,industrial_case,NO2,µmol/m²,2019-12-30T00:00:00Z,2019-12-31T00:00:00Z,30,SI042,Gorenjska,25.922092780807414,-13.760214642388746,62.65105912461877,18.32305352783921,180,76,104,Sentinel Hub Statistical API / Sentinel-5P,P1D,good
cinkarna_celje_2019,Cinkarna Celje industrial case,industrial_case,NO2,µmol/m²,2019-12-31T00:00:00Z,2020-01-01T00:00:00Z,31,SI042,Gorenjska,45.04297394132777,-2.521176838854444,97.34043851494789,19.102369647603187,180,101,79,Sentinel Hub Statistical API / Sentinel-5P,P1D,partial
cinkarna_celje_2019,Cinkarna Celje industrial case,industrial_case,NO2,µmol/m²,2019-12-01T00:00:00Z,2019-12-02T00:00:00Z,1,SI043,Goriška,,,,,210,210,0,Sentinel Hub Statistical API / Sentinel-5P,P1D,missing
cinkarna_celje_2019,Cinkarna Celje industrial case,industrial_case,NO2,µmol/m²,2019-12-02T00:00:00Z,2019-12-03T00:00:00Z,2,SI043,Goriška,,,,,210,210,0,Sentinel Hub Statistical API / Sentinel-5P,P1D,missing
cinkarna_celje_2019,Cinkarna Celje industrial case,industrial_case,NO2,µmol/m²,2019-12-03T00:00:00Z,2019-12-04T00:00:00Z,3,SI043,Goriška,36.27427412962469,7.3257374424429145,64.35688555939123,14.0057805335136,210,79,131,Sentinel Hub Statistical API / Sentinel-5P,P1D,good
cinkarna_celje_2019,Cinkarna Celje industrial case,industrial_case,NO2,µmol/m²,2019-12-04T00:00:00Z,2019-12-05T00:00:00Z,4,SI043,Goriška,26.922941139707323,-7.234121767396573,56.13832036033273,12.094258019233756,210,75,135,Sentinel Hub Statistical API / Sentinel-5P,P1D,good
cinkarna_celje_2019,Cinkarna Celje industrial case,industrial_case,NO2,µmol/m²,2019-12-05T00:00:00Z,2019-12-06T00:00:00Z,5,SI043,Goriška,33.85792368340667,-20.607687474694103,74.00409231195226,17.533986506585645,210,86,124,Sentinel Hub Statistical API / Sentinel-5P,P1D,good
cinkarna_celje_2019,Cinkarna Celje industrial case,industrial_case,NO2,µmol/m²,2019-12-06T00:00:00Z,2019-12-07T00:00:00Z,6,SI043,Goriška,10.89037028805251,-15.4027857206529,29.90042958117556,10.87095514605587,210,185,25,Sentinel Hub Statistical API / Sentinel-5P,P1D,partial
cinkarna_celje_2019,Cinkarna Celje industrial case,industrial_case,NO2,µmol/m²,2019-12-07T00:00:00Z,2019-12-08T00:00:00Z,7,SI043,Goriška,28.145876414824176,-2.6778534447657876,83.22339272126555,21.48256853053699,210,188,22,Sentinel Hub Statistical API / Sentinel-5P,P1D,partial
cinkarna_celje_2019,Cinkarna Celje industrial case,industrial_case,NO2,µmol/m²,2019-12-08T00:00:00Z,2019-12-09T00:00:00Z,8,SI043,Goriška,24.869393550593838,11.324966180836782,59.26687299506739,16.103230948399794,210,197,13,Sentinel Hub Statistical API / Sentinel-5P,P1D,partial
cinkarna_celje_2019,Cinkarna Celje industrial case,industrial_case,NO2,µmol/m²,2019-12-09T00:00:00Z,2019-12-10T00:00:00Z,9,SI043,Goriška,,,,,210,210,0,Sentinel Hub Statistical API / Sentinel-5P,P1D,missing
cinkarna_celje_2019,Cinkarna Celje industrial case,industrial_case,NO2,µmol/m²,2019-12-10T00:00:00Z,2019-12-11T00:00:00Z,10,SI043,Goriška,56.66521377371771,6.740181106579257,112.0084707508795,21.02820216402254,210,80,130,Sentinel Hub Statistical API / Sentinel-5P,P1D,good
cinkarna_celje_2019,Cinkarna Celje industrial case,industrial_case,NO2,µmol/m²,2019-12-11T00:00:00Z,2019-12-12T00:00:00Z,11,SI043,Goriška,28.54370313416644,-23.683433028054424,86.4913163240999,21.72131345322456,210,76,134,Sentinel Hub Statistical API / Sentinel-5P,P1D,good
cinkarna_celje_2019,Cinkarna Celje industrial case,industrial_case,NO2,µmol/m²,2019-12-12T00:00:00Z,2019-12-13T00:00:00Z,12,SI043,Goriška,,,,,210,210,0,Sentinel Hub Statistical API / Sentinel-5P,P1D,missing
cinkarna_celje_2019,Cinkarna Celje industrial case,industrial_case,NO2,µmol/m²,2019-12-13T00:00:00Z,2019-12-14T00:00:00Z,13,SI043,Goriška,,,,,210,210,0,Sentinel Hub Statistical API / Sentinel-5P,P1D,missing
cinkarna_celje_2019,Cinkarna Celje industrial case,industrial_case,NO2,µmol/m²,2019-12-14T00:00:00Z,2019-12-15T00:00:00Z,14,SI043,Goriška,39.689707832583075,12.900590263598133,80.75554069364443,16.449529150867516,210,93,117,Sentinel Hub Statistical API / Sentinel-5P,P1D,good
cinkarna_celje_2019,Cinkarna Celje industrial case,industrial_case,NO2,µmol/m²,2019-12-15T00:00:00Z,2019-12-16T00:00:00Z,15,SI043,Goriška,,,,,210,210,0,Sentinel Hub Statistical API / Sentinel-5P,P1D,missing
cinkarna_celje_2019,Cinkarna Celje industrial case,industrial_case,NO2,µmol/m²,2019-12-16T00:00:00Z,2019-12-17T00:00:00Z,16,SI043,Goriška,,,,,210,210,0,Sentinel Hub Statistical API / Sentinel-5P,P1D,missing
cinkarna_celje_2019,Cinkarna Celje industrial case,industrial_case,NO2,µmol/m²,2019-12-17T00:00:00Z,2019-12-18T00:00:00Z,17,SI043,Goriška,,,,,210,210,0,Sentinel Hub Statistical API / Sentinel-5P,P1D,missing
cinkarna_celje_2019,Cinkarna Celje industrial case,industrial_case,NO2,µmol/m²,2019-12-18T00:00:00Z,2019-12-19T00:00:00Z,18,SI043,Goriška,,,,,210,210,0,Sentinel Hub Statistical API / Sentinel-5P,P1D,missing
cinkarna_celje_2019,Cinkarna Celje industrial case,industrial_case,NO2,µmol/m²,2019-12-19T00:00:00Z,2019-12-20T00:00:00Z,19,SI043,Goriška,,,,,210,210,0,Sentinel Hub Statistical API / Sentinel-5P,P1D,missing
cinkarna_celje_2019,Cinkarna Celje industrial case,industrial_case,NO2,µmol/m²,2019-12-20T00:00:00Z,2019-12-21T00:00:00Z,20,SI043,Goriška,,,,,210,210,0,Sentinel Hub Statistical API / Sentinel-5P,P1D,missing
cinkarna_celje_2019,Cinkarna Celje industrial case,industrial_case,NO2,µmol/m²,2019-12-21T00:00:00Z,2019-12-22T00:00:00Z,21,SI043,Goriška,,,,,210,210,0,Sentinel Hub Statistical API / Sentinel-5P,P1D,missing
cinkarna_celje_2019,Cinkarna Celje industrial case,industrial_case,NO2,µmol/m²,2019-12-22T00:00:00Z,2019-12-23T00:00:00Z,22,SI043,Goriška,,,,,210,210,0,Sentinel Hub Statistical API / Sentinel-5P,P1D,missing
cinkarna_celje_2019,Cinkarna Celje industrial case,industrial_case,NO2,µmol/m²,2019-12-23T00:00:00Z,2019-12-24T00:00:00Z,23,SI043,Goriška,,,,,210,210,0,Sentinel Hub Statistical API / Sentinel-5P,P1D,missing
cinkarna_celje_2019,Cinkarna Celje industrial case,industrial_case,NO2,µmol/m²,2019-12-24T00:00:00Z,2019-12-25T00:00:00Z,24,SI043,Goriška,22.63048030068477,-28.739192202920094,70.05713996477425,21.71365037040876,210,152,58,Sentinel Hub Statistical API / Sentinel-5P,P1D,partial
cinkarna_celje_2019,Cinkarna Celje industrial case,industrial_case,NO2,µmol/m²,2019-12-25T00:00:00Z,2019-12-26T00:00:00Z,25,SI043,Goriška,26.92163461950679,-2.8504480269475607,81.59878052538261,18.94268875358125,210,80,130,Sentinel Hub Statistical API / Sentinel-5P,P1D,good
cinkarna_celje_2019,Cinkarna Celje industrial case,industrial_case,NO2,µmol/m²,2019-12-26T00:00:00Z,2019-12-27T00:00:00Z,26,SI043,Goriška,42.143887254461816,-8.707553206477314,93.56538066640496,22.353085095649806,210,80,130,Sentinel Hub Statistical API / Sentinel-5P,P1D,good
cinkarna_celje_2019,Cinkarna Celje industrial case,industrial_case,NO2,µmol/m²,2019-12-27T00:00:00Z,2019-12-28T00:00:00Z,27,SI043,Goriška,38.39799796878651,-25.992136215791106,75.6128501961939,22.647968151160068,210,180,30,Sentinel Hub Statistical API / Sentinel-5P,P1D,partial
cinkarna_celje_2019,Cinkarna Celje industrial case,industrial_case,NO2,µmol/m²,2019-12-28T00:00:00Z,2019-12-29T00:00:00Z,28,SI043,Goriška,24.1738165524461,-41.66262806393206,66.18907355004922,19.520489953280926,210,89,121,Sentinel Hub Statistical API / Sentinel-5P,P1D,good
cinkarna_celje_2019,Cinkarna Celje industrial case,industrial_case,NO2,µmol/m²,2019-12-29T00:00:00Z,2019-12-30T00:00:00Z,29,SI043,Goriška,13.328045459578178,-20.907238649670035,52.59217869024724,18.72896937326377,210,162,48,Sentinel Hub Statistical API / Sentinel-5P,P1D,partial
cinkarna_celje_2019,Cinkarna Celje industrial case,industrial_case,NO2,µmol/m²,2019-12-30T00:00:00Z,2019-12-31T00:00:00Z,30,SI043,Goriška,23.91708030194329,-13.760214642388746,71.36211934266612,17.763170362987832,210,83,127,Sentinel Hub Statistical API / Sentinel-5P,P1D,good
cinkarna_celje_2019,Cinkarna Celje industrial case,industrial_case,NO2,µmol/m²,2019-12-31T00:00:00Z,2020-01-01T00:00:00Z,31,SI043,Goriška,46.15810911260948,-2.521176838854444,107.10127389756963,22.820108370066365,210,87,123,Sentinel Hub Statistical API / Sentinel-5P,P1D,good
cinkarna_celje_2019,Cinkarna Celje industrial case,industrial_case,NO2,µmol/m²,2019-12-01T00:00:00Z,2019-12-02T00:00:00Z,1,SI044,Obalno-kraška,,,,,99,99,0,Sentinel Hub Statistical API / Sentinel-5P,P1D,missing
cinkarna_celje_2019,Cinkarna Celje industrial case,industrial_case,NO2,µmol/m²,2019-12-02T00:00:00Z,2019-12-03T00:00:00Z,2,SI044,Obalno-kraška,,,,,99,99,0,Sentinel Hub Statistical API / Sentinel-5P,P1D,missing
cinkarna_celje_2019,Cinkarna Celje industrial case,industrial_case,NO2,µmol/m²,2019-12-03T00:00:00Z,2019-12-04T00:00:00Z,3,SI044,Obalno-kraška,28.106671904354766,9.651849723013584,49.41128281643614,10.470743646931393,99,21,78,Sentinel Hub Statistical API / Sentinel-5P,P1D,good
cinkarna_celje_2019,Cinkarna Celje industrial case,industrial_case,NO2,µmol/m²,2019-12-04T00:00:00Z,2019-12-05T00:00:00Z,4,SI044,Obalno-kraška,26.438905467493427,4.29809824709082,51.69840733287856,9.517618672767746,99,21,78,Sentinel Hub Statistical API / Sentinel-5P,P1D,good
cinkarna_celje_2019,Cinkarna Celje industrial case,industrial_case,NO2,µmol/m²,2019-12-05T00:00:00Z,2019-12-06T00:00:00Z,5,SI044,Obalno-kraška,41.86597333229019,4.368898316897685,127.65196152031422,18.485692916673298,99,22,77,Sentinel Hub Statistical API / Sentinel-5P,P1D,good
cinkarna_celje_2019,Cinkarna Celje industrial case,industrial_case,NO2,µmol/m²,2019-12-06T00:00:00Z,2019-12-07T00:00:00Z,6,SI044,Obalno-kraška,,,,,99,99,0,Sentinel Hub Statistical API / Sentinel-5P,P1D,missing
cinkarna_celje_2019,Cinkarna Celje industrial case,industrial_case,NO2,µmol/m²,2019-12-07T00:00:00Z,2019-12-08T00:00:00Z,7,SI044,Obalno-kraška,71.76242979767267,60.30146687407978,83.22339272126555,11.460962923592888,99,97,2,Sentinel Hub Statistical API / Sentinel-5P,P1D,partial
cinkarna_celje_2019,Cinkarna Celje industrial case,industrial_case,NO2,µmol/m²,2019-12-08T00:00:00Z,2019-12-09T00:00:00Z,8,SI044,Obalno-kraška,118.74104529852048,110.951456008479,136.87748287338763,9.381968385827827,99,94,5,Sentinel Hub Statistical API / Sentinel-5P,P1D,partial
cinkarna_celje_2019,Cinkarna Celje industrial case,industrial_case,NO2,µmol/m²,2019-12-09T00:00:00Z,2019-12-10T00:00:00Z,9,SI044,Obalno-kraška,,,,,99,99,0,Sentinel Hub Statistical API / Sentinel-5P,P1D,missing
cinkarna_celje_2019,Cinkarna Celje industrial case,industrial_case,NO2,µmol/m²,2019-12-10T00:00:00Z,2019-12-11T00:00:00Z,10,SI044,Obalno-kraška,71.16582865143218,37.51277472474612,122.15481547173113,16.954205831826346,99,21,78,Sentinel Hub Statistical API / Sentinel-5P,P1D,good
cinkarna_celje_2019,Cinkarna Celje industrial case,industrial_case,NO2,µmol/m²,2019-12-11T00:00:00Z,2019-12-12T00:00:00Z,11,SI044,Obalno-kraška,33.180682970478045,-11.688543054333422,72.43521395139396,17.075334404183465,99,21,78,Sentinel Hub Statistical API / Sentinel-5P,P1D,good
cinkarna_celje_2019,Cinkarna Celje industrial case,industrial_case,NO2,µmol/m²,2019-12-12T00:00:00Z,2019-12-13T00:00:00Z,12,SI044,Obalno-kraška,,,,,99,99,0,Sentinel Hub Statistical API / Sentinel-5P,P1D,missing
cinkarna_celje_2019,Cinkarna Celje industrial case,industrial_case,NO2,µmol/m²,2019-12-13T00:00:00Z,2019-12-14T00:00:00Z,13,SI044,Obalno-kraška,,,,,99,99,0,Sentinel Hub Statistical API / Sentinel-5P,P1D,missing
cinkarna_celje_2019,Cinkarna Celje industrial case,industrial_case,NO2,µmol/m²,2019-12-14T00:00:00Z,2019-12-15T00:00:00Z,14,SI044,Obalno-kraška,72.67877115064283,31.690469768363982,109.2776728910394,17.958470424280637,99,26,73,Sentinel Hub Statistical API / Sentinel-5P,P1D,good
cinkarna_celje_2019,Cinkarna Celje industrial case,industrial_case,NO2,µmol/m²,2019-12-15T00:00:00Z,2019-12-16T00:00:00Z,15,SI044,Obalno-kraška,,,,,99,99,0,Sentinel Hub Statistical API / Sentinel-5P,P1D,missing
cinkarna_celje_2019,Cinkarna Celje industrial case,industrial_case,NO2,µmol/m²,2019-12-16T00:00:00Z,2019-12-17T00:00:00Z,16,SI044,Obalno-kraška,77.52025703666732,77.52025703666732,77.52025703666732,0.0,99,98,1,Sentinel Hub Statistical API / Sentinel-5P,P1D,partial
cinkarna_celje_2019,Cinkarna Celje industrial case,industrial_case,NO2,µmol/m²,2019-12-17T00:00:00Z,2019-12-18T00:00:00Z,17,SI044,Obalno-kraška,30.329133096529404,-1.9093959053861909,62.567662098445,32.238529001915595,99,97,2,Sentinel Hub Statistical API / Sentinel-5P,P1D,partial
cinkarna_celje_2019,Cinkarna Celje industrial case,industrial_case,NO2,µmol/m²,2019-12-18T00:00:00Z,2019-12-19T00:00:00Z,18,SI044,Obalno-kraška,28.643643114871033,13.039105397183448,47.940444346750155,11.382128179334224,99,93,6,Sentinel Hub Statistical API / Sentinel-5P,P1D,partial
cinkarna_celje_2019,Cinkarna Celje industrial case,industrial_case,NO2,µmol/m²,2019-12-19T00:00:00Z,2019-12-20T00:00:00Z,19,SI044,Obalno-kraška,,,,,99,99,0,Sentinel Hub Statistical API / Sentinel-5P,P1D,missing
cinkarna_celje_2019,Cinkarna Celje industrial case,industrial_case,NO2,µmol/m²,2019-12-20T00:00:00Z,2019-12-21T00:00:00Z,20,SI044,Obalno-kraška,20.325682271504775,20.325682271504775,20.325682271504775,0.0,99,97,2,Sentinel Hub Statistical API / Sentinel-5P,P1D,partial
cinkarna_celje_2019,Cinkarna Celje industrial case,industrial_case,NO2,µmol/m²,2019-12-21T00:00:00Z,2019-12-22T00:00:00Z,21,SI044,Obalno-kraška,17.91263396929329,6.065753041184507,41.606395825510845,16.75401968035059,99,96,3,Sentinel Hub Statistical API / Sentinel-5P,P1D,partial
cinkarna_celje_2019,Cinkarna Celje industrial case,industrial_case,NO2,µmol/m²,2019-12-22T00:00:00Z,2019-12-23T00:00:00Z,22,SI044,Obalno-kraška,,,,,99,99,0,Sentinel Hub Statistical API / Sentinel-5P,P1D,missing
cinkarna_celje_2019,Cinkarna Celje industrial case,industrial_case,NO2,µmol/m²,2019-12-23T00:00:00Z,2019-12-24T00:00:00Z,23,SI044,Obalno-kraška,,,,,99,99,0,Sentinel Hub Statistical API / Sentinel-5P,P1D,missing
cinkarna_celje_2019,Cinkarna Celje industrial case,industrial_case,NO2,µmol/m²,2019-12-24T00:00:00Z,2019-12-25T00:00:00Z,24,SI044,Obalno-kraška,,,,,99,99,0,Sentinel Hub Statistical API / Sentinel-5P,P1D,missing
cinkarna_celje_2019,Cinkarna Celje industrial case,industrial_case,NO2,µmol/m²,2019-12-25T00:00:00Z,2019-12-26T00:00:00Z,25,SI044,Obalno-kraška,40.14790028332543,7.715120773355011,75.44562686234713,15.301066388922969,99,21,78,Sentinel Hub Statistical API / Sentinel-5P,P1D,good
cinkarna_celje_2019,Cinkarna Celje industrial case,industrial_case,NO2,µmol/m²,2019-12-26T00:00:00Z,2019-12-27T00:00:00Z,26,SI044,Obalno-kraška,64.95992718742063,7.7422009781003,97.1381232375279,20.01447265381259,99,21,78,Sentinel Hub Statistical API / Sentinel-5P,P1D,good
cinkarna_celje_2019,Cinkarna Celje industrial case,industrial_case,NO2,µmol/m²,2019-12-27T00:00:00Z,2019-12-28T00:00:00Z,27,SI044,Obalno-kraška,27.812404141513984,-3.4383263027848443,77.91383541189134,16.93412341520809,99,54,45,Sentinel Hub Statistical API / Sentinel-5P,P1D,partial
cinkarna_celje_2019,Cinkarna Celje industrial case,industrial_case,NO2,µmol/m²,2019-12-28T00:00:00Z,2019-12-29T00:00:00Z,28,SI044,Obalno-kraška,29.73390450346481,3.5658654269354884,76.8778336350806,16.423556664346716,99,45,54,Sentinel Hub Statistical API / Sentinel-5P,P1D,good
cinkarna_celje_2019,Cinkarna Celje industrial case,industrial_case,NO2,µmol/m²,2019-12-29T00:00:00Z,2019-12-30T00:00:00Z,29,SI044,Obalno-kraška,36.70754403136318,3.7161823911446845,65.64208888448775,15.602931674575634,99,75,24,Sentinel Hub Statistical API / Sentinel-5P,P1D,partial
cinkarna_celje_2019,Cinkarna Celje industrial case,industrial_case,NO2,µmol/m²,2019-12-30T00:00:00Z,2019-12-31T00:00:00Z,30,SI044,Obalno-kraška,29.638630709226938,0.2683349293874926,55.93277819571085,12.726665611746917,99,21,78,Sentinel Hub Statistical API / Sentinel-5P,P1D,good
cinkarna_celje_2019,Cinkarna Celje industrial case,industrial_case,NO2,µmol/m²,2019-12-31T00:00:00Z,2020-01-01T00:00:00Z,31,SI044,Obalno-kraška,69.69682843378114,25.953080694307573,165.45971448067576,22.90910831876671,99,21,78,Sentinel Hub Statistical API / Sentinel-5P,P1D,good
