interval_from,interval_to,co_B0_min,co_B0_max,co_B0_mean,co_B0_stDev,co_B0_sampleCount,co_B0_noDataCount,shapefile,NUTS_ID,year,month,month_num
2018-05-01,2018-06-01,0.02134258672595024,0.03498857840895653,0.02874891165224961,0.002623750639762144,65536,42472,NUTS_SL_01m_2024.shp,SI,2018,May,5
2018-06-01,2018-07-01,0.01986878551542759,0.032230086624622345,0.027105986365707303,0.0023685866872171523,65536,42228,NUTS_SL_01m_2024.shp,SI,2018,June,6
2018-07-01,2018-08-01,0.02126809023320675,0.03510229289531708,0.02756687376914142,0.002412449290471159,65536,36204,NUTS_SL_01m_2024.shp,SI,2018,July,7
2018-09-01,2018-10-01,0.01795382983982563,0.034868888556957245,0.027708497521086867,0.0025777295480519124,65536,35054,NUTS_SL_01m_2024.shp,SI,2018,September,9
2018-10-01,2018-11-01,0.02077094465494156,0.032242149114608765,0.026472270241384106,0.002303686277634677,65536,35912,NUTS_SL_01m_2024.shp,SI,2018,October,10
2018-12-01,2019-01-01,0.022734712809324265,0.03925668075680733,0.03108608929947737,0.0029810618506066495,65536,43970,NUTS_SL_01m_2024.shp,SI,2018,December,12
2019-01-01,2019-02-01,0.02297959104180336,0.03656044602394104,0.02942587978309278,0.002512554292514981,65536,46483,NUTS_SL_01m_2024.shp,SI,2019,January,1
2019-03-01,2019-04-01,0.02502044104039669,0.040659692138433456,0.034157459852893146,0.0030179099806314814,65536,40810,NUTS_SL_01m_2024.shp,SI,2019,March,3
2019-04-01,2019-05-01,0.026890544220805168,0.040008123964071274,0.03335760709108997,0.0024467190403567865,65536,53866,NUTS_SL_01m_2024.shp,SI,2019,April,4
2019-05-01,2019-06-01,0.02436579205095768,0.03526989370584488,0.028823431742847055,0.0020839595054370254,65536,57029,NUTS_SL_01m_2024.shp,SI,2019,May,5
2019-06-01,2019-07-01,0.015394577756524086,0.03223272040486336,0.025458553367725803,0.002511047261984802,65536,38061,NUTS_SL_01m_2024.shp,SI,2019,June,6
2019-07-01,2019-08-01,0.021636558696627617,0.03742716461420059,0.030308057697552276,0.0024644661848167953,65536,38035,NUTS_SL_01m_2024.shp,SI,2019,July,7
2019-08-01,2019-09-01,0.0204068161547184,0.03801613673567772,0.031025958628147166,0.003217677646484488,65536,36138,NUTS_SL_01m_2024.shp,SI,2019,August,8
2019-09-01,2019-10-01,0.02372766099870205,0.031284820288419724,0.028168756660997506,0.0018627592410669295,65536,58542,NUTS_SL_01m_2024.shp,SI,2019,September,9
2019-10-01,2019-11-01,0.021559227257966995,0.03525766730308533,0.027670151686625392,0.0021296396730266973,65536,38294,NUTS_SL_01m_2024.shp,SI,2019,October,10
2019-11-01,2019-12-01,0.02242201380431652,0.03618389368057251,0.028576590705578025,0.002236415031374774,65536,39838,NUTS_SL_01m_2024.shp,SI,2019,November,11
2019-12-01,2020-01-01,0.021824685856699944,0.0368180051445961,0.029736801516264677,0.0023972446121759746,65536,53460,NUTS_SL_01m_2024.shp,SI,2019,December,12
2020-01-01,2020-02-01,0.031703073531389236,0.03550254926085472,0.03301176642180306,0.0013062747494289645,65536,64808,NUTS_SL_01m_2024.shp,SI,2020,January,1
2020-02-01,2020-03-01,0.023658649995923042,0.03698531910777092,0.030867335540428767,0.0019800459142424445,65536,55536,NUTS_SL_01m_2024.shp,SI,2020,February,2
2020-03-01,2020-04-01,0.02270611934363842,0.03958957642316818,0.03253631337568494,0.0028068128864277854,65536,38248,NUTS_SL_01m_2024.shp,SI,2020,March,3
2020-04-01,2020-05-01,0.03032848611474037,0.0377824530005455,0.03453525098161467,0.0018924026842011344,65536,57099,NUTS_SL_01m_2024.shp,SI,2020,April,4
2020-05-01,2020-06-01,0.021822206676006317,0.03822595253586769,0.0301271770795803,0.002902871693494286,65536,46314,NUTS_SL_01m_2024.shp,SI,2020,May,5
2020-06-01,2020-07-01,0.01997426524758339,0.031502801924943924,0.02606142409165148,0.0021479811505056966,65536,40864,NUTS_SL_01m_2024.shp,SI,2020,June,6
2020-07-01,2020-08-01,0.02143915556371212,0.03628773242235184,0.029133297615718326,0.003429456400665935,65536,51408,NUTS_SL_01m_2024.shp,SI,2020,July,7
2020-09-01,2020-10-01,0.023796217516064644,0.04017755761742592,0.03177255544350603,0.003037506449704869,65536,42119,NUTS_SL_01m_2024.shp,SI,2020,September,9
2020-10-01,2020-11-01,0.020195020362734795,0.035422444343566895,0.029209155823613515,0.0028477135253225584,65536,43878,NUTS_SL_01m_2024.shp,SI,2020,October,10
2020-11-01,2020-12-01,0.026039404794573784,0.036765120923519135,0.03139558476066728,0.0020947232974731205,65536,37386,NUTS_SL_01m_2024.shp,SI,2020,November,11
2020-12-01,2021-01-01,0.030885737389326096,0.032824862748384476,0.03196302925546964,0.0009635591377218279,65536,65527,NUTS_SL_01m_2024.shp,SI,2020,December,12
2021-01-01,2021-02-01,0.027015645056962967,0.03101099096238613,0.028824771573739274,0.001042491196807003,65536,65469,NUTS_SL_01m_2024.shp,SI,2021,January,1
2021-02-01,2021-03-01,0.027151072397828102,0.03618865832686424,0.03243647986274283,0.002069954320907181,65536,46233,NUTS_SL_01m_2024.shp,SI,2021,February,2
2021-03-01,2021-04-01,0.0260575283318758,0.04191276431083679,0.03561661500619438,0.002639901863531524,65536,42279,NUTS_SL_01m_2024.shp,SI,2021,March,3
2021-04-01,2021-05-01,0.025697356089949608,0.03813571110367775,0.0311325384852226,0.0021161974427934198,65536,45520,NUTS_SL_01m_2024.shp,SI,2021,April,4
2021-05-01,2021-06-01,0.02303490974009037,0.03870347514748573,0.029348355569531106,0.002406660619383853,65536,47854,NUTS_SL_01m_2024.shp,SI,2021,May,5
2021-06-01,2021-07-01,0.014486056752502918,0.0381668359041214,0.024625188007484745,0.003452627470410647,65536,34729,NUTS_SL_01m_2024.shp,SI,2021,June,6
2021-07-01,2021-08-01,0.019838379696011543,0.038497552275657654,0.02900646260245089,0.003247066071546298,65536,39666,NUTS_SL_01m_2024.shp,SI,2021,July,7
2021-08-01,2021-09-01,0.02941531129181385,0.04597924277186394,0.03807800356009746,0.002896908241967186,65536,37814,NUTS_SL_01m_2024.shp,SI,2021,August,8
2021-09-01,2021-10-01,0.025998041033744812,0.0396164134144783,0.03293898406050254,0.00263644248070247,65536,55006,NUTS_SL_01m_2024.shp,SI,2021,September,9
2021-10-01,2021-11-01,0.029012121260166168,0.03258783742785454,0.030989168349180963,0.0015275583515532783,65536,65197,NUTS_SL_01m_2024.shp,SI,2021,October,10
2021-11-01,2021-12-01,0.02266596630215645,0.03839373588562012,0.030926475081662724,0.003022809020207809,65536,62925,NUTS_SL_01m_2024.shp,SI,2021,November,11
2021-12-01,2022-01-01,0.016564015299081802,0.03373158350586891,0.02771591168521983,0.002570453244351066,65536,35316,NUTS_SL_01m_2024.shp,SI,2021,December,12
2022-01-01,2022-02-01,0.024794695898890495,0.03716154024004936,0.03127603978596642,0.0029244470360272876,65536,56745,NUTS_SL_01m_2024.shp,SI,2022,January,1
2022-02-01,2022-03-01,0.0239070113748312,0.042417123913764954,0.032770362951478255,0.0029919473551029236,65536,41255,NUTS_SL_01m_2024.shp,SI,2022,February,2
2022-03-01,2022-04-01,0.02778507210314274,0.03931332379579544,0.032455545860594154,0.0030515478948988962,65536,60922,NUTS_SL_01m_2024.shp,SI,2022,March,3
2022-04-01,2022-05-01,0.02177255041897297,0.04152403399348259,0.030096679916455107,0.0029391210296631893,65536,38571,NUTS_SL_01m_2024.shp,SI,2022,April,4
2022-05-01,2022-06-01,0.020456796512007713,0.03535399213433266,0.027329182886610046,0.0023551280256234896,65536,35232,NUTS_SL_01m_2024.shp,SI,2022,May,5
2022-06-01,2022-07-01,0.016202330589294434,0.033387210220098495,0.025848726387882427,0.002996703852280239,65536,33842,NUTS_SL_01m_2024.shp,SI,2022,June,6
2022-07-01,2022-08-01,0.022074827924370766,0.03211101144552231,0.025997239133572114,0.00204478587311875,65536,50012,NUTS_SL_01m_2024.shp,SI,2022,July,7
2022-08-01,2022-09-01,0.015982089564204216,0.034797243773937225,0.025166017778243503,0.0040926486304675574,65536,60047,NUTS_SL_01m_2024.shp,SI,2022,August,8
2022-09-01,2022-10-01,0.018965620547533035,0.03287198394536972,0.026137922136563595,0.0027949510223643287,65536,52800,NUTS_SL_01m_2024.shp,SI,2022,September,9
2022-10-01,2022-11-01,0.01789531484246254,0.03304527327418327,0.025308109734302316,0.0018869750768805843,65536,54872,NUTS_SL_01m_2024.shp,SI,2022,October,10
2022-11-01,2022-12-01,0.023481974378228188,0.03416294604539871,0.028786272330083962,0.003482551840150921,65536,61639,NUTS_SL_01m_2024.shp,SI,2022,November,11
2022-12-01,2023-01-01,0.020946631208062172,0.034804534167051315,0.02694274943777317,0.002504782829747698,65536,52635,NUTS_SL_01m_2024.shp,SI,2022,December,12
2023-01-01,2023-02-01,0.022028693929314613,0.03976323455572128,0.031132794217447732,0.0028816912457788188,65536,39892,NUTS_SL_01m_2024.shp,SI,2023,January,1
2023-02-01,2023-03-01,0.024844186380505562,0.04039411619305611,0.031853957804096805,0.0034316002999856985,65536,55512,NUTS_SL_01m_2024.shp,SI,2023,February,2
2023-03-01,2023-04-01,0.028470445424318314,0.043000441044569016,0.03644640382271414,0.002736759461609042,65536,62877,NUTS_SL_01m_2024.shp,SI,2023,March,3
2023-04-01,2023-05-01,0.022826822474598885,0.035184603184461594,0.029429942092711665,0.0027120336865476,65536,46610,NUTS_SL_01m_2024.shp,SI,2023,April,4
2023-05-01,2023-06-01,0.025091007351875305,0.03791630268096924,0.03200234163465986,0.00351197974242413,65536,58173,NUTS_SL_01m_2024.shp,SI,2023,May,5
2023-06-01,2023-07-01,0.019765561446547508,0.04348792880773544,0.033428264777376086,0.003153019370934709,65536,35027,NUTS_SL_01m_2024.shp,SI,2023,June,6
2023-07-01,2023-08-01,0.024966243654489517,0.0439068004488945,0.03442312244310883,0.002940136251042835,65536,42194,NUTS_SL_01m_2024.shp,SI,2023,July,7
2023-08-01,2023-09-01,0.03093085251748562,0.056745924055576324,0.041756903629950375,0.00405346395442139,65536,41345,NUTS_SL_01m_2024.shp,SI,2023,August,8
2023-09-01,2023-10-01,0.020423272624611855,0.03783683851361275,0.03143856108927948,0.00300796045324272,65536,50077,NUTS_SL_01m_2024.shp,SI,2023,September,9
2023-10-01,2023-11-01,0.019347473978996277,0.04190758615732193,0.02824854684774367,0.00364203639101364,65536,53057,NUTS_SL_01m_2024.shp,SI,2023,October,10
2023-11-01,2023-12-01,0.03146674111485481,0.03296758979558945,0.03235360624437984,0.0007379163920592631,65536,65382,NUTS_SL_01m_2024.shp,SI,2023,November,11
2023-12-01,2024-01-01,0.03249558433890343,0.038437675684690475,0.03518321305921634,0.0026167475370168854,65536,65171,NUTS_SL_01m_2024.shp,SI,2023,December,12
2024-02-01,2024-03-01,0.026817912235856056,0.04034319892525673,0.0323159022913628,0.0029249668937675988,65536,56468,NUTS_SL_01m_2024.shp,SI,2024,February,2
2024-03-01,2024-04-01,0.02121717669069767,0.03922179341316223,0.03037316082101921,0.003346979310491284,65536,60755,NUTS_SL_01m_2024.shp,SI,2024,March,3
2024-04-01,2024-05-01,0.020423654466867447,0.041590455919504166,0.03348592730657285,0.0032555416553488765,65536,45006,NUTS_SL_01m_2024.shp,SI,2024,April,4
2024-05-01,2024-06-01,0.019537748768925667,0.03912409022450447,0.029068775357913152,0.00373660769175377,65536,49663,NUTS_SL_01m_2024.shp,SI,2024,May,5
2024-06-01,2024-07-01,0.023410450667142868,0.03640597313642502,0.03053813210736242,0.002571664653312403,65536,39186,NUTS_SL_01m_2024.shp,SI,2024,June,6
2024-07-01,2024-08-01,0.02297203242778778,0.037466928362846375,0.029546608218986272,0.0026864402115645163,65536,51028,NUTS_SL_01m_2024.shp,SI,2024,July,7
2024-08-01,2024-09-01,0.024569185450673103,0.038781724870204926,0.033816584936668885,0.0029015597943235086,65536,45005,NUTS_SL_01m_2024.shp,SI,2024,August,8
2024-09-01,2024-10-01,0.022425979375839233,0.037712205201387405,0.031078149290549383,0.002636778282920546,65536,45099,NUTS_SL_01m_2024.shp,SI,2024,September,9
2024-10-01,2024-11-01,0.022517206147313118,0.03507858142256737,0.029752755183335537,0.0026805342684497755,65536,46394,NUTS_SL_01m_2024.shp,SI,2024,October,10
2024-11-01,2024-12-01,0.026868212968111038,0.03872930258512497,0.03314378850102171,0.0025869348011507668,65536,40636,NUTS_SL_01m_2024.shp,SI,2024,November,11
2024-12-01,2025-01-01,0.02058788575232029,0.047991376370191574,0.031795181105846775,0.003908334482251696,65536,45446,NUTS_SL_01m_2024.shp,SI,2024,December,12
2018-05-01,2018-06-01,0.02134258672595024,0.03498857840895653,0.02874891165224961,0.002623750639762144,65536,42472,NUTS_SL_01m_2024.shp,SI0,2018,May,5
2018-06-01,2018-07-01,0.01986878551542759,0.032230086624622345,0.027105986365707303,0.0023685866872171523,65536,42228,NUTS_SL_01m_2024.shp,SI0,2018,June,6
2018-07-01,2018-08-01,0.02126809023320675,0.03510229289531708,0.02756687376914142,0.002412449290471159,65536,36204,NUTS_SL_01m_2024.shp,SI0,2018,July,7
2018-09-01,2018-10-01,0.01795382983982563,0.034868888556957245,0.027708497521086867,0.0025777295480519124,65536,35054,NUTS_SL_01m_2024.shp,SI0,2018,September,9
2018-10-01,2018-11-01,0.02077094465494156,0.032242149114608765,0.026472270241384106,0.002303686277634677,65536,35912,NUTS_SL_01m_2024.shp,SI0,2018,October,10
2018-12-01,2019-01-01,0.022734712809324265,0.03925668075680733,0.03108608929947737,0.0029810618506066495,65536,43970,NUTS_SL_01m_2024.shp,SI0,2018,December,12
2019-01-01,2019-02-01,0.02297959104180336,0.03656044602394104,0.02942587978309278,0.002512554292514981,65536,46483,NUTS_SL_01m_2024.shp,SI0,2019,January,1
2019-03-01,2019-04-01,0.02502044104039669,0.040659692138433456,0.034157459852893146,0.0030179099806314814,65536,40810,NUTS_SL_01m_2024.shp,SI0,2019,March,3
2019-04-01,2019-05-01,0.026890544220805168,0.040008123964071274,0.03335760709108997,0.0024467190403567865,65536,53866,NUTS_SL_01m_2024.shp,SI0,2019,April,4
2019-05-01,2019-06-01,0.02436579205095768,0.03526989370584488,0.028823431742847055,0.0020839595054370254,65536,57029,NUTS_SL_01m_2024.shp,SI0,2019,May,5
2019-06-01,2019-07-01,0.015394577756524086,0.03223272040486336,0.025458553367725803,0.002511047261984802,65536,38061,NUTS_SL_01m_2024.shp,SI0,2019,June,6
2019-07-01,2019-08-01,0.021636558696627617,0.03742716461420059,0.030308057697552276,0.0024644661848167953,65536,38035,NUTS_SL_01m_2024.shp,SI0,2019,July,7
2019-08-01,2019-09-01,0.0204068161547184,0.03801613673567772,0.031025958628147166,0.003217677646484488,65536,36138,NUTS_SL_01m_2024.shp,SI0,2019,August,8
2019-09-01,2019-10-01,0.02372766099870205,0.031284820288419724,0.028168756660997506,0.0018627592410669295,65536,58542,NUTS_SL_01m_2024.shp,SI0,2019,September,9
2019-10-01,2019-11-01,0.021559227257966995,0.03525766730308533,0.027670151686625392,0.0021296396730266973,65536,38294,NUTS_SL_01m_2024.shp,SI0,2019,October,10
2019-11-01,2019-12-01,0.02242201380431652,0.03618389368057251,0.028576590705578025,0.002236415031374774,65536,39838,NUTS_SL_01m_2024.shp,SI0,2019,November,11
2019-12-01,2020-01-01,0.021824685856699944,0.0368180051445961,0.029736801516264677,0.0023972446121759746,65536,53460,NUTS_SL_01m_2024.shp,SI0,2019,December,12
2020-01-01,2020-02-01,0.031703073531389236,0.03550254926085472,0.03301176642180306,0.0013062747494289645,65536,64808,NUTS_SL_01m_2024.shp,SI0,2020,January,1
2020-02-01,2020-03-01,0.023658649995923042,0.03698531910777092,0.030867335540428767,0.0019800459142424445,65536,55536,NUTS_SL_01m_2024.shp,SI0,2020,February,2
2020-03-01,2020-04-01,0.02270611934363842,0.03958957642316818,0.03253631337568494,0.0028068128864277854,65536,38248,NUTS_SL_01m_2024.shp,SI0,2020,March,3
2020-04-01,2020-05-01,0.03032848611474037,0.0377824530005455,0.03453525098161467,0.0018924026842011344,65536,57099,NUTS_SL_01m_2024.shp,SI0,2020,April,4
2020-05-01,2020-06-01,0.021822206676006317,0.03822595253586769,0.0301271770795803,0.002902871693494286,65536,46314,NUTS_SL_01m_2024.shp,SI0,2020,May,5
2020-06-01,2020-07-01,0.01997426524758339,0.031502801924943924,0.02606142409165148,0.0021479811505056966,65536,40864,NUTS_SL_01m_2024.shp,SI0,2020,June,6
2020-07-01,2020-08-01,0.02143915556371212,0.03628773242235184,0.029133297615718326,0.003429456400665935,65536,51408,NUTS_SL_01m_2024.shp,SI0,2020,July,7
2020-09-01,2020-10-01,0.023796217516064644,0.04017755761742592,0.03177255544350603,0.003037506449704869,65536,42119,NUTS_SL_01m_2024.shp,SI0,2020,September,9
2020-10-01,2020-11-01,0.020195020362734795,0.035422444343566895,0.029209155823613515,0.0028477135253225584,65536,43878,NUTS_SL_01m_2024.shp,SI0,2020,October,10
2020-11-01,2020-12-01,0.026039404794573784,0.036765120923519135,0.03139558476066728,0.0020947232974731205,65536,37386,NUTS_SL_01m_2024.shp,SI0,2020,November,11
2020-12-01,2021-01-01,0.030885737389326096,0.032824862748384476,0.03196302925546964,0.0009635591377218279,65536,65527,NUTS_SL_01m_2024.shp,SI0,2020,December,12
2021-01-01,2021-02-01,0.027015645056962967,0.03101099096238613,0.028824771573739274,0.001042491196807003,65536,65469,NUTS_SL_01m_2024.shp,SI0,2021,January,1
2021-02-01,2021-03-01,0.027151072397828102,0.03618865832686424,0.03243647986274283,0.002069954320907181,65536,46233,NUTS_SL_01m_2024.shp,SI0,2021,February,2
2021-03-01,2021-04-01,0.0260575283318758,0.04191276431083679,0.03561661500619438,0.002639901863531524,65536,42279,NUTS_SL_01m_2024.shp,SI0,2021,March,3
2021-04-01,2021-05-01,0.025697356089949608,0.03813571110367775,0.0311325384852226,0.0021161974427934198,65536,45520,NUTS_SL_01m_2024.shp,SI0,2021,April,4
2021-05-01,2021-06-01,0.02303490974009037,0.03870347514748573,0.029348355569531106,0.002406660619383853,65536,47854,NUTS_SL_01m_2024.shp,SI0,2021,May,5
2021-06-01,2021-07-01,0.014486056752502918,0.0381668359041214,0.024625188007484745,0.003452627470410647,65536,34729,NUTS_SL_01m_2024.shp,SI0,2021,June,6
2021-07-01,2021-08-01,0.019838379696011543,0.038497552275657654,0.02900646260245089,0.003247066071546298,65536,39666,NUTS_SL_01m_2024.shp,SI0,2021,July,7
2021-08-01,2021-09-01,0.02941531129181385,0.04597924277186394,0.03807800356009746,0.002896908241967186,65536,37814,NUTS_SL_01m_2024.shp,SI0,2021,August,8
2021-09-01,2021-10-01,0.025998041033744812,0.0396164134144783,0.03293898406050254,0.00263644248070247,65536,55006,NUTS_SL_01m_2024.shp,SI0,2021,September,9
2021-10-01,2021-11-01,0.029012121260166168,0.03258783742785454,0.030989168349180963,0.0015275583515532783,65536,65197,NUTS_SL_01m_2024.shp,SI0,2021,October,10
2021-11-01,2021-12-01,0.02266596630215645,0.03839373588562012,0.030926475081662724,0.003022809020207809,65536,62925,NUTS_SL_01m_2024.shp,SI0,2021,November,11
2021-12-01,2022-01-01,0.016564015299081802,0.03373158350586891,0.02771591168521983,0.002570453244351066,65536,35316,NUTS_SL_01m_2024.shp,SI0,2021,December,12
2022-01-01,2022-02-01,0.024794695898890495,0.03716154024004936,0.03127603978596642,0.0029244470360272876,65536,56745,NUTS_SL_01m_2024.shp,SI0,2022,January,1
2022-02-01,2022-03-01,0.0239070113748312,0.042417123913764954,0.032770362951478255,0.0029919473551029236,65536,41255,NUTS_SL_01m_2024.shp,SI0,2022,February,2
2022-03-01,2022-04-01,0.02778507210314274,0.03931332379579544,0.032455545860594154,0.0030515478948988962,65536,60922,NUTS_SL_01m_2024.shp,SI0,2022,March,3
2022-04-01,2022-05-01,0.02177255041897297,0.04152403399348259,0.030096679916455107,0.0029391210296631893,65536,38571,NUTS_SL_01m_2024.shp,SI0,2022,April,4
2022-05-01,2022-06-01,0.020456796512007713,0.03535399213433266,0.027329182886610046,0.0023551280256234896,65536,35232,NUTS_SL_01m_2024.shp,SI0,2022,May,5
2022-06-01,2022-07-01,0.016202330589294434,0.033387210220098495,0.025848726387882427,0.002996703852280239,65536,33842,NUTS_SL_01m_2024.shp,SI0,2022,June,6
2022-07-01,2022-08-01,0.022074827924370766,0.03211101144552231,0.025997239133572114,0.00204478587311875,65536,50012,NUTS_SL_01m_2024.shp,SI0,2022,July,7
2022-08-01,2022-09-01,0.015982089564204216,0.034797243773937225,0.025166017778243503,0.0040926486304675574,65536,60047,NUTS_SL_01m_2024.shp,SI0,2022,August,8
2022-09-01,2022-10-01,0.018965620547533035,0.03287198394536972,0.026137922136563595,0.0027949510223643287,65536,52800,NUTS_SL_01m_2024.shp,SI0,2022,September,9
2022-10-01,2022-11-01,0.01789531484246254,0.03304527327418327,0.025308109734302316,0.0018869750768805843,65536,54872,NUTS_SL_01m_2024.shp,SI0,2022,October,10
2022-11-01,2022-12-01,0.023481974378228188,0.03416294604539871,0.028786272330083962,0.003482551840150921,65536,61639,NUTS_SL_01m_2024.shp,SI0,2022,November,11
2022-12-01,2023-01-01,0.020946631208062172,0.034804534167051315,0.02694274943777317,0.002504782829747698,65536,52635,NUTS_SL_01m_2024.shp,SI0,2022,December,12
2023-01-01,2023-02-01,0.022028693929314613,0.03976323455572128,0.031132794217447732,0.0028816912457788188,65536,39892,NUTS_SL_01m_2024.shp,SI0,2023,January,1
2023-02-01,2023-03-01,0.024844186380505562,0.04039411619305611,0.031853957804096805,0.0034316002999856985,65536,55512,NUTS_SL_01m_2024.shp,SI0,2023,February,2
2023-03-01,2023-04-01,0.028470445424318314,0.043000441044569016,0.03644640382271414,0.002736759461609042,65536,62877,NUTS_SL_01m_2024.shp,SI0,2023,March,3
2023-04-01,2023-05-01,0.022826822474598885,0.035184603184461594,0.029429942092711665,0.0027120336865476,65536,46610,NUTS_SL_01m_2024.shp,SI0,2023,April,4
2023-05-01,2023-06-01,0.025091007351875305,0.03791630268096924,0.03200234163465986,0.00351197974242413,65536,58173,NUTS_SL_01m_2024.shp,SI0,2023,May,5
2023-06-01,2023-07-01,0.019765561446547508,0.04348792880773544,0.033428264777376086,0.003153019370934709,65536,35027,NUTS_SL_01m_2024.shp,SI0,2023,June,6
2023-07-01,2023-08-01,0.024966243654489517,0.0439068004488945,0.03442312244310883,0.002940136251042835,65536,42194,NUTS_SL_01m_2024.shp,SI0,2023,July,7
2023-08-01,2023-09-01,0.03093085251748562,0.056745924055576324,0.041756903629950375,0.00405346395442139,65536,41345,NUTS_SL_01m_2024.shp,SI0,2023,August,8
2023-09-01,2023-10-01,0.020423272624611855,0.03783683851361275,0.03143856108927948,0.00300796045324272,65536,50077,NUTS_SL_01m_2024.shp,SI0,2023,September,9
2023-10-01,2023-11-01,0.019347473978996277,0.04190758615732193,0.02824854684774367,0.00364203639101364,65536,53057,NUTS_SL_01m_2024.shp,SI0,2023,October,10
2023-11-01,2023-12-01,0.03146674111485481,0.03296758979558945,0.03235360624437984,0.0007379163920592631,65536,65382,NUTS_SL_01m_2024.shp,SI0,2023,November,11
2023-12-01,2024-01-01,0.03249558433890343,0.038437675684690475,0.03518321305921634,0.0026167475370168854,65536,65171,NUTS_SL_01m_2024.shp,SI0,2023,December,12
2024-02-01,2024-03-01,0.026817912235856056,0.04034319892525673,0.0323159022913628,0.0029249668937675988,65536,56468,NUTS_SL_01m_2024.shp,SI0,2024,February,2
2024-03-01,2024-04-01,0.02121717669069767,0.03922179341316223,0.03037316082101921,0.003346979310491284,65536,60755,NUTS_SL_01m_2024.shp,SI0,2024,March,3
2024-04-01,2024-05-01,0.020423654466867447,0.041590455919504166,0.03348592730657285,0.0032555416553488765,65536,45006,NUTS_SL_01m_2024.shp,SI0,2024,April,4
2024-05-01,2024-06-01,0.019537748768925667,0.03912409022450447,0.029068775357913152,0.00373660769175377,65536,49663,NUTS_SL_01m_2024.shp,SI0,2024,May,5
2024-06-01,2024-07-01,0.023410450667142868,0.03640597313642502,0.03053813210736242,0.002571664653312403,65536,39186,NUTS_SL_01m_2024.shp,SI0,2024,June,6
2024-07-01,2024-08-01,0.02297203242778778,0.037466928362846375,0.029546608218986272,0.0026864402115645163,65536,51028,NUTS_SL_01m_2024.shp,SI0,2024,July,7
2024-08-01,2024-09-01,0.024569185450673103,0.038781724870204926,0.033816584936668885,0.0029015597943235086,65536,45005,NUTS_SL_01m_2024.shp,SI0,2024,August,8
2024-09-01,2024-10-01,0.022425979375839233,0.037712205201387405,0.031078149290549383,0.002636778282920546,65536,45099,NUTS_SL_01m_2024.shp,SI0,2024,September,9
2024-10-01,2024-11-01,0.022517206147313118,0.03507858142256737,0.029752755183335537,0.0026805342684497755,65536,46394,NUTS_SL_01m_2024.shp,SI0,2024,October,10
2024-11-01,2024-12-01,0.026868212968111038,0.03872930258512497,0.03314378850102171,0.0025869348011507668,65536,40636,NUTS_SL_01m_2024.shp,SI0,2024,November,11
2024-12-01,2025-01-01,0.02058788575232029,0.047991376370191574,0.031795181105846775,0.003908334482251696,65536,45446,NUTS_SL_01m_2024.shp,SI0,2024,December,12
2018-04-01,2018-05-01,0.02779078297317028,0.04127531498670578,0.033819390544070745,0.0025686303501559794,65536,44542,NUTS_SL_01m_2024.shp,SI03,2018,April,4
2018-05-01,2018-06-01,0.022255070507526398,0.03498857840895653,0.029381999042356173,0.002317466027271006,65536,48109,NUTS_SL_01m_2024.shp,SI03,2018,May,5
2018-06-01,2018-07-01,0.01986878551542759,0.032230086624622345,0.027167713728460916,0.0024211568839202003,65536,46064,NUTS_SL_01m_2024.shp,SI03,2018,June,6
2018-07-01,2018-08-01,0.02142113447189331,0.03258463740348816,0.027896567195671934,0.0023690226497345836,65536,43975,NUTS_SL_01m_2024.shp,SI03,2018,July,7
2018-09-01,2018-10-01,0.01795382983982563,0.034868888556957245,0.028128014373815794,0.002593121004779461,65536,41481,NUTS_SL_01m_2024.shp,SI03,2018,September,9
2018-10-01,2018-11-01,0.02110721357166767,0.032242149114608765,0.026997570101009637,0.0022921626765358104,65536,43769,NUTS_SL_01m_2024.shp,SI03,2018,October,10
2018-12-01,2019-01-01,0.023484565317630768,0.03925668075680733,0.031349000627268496,0.002878019849481655,65536,45019,NUTS_SL_01m_2024.shp,SI03,2018,December,12
2019-01-01,2019-02-01,0.02467419020831585,0.03656044602394104,0.029675298206351983,0.002385494973842539,65536,51555,NUTS_SL_01m_2024.shp,SI03,2019,January,1
2019-02-01,2019-03-01,0.024720573797822,0.03587527573108673,0.031422647485978276,0.0018555780431354148,65536,44648,NUTS_SL_01m_2024.shp,SI03,2019,February,2
2019-03-01,2019-04-01,0.026367146521806717,0.040659692138433456,0.035160829379750694,0.00273968882238776,65536,46840,NUTS_SL_01m_2024.shp,SI03,2019,March,3
2019-04-01,2019-05-01,0.026890544220805168,0.037696219980716705,0.032796530707826274,0.0022368751088699267,65536,62077,NUTS_SL_01m_2024.shp,SI03,2019,April,4
2019-05-01,2019-06-01,0.024870555847883224,0.02989315427839756,0.028127971280529993,0.001241455543694576,65536,61375,NUTS_SL_01m_2024.shp,SI03,2019,May,5
2019-06-01,2019-07-01,0.015394577756524086,0.03223272040486336,0.025981002461663554,0.0023347751178848697,65536,42816,NUTS_SL_01m_2024.shp,SI03,2019,June,6
2019-07-01,2019-08-01,0.021636558696627617,0.035613276064395905,0.030763644164038578,0.0024218311369350195,65536,45852,NUTS_SL_01m_2024.shp,SI03,2019,July,7
2019-08-01,2019-09-01,0.02242906391620636,0.03801613673567772,0.03188651334073178,0.003068899024135701,65536,41654,NUTS_SL_01m_2024.shp,SI03,2019,August,8
2019-09-01,2019-10-01,0.02372766099870205,0.031284820288419724,0.028747275160333333,0.0015937436945206768,65536,59757,NUTS_SL_01m_2024.shp,SI03,2019,September,9
2019-10-01,2019-11-01,0.02231118083000183,0.03238430619239807,0.0278803111401543,0.0019379251054850472,65536,42407,NUTS_SL_01m_2024.shp,SI03,2019,October,10
2019-11-01,2019-12-01,0.02242201380431652,0.0338461697101593,0.0283652214153589,0.0020370021355235243,65536,45980,NUTS_SL_01m_2024.shp,SI03,2019,November,11
2019-12-01,2020-01-01,0.025841403752565384,0.0368180051445961,0.03013152334589371,0.001906435584215598,65536,58719,NUTS_SL_01m_2024.shp,SI03,2019,December,12
2020-01-01,2020-02-01,0.031703073531389236,0.03442026674747467,0.032630474255245505,0.0011754443334676995,65536,65083,NUTS_SL_01m_2024.shp,SI03,2020,January,1
2020-02-01,2020-03-01,0.0245969295501709,0.03427177295088768,0.0311054553866871,0.0017028706127769264,65536,62461,NUTS_SL_01m_2024.shp,SI03,2020,February,2
2020-03-01,2020-04-01,0.024700786918401718,0.03862673044204712,0.03286267673654168,0.0026220062849326912,65536,45007,NUTS_SL_01m_2024.shp,SI03,2020,March,3
2020-04-01,2020-05-01,0.03209184855222702,0.0377824530005455,0.03430679640223194,0.0013586177862220578,65536,61606,NUTS_SL_01m_2024.shp,SI03,2020,April,4
2020-05-01,2020-06-01,0.022181296721100807,0.03822595253586769,0.030489423160642366,0.0027093213972273736,65536,51585,NUTS_SL_01m_2024.shp,SI03,2020,May,5
2020-06-01,2020-07-01,0.01997426524758339,0.03149121254682541,0.026247742791781555,0.002156818507074455,65536,45489,NUTS_SL_01m_2024.shp,SI03,2020,June,6
2020-07-01,2020-08-01,0.021649448201060295,0.0355403870344162,0.03022448389180158,0.002524140839825803,65536,54704,NUTS_SL_01m_2024.shp,SI03,2020,July,7
2020-09-01,2020-10-01,0.023796217516064644,0.04017755761742592,0.032414729500157564,0.003158427232156331,65536,47219,NUTS_SL_01m_2024.shp,SI03,2020,September,9
2020-10-01,2020-11-01,0.02319556288421154,0.03541877493262291,0.02921096719971718,0.0025277758733154424,65536,49785,NUTS_SL_01m_2024.shp,SI03,2020,October,10
2020-11-01,2020-12-01,0.0268333088606596,0.036765120923519135,0.03180461980282847,0.002034147267045092,65536,44605,NUTS_SL_01m_2024.shp,SI03,2020,November,11
2020-12-01,2021-01-01,0.023898588493466377,0.038720786571502686,0.03212796994865108,0.002355063662271235,65536,45215,NUTS_SL_01m_2024.shp,SI03,2020,December,12
2021-01-01,2021-02-01,0.030907928943634033,0.030907928943634033,0.030907928943634033,0.0,65536,65523,NUTS_SL_01m_2024.shp,SI03,2021,January,1
2021-02-01,2021-03-01,0.028710737824440002,0.03618865832686424,0.03234414515053619,0.0019114497789144429,65536,57273,NUTS_SL_01m_2024.shp,SI03,2021,February,2
2021-03-01,2021-04-01,0.028485776856541634,0.04191276431083679,0.03612363866334876,0.0025203008449947296,65536,45819,NUTS_SL_01m_2024.shp,SI03,2021,March,3
2021-04-01,2021-05-01,0.026567520573735237,0.03813571110367775,0.0314751561290906,0.002157390417176552,65536,49389,NUTS_SL_01m_2024.shp,SI03,2021,April,4
2021-05-01,2021-06-01,0.02303490974009037,0.034627191722393036,0.02951540647130507,0.002440566004698903,65536,57144,NUTS_SL_01m_2024.shp,SI03,2021,May,5
2021-06-01,2021-07-01,0.014486056752502918,0.0381668359041214,0.024826022994752648,0.00357841463879745,65536,40880,NUTS_SL_01m_2024.shp,SI03,2021,June,6
2021-07-01,2021-08-01,0.019906729459762573,0.0364314503967762,0.0297739388756267,0.003337086443086919,65536,46909,NUTS_SL_01m_2024.shp,SI03,2021,July,7
2021-08-01,2021-09-01,0.03125714883208275,0.045905835926532745,0.03822773020360259,0.00274508774853754,65536,42981,NUTS_SL_01m_2024.shp,SI03,2021,August,8
2021-09-01,2021-10-01,0.02826416864991188,0.0396164134144783,0.03354220416907474,0.002925178570532989,65536,60852,NUTS_SL_01m_2024.shp,SI03,2021,September,9
2021-10-01,2021-11-01,0.02673313394188881,0.040058065205812454,0.033709598411669,0.0025431298041708175,65536,54887,NUTS_SL_01m_2024.shp,SI03,2021,October,10
2021-11-01,2021-12-01,0.027842646464705467,0.03517641872167587,0.03134037816941027,0.0021715024221941044,65536,64266,NUTS_SL_01m_2024.shp,SI03,2021,November,11
2021-12-01,2022-01-01,0.016564015299081802,0.03230378404259682,0.027982507439070336,0.0023824907039775222,65536,42061,NUTS_SL_01m_2024.shp,SI03,2021,December,12
2022-01-01,2022-02-01,0.02707117237150669,0.035415153950452805,0.030602734910509386,0.0018640353056802246,65536,63353,NUTS_SL_01m_2024.shp,SI03,2022,January,1
2022-02-01,2022-03-01,0.025698430836200714,0.03799835219979286,0.03239570181021391,0.002597763863127098,65536,49261,NUTS_SL_01m_2024.shp,SI03,2022,February,2
2022-03-01,2022-04-01,0.02778507210314274,0.038507331162691116,0.033280395071364585,0.003630721003927933,65536,62835,NUTS_SL_01m_2024.shp,SI03,2022,March,3
2022-04-01,2022-05-01,0.02177255041897297,0.04152403399348259,0.03023986123445659,0.0029462617416129923,65536,43683,NUTS_SL_01m_2024.shp,SI03,2022,April,4
2022-05-01,2022-06-01,0.021409697830677032,0.03320180997252464,0.02794496041059048,0.002155317164938974,65536,41789,NUTS_SL_01m_2024.shp,SI03,2022,May,5
2022-06-01,2022-07-01,0.016202330589294434,0.033387210220098495,0.026825076327897355,0.002902114390449136,65536,40903,NUTS_SL_01m_2024.shp,SI03,2022,June,6
2022-07-01,2022-08-01,0.022074827924370766,0.03211101144552231,0.02599883482961893,0.0020390257954518926,65536,48244,NUTS_SL_01m_2024.shp,SI03,2022,July,7
2022-08-01,2022-09-01,0.018364718183875084,0.034797243773937225,0.025661094513322644,0.0036330191851895546,65536,61476,NUTS_SL_01m_2024.shp,SI03,2022,August,8
2022-09-01,2022-10-01,0.018965620547533035,0.03287198394536972,0.02617224670484102,0.002808656301396382,65536,49765,NUTS_SL_01m_2024.shp,SI03,2022,September,9
2022-10-01,2022-11-01,0.01789531484246254,0.029306061565876007,0.025471363807792743,0.0016476756446061678,65536,54007,NUTS_SL_01m_2024.shp,SI03,2022,October,10
2022-11-01,2022-12-01,0.023481974378228188,0.03416294604539871,0.029080045467542687,0.0036213612528180027,65536,61669,NUTS_SL_01m_2024.shp,SI03,2022,November,11
2022-12-01,2023-01-01,0.020946631208062172,0.034804534167051315,0.027576043830620685,0.002641206934457914,65536,58366,NUTS_SL_01m_2024.shp,SI03,2022,December,12
2023-01-01,2023-02-01,0.02311670035123825,0.039218563586473465,0.03131196542819807,0.002651212202870293,65536,46192,NUTS_SL_01m_2024.shp,SI03,2023,January,1
2023-02-01,2023-03-01,0.025745021179318428,0.039251189678907394,0.03284201429060773,0.003081383417067097,65536,57566,NUTS_SL_01m_2024.shp,SI03,2023,February,2
2023-03-01,2023-04-01,0.028470445424318314,0.043000441044569016,0.03674151719989348,0.0027548933985549287,65536,63007,NUTS_SL_01m_2024.shp,SI03,2023,March,3
2023-04-01,2023-05-01,0.024280807003378868,0.035184603184461594,0.03027244289270794,0.0024555064728708376,65536,50377,NUTS_SL_01m_2024.shp,SI03,2023,April,4
2023-05-01,2023-06-01,0.03034329228103161,0.03791630268096924,0.0342364179136697,0.002301751110837237,65536,60057,NUTS_SL_01m_2024.shp,SI03,2023,May,5
2023-06-01,2023-07-01,0.023889746516942978,0.04348792880773544,0.033186144617123804,0.0028971029687155816,65536,41055,NUTS_SL_01m_2024.shp,SI03,2023,June,6
2023-07-01,2023-08-01,0.02625456266105175,0.04221171885728836,0.034812206975098355,0.0030272713538558567,65536,49732,NUTS_SL_01m_2024.shp,SI03,2023,July,7
2023-08-01,2023-09-01,0.03319641202688217,0.048703134059906006,0.04102515392663519,0.0031317574315472335,65536,45553,NUTS_SL_01m_2024.shp,SI03,2023,August,8
2023-09-01,2023-10-01,0.020423272624611855,0.03783683851361275,0.03115470430472663,0.003510449092140368,65536,55892,NUTS_SL_01m_2024.shp,SI03,2023,September,9
2023-10-01,2023-11-01,0.02106790617108345,0.04190758615732193,0.029282953638391986,0.003643154056151747,65536,57427,NUTS_SL_01m_2024.shp,SI03,2023,October,10
2023-11-01,2023-12-01,0.03146674111485481,0.03296758979558945,0.03235467776890202,0.0007377174623134068,65536,65345,NUTS_SL_01m_2024.shp,SI03,2023,November,11
2023-12-01,2024-01-01,0.03249558433890343,0.038437675684690475,0.035134067994329755,0.002607576503743437,65536,65085,NUTS_SL_01m_2024.shp,SI03,2023,December,12
2024-02-01,2024-03-01,0.026817912235856056,0.03808683156967163,0.0322516958390528,0.0026554205262651056,65536,57573,NUTS_SL_01m_2024.shp,SI03,2024,February,2
2024-03-01,2024-04-01,0.026963116601109505,0.03922179341316223,0.030767458929127595,0.0028299064321578677,65536,61650,NUTS_SL_01m_2024.shp,SI03,2024,March,3
2024-04-01,2024-05-01,0.02683723159134388,0.041590455919504166,0.03405592115140759,0.0027692213554451344,65536,48041,NUTS_SL_01m_2024.shp,SI03,2024,April,4
2024-05-01,2024-06-01,0.020304987207055092,0.03912409022450447,0.029460627885017594,0.003681293593911026,65536,49415,NUTS_SL_01m_2024.shp,SI03,2024,May,5
2024-06-01,2024-07-01,0.023410450667142868,0.03640597313642502,0.030588822670318906,0.0026638513508951225,65536,42822,NUTS_SL_01m_2024.shp,SI03,2024,June,6
2024-07-01,2024-08-01,0.02297203242778778,0.03240136429667473,0.02892861126597695,0.001962135933183456,65536,58054,NUTS_SL_01m_2024.shp,SI03,2024,July,7
2024-08-01,2024-09-01,0.02480476163327694,0.038781724870204926,0.03415111114151898,0.002543415217628077,65536,49052,NUTS_SL_01m_2024.shp,SI03,2024,August,8
2024-09-01,2024-10-01,0.022425979375839233,0.037712205201387405,0.03134074513815237,0.002672303528384715,65536,48885,NUTS_SL_01m_2024.shp,SI03,2024,September,9
2024-10-01,2024-11-01,0.022517206147313118,0.036987826228141785,0.03032266666900163,0.002599784962564028,65536,51663,NUTS_SL_01m_2024.shp,SI03,2024,October,10
2024-11-01,2024-12-01,0.026868212968111038,0.03872930258512497,0.0337821204518638,0.002450084272987622,65536,46452,NUTS_SL_01m_2024.shp,SI03,2024,November,11
2024-12-01,2025-01-01,0.02058788575232029,0.047991376370191574,0.03260795965151706,0.003769063717897615,65536,48910,NUTS_SL_01m_2024.shp,SI03,2024,December,12
2018-04-01,2018-05-01,0.028784286230802536,0.03840474411845207,0.033510393056820284,0.0020904647657742715,65536,38540,NUTS_SL_01m_2024.shp,SI031,2018,April,4
2018-05-01,2018-06-01,0.027450401335954666,0.03317635878920555,0.03120433641129174,0.001281843738265963,65536,33747,NUTS_SL_01m_2024.shp,SI031,2018,May,5
2018-06-01,2018-07-01,0.022376764565706253,0.030979786068201065,0.027989801383806297,0.0019644618739391145,65536,38852,NUTS_SL_01m_2024.shp,SI031,2018,June,6
2018-07-01,2018-08-01,0.029137935489416122,0.03189917653799057,0.03019369606140545,0.0009349281481012883,65536,45265,NUTS_SL_01m_2024.shp,SI031,2018,July,7
2018-08-01,2018-09-01,0.037693388760089874,0.048501528799533844,0.044933308216321174,0.0016851086482724213,65536,37075,NUTS_SL_01m_2024.shp,SI031,2018,August,8
2018-09-01,2018-10-01,0.02721678838133812,0.0323035828769207,0.02992130086570919,0.001017392690448675,65536,42524,NUTS_SL_01m_2024.shp,SI031,2018,September,9
2018-10-01,2018-11-01,0.02644425630569458,0.03222931548953056,0.02973250630386986,0.0010987411787603109,65536,35856,NUTS_SL_01m_2024.shp,SI031,2018,October,10
2018-12-01,2019-01-01,0.02982630394399166,0.03925668075680733,0.033034917748987334,0.0021498038693546404,65536,40242,NUTS_SL_01m_2024.shp,SI031,2018,December,12
2019-01-01,2019-02-01,0.0277879536151886,0.032820116728544235,0.03061726481796097,0.0015229796090782453,65536,51241,NUTS_SL_01m_2024.shp,SI031,2019,January,1
2019-02-01,2019-03-01,0.029773473739624023,0.034071944653987885,0.03173946493362948,0.0012313050240539028,65536,35176,NUTS_SL_01m_2024.shp,SI031,2019,February,2
2019-03-01,2019-04-01,0.03560670465230942,0.04006531089544296,0.03844487220178716,0.0013691491009963908,65536,50615,NUTS_SL_01m_2024.shp,SI031,2019,March,3
2019-05-01,2019-06-01,0.024870555847883224,0.02989315427839756,0.028370825226055905,0.0014622432604455868,65536,47994,NUTS_SL_01m_2024.shp,SI031,2019,May,5
2019-06-01,2019-07-01,0.022705715149641037,0.03223272040486336,0.026822241318670562,0.0019009398702620366,65536,34768,NUTS_SL_01m_2024.shp,SI031,2019,June,6
2019-07-01,2019-08-01,0.029227348044514656,0.03482958674430847,0.03218509407777954,0.001377723326689689,65536,33747,NUTS_SL_01m_2024.shp,SI031,2019,July,7
2019-08-01,2019-09-01,0.031651388853788376,0.03766674920916557,0.035751761084256074,0.001409931745196489,65536,42548,NUTS_SL_01m_2024.shp,SI031,2019,August,8
2019-09-01,2019-10-01,0.02752603404223919,0.03054942935705185,0.02866764227635685,0.0009169124590610682,65536,57636,NUTS_SL_01m_2024.shp,SI031,2019,September,9
2019-10-01,2019-11-01,0.025714751332998276,0.032228775322437286,0.029536557956810327,0.0014219556567680919,65536,35643,NUTS_SL_01m_2024.shp,SI031,2019,October,10
2019-11-01,2019-12-01,0.02742963470518589,0.032478492707014084,0.029996068181924664,0.001294747402014238,65536,45409,NUTS_SL_01m_2024.shp,SI031,2019,November,11
2019-12-01,2020-01-01,0.0368180051445961,0.0368180051445961,0.0368180051445961,0.0,65536,65520,NUTS_SL_01m_2024.shp,SI031,2019,December,12
2020-03-01,2020-04-01,0.03114030510187149,0.03818649426102638,0.03384923423933861,0.0020290584088000284,65536,35537,NUTS_SL_01m_2024.shp,SI031,2020,March,3
2020-04-01,2020-05-01,0.03093334101140499,0.04028768837451935,0.03651489649194058,0.0017112757466111136,65536,33747,NUTS_SL_01m_2024.shp,SI031,2020,April,4
2020-05-01,2020-06-01,0.02846626564860344,0.0351022332906723,0.03139283399545947,0.0018567269781461055,65536,49439,NUTS_SL_01m_2024.shp,SI031,2020,May,5
2020-06-01,2020-07-01,0.022143647074699402,0.030563129112124443,0.027328480067639924,0.00239182394070338,65536,49639,NUTS_SL_01m_2024.shp,SI031,2020,June,6
2020-07-01,2020-08-01,0.02545899525284767,0.032335665076971054,0.02951542280540248,0.0014588560227081168,65536,33975,NUTS_SL_01m_2024.shp,SI031,2020,July,7
2020-09-01,2020-10-01,0.029721496626734734,0.036973997950553894,0.034408539007562806,0.001852351188757903,65536,43969,NUTS_SL_01m_2024.shp,SI031,2020,September,9
2020-10-01,2020-11-01,0.02573365345597267,0.03254906088113785,0.03028105910680509,0.0015333705327470735,65536,49575,NUTS_SL_01m_2024.shp,SI031,2020,October,10
2020-11-01,2020-12-01,0.032578155398368835,0.036765120923519135,0.03461012569445983,0.0009528525030654679,65536,35518,NUTS_SL_01m_2024.shp,SI031,2020,November,11
2020-12-01,2021-01-01,0.02642793208360672,0.03535379469394684,0.02778128571928126,0.002490590825053757,65536,63981,NUTS_SL_01m_2024.shp,SI031,2020,December,12
2021-02-01,2021-03-01,0.03183760866522789,0.04012702777981758,0.03524378905830989,0.002417497284992422,65536,38231,NUTS_SL_01m_2024.shp,SI031,2021,February,2
2021-03-01,2021-04-01,0.033494457602500916,0.04191276431083679,0.03807894971366005,0.0018407100095463706,65536,38538,NUTS_SL_01m_2024.shp,SI031,2021,March,3
2021-04-01,2021-05-01,0.030028492212295532,0.03813571110367775,0.032970899034423476,0.0017380928472672875,65536,46464,NUTS_SL_01m_2024.shp,SI031,2021,April,4
2021-05-01,2021-06-01,0.02873849868774414,0.029919935390353203,0.029112567635901598,0.0003317266692844378,65536,61584,NUTS_SL_01m_2024.shp,SI031,2021,May,5
2021-06-01,2021-07-01,0.01784042827785015,0.03407099470496178,0.02727892730955668,0.0032003623355867455,65536,33747,NUTS_SL_01m_2024.shp,SI031,2021,June,6
2021-08-01,2021-09-01,0.03445084020495415,0.04355938360095024,0.039882204060223664,0.0021124231500285824,65536,35992,NUTS_SL_01m_2024.shp,SI031,2021,August,8
2021-09-01,2021-10-01,0.03461114317178726,0.0396164134144783,0.03647141420382524,0.0008543225355727559,65536,47116,NUTS_SL_01m_2024.shp,SI031,2021,September,9
2021-10-01,2021-11-01,0.02912597358226776,0.039768949151039124,0.034839241832652794,0.00285891018819322,65536,36244,NUTS_SL_01m_2024.shp,SI031,2021,October,10
2021-12-01,2022-01-01,0.026801401749253273,0.03230378404259682,0.02951459558339723,0.0014087813549667398,65536,34093,NUTS_SL_01m_2024.shp,SI031,2021,December,12
2022-01-01,2022-02-01,0.03205281123518944,0.03205281123518944,0.03205281123518944,0.0,65536,65309,NUTS_SL_01m_2024.shp,SI031,2022,January,1
2022-02-01,2022-03-01,0.03083743155002594,0.03633502498269081,0.03300067863140452,0.0014338726964382208,65536,56654,NUTS_SL_01m_2024.shp,SI031,2022,February,2
2022-04-01,2022-05-01,0.027463393285870552,0.04152403399348259,0.03314871102568154,0.0031813434104467353,65536,38752,NUTS_SL_01m_2024.shp,SI031,2022,April,4
2022-05-01,2022-06-01,0.024823641404509544,0.03143142908811569,0.027956297673511408,0.0019928706932064067,65536,33781,NUTS_SL_01m_2024.shp,SI031,2022,May,5
2022-06-01,2022-07-01,0.025783924385905266,0.03087874874472618,0.028783677752052334,0.0009915319093295747,65536,33747,NUTS_SL_01m_2024.shp,SI031,2022,June,6
2022-07-01,2022-08-01,0.026159590110182762,0.03211101144552231,0.028531301710837925,0.0017387504251477398,65536,50113,NUTS_SL_01m_2024.shp,SI031,2022,July,7
2022-08-01,2022-09-01,0.022438328713178635,0.03407234698534012,0.026985810904542808,0.002775417661833395,65536,59781,NUTS_SL_01m_2024.shp,SI031,2022,August,8
2022-09-01,2022-10-01,0.024422114714980125,0.029704594984650612,0.026876847594611886,0.0014061560158334012,65536,51429,NUTS_SL_01m_2024.shp,SI031,2022,September,9
2022-10-01,2022-11-01,0.02406126633286476,0.02696792036294937,0.0254298058453044,0.0006248806936726109,65536,33747,NUTS_SL_01m_2024.shp,SI031,2022,October,10
2022-11-01,2022-12-01,0.025720950216054916,0.033570583909749985,0.03084573998202327,0.002447035515715775,65536,54655,NUTS_SL_01m_2024.shp,SI031,2022,November,11
2022-12-01,2023-01-01,0.02519473433494568,0.03128187730908394,0.02891985827502049,0.001639375538631761,65536,53794,NUTS_SL_01m_2024.shp,SI031,2022,December,12
2023-01-01,2023-02-01,0.027328701689839363,0.034398019313812256,0.03153183394764337,0.001533887496452141,65536,37728,NUTS_SL_01m_2024.shp,SI031,2023,January,1
2023-02-01,2023-03-01,0.031078511849045753,0.03895891457796097,0.03520478406130935,0.0024068598105916913,65536,49871,NUTS_SL_01m_2024.shp,SI031,2023,February,2
2023-03-01,2023-04-01,0.03166307136416435,0.04002644494175911,0.036018572542260804,0.002256978619649758,65536,61982,NUTS_SL_01m_2024.shp,SI031,2023,March,3
2023-04-01,2023-05-01,0.02864105813205242,0.03279082104563713,0.030867600072518746,0.0010802272283167089,65536,50612,NUTS_SL_01m_2024.shp,SI031,2023,April,4
2023-05-01,2023-06-01,0.03496316075325012,0.03791630268096924,0.03645101239112677,0.0008095236766338298,65536,41310,NUTS_SL_01m_2024.shp,SI031,2023,May,5
2023-06-01,2023-07-01,0.02889162302017212,0.03871685266494751,0.033489490198656977,0.002096738695875775,65536,33961,NUTS_SL_01m_2024.shp,SI031,2023,June,6
2023-07-01,2023-08-01,0.03219582140445709,0.04084710404276848,0.03701756955859923,0.0022662828772272007,65536,34291,NUTS_SL_01m_2024.shp,SI031,2023,July,7
2023-08-01,2023-09-01,0.039531100541353226,0.048703134059906006,0.045944531761132855,0.0017036454128142987,65536,48692,NUTS_SL_01m_2024.shp,SI031,2023,August,8
2023-09-01,2023-10-01,0.037038806825876236,0.03726976737380028,0.03713647670932665,0.00011409856994790778,65536,64531,NUTS_SL_01m_2024.shp,SI031,2023,September,9
2023-12-01,2024-01-01,0.03814077749848366,0.03814077749848366,0.03814077749848366,0.0,65536,64826,NUTS_SL_01m_2024.shp,SI031,2023,December,12
2024-02-01,2024-03-01,0.03125246986746788,0.03671940043568611,0.03382124046042661,0.0014634010998693981,65536,53657,NUTS_SL_01m_2024.shp,SI031,2024,February,2
2024-03-01,2024-04-01,0.03374145179986954,0.0340261310338974,0.03378412667555873,0.00010162433718526475,65536,65009,NUTS_SL_01m_2024.shp,SI031,2024,March,3
2024-04-01,2024-05-01,0.02784932777285576,0.03983524069190025,0.03323662626659058,0.002950890164423267,65536,50223,NUTS_SL_01m_2024.shp,SI031,2024,April,4
2024-05-01,2024-06-01,0.025943784043192863,0.03379734605550766,0.031007569307492332,0.0018154115796645662,65536,59390,NUTS_SL_01m_2024.shp,SI031,2024,May,5
2024-06-01,2024-07-01,0.026485636830329895,0.032796524465084076,0.030181547820272138,0.0013487733430742684,65536,33747,NUTS_SL_01m_2024.shp,SI031,2024,June,6
2024-07-01,2024-08-01,0.02806066907942295,0.0319700613617897,0.02964378194467068,0.0012426045033748425,65536,46748,NUTS_SL_01m_2024.shp,SI031,2024,July,7
2024-08-01,2024-09-01,0.02867555245757103,0.036766160279512405,0.033449990294736325,0.0021937293166371594,65536,39320,NUTS_SL_01m_2024.shp,SI031,2024,August,8
2024-09-01,2024-10-01,0.028518158942461014,0.034399788826704025,0.031542140144609716,0.001469552684283504,65536,41587,NUTS_SL_01m_2024.shp,SI031,2024,September,9
2024-10-01,2024-11-01,0.030536575242877007,0.034680359065532684,0.03219643193621048,0.0012493516965737218,65536,57084,NUTS_SL_01m_2024.shp,SI031,2024,October,10
2024-11-01,2024-12-01,0.03436850756406784,0.03872930258512497,0.0365702712683328,0.0008752152007291296,65536,33747,NUTS_SL_01m_2024.shp,SI031,2024,November,11
2024-12-01,2025-01-01,0.031196346506476402,0.03766011446714401,0.03472906729098249,0.0018357650162365644,65536,41368,NUTS_SL_01m_2024.shp,SI031,2024,December,12
2018-04-01,2018-05-01,0.02907606214284897,0.04127531498670578,0.03386187124605538,0.002373388043075486,65536,29790,NUTS_SL_01m_2024.shp,SI032,2018,April,4
2018-05-01,2018-06-01,0.024460766464471817,0.03319776803255081,0.029519243164060127,0.002001174290835954,65536,32243,NUTS_SL_01m_2024.shp,SI032,2018,May,5
2018-06-01,2018-07-01,0.01986878551542759,0.031296975910663605,0.02740805874821894,0.0025343353687974106,65536,38601,NUTS_SL_01m_2024.shp,SI032,2018,June,6
2018-07-01,2018-08-01,0.023214731365442276,0.03258463740348816,0.030330987033964328,0.0022425953858552098,65536,40847,NUTS_SL_01m_2024.shp,SI032,2018,July,7
2018-08-01,2018-09-01,0.036418333649635315,0.046418000012636185,0.043092201859153266,0.00326793351951067,65536,56995,NUTS_SL_01m_2024.shp,SI032,2018,August,8
2018-09-01,2018-10-01,0.01999702677130699,0.032692935317754745,0.029826361743535215,0.0023606876803545637,65536,31678,NUTS_SL_01m_2024.shp,SI032,2018,September,9
2018-10-01,2018-11-01,0.024725141003727913,0.032242149114608765,0.029105241291834505,0.001673560132144474,65536,39049,NUTS_SL_01m_2024.shp,SI032,2018,October,10
2018-12-01,2019-01-01,0.026865851134061813,0.03581194207072258,0.032556054281041164,0.002155276991168399,65536,35074,NUTS_SL_01m_2024.shp,SI032,2018,December,12
2019-01-01,2019-02-01,0.025693779811263084,0.03272135183215141,0.028182650522055618,0.0017496454553417242,65536,33218,NUTS_SL_01m_2024.shp,SI032,2019,January,1
2019-02-01,2019-03-01,0.027637384831905365,0.03554828464984894,0.03167713589033862,0.0020189102905962056,65536,36931,NUTS_SL_01m_2024.shp,SI032,2019,February,2
2019-03-01,2019-04-01,0.026367146521806717,0.040659692138433456,0.03611238302765834,0.0025198460005618796,65536,39096,NUTS_SL_01m_2024.shp,SI032,2019,March,3
2019-05-01,2019-06-01,0.026630515232682228,0.029771238565444946,0.028597102718438624,0.0011923647417639146,65536,55857,NUTS_SL_01m_2024.shp,SI032,2019,May,5
2019-06-01,2019-07-01,0.015394577756524086,0.030962321907281876,0.025943206519551704,0.0021324061708755345,65536,30366,NUTS_SL_01m_2024.shp,SI032,2019,June,6
2019-07-01,2019-08-01,0.021636558696627617,0.035613276064395905,0.03203838778469879,0.0024876674804686695,65536,30912,NUTS_SL_01m_2024.shp,SI032,2019,July,7
2019-08-01,2019-09-01,0.027661873027682304,0.037549108266830444,0.03350257353415739,0.0024203167370009456,65536,32458,NUTS_SL_01m_2024.shp,SI032,2019,August,8
2019-09-01,2019-10-01,0.028609376400709152,0.03054942935705185,0.02981846644480975,0.0007296920559984787,65536,54519,NUTS_SL_01m_2024.shp,SI032,2019,September,9
2019-10-01,2019-11-01,0.024715682491660118,0.03238430619239807,0.02881120510471166,0.0016943174972095438,65536,28706,NUTS_SL_01m_2024.shp,SI032,2019,October,10
2019-11-01,2019-12-01,0.024816662073135376,0.0338461697101593,0.02870885752155541,0.0019421122431543115,65536,41726,NUTS_SL_01m_2024.shp,SI032,2019,November,11
2019-12-01,2020-01-01,0.028664419427514076,0.032464202493429184,0.029930061433128208,0.0008205770340135063,65536,61812,NUTS_SL_01m_2024.shp,SI032,2019,December,12
2020-03-01,2020-04-01,0.024700786918401718,0.03670133650302887,0.033241035441607586,0.0022701538439234346,65536,35147,NUTS_SL_01m_2024.shp,SI032,2020,March,3
2020-04-01,2020-05-01,0.028369393199682236,0.04085283726453781,0.03475897110677273,0.0025025278158823266,65536,28025,NUTS_SL_01m_2024.shp,SI032,2020,April,4
2020-05-01,2020-06-01,0.026637256145477295,0.03432641178369522,0.03078671095915669,0.0018986173604775968,65536,47555,NUTS_SL_01m_2024.shp,SI032,2020,May,5
2020-06-01,2020-07-01,0.01997426524758339,0.030283493921160698,0.02535324134108732,0.002613435809638953,65536,43542,NUTS_SL_01m_2024.shp,SI032,2020,June,6
2020-07-01,2020-08-01,0.026665573939681053,0.032335665076971054,0.029998764964065675,0.0012051365160124514,65536,46010,NUTS_SL_01m_2024.shp,SI032,2020,July,7
2020-09-01,2020-10-01,0.029660426080226898,0.036898188292980194,0.0334667268826212,0.001864807467950816,65536,47210,NUTS_SL_01m_2024.shp,SI032,2020,September,9
2020-10-01,2020-11-01,0.02573365345597267,0.03541877493262291,0.02976229509806842,0.0015151192791860752,65536,50272,NUTS_SL_01m_2024.shp,SI032,2020,October,10
2020-11-01,2020-12-01,0.02815854363143444,0.03544926270842552,0.032512925435278284,0.002214914662740218,65536,38162,NUTS_SL_01m_2024.shp,SI032,2020,November,11
2020-12-01,2021-01-01,0.029105303809046745,0.03628285229206085,0.0324847821858453,0.0016697722043302547,65536,38980,NUTS_SL_01m_2024.shp,SI032,2020,December,12
2021-02-01,2021-03-01,0.025679361075162888,0.03812755271792412,0.0341115417628291,0.0022029352459670432,65536,37667,NUTS_SL_01m_2024.shp,SI032,2021,February,2
2021-03-01,2021-04-01,0.029973488301038742,0.041134703904390335,0.036706462533302356,0.0020057638508023915,65536,29398,NUTS_SL_01m_2024.shp,SI032,2021,March,3
2021-04-01,2021-05-01,0.030028492212295532,0.03633682802319527,0.032660002515428034,0.001286170799073441,65536,46281,NUTS_SL_01m_2024.shp,SI032,2021,April,4
2021-05-01,2021-06-01,0.028995756059885025,0.029193760827183723,0.029099626312516724,9.888263659421629e-05,65536,62587,NUTS_SL_01m_2024.shp,SI032,2021,May,5
2021-06-01,2021-07-01,0.017758753150701523,0.03392941132187843,0.026390769245971234,0.0038472923998946773,65536,29343,NUTS_SL_01m_2024.shp,SI032,2021,June,6
2021-07-01,2021-08-01,0.026960738003253937,0.036357998847961426,0.03191562158180888,0.0024321538673929347,65536,50513,NUTS_SL_01m_2024.shp,SI032,2021,July,7
2021-08-01,2021-09-01,0.03574644401669502,0.042360108345746994,0.03946302024113768,0.0016588874694112522,65536,32724,NUTS_SL_01m_2024.shp,SI032,2021,August,8
2021-09-01,2021-10-01,0.03657456114888191,0.03692897409200668,0.03675654314850509,0.00016125887673122788,65536,62838,NUTS_SL_01m_2024.shp,SI032,2021,September,9
2021-10-01,2021-11-01,0.02673313394188881,0.040058065205812454,0.0327615661995094,0.00257202562469869,65536,34438,NUTS_SL_01m_2024.shp,SI032,2021,October,10
2021-12-01,2022-01-01,0.016564015299081802,0.03230378404259682,0.027699786438419832,0.0031827407160714117,65536,27994,NUTS_SL_01m_2024.shp,SI032,2021,December,12
2022-01-01,2022-02-01,0.03205281123518944,0.03205281123518944,0.03205281123518944,0.0,65536,64438,NUTS_SL_01m_2024.shp,SI032,2022,January,1
2022-02-01,2022-03-01,0.02796127274632454,0.03799835219979286,0.034576381486420504,0.0021852683916046196,65536,35344,NUTS_SL_01m_2024.shp,SI032,2022,February,2
2022-04-01,2022-05-01,0.02471645548939705,0.036999523639678955,0.0310396323909141,0.0025212601948560996,65536,32827,NUTS_SL_01m_2024.shp,SI032,2022,April,4
2022-05-01,2022-06-01,0.024506384506821632,0.03320180997252464,0.028911327419127122,0.002139956906659455,65536,28605,NUTS_SL_01m_2024.shp,SI032,2022,May,5
2022-06-01,2022-07-01,0.024386467412114143,0.033387210220098495,0.028701490048916097,0.0021539937191887857,65536,31434,NUTS_SL_01m_2024.shp,SI032,2022,June,6
2022-07-01,2022-08-01,0.022074827924370766,0.029997652396559715,0.0264886867351207,0.00231959752728545,65536,35341,NUTS_SL_01m_2024.shp,SI032,2022,July,7
2022-08-01,2022-09-01,0.020069696009159088,0.03407234698534012,0.02581097827284856,0.0035064890739526493,65536,49694,NUTS_SL_01m_2024.shp,SI032,2022,August,8
2022-09-01,2022-10-01,0.018965620547533035,0.030922912061214447,0.026550340500221092,0.002455212262038399,65536,35833,NUTS_SL_01m_2024.shp,SI032,2022,September,9
2022-10-01,2022-11-01,0.01789531484246254,0.028839340433478355,0.02570943854084563,0.0019891938293507,65536,35515,NUTS_SL_01m_2024.shp,SI032,2022,October,10
2022-11-01,2022-12-01,0.03303195908665657,0.03303195908665657,0.03303195908665657,0.0,65536,65016,NUTS_SL_01m_2024.shp,SI032,2022,November,11
2022-12-01,2023-01-01,0.024725016206502914,0.029089801013469696,0.026301177741533923,0.00158072913553302,65536,62010,NUTS_SL_01m_2024.shp,SI032,2022,December,12
2023-01-01,2023-02-01,0.025686653330922127,0.03568248823285103,0.03171271556335344,0.0014959117145475912,65536,37209,NUTS_SL_01m_2024.shp,SI032,2023,January,1
2023-02-01,2023-03-01,0.031078511849045753,0.038924362510442734,0.03564942891712623,0.0017765057737995677,65536,58970,NUTS_SL_01m_2024.shp,SI032,2023,February,2
2023-03-01,2023-04-01,0.03440790995955467,0.040300942957401276,0.038551817078380346,0.00200374362158136,65536,63084,NUTS_SL_01m_2024.shp,SI032,2023,March,3
2023-04-01,2023-05-01,0.026862813159823418,0.034235820174217224,0.031157722962977898,0.001612139020471086,65536,42938,NUTS_SL_01m_2024.shp,SI032,2023,April,4
2023-05-01,2023-06-01,0.03214767575263977,0.03655241057276726,0.03368946105698014,0.0013234506078642094,65536,55673,NUTS_SL_01m_2024.shp,SI032,2023,May,5
2023-06-01,2023-07-01,0.027505552396178246,0.03780234977602959,0.03261747615039408,0.0023771103275563904,65536,27923,NUTS_SL_01m_2024.shp,SI032,2023,June,6
2023-07-01,2023-08-01,0.02715352736413479,0.04164130613207817,0.035614975988703834,0.0029478219567395866,65536,41489,NUTS_SL_01m_2024.shp,SI032,2023,July,7
2023-08-01,2023-09-01,0.03432835265994072,0.0471954308450222,0.04196343550764023,0.003276525671302785,65536,32701,NUTS_SL_01m_2024.shp,SI032,2023,August,8
2023-09-01,2023-10-01,0.0291236974298954,0.03724661469459534,0.03354861722978322,0.002208365237285889,65536,53017,NUTS_SL_01m_2024.shp,SI032,2023,September,9
2023-10-01,2023-11-01,0.025520171970129013,0.0327095128595829,0.02943102372762204,0.0026406493014552203,65536,62822,NUTS_SL_01m_2024.shp,SI032,2023,October,10
2023-12-01,2024-01-01,0.035322949290275574,0.03814077749848366,0.0363277557822195,0.0004759991229450821,65536,64845,NUTS_SL_01m_2024.shp,SI032,2023,December,12
2024-02-01,2024-03-01,0.030863475054502487,0.03671940043568611,0.03209557464783996,0.0011508031722750145,65536,63570,NUTS_SL_01m_2024.shp,SI032,2024,February,2
2024-03-01,2024-04-01,0.03174625709652901,0.03174625709652901,0.03174625709652901,0.0,65536,65473,NUTS_SL_01m_2024.shp,SI032,2024,March,3
2024-04-01,2024-05-01,0.027061525732278824,0.03865016996860504,0.03428361985071933,0.0022580790677476236,65536,31017,NUTS_SL_01m_2024.shp,SI032,2024,April,4
2024-05-01,2024-06-01,0.022676734253764153,0.03513479605317116,0.030650225402198333,0.0019333137072197505,65536,48221,NUTS_SL_01m_2024.shp,SI032,2024,May,5
2024-06-01,2024-07-01,0.024775346741080284,0.03434944525361061,0.02979760195944584,0.0023537526053186483,65536,28175,NUTS_SL_01m_2024.shp,SI032,2024,June,6
2024-07-01,2024-08-01,0.02725851535797119,0.03164130821824074,0.029822982138872824,0.0021594065914936253,65536,64138,NUTS_SL_01m_2024.shp,SI032,2024,July,7
2024-08-01,2024-09-01,0.025754142552614212,0.03722739964723587,0.03425193279601055,0.0021239112866970992,65536,42629,NUTS_SL_01m_2024.shp,SI032,2024,August,8
2024-09-01,2024-10-01,0.02901923470199108,0.037539854645729065,0.032546011735397416,0.0019346262982564211,65536,35689,NUTS_SL_01m_2024.shp,SI032,2024,September,9
2024-10-01,2024-11-01,0.025992056354880333,0.03507858142256737,0.031481824922071834,0.0026476063687371396,65536,45078,NUTS_SL_01m_2024.shp,SI032,2024,October,10
2024-11-01,2024-12-01,0.02763473615050316,0.036967337131500244,0.03463894778658501,0.001985759905514109,65536,28089,NUTS_SL_01m_2024.shp,SI032,2024,November,11
2024-12-01,2025-01-01,0.029705947265028954,0.038953714072704315,0.03490592088425332,0.002084427086147451,65536,37690,NUTS_SL_01m_2024.shp,SI032,2024,December,12
2018-04-01,2018-05-01,0.028587710112333298,0.03600174933671951,0.03224960607665672,0.0020347588185069053,65536,29434,NUTS_SL_01m_2024.shp,SI033,2018,April,4
2018-05-01,2018-06-01,0.02310268022119999,0.033154796808958054,0.02828221828847454,0.0027940497478791205,65536,32773,NUTS_SL_01m_2024.shp,SI033,2018,May,5
2018-06-01,2018-07-01,0.01986878551542759,0.03205929696559906,0.025579771925645547,0.003248097401374009,65536,35667,NUTS_SL_01m_2024.shp,SI033,2018,June,6
2018-07-01,2018-08-01,0.022435560822486877,0.02932313084602356,0.025748031311109455,0.0016887891834424069,65536,27126,NUTS_SL_01m_2024.shp,SI033,2018,July,7
2018-09-01,2018-10-01,0.01795382983982563,0.030891932547092438,0.02616348260592367,0.002643613163826905,65536,28737,NUTS_SL_01m_2024.shp,SI033,2018,September,9
2018-10-01,2018-11-01,0.022667353972792625,0.02925592102110386,0.025460145912143267,0.0019476350306558224,65536,37609,NUTS_SL_01m_2024.shp,SI033,2018,October,10
2018-12-01,2019-01-01,0.023830540478229523,0.03464663401246071,0.029836598112984863,0.0025732519394009714,65536,29116,NUTS_SL_01m_2024.shp,SI033,2018,December,12
2019-01-01,2019-02-01,0.02467419020831585,0.03140495344996452,0.02875183091766928,0.0014198094075272406,65536,30369,NUTS_SL_01m_2024.shp,SI033,2019,January,1
2019-02-01,2019-03-01,0.030536798760294914,0.031726010143756866,0.03115294673200533,0.0005354667893096163,65536,62621,NUTS_SL_01m_2024.shp,SI033,2019,February,2
2019-03-01,2019-04-01,0.026367146521806717,0.03764193132519722,0.032697240412924794,0.002772162955645124,65536,30757,NUTS_SL_01m_2024.shp,SI033,2019,March,3
2019-04-01,2019-05-01,0.031244594603776932,0.037696219980716705,0.034533965047448816,0.0021104812414820748,65536,59136,NUTS_SL_01m_2024.shp,SI033,2019,April,4
2019-06-01,2019-07-01,0.015394577756524086,0.029521971940994263,0.024619071168065512,0.002646332135869055,65536,38027,NUTS_SL_01m_2024.shp,SI033,2019,June,6
2019-07-01,2019-08-01,0.02432474121451378,0.032142095267772675,0.028373523766970648,0.0017853439975372943,65536,31917,NUTS_SL_01m_2024.shp,SI033,2019,July,7
2019-08-01,2019-09-01,0.024218130856752396,0.037880830466747284,0.030319950268862774,0.0024866912594655316,65536,26791,NUTS_SL_01m_2024.shp,SI033,2019,August,8
2019-09-01,2019-10-01,0.02935423143208027,0.02935423143208027,0.02935423143208027,0.0,65536,61097,NUTS_SL_01m_2024.shp,SI033,2019,September,9
2019-10-01,2019-11-01,0.02231118083000183,0.02994707226753235,0.0266721071674898,0.0020103913151924674,65536,29876,NUTS_SL_01m_2024.shp,SI033,2019,October,10
2019-11-01,2019-12-01,0.02242201380431652,0.030593963339924812,0.026542208473681723,0.00230252280508349,65536,47646,NUTS_SL_01m_2024.shp,SI033,2019,November,11
2019-12-01,2020-01-01,0.028664419427514076,0.029542308300733566,0.029379934545727505,0.00034085315974465,65536,64552,NUTS_SL_01m_2024.shp,SI033,2019,December,12
2020-02-01,2020-03-01,0.0245969295501709,0.0245969295501709,0.0245969295501709,0.0,65536,63906,NUTS_SL_01m_2024.shp,SI033,2020,February,2
2020-03-01,2020-04-01,0.024700786918401718,0.03670133650302887,0.029560743863181946,0.002332688506117293,65536,34273,NUTS_SL_01m_2024.shp,SI033,2020,March,3
2020-04-01,2020-05-01,0.03209184855222702,0.03606351092457771,0.033979483943284,0.0014334585161644927,65536,57812,NUTS_SL_01m_2024.shp,SI033,2020,April,4
2020-05-01,2020-06-01,0.029787356033921242,0.03343159705400467,0.03223295321255861,0.0016921331794171517,65536,65049,NUTS_SL_01m_2024.shp,SI033,2020,May,5
2020-06-01,2020-07-01,0.02198500744998455,0.029846860095858574,0.025866259930714897,0.0018266948462837,65536,32808,NUTS_SL_01m_2024.shp,SI033,2020,June,6
2020-07-01,2020-08-01,0.021649448201060295,0.033436406403779984,0.029335583784889766,0.003325193034140455,65536,36165,NUTS_SL_01m_2024.shp,SI033,2020,July,7
2020-09-01,2020-10-01,0.025071371346712112,0.03685357794165611,0.03230491525694808,0.0028728964593284527,65536,39859,NUTS_SL_01m_2024.shp,SI033,2020,September,9
2020-10-01,2020-11-01,0.02925124764442444,0.03228354826569557,0.029928871338047544,0.0012631646278304554,65536,63218,NUTS_SL_01m_2024.shp,SI033,2020,October,10
2020-11-01,2020-12-01,0.0268333088606596,0.033737655729055405,0.029851359469655798,0.0016743681707391404,65536,36132,NUTS_SL_01m_2024.shp,SI033,2020,November,11
2020-12-01,2021-01-01,0.02563452534377575,0.03535318374633789,0.030616909117188167,0.002197041937996565,65536,28253,NUTS_SL_01m_2024.shp,SI033,2020,December,12
2021-01-01,2021-02-01,0.030907928943634033,0.030907928943634033,0.030907928943634033,0.0,65536,65376,NUTS_SL_01m_2024.shp,SI033,2021,January,1
2021-02-01,2021-03-01,0.028710737824440002,0.0345136821269989,0.03257226227287893,0.0011527031890377778,65536,54784,NUTS_SL_01m_2024.shp,SI033,2021,February,2
2021-03-01,2021-04-01,0.028485776856541634,0.03767119720578194,0.03352520487617176,0.0022097305635847943,65536,40449,NUTS_SL_01m_2024.shp,SI033,2021,March,3
2021-04-01,2021-05-01,0.027861254289746284,0.035836949944496155,0.03033701671078408,0.0022685598955364374,65536,41109,NUTS_SL_01m_2024.shp,SI033,2021,April,4
2021-05-01,2021-06-01,0.025178052484989166,0.030432162806391716,0.0300472044150521,0.0013690949178874355,65536,62779,NUTS_SL_01m_2024.shp,SI033,2021,May,5
2021-06-01,2021-07-01,0.014666682109236717,0.030257537961006165,0.023807648004109446,0.0036294305599691105,65536,28615,NUTS_SL_01m_2024.shp,SI033,2021,June,6
2021-07-01,2021-08-01,0.022878523916006088,0.03545929491519928,0.0293817452966689,0.0032806431659328544,65536,32170,NUTS_SL_01m_2024.shp,SI033,2021,July,7
2021-08-01,2021-09-01,0.03125714883208275,0.042436301708221436,0.036347200729248914,0.00238024170917441,65536,29180,NUTS_SL_01m_2024.shp,SI033,2021,August,8
2021-09-01,2021-10-01,0.031820833683013916,0.031820833683013916,0.031820833683013916,0.0,65536,64275,NUTS_SL_01m_2024.shp,SI033,2021,September,9
2021-12-01,2022-01-01,0.017496779561042786,0.03017604909837246,0.025392797931621823,0.002716403143546985,65536,35965,NUTS_SL_01m_2024.shp,SI033,2021,December,12
2022-01-01,2022-02-01,0.02707117237150669,0.0341280996799469,0.030647258918930362,0.0019291477807201567,65536,47738,NUTS_SL_01m_2024.shp,SI033,2022,January,1
2022-02-01,2022-03-01,0.02796127274632454,0.0343557633459568,0.02951440889449251,0.0012753768659921096,65536,53552,NUTS_SL_01m_2024.shp,SI033,2022,February,2
2022-04-01,2022-05-01,0.02177255041897297,0.035759858787059784,0.02970902624457442,0.0029802217705608607,65536,38538,NUTS_SL_01m_2024.shp,SI033,2022,April,4
2022-05-01,2022-06-01,0.023188268765807152,0.031102566048502922,0.02661659599319135,0.0017659935290250746,65536,29622,NUTS_SL_01m_2024.shp,SI033,2022,May,5
2022-06-01,2022-07-01,0.021551914513111115,0.031833820044994354,0.026181564886490094,0.002429061503243494,65536,29871,NUTS_SL_01m_2024.shp,SI033,2022,June,6
2022-07-01,2022-08-01,0.0223317202180624,0.02562292292714119,0.024733416273939962,0.0003576229961681377,65536,51467,NUTS_SL_01m_2024.shp,SI033,2022,July,7
2022-09-01,2022-10-01,0.019136684015393257,0.029476294293999672,0.025185284880764554,0.0026091495425892386,65536,36262,NUTS_SL_01m_2024.shp,SI033,2022,September,9
2022-10-01,2022-11-01,0.01789531484246254,0.025380896404385567,0.023432657004723044,0.0020445776212962867,65536,55740,NUTS_SL_01m_2024.shp,SI033,2022,October,10
2023-01-01,2023-02-01,0.029002247378230095,0.0383819043636322,0.038249967773550345,0.0010528715873386588,65536,64034,NUTS_SL_01m_2024.shp,SI033,2023,January,1
2023-02-01,2023-03-01,0.025745021179318428,0.03270738199353218,0.029641528637811398,0.00259926922406844,65536,56124,NUTS_SL_01m_2024.shp,SI033,2023,February,2
2023-03-01,2023-04-01,0.031718067824840546,0.043000441044569016,0.03696630371208055,0.002702713860360196,65536,51939,NUTS_SL_01m_2024.shp,SI033,2023,March,3
2023-04-01,2023-05-01,0.024280807003378868,0.032844603061676025,0.03024950517193058,0.0020694566233335873,65536,35683,NUTS_SL_01m_2024.shp,SI033,2023,April,4
2023-05-01,2023-06-01,0.03034329228103161,0.03034329228103161,0.03034329228103161,0.0,65536,61595,NUTS_SL_01m_2024.shp,SI033,2023,May,5
2023-06-01,2023-07-01,0.02696494199335575,0.03739205375313759,0.033320669299296224,0.002876823281027725,65536,35596,NUTS_SL_01m_2024.shp,SI033,2023,June,6
2023-07-01,2023-08-01,0.02759002335369587,0.04221171885728836,0.03438383796672935,0.002914984631344722,65536,31379,NUTS_SL_01m_2024.shp,SI033,2023,July,7
2023-08-01,2023-09-01,0.03319641202688217,0.045522719621658325,0.039817145166086254,0.003115255819925243,65536,35292,NUTS_SL_01m_2024.shp,SI033,2023,August,8
2023-09-01,2023-10-01,0.020423272624611855,0.036582693457603455,0.03072039684596302,0.004483959968160469,65536,51546,NUTS_SL_01m_2024.shp,SI033,2023,September,9
2023-10-01,2023-11-01,0.024459723383188248,0.03163381665945053,0.02721766590711207,0.0023651744138390406,65536,61572,NUTS_SL_01m_2024.shp,SI033,2023,October,10
2024-02-01,2024-03-01,0.030554253607988358,0.03464322164654732,0.03327773196108924,0.0008321189602271197,65536,63147,NUTS_SL_01m_2024.shp,SI033,2024,February,2
2024-03-01,2024-04-01,0.03174625709652901,0.03174625709652901,0.03174625709652901,0.0,65536,65015,NUTS_SL_01m_2024.shp,SI033,2024,March,3
2024-04-01,2024-05-01,0.02793046273291111,0.04046289250254631,0.03282228303864937,0.003203728409471489,65536,47497,NUTS_SL_01m_2024.shp,SI033,2024,April,4
2024-05-01,2024-06-01,0.020304987207055092,0.033993788063526154,0.025784170283637574,0.0029013120950942594,65536,31898,NUTS_SL_01m_2024.shp,SI033,2024,May,5
2024-06-01,2024-07-01,0.02486000768840313,0.034008678048849106,0.028627414128920118,0.002940532520038251,65536,44558,NUTS_SL_01m_2024.shp,SI033,2024,June,6
2024-07-01,2024-08-01,0.027152417227625847,0.03112177923321724,0.029670531224359233,0.001073996834172388,65536,49176,NUTS_SL_01m_2024.shp,SI033,2024,July,7
2024-08-01,2024-09-01,0.02480476163327694,0.03608711063861847,0.03047894131489716,0.0025864001736037594,65536,39663,NUTS_SL_01m_2024.shp,SI033,2024,August,8
2024-09-01,2024-10-01,0.022425979375839233,0.034890808165073395,0.02936833032752128,0.0029326162169685762,65536,45850,NUTS_SL_01m_2024.shp,SI033,2024,September,9
2024-10-01,2024-11-01,0.025992056354880333,0.03401428833603859,0.029787216721386598,0.0021676215814447285,65536,52198,NUTS_SL_01m_2024.shp,SI033,2024,October,10
2024-11-01,2024-12-01,0.02763473615050316,0.03549159690737724,0.03193978007420935,0.0024073816392640745,65536,38276,NUTS_SL_01m_2024.shp,SI033,2024,November,11
2024-12-01,2025-01-01,0.02736278437077999,0.03089858777821064,0.029155387796124168,0.0009068826105401851,65536,56859,NUTS_SL_01m_2024.shp,SI033,2024,December,12
2018-04-01,2018-05-01,0.02779078297317028,0.04127531498670578,0.034299969862469644,0.002908393021861594,65536,45494,NUTS_SL_01m_2024.shp,SI034,2018,April,4
2018-05-01,2018-06-01,0.022255070507526398,0.03252479434013367,0.028740213919547824,0.0023237398915941583,65536,36030,NUTS_SL_01m_2024.shp,SI034,2018,May,5
2018-06-01,2018-07-01,0.021883223205804825,0.032230086624622345,0.02721156609602258,0.0025496327437263665,65536,45218,NUTS_SL_01m_2024.shp,SI034,2018,June,6
2018-07-01,2018-08-01,0.02142113447189331,0.031926024705171585,0.027665857161392266,0.00230265906504218,65536,38030,NUTS_SL_01m_2024.shp,SI034,2018,July,7
2018-09-01,2018-10-01,0.01795382983982563,0.032356251031160355,0.02763588869044206,0.0025838432773162977,65536,36396,NUTS_SL_01m_2024.shp,SI034,2018,September,9
2018-10-01,2018-11-01,0.021640807390213013,0.030606143176555634,0.02639482041950895,0.002169207060475241,65536,44448,NUTS_SL_01m_2024.shp,SI034,2018,October,10
2018-12-01,2019-01-01,0.023484565317630768,0.034998103976249695,0.030628323987699463,0.0025847201720957573,65536,40836,NUTS_SL_01m_2024.shp,SI034,2018,December,12
2019-01-01,2019-02-01,0.025693779811263084,0.03129832446575165,0.02877746385000411,0.0013277846860946401,65536,52092,NUTS_SL_01m_2024.shp,SI034,2019,January,1
2019-02-01,2019-03-01,0.024720573797822,0.03438255935907364,0.03153448094744662,0.0019906441589344205,65536,47550,NUTS_SL_01m_2024.shp,SI034,2019,February,2
2019-03-01,2019-04-01,0.026367146521806717,0.03910883516073227,0.03417128731588342,0.0025669822223558974,65536,42996,NUTS_SL_01m_2024.shp,SI034,2019,March,3
2019-04-01,2019-05-01,0.030959727242588997,0.03641509637236595,0.03320193282609767,0.0017180034560025,65536,58270,NUTS_SL_01m_2024.shp,SI034,2019,April,4
2019-05-01,2019-06-01,0.026630515232682228,0.026630515232682228,0.026630515232682228,0.0,65536,65534,NUTS_SL_01m_2024.shp,SI034,2019,May,5
2019-06-01,2019-07-01,0.015394577756524086,0.03006933629512787,0.025827906506801834,0.002226204527473306,65536,38042,NUTS_SL_01m_2024.shp,SI034,2019,June,6
2019-07-01,2019-08-01,0.021636558696627617,0.03484198823571205,0.03001625734964783,0.002354281986515725,65536,36743,NUTS_SL_01m_2024.shp,SI034,2019,July,7
2019-08-01,2019-09-01,0.024218130856752396,0.03801613673567772,0.03140991342372339,0.0028926463853869004,65536,37024,NUTS_SL_01m_2024.shp,SI034,2019,August,8
2019-09-01,2019-10-01,0.028609376400709152,0.030498268082737923,0.029687491296525773,0.0006907294906606112,65536,58061,NUTS_SL_01m_2024.shp,SI034,2019,September,9
2019-10-01,2019-11-01,0.02231118083000183,0.03133436664938927,0.02750562012964745,0.0019756280412782036,65536,38065,NUTS_SL_01m_2024.shp,SI034,2019,October,10
2019-11-01,2019-12-01,0.02242201380431652,0.033098407089710236,0.027943669258255494,0.002293595266049591,65536,42767,NUTS_SL_01m_2024.shp,SI034,2019,November,11
2019-12-01,2020-01-01,0.026665261015295982,0.0361579991877079,0.030551682939079606,0.0020890786086276915,65536,48026,NUTS_SL_01m_2024.shp,SI034,2019,December,12
2020-02-01,2020-03-01,0.025761909782886505,0.029662366956472397,0.02787930081997599,0.0019430512746593357,65536,65501,NUTS_SL_01m_2024.shp,SI034,2020,February,2
2020-03-01,2020-04-01,0.024700786918401718,0.03633968532085419,0.03199040483118561,0.0025800137005448313,65536,39699,NUTS_SL_01m_2024.shp,SI034,2020,March,3
2020-04-01,2020-05-01,0.03209184855222702,0.035530153661966324,0.033549201073879854,0.0012373954020762348,65536,59809,NUTS_SL_01m_2024.shp,SI034,2020,April,4
2020-05-01,2020-06-01,0.026583433151245117,0.03546006977558136,0.031477652724953474,0.0026582461811761786,65536,53447,NUTS_SL_01m_2024.shp,SI034,2020,May,5
2020-06-01,2020-07-01,0.022436507046222687,0.030966196209192276,0.02661537980783263,0.0019223094594944755,65536,48320,NUTS_SL_01m_2024.shp,SI034,2020,June,6
2020-07-01,2020-08-01,0.021649448201060295,0.034420132637023926,0.028331689002151137,0.004527929940080383,65536,63037,NUTS_SL_01m_2024.shp,SI034,2020,July,7
2020-09-01,2020-10-01,0.02384941466152668,0.03892989084124565,0.032265602706798104,0.003392840824962847,65536,41872,NUTS_SL_01m_2024.shp,SI034,2020,September,9
2020-10-01,2020-11-01,0.027154210954904556,0.03541877493262291,0.03101147009257449,0.002173737719265966,65536,53154,NUTS_SL_01m_2024.shp,SI034,2020,October,10
2020-11-01,2020-12-01,0.0268333088606596,0.03481115773320198,0.030777022187943294,0.0017456697559032192,65536,41316,NUTS_SL_01m_2024.shp,SI034,2020,November,11
2020-12-01,2021-01-01,0.023898588493466377,0.038720786571502686,0.03239163808132819,0.002519136033691151,65536,36061,NUTS_SL_01m_2024.shp,SI034,2020,December,12
2021-02-01,2021-03-01,0.028710737824440002,0.03560904040932655,0.03247715623478639,0.0025147453392356514,65536,57843,NUTS_SL_01m_2024.shp,SI034,2021,February,2
2021-03-01,2021-04-01,0.028485776856541634,0.04007820785045624,0.03614988266448641,0.0022334576538202747,65536,42344,NUTS_SL_01m_2024.shp,SI034,2021,March,3
2021-04-01,2021-05-01,0.027094554156064987,0.035786692053079605,0.031340292496001364,0.0019212462590840903,65536,42858,NUTS_SL_01m_2024.shp,SI034,2021,April,4
2021-05-01,2021-06-01,0.025645816698670387,0.034627191722393036,0.030662420114995665,0.002921021942496199,65536,60160,NUTS_SL_01m_2024.shp,SI034,2021,May,5
2021-06-01,2021-07-01,0.014666682109236717,0.0381668359041214,0.024586076965346235,0.002857808533048596,65536,39092,NUTS_SL_01m_2024.shp,SI034,2021,June,6
2021-07-01,2021-08-01,0.019906729459762573,0.03542071953415871,0.02997593429462717,0.0032295614395042717,65536,37813,NUTS_SL_01m_2024.shp,SI034,2021,July,7
2021-08-01,2021-09-01,0.03125714883208275,0.04488562420010567,0.03850837086395962,0.0029740144855259156,65536,36394,NUTS_SL_01m_2024.shp,SI034,2021,August,8
2021-09-01,2021-10-01,0.02826416864991188,0.03208406642079353,0.029319447723717043,0.001560256605552163,65536,63003,NUTS_SL_01m_2024.shp,SI034,2021,September,9
2021-10-01,2021-11-01,0.02993321791291237,0.036606572568416595,0.0335802439755578,0.0022344444467111446,65536,59469,NUTS_SL_01m_2024.shp,SI034,2021,October,10
2021-11-01,2021-12-01,0.03341260179877281,0.03414776548743248,0.03389617234572175,0.0003488022837448791,65536,64674,NUTS_SL_01m_2024.shp,SI034,2021,November,11
2021-12-01,2022-01-01,0.021670904010534286,0.03122527524828911,0.027021645009031283,0.002011325037990831,65536,41024,NUTS_SL_01m_2024.shp,SI034,2021,December,12
2022-01-01,2022-02-01,0.029375247657299042,0.0332610048353672,0.029742188955912345,0.0003934069482015632,65536,60109,NUTS_SL_01m_2024.shp,SI034,2022,January,1
2022-02-01,2022-03-01,0.02651514858007431,0.03696085512638092,0.031743261580446006,0.002251229343667393,65536,47926,NUTS_SL_01m_2024.shp,SI034,2022,February,2
2022-04-01,2022-05-01,0.02217590995132923,0.038252685219049454,0.029532926369361997,0.002971761471472966,65536,40472,NUTS_SL_01m_2024.shp,SI034,2022,April,4
2022-05-01,2022-06-01,0.021409697830677032,0.031757161021232605,0.02814866105526844,0.0024550422365287386,65536,36236,NUTS_SL_01m_2024.shp,SI034,2022,May,5
2022-06-01,2022-07-01,0.02170918881893158,0.033387210220098495,0.02768846123279481,0.0022816674018027606,65536,39663,NUTS_SL_01m_2024.shp,SI034,2022,June,6
2022-07-01,2022-08-01,0.022074827924370766,0.028364606201648712,0.025808266367780112,0.0012432790920084132,65536,53839,NUTS_SL_01m_2024.shp,SI034,2022,July,7
2022-08-01,2022-09-01,0.024016302078962326,0.0321962833404541,0.024760281495873306,0.001236871572941897,65536,62697,NUTS_SL_01m_2024.shp,SI034,2022,August,8
2022-09-01,2022-10-01,0.018965620547533035,0.03287198394536972,0.02681251666710157,0.0031241997539497245,65536,40605,NUTS_SL_01m_2024.shp,SI034,2022,September,9
2022-10-01,2022-11-01,0.022282462567090988,0.027468901127576828,0.02469229786084474,0.0016503821331265486,65536,59035,NUTS_SL_01m_2024.shp,SI034,2022,October,10
2022-11-01,2022-12-01,0.023481974378228188,0.03029567375779152,0.0256299882146521,0.0026196425683724955,65536,61084,NUTS_SL_01m_2024.shp,SI034,2022,November,11
2022-12-01,2023-01-01,0.020946631208062172,0.03153502568602562,0.027197294416592754,0.002223498049766743,65536,60854,NUTS_SL_01m_2024.shp,SI034,2022,December,12
2023-01-01,2023-02-01,0.02311670035123825,0.039218563586473465,0.031830388990150706,0.0032800959881739465,65536,44071,NUTS_SL_01m_2024.shp,SI034,2023,January,1
2023-02-01,2023-03-01,0.025745021179318428,0.034755825996398926,0.030940299444289242,0.0025126198095500128,65536,57674,NUTS_SL_01m_2024.shp,SI034,2023,February,2
2023-03-01,2023-04-01,0.028470445424318314,0.043000441044569016,0.03582416517272635,0.0033674014065459288,65536,61324,NUTS_SL_01m_2024.shp,SI034,2023,March,3
2023-04-01,2023-05-01,0.024280807003378868,0.032806944102048874,0.029956576582769397,0.0017788821963178143,65536,53820,NUTS_SL_01m_2024.shp,SI034,2023,April,4
2023-05-01,2023-06-01,0.03068685531616211,0.034918319433927536,0.03232242168596218,0.0015163506059451778,65536,54478,NUTS_SL_01m_2024.shp,SI034,2023,May,5
2023-06-01,2023-07-01,0.023889746516942978,0.03772098198533058,0.03368508332388554,0.003066414320750292,65536,38299,NUTS_SL_01m_2024.shp,SI034,2023,June,6
2023-07-01,2023-08-01,0.02715352736413479,0.03529081866145134,0.03167008154551358,0.001969237361024647,65536,57338,NUTS_SL_01m_2024.shp,SI034,2023,July,7
2023-08-01,2023-09-01,0.03319641202688217,0.042892299592494965,0.03988677003496498,0.0024251850681345738,65536,45077,NUTS_SL_01m_2024.shp,SI034,2023,August,8
2023-09-01,2023-10-01,0.020909016951918602,0.03783683851361275,0.030124299185239633,0.004905425981511539,65536,53567,NUTS_SL_01m_2024.shp,SI034,2023,September,9
2023-10-01,2023-11-01,0.02313287928700447,0.036835744976997375,0.029826557077675186,0.0028389399961806427,65536,54774,NUTS_SL_01m_2024.shp,SI034,2023,October,10
2024-02-01,2024-03-01,0.029609860852360725,0.036155037581920624,0.03299617397169749,0.002185232095498067,65536,60495,NUTS_SL_01m_2024.shp,SI034,2024,February,2
2024-03-01,2024-04-01,0.034284576773643494,0.034284576773643494,0.034284576773643494,0.0,65536,64741,NUTS_SL_01m_2024.shp,SI034,2024,March,3
2024-04-01,2024-05-01,0.02683723159134388,0.03865016996860504,0.03352076399662293,0.0030610395681771253,65536,46850,NUTS_SL_01m_2024.shp,SI034,2024,April,4
2024-05-01,2024-06-01,0.02131064608693123,0.035992927849292755,0.027999847620754248,0.003468429641611395,65536,41542,NUTS_SL_01m_2024.shp,SI034,2024,May,5
2024-06-01,2024-07-01,0.023410450667142868,0.035352226346731186,0.029508706754672546,0.003080196667809581,65536,39176,NUTS_SL_01m_2024.shp,SI034,2024,June,6
2024-07-01,2024-08-01,0.027152417227625847,0.030457617715001106,0.028596755570103684,0.0008977744062471723,65536,59503,NUTS_SL_01m_2024.shp,SI034,2024,July,7
2024-08-01,2024-09-01,0.02480476163327694,0.03784358501434326,0.03330919051822252,0.002304306695456417,65536,49595,NUTS_SL_01m_2024.shp,SI034,2024,August,8
2024-09-01,2024-10-01,0.022425979375839233,0.037539854645729065,0.030830907970718642,0.0031950222650735057,65536,49719,NUTS_SL_01m_2024.shp,SI034,2024,September,9
2024-10-01,2024-11-01,0.022517206147313118,0.03398430719971657,0.029225175802462817,0.002896447099363514,65536,52435,NUTS_SL_01m_2024.shp,SI034,2024,October,10
2024-11-01,2024-12-01,0.026868212968111038,0.03684619069099426,0.032922165433380925,0.0022995289967920078,65536,40970,NUTS_SL_01m_2024.shp,SI034,2024,November,11
2024-12-01,2025-01-01,0.022903557866811752,0.04253608360886574,0.032597307925224604,0.004154475076335904,65536,44425,NUTS_SL_01m_2024.shp,SI034,2024,December,12
2018-04-01,2018-05-01,0.030540158972144127,0.04079170152544975,0.034788650411146274,0.002812939815271681,65536,34162,NUTS_SL_01m_2024.shp,SI035,2018,April,4
2018-05-01,2018-06-01,0.024860886856913567,0.031936660408973694,0.02844992356549941,0.0022790647860039806,65536,33086,NUTS_SL_01m_2024.shp,SI035,2018,May,5
2018-06-01,2018-07-01,0.02494625933468342,0.02867472730576992,0.02567971330398115,0.0006718283639244988,65536,45991,NUTS_SL_01m_2024.shp,SI035,2018,June,6
2018-07-01,2018-08-01,0.025342023000121117,0.0298745259642601,0.027051476054123034,0.0014755596538988207,65536,33086,NUTS_SL_01m_2024.shp,SI035,2018,July,7
2018-09-01,2018-10-01,0.023048589006066322,0.0298993568867445,0.026633250871549646,0.0024098555123191496,65536,46759,NUTS_SL_01m_2024.shp,SI035,2018,September,9
2018-10-01,2018-11-01,0.02380489930510521,0.02977173589169979,0.026569942455303235,0.0013563278677642648,65536,40217,NUTS_SL_01m_2024.shp,SI035,2018,October,10
2018-12-01,2019-01-01,0.028853541240096092,0.03304460644721985,0.031177199224146853,0.0013622497552236643,65536,33676,NUTS_SL_01m_2024.shp,SI035,2018,December,12
2019-01-01,2019-02-01,0.029079392552375793,0.03486381843686104,0.031628831721199166,0.002420923408378781,65536,59499,NUTS_SL_01m_2024.shp,SI035,2019,January,1
2019-02-01,2019-03-01,0.028684990480542183,0.03460611775517464,0.03161769588371225,0.0014701194269738096,65536,37772,NUTS_SL_01m_2024.shp,SI035,2019,February,2
2019-03-01,2019-04-01,0.029238371178507805,0.03615177795290947,0.033840058803110785,0.001665268192318043,65536,43401,NUTS_SL_01m_2024.shp,SI035,2019,March,3
2019-04-01,2019-05-01,0.03602996841073036,0.03602996841073036,0.03602996841073036,0.0,65536,64031,NUTS_SL_01m_2024.shp,SI035,2019,April,4
2019-06-01,2019-07-01,0.022409092634916306,0.029341744258999825,0.025547754967582402,0.002146350165567878,65536,33086,NUTS_SL_01m_2024.shp,SI035,2019,June,6
2019-07-01,2019-08-01,0.02690744400024414,0.03331548348069191,0.03013725479671556,0.0018919360927177721,65536,33086,NUTS_SL_01m_2024.shp,SI035,2019,July,7
2019-08-01,2019-09-01,0.0285022035241127,0.03582610934972763,0.03155030401271378,0.0016998091679363166,65536,33272,NUTS_SL_01m_2024.shp,SI035,2019,August,8
2019-09-01,2019-10-01,0.028750550001859665,0.028750550001859665,0.028750550001859665,0.0,65536,65327,NUTS_SL_01m_2024.shp,SI035,2019,September,9
2019-10-01,2019-11-01,0.024744482710957527,0.02956368401646614,0.027233409156644038,0.0017655254453395688,65536,39639,NUTS_SL_01m_2024.shp,SI035,2019,October,10
2019-11-01,2019-12-01,0.02536735124886036,0.033060137182474136,0.027718076484725993,0.0013760521144283817,65536,40549,NUTS_SL_01m_2024.shp,SI035,2019,November,11
2019-12-01,2020-01-01,0.025841403752565384,0.032976582646369934,0.03137724592609004,0.001751151547555083,65536,47063,NUTS_SL_01m_2024.shp,SI035,2019,December,12
2020-02-01,2020-03-01,0.03029603138566017,0.03169530630111694,0.03125644200436972,0.00045950748155400485,65536,59781,NUTS_SL_01m_2024.shp,SI035,2020,February,2
2020-03-01,2020-04-01,0.028284261003136635,0.03672213479876518,0.03155259884334859,0.002533329876230541,65536,38534,NUTS_SL_01m_2024.shp,SI035,2020,March,3
2020-04-01,2020-05-01,0.034456077963113785,0.0377824530005455,0.03552481739519102,0.0006289886626566289,65536,52894,NUTS_SL_01m_2024.shp,SI035,2020,April,4
2020-05-01,2020-06-01,0.029472095891833305,0.03546296805143356,0.03204074478547073,0.0024996666537565,65536,53110,NUTS_SL_01m_2024.shp,SI035,2020,May,5
2020-06-01,2020-07-01,0.024453986436128616,0.02919689565896988,0.026580959359938806,0.0011755645516554588,65536,33086,NUTS_SL_01m_2024.shp,SI035,2020,June,6
2020-09-01,2020-10-01,0.02873239666223526,0.038149021565914154,0.034522756273710466,0.002178571055654672,65536,43273,NUTS_SL_01m_2024.shp,SI035,2020,September,9
2020-10-01,2020-11-01,0.02477349154651165,0.03048286959528923,0.026661947672429635,0.0016542676715075094,65536,49250,NUTS_SL_01m_2024.shp,SI035,2020,October,10
2020-11-01,2020-12-01,0.028673533350229263,0.03237989917397499,0.031015654741303567,0.0006535703378494652,65536,47560,NUTS_SL_01m_2024.shp,SI035,2020,November,11
2020-12-01,2021-01-01,0.030279075726866722,0.03631994128227234,0.032875076240539675,0.001967507225803726,65536,33086,NUTS_SL_01m_2024.shp,SI035,2020,December,12
2021-02-01,2021-03-01,0.033266570419073105,0.03604655712842941,0.034766997472191995,0.0005419813627935508,65536,46515,NUTS_SL_01m_2024.shp,SI035,2021,February,2
2021-03-01,2021-04-01,0.03245030716061592,0.039046283811330795,0.035449071345376004,0.0020674439472227754,65536,47941,NUTS_SL_01m_2024.shp,SI035,2021,March,3
2021-04-01,2021-05-01,0.030182156711816788,0.033473506569862366,0.032276624928762855,0.0007420714819795899,65536,50986,NUTS_SL_01m_2024.shp,SI035,2021,April,4
2021-05-01,2021-06-01,0.025645816698670387,0.03092900663614273,0.028160718524544704,0.0017378239969333784,65536,54078,NUTS_SL_01m_2024.shp,SI035,2021,May,5
2021-06-01,2021-07-01,0.014486056752502918,0.02842862345278263,0.021378217566391324,0.004009737146817536,65536,43982,NUTS_SL_01m_2024.shp,SI035,2021,June,6
2021-07-01,2021-08-01,0.02375071868300438,0.033921852707862854,0.03023981979805376,0.0019574946891768785,65536,34447,NUTS_SL_01m_2024.shp,SI035,2021,July,7
2021-08-01,2021-09-01,0.03509761020541191,0.04030654951930046,0.03745257044115736,0.001233321976027346,65536,43357,NUTS_SL_01m_2024.shp,SI035,2021,August,8
2021-09-01,2021-10-01,0.03294102102518082,0.03398854658007622,0.03313660366414415,0.00036995006675253787,65536,62195,NUTS_SL_01m_2024.shp,SI035,2021,September,9
2021-10-01,2021-11-01,0.03425465151667595,0.034984249621629715,0.034424297662055806,0.0003082104663044785,65536,60659,NUTS_SL_01m_2024.shp,SI035,2021,October,10
2021-12-01,2022-01-01,0.023455742746591568,0.03211941942572594,0.02891567660196944,0.0020583031865523513,65536,36438,NUTS_SL_01m_2024.shp,SI035,2021,December,12
2022-01-01,2022-02-01,0.03514358028769493,0.035415153950452805,0.03531830209478128,0.00013008509231492922,65536,62460,NUTS_SL_01m_2024.shp,SI035,2022,January,1
2022-02-01,2022-03-01,0.029572948813438416,0.034766990691423416,0.0318440936728141,0.0017024028883107331,65536,46503,NUTS_SL_01m_2024.shp,SI035,2022,February,2
2022-04-01,2022-05-01,0.02621069923043251,0.03227530047297478,0.028825616320247795,0.0017141955131977952,65536,41296,NUTS_SL_01m_2024.shp,SI035,2022,April,4
2022-05-01,2022-06-01,0.021986212581396103,0.03185093775391579,0.027085130621200045,0.0020834090651783285,65536,35431,NUTS_SL_01m_2024.shp,SI035,2022,May,5
2022-06-01,2022-07-01,0.02170918881893158,0.030209442600607872,0.025525130195936233,0.0014765711723957345,65536,33086,NUTS_SL_01m_2024.shp,SI035,2022,June,6
2022-07-01,2022-08-01,0.0231627244502306,0.028078021481633186,0.025134533673745466,0.001935335023209311,65536,51825,NUTS_SL_01m_2024.shp,SI035,2022,July,7
2022-09-01,2022-10-01,0.02329719439148903,0.028217889368534088,0.02610465623587149,0.0016863635285557504,65536,56523,NUTS_SL_01m_2024.shp,SI035,2022,September,9
2022-10-01,2022-11-01,0.02618606574833393,0.029197387397289276,0.027681822255889717,0.001052870620362156,65536,56867,NUTS_SL_01m_2024.shp,SI035,2022,October,10
2022-11-01,2022-12-01,0.023527979850769043,0.03349136933684349,0.030161985405220533,0.002310300023597008,65536,48825,NUTS_SL_01m_2024.shp,SI035,2022,November,11
2022-12-01,2023-01-01,0.029750162735581398,0.034804534167051315,0.032423973384478576,0.0024457709430285453,65536,60022,NUTS_SL_01m_2024.shp,SI035,2022,December,12
2023-01-01,2023-02-01,0.023828968405723572,0.03351600095629692,0.0299952175126946,0.002264667935745551,65536,33235,NUTS_SL_01m_2024.shp,SI035,2023,January,1
2023-02-01,2023-03-01,0.027845442295074463,0.03305704891681671,0.03190917925034555,0.0010247114294859455,65536,55258,NUTS_SL_01m_2024.shp,SI035,2023,February,2
2023-04-01,2023-05-01,0.02445777878165245,0.031837377697229385,0.03035891568916226,0.0011147450499667641,65536,49001,NUTS_SL_01m_2024.shp,SI035,2023,April,4
2023-05-01,2023-06-01,0.03068685531616211,0.03068685531616211,0.03068685531616211,0.0,65536,65217,NUTS_SL_01m_2024.shp,SI035,2023,May,5
2023-06-01,2023-07-01,0.023889746516942978,0.03795747458934784,0.03261340559846976,0.0032500012533374606,65536,38686,NUTS_SL_01m_2024.shp,SI035,2023,June,6
2023-07-01,2023-08-01,0.03009910322725773,0.03533240407705307,0.03483848922421142,0.0011313678531159191,65536,62821,NUTS_SL_01m_2024.shp,SI035,2023,July,7
2023-08-01,2023-09-01,0.0375593900680542,0.04434655234217644,0.04077176296726729,0.002141397459350588,65536,35118,NUTS_SL_01m_2024.shp,SI035,2023,August,8
2023-09-01,2023-10-01,0.02262301743030548,0.03516067937016487,0.030737958036712275,0.0021538139572343227,65536,45906,NUTS_SL_01m_2024.shp,SI035,2023,September,9
2023-10-01,2023-11-01,0.026537669822573662,0.03581162542104721,0.029683115365489572,0.002754063759914464,65536,53910,NUTS_SL_01m_2024.shp,SI035,2023,October,10
2024-02-01,2024-03-01,0.03042418882250786,0.03042418882250786,0.03042418882250786,0.0,65536,65530,NUTS_SL_01m_2024.shp,SI035,2024,February,2
2024-04-01,2024-05-01,0.029836555942893028,0.03698883205652237,0.033927728491388,0.002045850903351537,65536,36859,NUTS_SL_01m_2024.shp,SI035,2024,April,4
2024-05-01,2024-06-01,0.02348504774272442,0.03467511758208275,0.029699780684871696,0.002246985135300587,65536,35348,NUTS_SL_01m_2024.shp,SI035,2024,May,5
2024-06-01,2024-07-01,0.02616952359676361,0.03478046879172325,0.030274190805859164,0.002562867362617313,65536,50188,NUTS_SL_01m_2024.shp,SI035,2024,June,6
2024-07-01,2024-08-01,0.029764121398329735,0.029764121398329735,0.029764121398329735,0.0,65536,65518,NUTS_SL_01m_2024.shp,SI035,2024,July,7
2024-08-01,2024-09-01,0.03521949052810669,0.038322869688272476,0.036414561588869736,0.0010409935534584555,65536,45017,NUTS_SL_01m_2024.shp,SI035,2024,August,8
2024-09-01,2024-10-01,0.024843944236636162,0.03319339081645012,0.028734996392358676,0.002426346159700555,65536,48382,NUTS_SL_01m_2024.shp,SI035,2024,September,9
2024-10-01,2024-11-01,0.028521042317152023,0.03384174033999443,0.03190315141537743,0.0014147256515848869,65536,36437,NUTS_SL_01m_2024.shp,SI035,2024,October,10
2024-11-01,2024-12-01,0.030900340527296066,0.03684619069099426,0.035793819471664594,0.001258662157493334,65536,48582,NUTS_SL_01m_2024.shp,SI035,2024,November,11
2024-12-01,2025-01-01,0.027581753209233284,0.03571315109729767,0.02998616865642025,0.002065097428032299,65536,45906,NUTS_SL_01m_2024.shp,SI035,2024,December,12
2018-04-01,2018-05-01,0.03104269877076149,0.03880368918180466,0.034502046647680584,0.0016962272685146877,65536,39467,NUTS_SL_01m_2024.shp,SI036,2018,April,4
2018-05-01,2018-06-01,0.026426905766129494,0.03221036121249199,0.029245560690301355,0.0014270036493081021,65536,40225,NUTS_SL_01m_2024.shp,SI036,2018,May,5
2018-06-01,2018-07-01,0.02475890703499317,0.030432259663939476,0.027864554100972858,0.0020535832642665755,65536,49792,NUTS_SL_01m_2024.shp,SI036,2018,June,6
2018-07-01,2018-08-01,0.025450870394706726,0.029572347179055214,0.02833256517312139,0.0010534024130710456,65536,33029,NUTS_SL_01m_2024.shp,SI036,2018,July,7
2018-09-01,2018-10-01,0.023048589006066322,0.034868888556957245,0.029360629714117535,0.0018716747542989712,65536,28050,NUTS_SL_01m_2024.shp,SI036,2018,September,9
2018-10-01,2018-11-01,0.02429545670747757,0.030300842598080635,0.02736195463828275,0.0012476004618370267,65536,36891,NUTS_SL_01m_2024.shp,SI036,2018,October,10
2018-12-01,2019-01-01,0.031389158219099045,0.03765090927481651,0.03470933232353499,0.0022526934496648657,65536,39480,NUTS_SL_01m_2024.shp,SI036,2018,December,12
2019-01-01,2019-02-01,0.026612242683768272,0.033403463661670685,0.03126318692624651,0.0011171340298142078,65536,52048,NUTS_SL_01m_2024.shp,SI036,2019,January,1
2019-02-01,2019-03-01,0.0269798394292593,0.03489486128091812,0.03208900718073315,0.0014918634502127381,65536,29379,NUTS_SL_01m_2024.shp,SI036,2019,February,2
2019-03-01,2019-04-01,0.031766392290592194,0.040163397789001465,0.037657150688270837,0.001623320546768789,65536,39016,NUTS_SL_01m_2024.shp,SI036,2019,March,3
2019-06-01,2019-07-01,0.023598769679665565,0.029086997732520103,0.026615973805048435,0.001386798223411915,65536,27930,NUTS_SL_01m_2024.shp,SI036,2019,June,6
2019-07-01,2019-08-01,0.02690744400024414,0.03518335148692131,0.03146317652407807,0.001862619027390274,65536,28988,NUTS_SL_01m_2024.shp,SI036,2019,July,7
2019-08-01,2019-09-01,0.027640806511044502,0.03640790283679962,0.03377815678639801,0.001362900073591115,65536,38455,NUTS_SL_01m_2024.shp,SI036,2019,August,8
2019-09-01,2019-10-01,0.02572193369269371,0.031284820288419724,0.02843398015092604,0.0009232109184146809,65536,50880,NUTS_SL_01m_2024.shp,SI036,2019,September,9
2019-10-01,2019-11-01,0.024674292653799057,0.032250676304101944,0.028963449643958288,0.0017545114410476427,65536,37828,NUTS_SL_01m_2024.shp,SI036,2019,October,10
2019-11-01,2019-12-01,0.02585029974579811,0.031062141060829163,0.028067590951707733,0.0011329635991386932,65536,28133,NUTS_SL_01m_2024.shp,SI036,2019,November,11
2019-12-01,2020-01-01,0.030555101111531258,0.03211387246847153,0.030967786470484336,0.0003772444321221175,65536,53926,NUTS_SL_01m_2024.shp,SI036,2019,December,12
2020-01-01,2020-02-01,0.03442026674747467,0.03442026674747467,0.03442026674747467,0.0,65536,63078,NUTS_SL_01m_2024.shp,SI036,2020,January,1
2020-03-01,2020-04-01,0.02862858586013317,0.03684409335255623,0.03474526920037913,0.001710632736162329,65536,34817,NUTS_SL_01m_2024.shp,SI036,2020,March,3
2020-04-01,2020-05-01,0.029582327231764793,0.03975808620452881,0.03370113860634784,0.0024530708435868314,65536,27908,NUTS_SL_01m_2024.shp,SI036,2020,April,4
2020-05-01,2020-06-01,0.027245841920375824,0.03822595253586769,0.03169522488902787,0.0024083237843994217,65536,37396,NUTS_SL_01m_2024.shp,SI036,2020,May,5
2020-06-01,2020-07-01,0.022270917892456055,0.029829012230038643,0.02694976444012873,0.001430567643704177,65536,27929,NUTS_SL_01m_2024.shp,SI036,2020,June,6
2020-07-01,2020-08-01,0.029053300619125366,0.0355403870344162,0.032201828448401304,0.002115207001099299,65536,39142,NUTS_SL_01m_2024.shp,SI036,2020,July,7
2020-09-01,2020-10-01,0.027220290154218674,0.03748304396867752,0.032833065120031646,0.0028005611569458123,65536,35034,NUTS_SL_01m_2024.shp,SI036,2020,September,9
2020-10-01,2020-11-01,0.027346260845661163,0.0339086540043354,0.031167913238240478,0.0013454744950644488,65536,29842,NUTS_SL_01m_2024.shp,SI036,2020,October,10
2020-11-01,2020-12-01,0.0300923902541399,0.036476634442806244,0.032478925868495094,0.0013325895478704674,65536,34329,NUTS_SL_01m_2024.shp,SI036,2020,November,11
2020-12-01,2021-01-01,0.02854912541806698,0.03728180378675461,0.03340477466568565,0.0019388334343786566,65536,28498,NUTS_SL_01m_2024.shp,SI036,2020,December,12
2021-02-01,2021-03-01,0.03027765452861786,0.03912452608346939,0.0343609473132248,0.0021306659623226043,65536,31074,NUTS_SL_01m_2024.shp,SI036,2021,February,2
2021-03-01,2021-04-01,0.03258784860372543,0.041367143392562866,0.037672331561721825,0.001990776655835487,65536,31195,NUTS_SL_01m_2024.shp,SI036,2021,March,3
2021-04-01,2021-05-01,0.027094554156064987,0.036522768437862396,0.03166734757112049,0.001819321969692589,65536,39268,NUTS_SL_01m_2024.shp,SI036,2021,April,4
2021-05-01,2021-06-01,0.02922513149678707,0.03364943712949753,0.031069870008791283,0.0017134858196349537,65536,51996,NUTS_SL_01m_2024.shp,SI036,2021,May,5
2021-06-01,2021-07-01,0.014486056752502918,0.030715225264430046,0.025574367230042635,0.003164894173302397,65536,27908,NUTS_SL_01m_2024.shp,SI036,2021,June,6
2021-07-01,2021-08-01,0.02609064243733883,0.03560406342148781,0.03178621399616305,0.002118434200065153,65536,34445,NUTS_SL_01m_2024.shp,SI036,2021,July,7
2021-08-01,2021-09-01,0.0331261083483696,0.0428454652428627,0.03998233485421192,0.0018733338824541335,65536,27908,NUTS_SL_01m_2024.shp,SI036,2021,August,8
2021-10-01,2021-11-01,0.03140983358025551,0.03632356598973274,0.03377921745026611,0.001726854502381513,65536,46630,NUTS_SL_01m_2024.shp,SI036,2021,October,10
2021-11-01,2021-12-01,0.03341260179877281,0.03341260179877281,0.03341260179877281,0.0,65536,64662,NUTS_SL_01m_2024.shp,SI036,2021,November,11
2021-12-01,2022-01-01,0.025090649724006653,0.03122527524828911,0.028203061808771128,0.00160688372200885,65536,40998,NUTS_SL_01m_2024.shp,SI036,2021,December,12
2022-02-01,2022-03-01,0.030448082834482193,0.037441421300172806,0.03375634072575249,0.001621182005796872,65536,32497,NUTS_SL_01m_2024.shp,SI036,2022,February,2
2022-03-01,2022-04-01,0.036169059574604034,0.036169059574604034,0.036169059574604034,0.0,65536,64480,NUTS_SL_01m_2024.shp,SI036,2022,March,3
2022-04-01,2022-05-01,0.026478029787540436,0.04023487865924835,0.03065236056027628,0.002132799929205868,65536,30678,NUTS_SL_01m_2024.shp,SI036,2022,April,4
2022-05-01,2022-06-01,0.025249900296330452,0.03185093775391579,0.029164480502172564,0.0018344944545439714,65536,40288,NUTS_SL_01m_2024.shp,SI036,2022,May,5
2022-06-01,2022-07-01,0.021935272961854935,0.032613106071949005,0.028565892929157045,0.0023068821327696257,65536,27908,NUTS_SL_01m_2024.shp,SI036,2022,June,6
2022-07-01,2022-08-01,0.0231627244502306,0.030261117964982986,0.02697533003351433,0.0014026018421605618,65536,27934,NUTS_SL_01m_2024.shp,SI036,2022,July,7
2022-08-01,2022-09-01,0.018364718183875084,0.034797243773937225,0.02389262627301498,0.006087578060853079,65536,56910,NUTS_SL_01m_2024.shp,SI036,2022,August,8
2022-09-01,2022-10-01,0.020128844305872917,0.03195670247077942,0.027222655940560208,0.003379379498467278,65536,43406,NUTS_SL_01m_2024.shp,SI036,2022,September,9
2022-10-01,2022-11-01,0.023199692368507385,0.029306061565876007,0.025169484468430862,0.001364382231365532,65536,55257,NUTS_SL_01m_2024.shp,SI036,2022,October,10
2022-11-01,2022-12-01,0.023481974378228188,0.0307412501424551,0.024755114108473083,0.0011346011690745637,65536,57239,NUTS_SL_01m_2024.shp,SI036,2022,November,11
2022-12-01,2023-01-01,0.023669198155403137,0.032137032598257065,0.02934730199897957,0.002282664862694914,65536,47575,NUTS_SL_01m_2024.shp,SI036,2022,December,12
2023-01-01,2023-02-01,0.023751933127641678,0.039218563586473465,0.03245836860437153,0.002398192126495457,65536,27908,NUTS_SL_01m_2024.shp,SI036,2023,January,1
2023-02-01,2023-03-01,0.03180981054902077,0.03375468775629997,0.0324541611486112,0.0008995687899831798,65536,63973,NUTS_SL_01m_2024.shp,SI036,2023,February,2
2023-03-01,2023-04-01,0.03652377799153328,0.03840579092502594,0.037681868892290346,0.0007640991239935648,65536,58723,NUTS_SL_01m_2024.shp,SI036,2023,March,3
2023-04-01,2023-05-01,0.029686322435736656,0.035184603184461594,0.032544106562385385,0.0017027265049015968,65536,42827,NUTS_SL_01m_2024.shp,SI036,2023,April,4
2023-05-01,2023-06-01,0.03281264379620552,0.03281264379620552,0.03281264379620552,0.0,65536,65393,NUTS_SL_01m_2024.shp,SI036,2023,May,5
2023-06-01,2023-07-01,0.0291298758238554,0.03909604623913765,0.03547883265751772,0.002029975044673079,65536,32319,NUTS_SL_01m_2024.shp,SI036,2023,June,6
2023-07-01,2023-08-01,0.029588280245661736,0.04108215495944023,0.03492476575598806,0.003360910354220524,65536,56191,NUTS_SL_01m_2024.shp,SI036,2023,July,7
2023-08-01,2023-09-01,0.03743909299373627,0.04434655234217644,0.04140854057474212,0.00209733646656052,65536,30461,NUTS_SL_01m_2024.shp,SI036,2023,August,8
2023-09-01,2023-10-01,0.020909016951918602,0.03608078509569168,0.032103185655546075,0.004396702357285634,65536,48388,NUTS_SL_01m_2024.shp,SI036,2023,September,9
2023-10-01,2023-11-01,0.026539396494627,0.036100976169109344,0.03099124114405718,0.00333829955155447,65536,51164,NUTS_SL_01m_2024.shp,SI036,2023,October,10
2023-12-01,2024-01-01,0.03249558433890343,0.03258521109819412,0.03251370765678271,3.5998327713305857e-05,65536,61733,NUTS_SL_01m_2024.shp,SI036,2023,December,12
2024-02-01,2024-03-01,0.029081394895911217,0.03808683156967163,0.0343669742327375,0.0027664605081593233,65536,39266,NUTS_SL_01m_2024.shp,SI036,2024,February,2
2024-04-01,2024-05-01,0.032208576798439026,0.04035589098930359,0.03793198133938379,0.002268847886140328,65536,53581,NUTS_SL_01m_2024.shp,SI036,2024,April,4
2024-05-01,2024-06-01,0.022640883922576904,0.035777267068624496,0.029644865604667423,0.0029708991156592547,65536,30486,NUTS_SL_01m_2024.shp,SI036,2024,May,5
2024-06-01,2024-07-01,0.02672025002539158,0.03639056906104088,0.03192845986390822,0.00215346568955586,65536,28495,NUTS_SL_01m_2024.shp,SI036,2024,June,6
2024-07-01,2024-08-01,0.02491011843085289,0.02888643741607666,0.027696722775697704,0.0018207866393417642,65536,64911,NUTS_SL_01m_2024.shp,SI036,2024,July,7
2024-08-01,2024-09-01,0.02908230386674404,0.038781724870204926,0.03692448723150888,0.0017470494104460017,65536,48787,NUTS_SL_01m_2024.shp,SI036,2024,August,8
2024-09-01,2024-10-01,0.02757212705910206,0.037712205201387405,0.033126135542734775,0.0028192078697968155,65536,36221,NUTS_SL_01m_2024.shp,SI036,2024,September,9
2024-10-01,2024-11-01,0.029107682406902313,0.034465257078409195,0.03129605739564876,0.0016353011705916094,65536,48519,NUTS_SL_01m_2024.shp,SI036,2024,October,10
2024-11-01,2024-12-01,0.03057316690683365,0.036544330418109894,0.03364652515422327,0.0018136715734577318,65536,28554,NUTS_SL_01m_2024.shp,SI036,2024,November,11
2024-12-01,2025-01-01,0.027581753209233284,0.047991376370191574,0.03429370957583783,0.003616778882199256,65536,30871,NUTS_SL_01m_2024.shp,SI036,2024,December,12
2018-04-01,2018-05-01,0.02814202941954136,0.04079170152544975,0.03416319421696246,0.00287097972138392,65536,29851,NUTS_SL_01m_2024.shp,SI037,2018,April,4
2018-05-01,2018-06-01,0.02529856748878956,0.03498857840895653,0.029657571143419697,0.002459832962024956,65536,54948,NUTS_SL_01m_2024.shp,SI037,2018,May,5
2018-06-01,2018-07-01,0.022837631404399872,0.030880410224199295,0.027153584628865968,0.002323084821386843,65536,32398,NUTS_SL_01m_2024.shp,SI037,2018,June,6
2018-07-01,2018-08-01,0.023392416536808014,0.031160393729805946,0.027176774116693826,0.0020017826249450676,65536,27422,NUTS_SL_01m_2024.shp,SI037,2018,July,7
2018-09-01,2018-10-01,0.023048589006066322,0.033132683485746384,0.028071847980127553,0.0022251509995889368,65536,28108,NUTS_SL_01m_2024.shp,SI037,2018,September,9
2018-10-01,2018-11-01,0.02331068553030491,0.02977173589169979,0.026436770508480117,0.0014495549452040247,65536,27026,NUTS_SL_01m_2024.shp,SI037,2018,October,10
2018-12-01,2019-01-01,0.0261678583920002,0.03738357871770859,0.0315324383788991,0.0026739267436392085,65536,41846,NUTS_SL_01m_2024.shp,SI037,2018,December,12
2019-01-01,2019-02-01,0.030421392992138863,0.03656044602394104,0.03344304348909332,0.0016608883622300321,65536,50496,NUTS_SL_01m_2024.shp,SI037,2019,January,1
2019-02-01,2019-03-01,0.026128366589546204,0.03587527573108673,0.03148554163372669,0.0020337096348899183,65536,25929,NUTS_SL_01m_2024.shp,SI037,2019,February,2
2019-03-01,2019-04-01,0.030666673555970192,0.03968081250786781,0.03549254039059936,0.002146831465539116,65536,37520,NUTS_SL_01m_2024.shp,SI037,2019,March,3
2019-04-01,2019-05-01,0.030921388417482376,0.03602996841073036,0.03357061049961422,0.002017985497481405,65536,60916,NUTS_SL_01m_2024.shp,SI037,2019,April,4
2019-05-01,2019-06-01,0.026896195486187935,0.028117766603827477,0.02756928614933907,0.0003087435401330925,65536,60358,NUTS_SL_01m_2024.shp,SI037,2019,May,5
2019-06-01,2019-07-01,0.020359842106699944,0.03188864141702652,0.02644955942980872,0.0027280516946296797,65536,32489,NUTS_SL_01m_2024.shp,SI037,2019,June,6
2019-07-01,2019-08-01,0.025946693494915962,0.034869078546762466,0.03028891136413854,0.002036101716092733,65536,52361,NUTS_SL_01m_2024.shp,SI037,2019,July,7
2019-08-01,2019-09-01,0.025593699887394905,0.03700936213135719,0.031710544043287256,0.0025713819239311366,65536,27832,NUTS_SL_01m_2024.shp,SI037,2019,August,8
2019-09-01,2019-10-01,0.02572193369269371,0.03023933246731758,0.028273458499078172,0.0006588259462149865,65536,58246,NUTS_SL_01m_2024.shp,SI037,2019,September,9
2019-10-01,2019-11-01,0.02397165820002556,0.030576948076486588,0.02721222070441517,0.0014629402589167305,65536,33801,NUTS_SL_01m_2024.shp,SI037,2019,October,10
2019-11-01,2019-12-01,0.025362376123666763,0.03253071755170822,0.02868979556262686,0.0017856480320427377,65536,33551,NUTS_SL_01m_2024.shp,SI037,2019,November,11
2019-12-01,2020-01-01,0.02593560703098774,0.032277725636959076,0.02915656152184041,0.0013357834367367385,65536,56971,NUTS_SL_01m_2024.shp,SI037,2019,December,12
2020-01-01,2020-02-01,0.031703073531389236,0.031829025596380234,0.03173104282948892,5.2349873121304304e-05,65536,64838,NUTS_SL_01m_2024.shp,SI037,2020,January,1
2020-02-01,2020-03-01,0.029612911865115166,0.029612911865115166,0.029612911865115166,0.0,65536,65531,NUTS_SL_01m_2024.shp,SI037,2020,February,2
2020-03-01,2020-04-01,0.02862858586013317,0.03862673044204712,0.03403315622056589,0.002341559552767404,65536,42993,NUTS_SL_01m_2024.shp,SI037,2020,March,3
2020-04-01,2020-05-01,0.03231427073478699,0.0377824530005455,0.03513495048203081,0.0010724927279189445,65536,59294,NUTS_SL_01m_2024.shp,SI037,2020,April,4
2020-05-01,2020-06-01,0.022181296721100807,0.03822595253586769,0.029410424577173275,0.0030411125951038155,65536,37049,NUTS_SL_01m_2024.shp,SI037,2020,May,5
2020-06-01,2020-07-01,0.021762274205684662,0.030900007113814354,0.026750165943314887,0.0020991002169774495,65536,25929,NUTS_SL_01m_2024.shp,SI037,2020,June,6
2020-07-01,2020-08-01,0.025064999237656593,0.0355403870344162,0.03137575877715523,0.0026381832521282537,65536,51882,NUTS_SL_01m_2024.shp,SI037,2020,July,7
2020-09-01,2020-10-01,0.023796217516064644,0.04017755761742592,0.03174566013223418,0.0038367973775916713,65536,35956,NUTS_SL_01m_2024.shp,SI037,2020,September,9
2020-10-01,2020-11-01,0.023380061611533165,0.0339086540043354,0.028910421427264108,0.002479182738555843,65536,29739,NUTS_SL_01m_2024.shp,SI037,2020,October,10
2020-11-01,2020-12-01,0.029287002980709076,0.03372021019458771,0.03163510851260113,0.0011003498139710928,65536,37204,NUTS_SL_01m_2024.shp,SI037,2020,November,11
2020-12-01,2021-01-01,0.027616694569587708,0.03659883514046669,0.032143980684535965,0.0027174217909129174,65536,37437,NUTS_SL_01m_2024.shp,SI037,2020,December,12
2021-02-01,2021-03-01,0.029245035722851753,0.03618865832686424,0.03294965710940645,0.0018401744040908569,65536,47005,NUTS_SL_01m_2024.shp,SI037,2021,February,2
2021-03-01,2021-04-01,0.02885316126048565,0.04094685614109039,0.035117315733853065,0.0027415181812475904,65536,41061,NUTS_SL_01m_2024.shp,SI037,2021,March,3
2021-04-01,2021-05-01,0.027105078101158142,0.0360417366027832,0.03156889885125406,0.002064861005948432,65536,40373,NUTS_SL_01m_2024.shp,SI037,2021,April,4
2021-05-01,2021-06-01,0.02303490974009037,0.03436492010951042,0.029876890121234054,0.00310428734481863,65536,44857,NUTS_SL_01m_2024.shp,SI037,2021,May,5
2021-06-01,2021-07-01,0.01804140955209732,0.0306974109262228,0.023480293345451094,0.003130699368352126,65536,29075,NUTS_SL_01m_2024.shp,SI037,2021,June,6
2021-07-01,2021-08-01,0.020303040742874146,0.0364314503967762,0.029356938465139232,0.0038170682288356716,65536,29582,NUTS_SL_01m_2024.shp,SI037,2021,July,7
2021-08-01,2021-09-01,0.03222288936376572,0.045905835926532745,0.03722633525516663,0.002581959566894345,65536,35668,NUTS_SL_01m_2024.shp,SI037,2021,August,8
2021-09-01,2021-10-01,0.03027709200978279,0.03027709200978279,0.03027709200978279,0.0,65536,65534,NUTS_SL_01m_2024.shp,SI037,2021,September,9
2021-10-01,2021-11-01,0.027757564559578896,0.037998016923666,0.03457297141108821,0.001371096185324543,65536,54006,NUTS_SL_01m_2024.shp,SI037,2021,October,10
2021-11-01,2021-12-01,0.027842646464705467,0.03517641872167587,0.030766144584578718,0.002208402785264295,65536,60175,NUTS_SL_01m_2024.shp,SI037,2021,November,11
2021-12-01,2022-01-01,0.02593008615076542,0.03151687979698181,0.028790220426982337,0.0014585338200663977,65536,29708,NUTS_SL_01m_2024.shp,SI037,2021,December,12
2022-02-01,2022-03-01,0.025698430836200714,0.03543208912014961,0.031671221606388224,0.002515263555411199,65536,44239,NUTS_SL_01m_2024.shp,SI037,2022,February,2
2022-03-01,2022-04-01,0.02778507210314274,0.038507331162691116,0.03323684727013033,0.003637132306166161,65536,46869,NUTS_SL_01m_2024.shp,SI037,2022,March,3
2022-04-01,2022-05-01,0.022447913885116577,0.03650287911295891,0.0297508562136061,0.002523520423359757,65536,34434,NUTS_SL_01m_2024.shp,SI037,2022,April,4
2022-05-01,2022-06-01,0.024866357445716858,0.03185093775391579,0.027666917570721563,0.0018330509980495303,65536,33713,NUTS_SL_01m_2024.shp,SI037,2022,May,5
2022-06-01,2022-07-01,0.021907132118940353,0.0308414064347744,0.025715450075812746,0.0021442884276439353,65536,26870,NUTS_SL_01m_2024.shp,SI037,2022,June,6
2022-07-01,2022-08-01,0.02298467978835106,0.030261117964982986,0.025348598287641706,0.0017701188012367085,65536,26247,NUTS_SL_01m_2024.shp,SI037,2022,July,7
2022-08-01,2022-09-01,0.024104947224259377,0.03314485400915146,0.025851928111329078,0.002342865983223877,65536,61407,NUTS_SL_01m_2024.shp,SI037,2022,August,8
2022-09-01,2022-10-01,0.019715284928679466,0.03063470870256424,0.024794958283009604,0.002721630838843791,65536,45184,NUTS_SL_01m_2024.shp,SI037,2022,September,9
2022-10-01,2022-11-01,0.022846296429634094,0.029197387397289276,0.025807889932576208,0.0014671624743603593,65536,51693,NUTS_SL_01m_2024.shp,SI037,2022,October,10
2022-11-01,2022-12-01,0.02390339784324169,0.03416294604539871,0.03057575665981585,0.0033529347706775943,65536,57537,NUTS_SL_01m_2024.shp,SI037,2022,November,11
2022-12-01,2023-01-01,0.022894293069839478,0.032137032598257065,0.02579988042594283,0.0026178701722161584,65536,59385,NUTS_SL_01m_2024.shp,SI037,2022,December,12
2023-01-01,2023-02-01,0.023751933127641678,0.03788617625832558,0.030586666374108614,0.0027498858156666446,65536,32740,NUTS_SL_01m_2024.shp,SI037,2023,January,1
2023-02-01,2023-03-01,0.02742788940668106,0.035451874136924744,0.03251539754795735,0.001894411819410222,65536,49461,NUTS_SL_01m_2024.shp,SI037,2023,February,2
2023-03-01,2023-04-01,0.034181270748376846,0.034181270748376846,0.034181270748376846,0.0,65536,65344,NUTS_SL_01m_2024.shp,SI037,2023,March,3
2023-04-01,2023-05-01,0.02460477314889431,0.035184603184461594,0.03054281734858151,0.0027571707336766426,65536,40729,NUTS_SL_01m_2024.shp,SI037,2023,April,4
2023-06-01,2023-07-01,0.02680600807070732,0.04348792880773544,0.03303099370431963,0.0031225708185507587,65536,27422,NUTS_SL_01m_2024.shp,SI037,2023,June,6
2023-07-01,2023-08-01,0.02625456266105175,0.038502175360918045,0.03349787260739946,0.0027797482955756927,65536,43993,NUTS_SL_01m_2024.shp,SI037,2023,July,7
2023-08-01,2023-09-01,0.03473130241036415,0.044208552688360214,0.039892565775296394,0.0024983021002293495,65536,26055,NUTS_SL_01m_2024.shp,SI037,2023,August,8
2023-09-01,2023-10-01,0.023626742884516716,0.035078417509794235,0.030415144281130235,0.00215449365573828,65536,55774,NUTS_SL_01m_2024.shp,SI037,2023,September,9
2023-10-01,2023-11-01,0.02106790617108345,0.04190758615732193,0.029815090107402163,0.00417804332595803,65536,42561,NUTS_SL_01m_2024.shp,SI037,2023,October,10
2023-11-01,2023-12-01,0.03146674111485481,0.03296758979558945,0.03238901835759636,0.0007304815333472292,65536,64226,NUTS_SL_01m_2024.shp,SI037,2023,November,11
2023-12-01,2024-01-01,0.03249558433890343,0.038437675684690475,0.038216079161925785,0.0011196808076977829,65536,65085,NUTS_SL_01m_2024.shp,SI037,2023,December,12
2024-02-01,2024-03-01,0.02715126983821392,0.03466862812638283,0.03122765051081713,0.001971589871547147,65536,44381,NUTS_SL_01m_2024.shp,SI037,2024,February,2
2024-03-01,2024-04-01,0.026963116601109505,0.03922179341316223,0.03128065782690927,0.002632845228086574,65536,47654,NUTS_SL_01m_2024.shp,SI037,2024,March,3
2024-04-01,2024-05-01,0.031170779839158058,0.041590455919504166,0.034961079608509374,0.00209825887299115,65536,37520,NUTS_SL_01m_2024.shp,SI037,2024,April,4
2024-05-01,2024-06-01,0.022640883922576904,0.03912409022450447,0.031302622357357604,0.00382466243488722,65536,32116,NUTS_SL_01m_2024.shp,SI037,2024,May,5
2024-06-01,2024-07-01,0.02755618467926979,0.03640597313642502,0.03237935889085721,0.0017822771163164212,65536,30089,NUTS_SL_01m_2024.shp,SI037,2024,June,6
2024-07-01,2024-08-01,0.02297203242778778,0.03240136429667473,0.028906166554996175,0.002107083721479931,65536,49380,NUTS_SL_01m_2024.shp,SI037,2024,July,7
2024-08-01,2024-09-01,0.02908230386674404,0.03957967832684517,0.03584047835196798,0.0016800290177121694,65536,43053,NUTS_SL_01m_2024.shp,SI037,2024,August,8
2024-09-01,2024-10-01,0.023534096777439117,0.036134980618953705,0.030725020635845684,0.002382915129313164,65536,45018,NUTS_SL_01m_2024.shp,SI037,2024,September,9
2024-10-01,2024-11-01,0.025889359414577484,0.03480084240436554,0.03040589147420567,0.0021053070651998068,65536,34129,NUTS_SL_01m_2024.shp,SI037,2024,October,10
2024-11-01,2024-12-01,0.029181282967329025,0.03532938286662102,0.031983807646971875,0.0013622840932545478,65536,43610,NUTS_SL_01m_2024.shp,SI037,2024,November,11
2024-12-01,2025-01-01,0.025281807407736778,0.037300657480955124,0.030745003178280262,0.003096979135868928,65536,46003,NUTS_SL_01m_2024.shp,SI037,2024,December,12
2018-04-01,2018-05-01,0.029016440734267235,0.03643304854631424,0.0328836239866524,0.0018105241195587117,65536,43199,NUTS_SL_01m_2024.shp,SI038,2018,April,4
2018-06-01,2018-07-01,0.02211092785000801,0.03110012598335743,0.02718167246260501,0.0017898278995651792,65536,23240,NUTS_SL_01m_2024.shp,SI038,2018,June,6
2018-07-01,2018-08-01,0.023799525573849678,0.03091346099972725,0.026946203540238762,0.001582385197226934,65536,35570,NUTS_SL_01m_2024.shp,SI038,2018,July,7
2018-09-01,2018-10-01,0.02189333736896515,0.03080548159778118,0.026266786226577278,0.0019240071357393988,65536,16372,NUTS_SL_01m_2024.shp,SI038,2018,September,9
2018-10-01,2018-11-01,0.02110721357166767,0.02888534963130951,0.024701672429923806,0.0014729551298551609,65536,17344,NUTS_SL_01m_2024.shp,SI038,2018,October,10
2018-12-01,2019-01-01,0.02462310902774334,0.03375466167926788,0.028618244881939887,0.002276760684431192,65536,22863,NUTS_SL_01m_2024.shp,SI038,2018,December,12
2019-01-01,2019-02-01,0.027201510965824127,0.03181831166148186,0.02897568387291586,0.0010922027957953825,65536,41327,NUTS_SL_01m_2024.shp,SI038,2019,January,1
2019-02-01,2019-03-01,0.026877710595726967,0.03380896896123886,0.03025624879961137,0.0013996344235392164,65536,16372,NUTS_SL_01m_2024.shp,SI038,2019,February,2
2019-03-01,2019-04-01,0.030266830697655678,0.03735510632395744,0.03386885741840544,0.0015884584978985389,65536,27459,NUTS_SL_01m_2024.shp,SI038,2019,March,3
2019-04-01,2019-05-01,0.026890544220805168,0.03284453973174095,0.031259703035342326,0.001906706727840214,65536,46663,NUTS_SL_01m_2024.shp,SI038,2019,April,4
2019-05-01,2019-06-01,0.026890350505709648,0.02829115279018879,0.027333237399132158,0.0005998319862317609,65536,56176,NUTS_SL_01m_2024.shp,SI038,2019,May,5
2019-06-01,2019-07-01,0.020289774984121323,0.02719646878540516,0.024576265110335352,0.0019496587313750354,65536,35981,NUTS_SL_01m_2024.shp,SI038,2019,June,6
2019-07-01,2019-08-01,0.026440653949975967,0.03321044519543648,0.029596962311314454,0.0020668326279464026,65536,47375,NUTS_SL_01m_2024.shp,SI038,2019,July,7
2019-08-01,2019-09-01,0.02242906391620636,0.03190361708402634,0.02844045355395313,0.0020919328283477883,65536,16515,NUTS_SL_01m_2024.shp,SI038,2019,August,8
2019-09-01,2019-10-01,0.02372766099870205,0.02541011944413185,0.024240702633175806,0.0005909831848225916,65536,59038,NUTS_SL_01m_2024.shp,SI038,2019,September,9
2019-10-01,2019-11-01,0.024609720334410667,0.03131607547402382,0.02684026062018219,0.0012203957515320597,65536,23875,NUTS_SL_01m_2024.shp,SI038,2019,October,10
2019-11-01,2019-12-01,0.023060597479343414,0.03264935687184334,0.027956453815949384,0.002137841314302496,65536,21118,NUTS_SL_01m_2024.shp,SI038,2019,November,11
2019-12-01,2020-01-01,0.026441436260938644,0.03166668862104416,0.029041851137841402,0.0016869600700443045,65536,48857,NUTS_SL_01m_2024.shp,SI038,2019,December,12
2020-01-01,2020-02-01,0.031935982406139374,0.031935982406139374,0.031935982406139374,0.0,65536,62340,NUTS_SL_01m_2024.shp,SI038,2020,January,1
2020-02-01,2020-03-01,0.028717752546072006,0.03427177295088768,0.03131631170909774,0.0013051112974815783,65536,21527,NUTS_SL_01m_2024.shp,SI038,2020,February,2
2020-03-01,2020-04-01,0.027640214189887047,0.03533569723367691,0.03257656916600149,0.0017870652893399123,65536,26185,NUTS_SL_01m_2024.shp,SI038,2020,March,3
2020-04-01,2020-05-01,0.0321112796664238,0.035796601325273514,0.033929650447731455,0.0011642268312560774,65536,46527,NUTS_SL_01m_2024.shp,SI038,2020,April,4
2020-05-01,2020-06-01,0.023320725187659264,0.035914625972509384,0.029658381488467087,0.0024201309440582924,65536,26769,NUTS_SL_01m_2024.shp,SI038,2020,May,5
2020-06-01,2020-07-01,0.02131710760295391,0.028308918699622154,0.024640710083207607,0.0015073611848351427,65536,24693,NUTS_SL_01m_2024.shp,SI038,2020,June,6
2020-07-01,2020-08-01,0.026059575378894806,0.0331268273293972,0.02881709671395268,0.0031402296508660703,65536,65035,NUTS_SL_01m_2024.shp,SI038,2020,July,7
2020-09-01,2020-10-01,0.026416301727294922,0.03416953608393669,0.030196128978312163,0.0017575079671647057,65536,29310,NUTS_SL_01m_2024.shp,SI038,2020,September,9
2020-10-01,2020-11-01,0.02319556288421154,0.03192437067627907,0.02666490485653995,0.0018737987710915392,65536,21319,NUTS_SL_01m_2024.shp,SI038,2020,October,10
2020-11-01,2020-12-01,0.027704112231731415,0.03243626281619072,0.03076397032447429,0.0012006922717080091,65536,17493,NUTS_SL_01m_2024.shp,SI038,2020,November,11
2020-12-01,2021-01-01,0.02807118371129036,0.0347457230091095,0.03153727272105181,0.001611350552683349,65536,16491,NUTS_SL_01m_2024.shp,SI038,2020,December,12
2021-02-01,2021-03-01,0.029245035722851753,0.03249186649918556,0.031220347634716435,0.001083233799319157,65536,16372,NUTS_SL_01m_2024.shp,SI038,2021,February,2
2021-03-01,2021-04-01,0.03214767202734947,0.03842726722359657,0.03452230375328664,0.001478615193742923,65536,37545,NUTS_SL_01m_2024.shp,SI038,2021,March,3
2021-04-01,2021-05-01,0.026567520573735237,0.03223055601119995,0.02878903710249962,0.001471908496830756,65536,39897,NUTS_SL_01m_2024.shp,SI038,2021,April,4
2021-05-01,2021-06-01,0.025039440020918846,0.030632384121418,0.028554191082922786,0.0012988305701686993,65536,24555,NUTS_SL_01m_2024.shp,SI038,2021,May,5
2021-06-01,2021-07-01,0.01903095841407776,0.029641851782798767,0.023874359093827676,0.002795732649335121,65536,16372,NUTS_SL_01m_2024.shp,SI038,2021,June,6
2021-07-01,2021-08-01,0.023032205179333687,0.032861147075891495,0.02777331506655543,0.0024103042437606794,65536,22542,NUTS_SL_01m_2024.shp,SI038,2021,July,7
2021-08-01,2021-09-01,0.03249078243970871,0.039790816605091095,0.035692435530629125,0.002231926886764691,65536,30688,NUTS_SL_01m_2024.shp,SI038,2021,August,8
2021-09-01,2021-10-01,0.029558436945080757,0.03359441086649895,0.03143887690512851,0.001147096224624942,65536,33995,NUTS_SL_01m_2024.shp,SI038,2021,September,9
2021-10-01,2021-11-01,0.03045620210468769,0.03186563029885292,0.031407320253442075,0.0006389191439652243,65536,59522,NUTS_SL_01m_2024.shp,SI038,2021,October,10
2021-11-01,2021-12-01,0.0290968157351017,0.033490244299173355,0.03122949998897141,0.0016848769545858167,65536,60628,NUTS_SL_01m_2024.shp,SI038,2021,November,11
2021-12-01,2022-01-01,0.024135034531354904,0.03128702938556671,0.0277975406361446,0.0017188230145101795,65536,16602,NUTS_SL_01m_2024.shp,SI038,2021,December,12
2022-02-01,2022-03-01,0.026211341843008995,0.03448694571852684,0.030757868616586026,0.002027325477536581,65536,21213,NUTS_SL_01m_2024.shp,SI038,2022,February,2
2022-04-01,2022-05-01,0.023604266345500946,0.034533292055130005,0.028706768202907174,0.0023121407082291484,65536,21293,NUTS_SL_01m_2024.shp,SI038,2022,April,4
2022-05-01,2022-06-01,0.023210853338241577,0.031186703592538834,0.027162644850174788,0.0015453361382572963,65536,21743,NUTS_SL_01m_2024.shp,SI038,2022,May,5
2022-06-01,2022-07-01,0.016202330589294434,0.027015822008252144,0.0226760218022484,0.0027536324647741564,65536,21121,NUTS_SL_01m_2024.shp,SI038,2022,June,6
2022-07-01,2022-08-01,0.022531673312187195,0.02617703191936016,0.024552932310860268,0.0011486729647143476,65536,42722,NUTS_SL_01m_2024.shp,SI038,2022,July,7
2022-09-01,2022-10-01,0.02319302037358284,0.028354905545711517,0.02556688054366912,0.0016952226693536313,65536,51354,NUTS_SL_01m_2024.shp,SI038,2022,September,9
2022-10-01,2022-11-01,0.024575918912887573,0.026292305439710617,0.02557522311803909,0.0006651016051926228,65536,57494,NUTS_SL_01m_2024.shp,SI038,2022,October,10
2022-12-01,2023-01-01,0.023045280948281288,0.03148559853434563,0.027071246501677408,0.0023793441992127945,65536,19604,NUTS_SL_01m_2024.shp,SI038,2022,December,12
2023-01-01,2023-02-01,0.024630554020404816,0.034910425543785095,0.030403982635252475,0.00294310056522291,65536,32334,NUTS_SL_01m_2024.shp,SI038,2023,January,1
2023-02-01,2023-03-01,0.0274055115878582,0.039251189678907394,0.03265582521024659,0.003971335006295644,65536,46447,NUTS_SL_01m_2024.shp,SI038,2023,February,2
2023-03-01,2023-04-01,0.034181270748376846,0.034181270748376846,0.034181270748376846,0.0,65536,65453,NUTS_SL_01m_2024.shp,SI038,2023,March,3
2023-04-01,2023-05-01,0.024692296981811523,0.03120461292564869,0.02732647475588253,0.0020998740209467793,65536,30868,NUTS_SL_01m_2024.shp,SI038,2023,April,4
2023-06-01,2023-07-01,0.026365870609879494,0.04151652753353119,0.03187200009783937,0.002897741610418155,65536,19934,NUTS_SL_01m_2024.shp,SI038,2023,June,6
2023-07-01,2023-08-01,0.02625456266105175,0.03900156542658806,0.03490862600657391,0.0024015166094647957,65536,17761,NUTS_SL_01m_2024.shp,SI038,2023,July,7
2023-08-01,2023-09-01,0.0366433747112751,0.048003438860177994,0.041418729695330975,0.003316972404066528,65536,50316,NUTS_SL_01m_2024.shp,SI038,2023,August,8
2023-09-01,2023-10-01,0.027466388419270515,0.032721132040023804,0.030460429826174158,0.0015016618468559407,65536,28935,NUTS_SL_01m_2024.shp,SI038,2023,September,9
2023-10-01,2023-11-01,0.02223251946270466,0.03103397972881794,0.026669063293876864,0.0021591589567289166,65536,43076,NUTS_SL_01m_2024.shp,SI038,2023,October,10
2024-02-01,2024-03-01,0.026817912235856056,0.03688798472285271,0.030218577153048935,0.002727632313798778,65536,46675,NUTS_SL_01m_2024.shp,SI038,2024,February,2
2024-03-01,2024-04-01,0.026963116601109505,0.034477900713682175,0.02892485475622573,0.0024806454294673064,65536,47562,NUTS_SL_01m_2024.shp,SI038,2024,March,3
2024-04-01,2024-05-01,0.02708376571536064,0.03751496598124504,0.03273313074488905,0.002659693359401929,65536,28994,NUTS_SL_01m_2024.shp,SI038,2024,April,4
2024-05-01,2024-06-01,0.02581852674484253,0.0264199897646904,0.026062704225862276,0.0002953660150996229,65536,64297,NUTS_SL_01m_2024.shp,SI038,2024,May,5
2024-06-01,2024-07-01,0.024400468915700912,0.03575468808412552,0.03066267816341358,0.002925045006145056,65536,28704,NUTS_SL_01m_2024.shp,SI038,2024,June,6
2024-07-01,2024-08-01,0.02297203242778778,0.0322239063680172,0.02762337080112398,0.0026313125133052254,65536,45078,NUTS_SL_01m_2024.shp,SI038,2024,July,7
2024-08-01,2024-09-01,0.031849656254053116,0.03727513551712036,0.03388423163914775,0.0013311250673785093,65536,26421,NUTS_SL_01m_2024.shp,SI038,2024,August,8
2024-09-01,2024-10-01,0.025519730523228645,0.034762006253004074,0.030894070576123527,0.0022704061669556012,65536,30932,NUTS_SL_01m_2024.shp,SI038,2024,September,9
2024-10-01,2024-11-01,0.022867679595947266,0.030120721086859703,0.027167006769680754,0.0013487638812191456,65536,43364,NUTS_SL_01m_2024.shp,SI038,2024,October,10
2024-11-01,2024-12-01,0.029181282967329025,0.03341319039463997,0.03111018981655565,0.0013571763313436882,65536,58577,NUTS_SL_01m_2024.shp,SI038,2024,November,11
2024-12-01,2025-01-01,0.02058788575232029,0.03250700235366821,0.028654576653481634,0.0030229706450467437,65536,35921,NUTS_SL_01m_2024.shp,SI038,2024,December,12
2018-05-01,2018-06-01,0.02134258672595024,0.03458458557724953,0.02777653131840779,0.002757436819065867,65536,40403,NUTS_SL_01m_2024.shp,SI04,2018,May,5
2018-06-01,2018-07-01,0.021035032346844673,0.03171199932694435,0.026993756558694012,0.0022357421596198553,65536,43934,NUTS_SL_01m_2024.shp,SI04,2018,June,6
2018-07-01,2018-08-01,0.02126809023320675,0.03510229289531708,0.027074173346561647,0.0023708719008060197,65536,31964,NUTS_SL_01m_2024.shp,SI04,2018,July,7
2018-09-01,2018-10-01,0.02053200639784336,0.03346148133277893,0.026998569836032296,0.0023792325457701892,65536,34248,NUTS_SL_01m_2024.shp,SI04,2018,September,9
2018-10-01,2018-11-01,0.02077094465494156,0.03081791289150715,0.025724476478466554,0.0021000542317876833,65536,31613,NUTS_SL_01m_2024.shp,SI04,2018,October,10
2018-12-01,2019-01-01,0.022734712809324265,0.03772708401083946,0.030253495960639195,0.0031249549093967065,65536,50701,NUTS_SL_01m_2024.shp,SI04,2018,December,12
2019-01-01,2019-02-01,0.02297959104180336,0.0361221581697464,0.029093685071619274,0.002630047720166997,65536,43803,NUTS_SL_01m_2024.shp,SI04,2019,January,1
2019-03-01,2019-04-01,0.02502044104039669,0.03782668709754944,0.032660969231372884,0.0027781358800003605,65536,38475,NUTS_SL_01m_2024.shp,SI04,2019,March,3
2019-04-01,2019-05-01,0.028349198400974274,0.040008123964071274,0.03352044204836871,0.0024814490547877964,65536,41197,NUTS_SL_01m_2024.shp,SI04,2019,April,4
2019-05-01,2019-06-01,0.02436579205095768,0.03526989370584488,0.029230465894325278,0.002363043642687207,65536,51466,NUTS_SL_01m_2024.shp,SI04,2019,May,5
2019-06-01,2019-07-01,0.01660323701798916,0.03063618391752243,0.02445735884548523,0.0025289565035499575,65536,39663,NUTS_SL_01m_2024.shp,SI04,2019,June,6
2019-07-01,2019-08-01,0.02396152913570404,0.03742716461420059,0.029693526722780028,0.0023733164351933253,65536,33027,NUTS_SL_01m_2024.shp,SI04,2019,July,7
2019-08-01,2019-09-01,0.0204068161547184,0.03507716953754425,0.0294694878984462,0.002847883160937462,65536,36779,NUTS_SL_01m_2024.shp,SI04,2019,August,8
2019-09-01,2019-10-01,0.024337904527783394,0.03059188276529312,0.02704825366388994,0.001837190039123353,65536,58965,NUTS_SL_01m_2024.shp,SI04,2019,September,9
2019-10-01,2019-11-01,0.021559227257966995,0.03525766730308533,0.02721390485474163,0.0023955907943662043,65536,41000,NUTS_SL_01m_2024.shp,SI04,2019,October,10
2019-11-01,2019-12-01,0.0227521825581789,0.03618389368057251,0.02887079247476388,0.002462164851744894,65536,37493,NUTS_SL_01m_2024.shp,SI04,2019,November,11
2019-12-01,2020-01-01,0.021824685856699944,0.036728985607624054,0.02939025313760533,0.002673865942080781,65536,47052,NUTS_SL_01m_2024.shp,SI04,2019,December,12
2020-01-01,2020-02-01,0.031935982406139374,0.03550254926085472,0.03336028699355437,0.0013286971890366342,65536,64540,NUTS_SL_01m_2024.shp,SI04,2020,January,1
2020-02-01,2020-03-01,0.023658649995923042,0.03698531910777092,0.03080284359438485,0.0020403806858774994,65536,44656,NUTS_SL_01m_2024.shp,SI04,2020,February,2
2020-03-01,2020-04-01,0.02270611934363842,0.03958957642316818,0.03207960125441669,0.002980421452349701,65536,35377,NUTS_SL_01m_2024.shp,SI04,2020,March,3
2020-04-01,2020-05-01,0.03032848611474037,0.0377824530005455,0.034687176137963426,0.002110939413834464,65536,50586,NUTS_SL_01m_2024.shp,SI04,2020,April,4
2020-05-01,2020-06-01,0.021822206676006317,0.03808177635073662,0.02964030582432795,0.0030635642617045443,65536,43186,NUTS_SL_01m_2024.shp,SI04,2020,May,5
2020-06-01,2020-07-01,0.020737363025546074,0.031502801924943924,0.025705975517356056,0.002064345905088329,65536,41383,NUTS_SL_01m_2024.shp,SI04,2020,June,6
2020-07-01,2020-08-01,0.02143915556371212,0.03628773242235184,0.027434736826682748,0.003918063520110138,65536,50499,NUTS_SL_01m_2024.shp,SI04,2020,July,7
2020-09-01,2020-10-01,0.02384941466152668,0.03868634253740311,0.030717480892172175,0.002501046132132103,65536,41161,NUTS_SL_01m_2024.shp,SI04,2020,September,9
2020-10-01,2020-11-01,0.020195020362734795,0.035422444343566895,0.029177596106860198,0.0032190843016190415,65536,40418,NUTS_SL_01m_2024.shp,SI04,2020,October,10
2020-11-01,2020-12-01,0.026039404794573784,0.03595501184463501,0.030805474697267566,0.0020229852615351197,65536,33946,NUTS_SL_01m_2024.shp,SI04,2020,November,11
2020-12-01,2021-01-01,0.030885737389326096,0.032824862748384476,0.031162755297763006,0.0006785525252834645,65536,65522,NUTS_SL_01m_2024.shp,SI04,2020,December,12
2021-01-01,2021-02-01,0.027015645056962967,0.03101099096238613,0.028326358621152455,0.0004076983323824184,65536,65387,NUTS_SL_01m_2024.shp,SI04,2021,January,1
2021-02-01,2021-03-01,0.027151072397828102,0.03618865832686424,0.03249683831715346,0.0021397367658124696,65536,30423,NUTS_SL_01m_2024.shp,SI04,2021,February,2
2021-03-01,2021-04-01,0.0260575283318758,0.03995191678404808,0.034567134991908804,0.0025580375208848426,65536,44699,NUTS_SL_01m_2024.shp,SI04,2021,March,3
2021-04-01,2021-05-01,0.025697356089949608,0.03494499623775482,0.03049206801761979,0.0018786585159522667,65536,45839,NUTS_SL_01m_2024.shp,SI04,2021,April,4
2021-05-01,2021-06-01,0.023894472047686577,0.03870347514748573,0.02923194517948583,0.0023674340097576633,65536,35394,NUTS_SL_01m_2024.shp,SI04,2021,May,5
2021-06-01,2021-07-01,0.0164559967815876,0.033282797783613205,0.024232868605352287,0.003166648607716184,65536,34724,NUTS_SL_01m_2024.shp,SI04,2021,June,6
2021-07-01,2021-08-01,0.019838379696011543,0.038497552275657654,0.027962616597971435,0.0027944449124888897,65536,34988,NUTS_SL_01m_2024.shp,SI04,2021,July,7
2021-08-01,2021-09-01,0.02941531129181385,0.04597924277186394,0.03778278052250143,0.00312818243964013,65536,38663,NUTS_SL_01m_2024.shp,SI04,2021,August,8
2021-09-01,2021-10-01,0.025998041033744812,0.03907424956560135,0.032583595203651686,0.002380120112363814,65536,46695,NUTS_SL_01m_2024.shp,SI04,2021,September,9
2021-10-01,2021-11-01,0.029012121260166168,0.03258783742785454,0.031002743699484393,0.0015438422579564946,65536,64636,NUTS_SL_01m_2024.shp,SI04,2021,October,10
2021-11-01,2021-12-01,0.02266596630215645,0.03839373588562012,0.030637581348401634,0.0034216582454476355,65536,61290,NUTS_SL_01m_2024.shp,SI04,2021,November,11
2021-12-01,2022-01-01,0.019353127107024193,0.03373158350586891,0.027297963815220063,0.0027774300206417114,65536,33654,NUTS_SL_01m_2024.shp,SI04,2021,December,12
2022-01-01,2022-02-01,0.024794695898890495,0.03716154024004936,0.031435610530873605,0.0030956039945406635,65536,46386,NUTS_SL_01m_2024.shp,SI04,2022,January,1
2022-02-01,2022-03-01,0.0239070113748312,0.042417123913764954,0.03315263218816784,0.0033196318042746933,65536,34348,NUTS_SL_01m_2024.shp,SI04,2022,February,2
2022-03-01,2022-04-01,0.02778507210314274,0.03931332379579544,0.03173589288424857,0.00218933910069314,65536,58842,NUTS_SL_01m_2024.shp,SI04,2022,March,3
2022-04-01,2022-05-01,0.02217590995132923,0.03687581047415733,0.029781861119645044,0.002897998590010786,65536,39060,NUTS_SL_01m_2024.shp,SI04,2022,April,4
2022-05-01,2022-06-01,0.020456796512007713,0.03535399213433266,0.026312577834468328,0.0022953031208062307,65536,34064,NUTS_SL_01m_2024.shp,SI04,2022,May,5
2022-06-01,2022-07-01,0.017454879358410835,0.02961520478129387,0.024252350503533453,0.002404426704885242,65536,32178,NUTS_SL_01m_2024.shp,SI04,2022,June,6
2022-07-01,2022-08-01,0.022531673312187195,0.029818560928106308,0.025803349011949868,0.0020624197517497963,65536,60506,NUTS_SL_01m_2024.shp,SI04,2022,July,7
2022-08-01,2022-09-01,0.015982089564204216,0.03184806555509567,0.024416817037288117,0.004586665517247915,65536,59532,NUTS_SL_01m_2024.shp,SI04,2022,August,8
2022-09-01,2022-10-01,0.023854650557041168,0.028217889368534088,0.024539236374333077,0.0010816470601027412,65536,64923,NUTS_SL_01m_2024.shp,SI04,2022,September,9
2022-10-01,2022-11-01,0.01910604164004326,0.03304527327418327,0.024395667546925362,0.002746511950537579,65536,61315,NUTS_SL_01m_2024.shp,SI04,2022,October,10
2022-11-01,2022-12-01,0.02578851208090782,0.03349136933684349,0.02789153470013127,0.0027075002284353213,65536,63210,NUTS_SL_01m_2024.shp,SI04,2022,November,11
2022-12-01,2023-01-01,0.020946631208062172,0.034804534167051315,0.026432938953079164,0.0022845202940732392,65536,45644,NUTS_SL_01m_2024.shp,SI04,2022,December,12
2023-01-01,2023-02-01,0.022028693929314613,0.03859584033489227,0.030813908109708812,0.0031783925229558157,65536,37339,NUTS_SL_01m_2024.shp,SI04,2023,January,1
2023-02-01,2023-03-01,0.024844186380505562,0.04039411619305611,0.030089073251733198,0.0032946832359263016,65536,55475,NUTS_SL_01m_2024.shp,SI04,2023,February,2
2023-03-01,2023-04-01,0.028470445424318314,0.0385635569691658,0.03543535170412976,0.002585468966603967,65536,63737,NUTS_SL_01m_2024.shp,SI04,2023,March,3
2023-04-01,2023-05-01,0.022826822474598885,0.033840447664260864,0.027957629027167405,0.0024702205536799374,65536,46699,NUTS_SL_01m_2024.shp,SI04,2023,April,4
2023-05-01,2023-06-01,0.025091007351875305,0.035549577325582504,0.028732415790841157,0.002140678794403285,65536,57446,NUTS_SL_01m_2024.shp,SI04,2023,May,5
2023-06-01,2023-07-01,0.019765561446547508,0.042254917323589325,0.03386050576784069,0.0035054858751860105,65536,35023,NUTS_SL_01m_2024.shp,SI04,2023,June,6
2023-07-01,2023-08-01,0.024966243654489517,0.0439068004488945,0.033970143725831355,0.0027700767610870456,65536,36020,NUTS_SL_01m_2024.shp,SI04,2023,July,7
2023-08-01,2023-09-01,0.03093085251748562,0.056745924055576324,0.04306760071437275,0.005075512366720302,65536,42742,NUTS_SL_01m_2024.shp,SI04,2023,August,8
2023-09-01,2023-10-01,0.026525704190135002,0.03670365735888481,0.03170131630803099,0.0023733922284910826,65536,43987,NUTS_SL_01m_2024.shp,SI04,2023,September,9
2023-10-01,2023-11-01,0.019347473978996277,0.04190758615732193,0.027175565372955717,0.0033338792772210604,65536,48964,NUTS_SL_01m_2024.shp,SI04,2023,October,10
2024-02-01,2024-03-01,0.026817912235856056,0.04034319892525673,0.032453787664139776,0.0034822102832492412,65536,58107,NUTS_SL_01m_2024.shp,SI04,2024,February,2
2024-03-01,2024-04-01,0.02121717669069767,0.0365571528673172,0.029730163988536982,0.003981738305352241,65536,60745,NUTS_SL_01m_2024.shp,SI04,2024,March,3
2024-04-01,2024-05-01,0.020423654466867447,0.04091355949640274,0.032352795662536134,0.0038051141606112926,65536,47102,NUTS_SL_01m_2024.shp,SI04,2024,April,4
2024-05-01,2024-06-01,0.019537748768925667,0.035992927849292755,0.02749567825119019,0.0034956642158969872,65536,57046,NUTS_SL_01m_2024.shp,SI04,2024,May,5
2024-06-01,2024-07-01,0.024400468915700912,0.03640597313642502,0.030420233600039308,0.0023596574726903034,65536,42535,NUTS_SL_01m_2024.shp,SI04,2024,June,6
2024-07-01,2024-08-01,0.023228390142321587,0.037466928362846375,0.0299477278783743,0.002984396507273461,65536,42259,NUTS_SL_01m_2024.shp,SI04,2024,July,7
2024-08-01,2024-09-01,0.024569185450673103,0.038322869688272476,0.0333102051875423,0.003361648425927559,65536,44884,NUTS_SL_01m_2024.shp,SI04,2024,August,8
2024-09-01,2024-10-01,0.023313451558351517,0.03682500496506691,0.030544534032033638,0.002512509012348871,65536,45778,NUTS_SL_01m_2024.shp,SI04,2024,September,9
2024-10-01,2024-11-01,0.022517206147313118,0.03455052152276039,0.02895512825152224,0.0026049820573753823,65536,43046,NUTS_SL_01m_2024.shp,SI04,2024,October,10
2024-11-01,2024-12-01,0.026868212968111038,0.03684619069099426,0.03215452606108225,0.0024722050664768513,65536,38967,NUTS_SL_01m_2024.shp,SI04,2024,November,11
2024-12-01,2025-01-01,0.02097291685640812,0.03956569731235504,0.030189284553438143,0.0036463218327859055,65536,46507,NUTS_SL_01m_2024.shp,SI04,2024,December,12
2018-04-01,2018-05-01,0.02779078297317028,0.038742825388908386,0.03435674683042091,0.002387501483559435,65536,37687,NUTS_SL_01m_2024.shp,SI041,2018,April,4
2018-05-01,2018-06-01,0.022255070507526398,0.03281160816550255,0.027783129198471937,0.002264837099390262,65536,40503,NUTS_SL_01m_2024.shp,SI041,2018,May,5
2018-06-01,2018-07-01,0.024194946512579918,0.03110012598335743,0.027362409618114054,0.0018202330702654893,65536,46971,NUTS_SL_01m_2024.shp,SI041,2018,June,6
2018-07-01,2018-08-01,0.02327740378677845,0.0298745259642601,0.02670364355971376,0.0016787592839431799,65536,33129,NUTS_SL_01m_2024.shp,SI041,2018,July,7
2018-09-01,2018-10-01,0.02388828620314598,0.03187231719493866,0.02788695510138747,0.0017117842903954929,65536,36171,NUTS_SL_01m_2024.shp,SI041,2018,September,9
2018-10-01,2018-11-01,0.021890070289373398,0.03011741302907467,0.026363166618848397,0.001846808779187828,65536,34441,NUTS_SL_01m_2024.shp,SI041,2018,October,10
2018-12-01,2019-01-01,0.023484565317630768,0.03772708401083946,0.031018916656830042,0.002612486542547504,65536,38198,NUTS_SL_01m_2024.shp,SI041,2018,December,12
2019-01-01,2019-02-01,0.025705670937895775,0.0338202565908432,0.03065698831128515,0.0018999761436163342,65536,55684,NUTS_SL_01m_2024.shp,SI041,2019,January,1
2019-02-01,2019-03-01,0.024720573797822,0.033855732530355453,0.030637045566175202,0.0015954729635322042,65536,35004,NUTS_SL_01m_2024.shp,SI041,2019,February,2
2019-03-01,2019-04-01,0.02768123336136341,0.03782668709754944,0.03478098773051993,0.0020726483339976276,65536,41497,NUTS_SL_01m_2024.shp,SI041,2019,March,3
2019-04-01,2019-05-01,0.030959727242588997,0.040008123964071274,0.03495034437351687,0.0017402735755739356,65536,55359,NUTS_SL_01m_2024.shp,SI041,2019,April,4
2019-05-01,2019-06-01,0.026215670630335808,0.028793975710868835,0.02730389068378635,0.0010017013077452002,65536,57372,NUTS_SL_01m_2024.shp,SI041,2019,May,5
2019-06-01,2019-07-01,0.01811836287379265,0.03063618391752243,0.025298248533417972,0.002379156128835702,65536,41728,NUTS_SL_01m_2024.shp,SI041,2019,June,6
2019-07-01,2019-08-01,0.02428416721522808,0.03331548348069191,0.03028539497716491,0.0019982315028729027,65536,38615,NUTS_SL_01m_2024.shp,SI041,2019,July,7
2019-08-01,2019-09-01,0.025948628783226013,0.03507716953754425,0.03116750127380663,0.002381605336159766,65536,41367,NUTS_SL_01m_2024.shp,SI041,2019,August,8
2019-09-01,2019-10-01,0.024337904527783394,0.029439378529787064,0.02773821305227771,0.0018686901781240727,65536,53886,NUTS_SL_01m_2024.shp,SI041,2019,September,9
2019-10-01,2019-11-01,0.02319454774260521,0.03254362568259239,0.02788441124430108,0.0018336437840363756,65536,49072,NUTS_SL_01m_2024.shp,SI041,2019,October,10
2019-11-01,2019-12-01,0.023516103625297546,0.03394260257482529,0.02980925429948962,0.00189118058071309,65536,40289,NUTS_SL_01m_2024.shp,SI041,2019,November,11
2019-12-01,2020-01-01,0.025841403752565384,0.036728985607624054,0.030761935292583174,0.0027764909068144785,65536,41340,NUTS_SL_01m_2024.shp,SI041,2019,December,12
2020-02-01,2020-03-01,0.025761909782886505,0.034207433462142944,0.0312975529268259,0.0015435901106377727,65536,42331,NUTS_SL_01m_2024.shp,SI041,2020,February,2
2020-03-01,2020-04-01,0.028236616402864456,0.03803731128573418,0.033717093286271205,0.0016817770069921046,65536,34061,NUTS_SL_01m_2024.shp,SI041,2020,March,3
2020-04-01,2020-05-01,0.032567691057920456,0.0377824530005455,0.03576797701548118,0.0011205890357162387,65536,36069,NUTS_SL_01m_2024.shp,SI041,2020,April,4
2020-05-01,2020-06-01,0.02291586436331272,0.0361689068377018,0.029783488861012147,0.0030521147651900475,65536,43016,NUTS_SL_01m_2024.shp,SI041,2020,May,5
2020-06-01,2020-07-01,0.022436507046222687,0.029621027410030365,0.025681869563685216,0.0016621890428527798,65536,40212,NUTS_SL_01m_2024.shp,SI041,2020,June,6
2020-07-01,2020-08-01,0.021464746445417404,0.033562496304512024,0.027407833243678355,0.0035896226240937474,65536,50874,NUTS_SL_01m_2024.shp,SI041,2020,July,7
2020-09-01,2020-10-01,0.02384941466152668,0.038149021565914154,0.031182670378084983,0.0021959008818958443,65536,43490,NUTS_SL_01m_2024.shp,SI041,2020,September,9
2020-10-01,2020-11-01,0.02540852129459381,0.035422444343566895,0.030655929589838083,0.002512400153106908,65536,42427,NUTS_SL_01m_2024.shp,SI041,2020,October,10
2020-11-01,2020-12-01,0.02793419547379017,0.03504381701350212,0.03207186902974744,0.0016935966640912676,65536,38294,NUTS_SL_01m_2024.shp,SI041,2020,November,11
2020-12-01,2021-01-01,0.023898588493466377,0.03631994128227234,0.03112053487826435,0.0021170889600062403,65536,35611,NUTS_SL_01m_2024.shp,SI041,2020,December,12
2021-02-01,2021-03-01,0.03011808544397354,0.03618865832686424,0.034126623040534494,0.0016998144629509235,65536,32125,NUTS_SL_01m_2024.shp,SI041,2021,February,2
2021-03-01,2021-04-01,0.029773423448204994,0.039046283811330795,0.03502372479629284,0.0021331119797199415,65536,43803,NUTS_SL_01m_2024.shp,SI041,2021,March,3
2021-04-01,2021-05-01,0.025697356089949608,0.033865608274936676,0.030483115597413783,0.0019859310658730985,65536,44201,NUTS_SL_01m_2024.shp,SI041,2021,April,4
2021-05-01,2021-06-01,0.025039440020918846,0.033057358115911484,0.029201939538809632,0.0021471449466305193,65536,40636,NUTS_SL_01m_2024.shp,SI041,2021,May,5
2021-06-01,2021-07-01,0.018545854836702347,0.031030885875225067,0.024407196555417246,0.0028346290408194194,65536,36766,NUTS_SL_01m_2024.shp,SI041,2021,June,6
2021-07-01,2021-08-01,0.019906729459762573,0.033921852707862854,0.02831273242671294,0.0021352219367844166,65536,32600,NUTS_SL_01m_2024.shp,SI041,2021,July,7
2021-08-01,2021-09-01,0.033600546419620514,0.045905835926532745,0.039020429860821326,0.00269527228195372,65536,42911,NUTS_SL_01m_2024.shp,SI041,2021,August,8
2021-09-01,2021-10-01,0.02826416864991188,0.03609653562307358,0.03358990024351996,0.001455743601937279,65536,41659,NUTS_SL_01m_2024.shp,SI041,2021,September,9
2021-10-01,2021-11-01,0.030357714742422104,0.03387301415205002,0.03279091764824633,0.0014831177413415675,65536,63198,NUTS_SL_01m_2024.shp,SI041,2021,October,10
2021-12-01,2022-01-01,0.023140495643019676,0.03280105069279671,0.02871367405389461,0.0017641938591369771,65536,37797,NUTS_SL_01m_2024.shp,SI041,2021,December,12
2022-01-01,2022-02-01,0.02834857627749443,0.03541813790798187,0.03255189577263696,0.002052515770950412,65536,46813,NUTS_SL_01m_2024.shp,SI041,2022,January,1
2022-02-01,2022-03-01,0.02608838491141796,0.038497891277074814,0.032926613930843236,0.002620882754989686,65536,37266,NUTS_SL_01m_2024.shp,SI041,2022,February,2
2022-03-01,2022-04-01,0.02778507210314274,0.03244698792695999,0.03216069772655515,0.00111190017228975,65536,64200,NUTS_SL_01m_2024.shp,SI041,2022,March,3
2022-04-01,2022-05-01,0.02217590995132923,0.03481653705239296,0.029722693287831656,0.0024396291678931404,65536,36694,NUTS_SL_01m_2024.shp,SI041,2022,April,4
2022-05-01,2022-06-01,0.021409697830677032,0.03134975954890251,0.026988328863087226,0.0015849495438266872,65536,32815,NUTS_SL_01m_2024.shp,SI041,2022,May,5
2022-06-01,2022-07-01,0.01844768039882183,0.028265148401260376,0.02509442081838148,0.0017446268721247188,65536,32304,NUTS_SL_01m_2024.shp,SI041,2022,June,6
2022-07-01,2022-08-01,0.023092949762940407,0.026073280721902847,0.024142878884053767,0.0010417825023583045,65536,61818,NUTS_SL_01m_2024.shp,SI041,2022,July,7
2022-08-01,2022-09-01,0.01834726147353649,0.03184806555509567,0.02540779221303681,0.0025078245889282786,65536,63111,NUTS_SL_01m_2024.shp,SI041,2022,August,8
2022-09-01,2022-10-01,0.023854650557041168,0.028217889368534088,0.02450471807683869,0.0010222338094037265,65536,63622,NUTS_SL_01m_2024.shp,SI041,2022,September,9
2022-10-01,2022-11-01,0.022171178832650185,0.029197387397289276,0.02608829778864655,0.0016718796765152631,65536,59107,NUTS_SL_01m_2024.shp,SI041,2022,October,10
2022-11-01,2022-12-01,0.03048638626933098,0.03349136933684349,0.03196832565371175,0.0014900412690311597,65536,63500,NUTS_SL_01m_2024.shp,SI041,2022,November,11
2022-12-01,2023-01-01,0.020946631208062172,0.034804534167051315,0.026339242203373466,0.002251984541268128,65536,47829,NUTS_SL_01m_2024.shp,SI041,2022,December,12
2023-01-01,2023-02-01,0.02311670035123825,0.03859584033489227,0.030178430530439435,0.0030986343669801397,65536,38506,NUTS_SL_01m_2024.shp,SI041,2023,January,1
2023-02-01,2023-03-01,0.026571258902549744,0.035014934837818146,0.031244166061557666,0.002964578487394826,65536,62669,NUTS_SL_01m_2024.shp,SI041,2023,February,2
2023-03-01,2023-04-01,0.028470445424318314,0.03796021267771721,0.03459498225085777,0.004334450424708463,65536,64598,NUTS_SL_01m_2024.shp,SI041,2023,March,3
2023-04-01,2023-05-01,0.02445777878165245,0.033840447664260864,0.028825519019291958,0.002408102010812443,65536,46303,NUTS_SL_01m_2024.shp,SI041,2023,April,4
2023-05-01,2023-06-01,0.029364343732595444,0.030891671776771545,0.03043939323965894,0.0006972960765545072,65536,64891,NUTS_SL_01m_2024.shp,SI041,2023,May,5
2023-06-01,2023-07-01,0.02436298131942749,0.042254917323589325,0.035345123043886116,0.003088907840304248,65536,33821,NUTS_SL_01m_2024.shp,SI041,2023,June,6
2023-07-01,2023-08-01,0.02625456266105175,0.041023094207048416,0.03463721185790455,0.0025092837586787155,65536,42649,NUTS_SL_01m_2024.shp,SI041,2023,July,7
2023-08-01,2023-09-01,0.03597152233123779,0.046212051063776016,0.03982272959232562,0.002313035261197679,65536,46495,NUTS_SL_01m_2024.shp,SI041,2023,August,8
2023-09-01,2023-10-01,0.02786329761147499,0.03516067937016487,0.03285346095205759,0.0014348998405923552,65536,44134,NUTS_SL_01m_2024.shp,SI041,2023,September,9
2023-10-01,2023-11-01,0.022243576124310493,0.04190758615732193,0.027559201142197915,0.0030358799248328097,65536,49080,NUTS_SL_01m_2024.shp,SI041,2023,October,10
2024-02-01,2024-03-01,0.026817912235856056,0.03501611948013306,0.030516425006231276,0.002480559622918319,65536,61374,NUTS_SL_01m_2024.shp,SI041,2024,February,2
2024-03-01,2024-04-01,0.02694244310259819,0.033405862748622894,0.03103141282845767,0.0018927184350075229,65536,57792,NUTS_SL_01m_2024.shp,SI041,2024,March,3
2024-04-01,2024-05-01,0.02683723159134388,0.038329605013132095,0.03366620937584146,0.0023019016897139807,65536,47550,NUTS_SL_01m_2024.shp,SI041,2024,April,4
2024-05-01,2024-06-01,0.023689473047852516,0.035992927849292755,0.029180993200039147,0.0026208429434560017,65536,58956,NUTS_SL_01m_2024.shp,SI041,2024,May,5
2024-06-01,2024-07-01,0.025502288714051247,0.03640597313642502,0.03130111268510023,0.0018545640837652167,65536,34399,NUTS_SL_01m_2024.shp,SI041,2024,June,6
2024-07-01,2024-08-01,0.025193236768245697,0.03240136429667473,0.029939579789951914,0.000877444173305146,65536,52977,NUTS_SL_01m_2024.shp,SI041,2024,July,7
2024-08-01,2024-09-01,0.031144600361585617,0.038322869688272476,0.03590682654923852,0.0018353415920455965,65536,36769,NUTS_SL_01m_2024.shp,SI041,2024,August,8
2024-09-01,2024-10-01,0.023313451558351517,0.03429010137915611,0.03052693208119516,0.0026735460968201935,65536,48597,NUTS_SL_01m_2024.shp,SI041,2024,September,9
2024-10-01,2024-11-01,0.022517206147313118,0.033797234296798706,0.029811857716135183,0.0025377260581314976,65536,37450,NUTS_SL_01m_2024.shp,SI041,2024,October,10
2024-11-01,2024-12-01,0.026868212968111038,0.03684619069099426,0.03399371610853082,0.0014680737107886864,65536,46822,NUTS_SL_01m_2024.shp,SI041,2024,November,11
2024-12-01,2025-01-01,0.02097291685640812,0.03956569731235504,0.031580243939279905,0.003472004229053316,65536,41168,NUTS_SL_01m_2024.shp,SI041,2024,December,12
2018-04-01,2018-05-01,0.026658741757273674,0.03770316764712334,0.03175153160958156,0.0026750435668849216,65536,39265,NUTS_SL_01m_2024.shp,SI042,2018,April,4
2018-05-01,2018-06-01,0.02134258672595024,0.03349336236715317,0.02738186554770598,0.0028482451912320928,65536,36605,NUTS_SL_01m_2024.shp,SI042,2018,May,5
2018-06-01,2018-07-01,0.021035032346844673,0.029988333582878113,0.02533791799087489,0.002069188761594444,65536,48579,NUTS_SL_01m_2024.shp,SI042,2018,June,6
2018-07-01,2018-08-01,0.02126809023320675,0.029162485152482986,0.025616921382414032,0.0019431416233496666,65536,29563,NUTS_SL_01m_2024.shp,SI042,2018,July,7
2018-09-01,2018-10-01,0.02053200639784336,0.030762270092964172,0.025916300732364485,0.0024078390437543653,65536,34574,NUTS_SL_01m_2024.shp,SI042,2018,September,9
2018-10-01,2018-11-01,0.02077094465494156,0.029330939054489136,0.02451686522569433,0.002066954209897197,65536,29915,NUTS_SL_01m_2024.shp,SI042,2018,October,10
2018-12-01,2019-01-01,0.023534854874014854,0.035711951553821564,0.029446995372552784,0.0038071548179846896,65536,50455,NUTS_SL_01m_2024.shp,SI042,2018,December,12
2019-01-01,2019-02-01,0.02297959104180336,0.03280463069677353,0.0278367381544196,0.002179019186667479,65536,36320,NUTS_SL_01m_2024.shp,SI042,2019,January,1
2019-02-01,2019-03-01,0.022488437592983246,0.032903630286455154,0.029326097136876755,0.0023277659533567276,65536,38434,NUTS_SL_01m_2024.shp,SI042,2019,February,2
2019-03-01,2019-04-01,0.02502044104039669,0.037461888045072556,0.031517048644333655,0.002829454137929965,65536,30071,NUTS_SL_01m_2024.shp,SI042,2019,March,3
2019-04-01,2019-05-01,0.028349198400974274,0.040008123964071274,0.03348912917903751,0.0030368089420396427,65536,32306,NUTS_SL_01m_2024.shp,SI042,2019,April,4
2019-05-01,2019-06-01,0.027107372879981995,0.03016648255288601,0.027901035968673424,0.0007657562164559209,65536,63029,NUTS_SL_01m_2024.shp,SI042,2019,May,5
2019-06-01,2019-07-01,0.01660323701798916,0.028657766059041023,0.023074415346103747,0.0025047158587654587,65536,44454,NUTS_SL_01m_2024.shp,SI042,2019,June,6
2019-07-01,2019-08-01,0.02414003573358059,0.03316337987780571,0.02875356074562924,0.002353743153704807,65536,30839,NUTS_SL_01m_2024.shp,SI042,2019,July,7
2019-08-01,2019-09-01,0.0204068161547184,0.03313978388905525,0.027869501222865647,0.002771985927693754,65536,33644,NUTS_SL_01m_2024.shp,SI042,2019,August,8
2019-09-01,2019-10-01,0.024963799864053726,0.028750550001859665,0.025197659146564064,0.0007247464699874834,65536,64931,NUTS_SL_01m_2024.shp,SI042,2019,September,9
2019-10-01,2019-11-01,0.02217407524585724,0.029653044417500496,0.026168336023531347,0.0017705836405035361,65536,34315,NUTS_SL_01m_2024.shp,SI042,2019,October,10
2019-11-01,2019-12-01,0.0227521825581789,0.0317954495549202,0.027438143260029746,0.0020959905886728195,65536,35089,NUTS_SL_01m_2024.shp,SI042,2019,November,11
2019-12-01,2020-01-01,0.021824685856699944,0.033524300903081894,0.02890403137013913,0.002364086867621796,65536,51834,NUTS_SL_01m_2024.shp,SI042,2019,December,12
2020-02-01,2020-03-01,0.024822913110256195,0.03378468006849289,0.029663610642510392,0.0020908659471703082,65536,47767,NUTS_SL_01m_2024.shp,SI042,2020,February,2
2020-03-01,2020-04-01,0.02270611934363842,0.03507671132683754,0.02992575082784534,0.003192852549177347,65536,43716,NUTS_SL_01m_2024.shp,SI042,2020,March,3
2020-04-01,2020-05-01,0.03032848611474037,0.036076489835977554,0.03296737036695764,0.002373255877575272,65536,48380,NUTS_SL_01m_2024.shp,SI042,2020,April,4
2020-05-01,2020-06-01,0.021822206676006317,0.0357002355158329,0.027404852850785266,0.003300587476900017,65536,51318,NUTS_SL_01m_2024.shp,SI042,2020,May,5
2020-06-01,2020-07-01,0.020971175283193588,0.02880219928920269,0.02376273936125967,0.00146299768557539,65536,48821,NUTS_SL_01m_2024.shp,SI042,2020,June,6
2020-07-01,2020-08-01,0.021461669355630875,0.03304563835263252,0.026003005488577112,0.0032954665643096276,65536,46044,NUTS_SL_01m_2024.shp,SI042,2020,July,7
2020-09-01,2020-10-01,0.025597944855690002,0.03626479580998421,0.02985626613999847,0.002374644014321971,65536,39869,NUTS_SL_01m_2024.shp,SI042,2020,September,9
2020-10-01,2020-11-01,0.020195020362734795,0.033305954188108444,0.02634371967580708,0.0031131886390390606,65536,42271,NUTS_SL_01m_2024.shp,SI042,2020,October,10
2020-11-01,2020-12-01,0.026039404794573784,0.033639706671237946,0.029624600669260488,0.0019879461363913617,65536,31763,NUTS_SL_01m_2024.shp,SI042,2020,November,11
2020-12-01,2021-01-01,0.023898588493466377,0.035100534558296204,0.029692814452353788,0.0027876747760102434,65536,31632,NUTS_SL_01m_2024.shp,SI042,2020,December,12
2021-01-01,2021-02-01,0.03101099096238613,0.03101099096238613,0.03101099096238613,0.0,65536,65530,NUTS_SL_01m_2024.shp,SI042,2021,January,1
2021-02-01,2021-03-01,0.027151072397828102,0.03531083092093468,0.031363901547227555,0.0019325823948381322,65536,30414,NUTS_SL_01m_2024.shp,SI042,2021,February,2
2021-03-01,2021-04-01,0.0260575283318758,0.038815420120954514,0.032632338161403825,0.0026777065206507415,65536,47712,NUTS_SL_01m_2024.shp,SI042,2021,March,3
2021-04-01,2021-05-01,0.025697356089949608,0.034143831580877304,0.02966794673992565,0.0023296859171225617,65536,54141,NUTS_SL_01m_2024.shp,SI042,2021,April,4
2021-05-01,2021-06-01,0.023894472047686577,0.03215181082487106,0.02786074731818182,0.002282220642626324,65536,36375,NUTS_SL_01m_2024.shp,SI042,2021,May,5
2021-06-01,2021-07-01,0.0164559967815876,0.03233446925878525,0.023901087571541545,0.0036498266923298836,65536,36500,NUTS_SL_01m_2024.shp,SI042,2021,June,6
2021-07-01,2021-08-01,0.019838379696011543,0.031983617693185806,0.027107138985209306,0.0025199517794293586,65536,34456,NUTS_SL_01m_2024.shp,SI042,2021,July,7
2021-08-01,2021-09-01,0.029435696080327034,0.042445212602615356,0.0359081996332696,0.003253476712164065,65536,32240,NUTS_SL_01m_2024.shp,SI042,2021,August,8
2021-09-01,2021-10-01,0.025998041033744812,0.03519369289278984,0.03147683551774686,0.002480267425264634,65536,48229,NUTS_SL_01m_2024.shp,SI042,2021,September,9
2021-10-01,2021-11-01,0.024477582424879074,0.0328279584646225,0.030200797403776347,0.0014056625880314172,65536,63571,NUTS_SL_01m_2024.shp,SI042,2021,October,10
2021-11-01,2021-12-01,0.02338111586868763,0.03047080896794796,0.027665196106272924,0.0028217303376952317,65536,63481,NUTS_SL_01m_2024.shp,SI042,2021,November,11
2021-12-01,2022-01-01,0.019353127107024193,0.03373158350586891,0.02743965642282476,0.0035686758086782688,65536,33669,NUTS_SL_01m_2024.shp,SI042,2021,December,12
2022-01-01,2022-02-01,0.024794695898890495,0.03300921991467476,0.02861555742230508,0.002561464053657085,65536,46342,NUTS_SL_01m_2024.shp,SI042,2022,January,1
2022-02-01,2022-03-01,0.0239070113748312,0.038497891277074814,0.030589621216568122,0.002775444140526294,65536,35109,NUTS_SL_01m_2024.shp,SI042,2022,February,2
2022-03-01,2022-04-01,0.02924121357500553,0.032513562589883804,0.030378719152917948,0.001015179532218525,65536,54238,NUTS_SL_01m_2024.shp,SI042,2022,March,3
2022-04-01,2022-05-01,0.024453554302453995,0.03627164289355278,0.029442776573216114,0.002581709150324633,65536,37217,NUTS_SL_01m_2024.shp,SI042,2022,April,4
2022-05-01,2022-06-01,0.022221826016902924,0.030505480244755745,0.026707473511081,0.0019095544685036334,65536,37282,NUTS_SL_01m_2024.shp,SI042,2022,May,5
2022-06-01,2022-07-01,0.017454879358410835,0.026733508333563805,0.02298287966122168,0.002375250356401688,65536,31764,NUTS_SL_01m_2024.shp,SI042,2022,June,6
2022-08-01,2022-09-01,0.01834726147353649,0.03184806555509567,0.025427489259759194,0.0038583974851636427,65536,58858,NUTS_SL_01m_2024.shp,SI042,2022,August,8
2022-10-01,2022-11-01,0.02086743898689747,0.024492871016263962,0.022572931785340682,0.0012643294615225851,65536,61577,NUTS_SL_01m_2024.shp,SI042,2022,October,10
2022-11-01,2022-12-01,0.02578851208090782,0.02696627378463745,0.026166792941651442,0.000527219725071584,65536,63063,NUTS_SL_01m_2024.shp,SI042,2022,November,11
2022-12-01,2023-01-01,0.02138252556324005,0.03082810901105404,0.026088556433376556,0.0027510331463205914,65536,50034,NUTS_SL_01m_2024.shp,SI042,2022,December,12
2023-01-01,2023-02-01,0.022028693929314613,0.0347178615629673,0.028884532998003313,0.002669947586215628,65536,44147,NUTS_SL_01m_2024.shp,SI042,2023,January,1
2023-02-01,2023-03-01,0.024844186380505562,0.03275742754340172,0.028366582169250917,0.002532624418005606,65536,58407,NUTS_SL_01m_2024.shp,SI042,2023,February,2
2023-03-01,2023-04-01,0.028470445424318314,0.03702770918607712,0.03550133593904227,0.0018572277666762556,65536,62122,NUTS_SL_01m_2024.shp,SI042,2023,March,3
2023-04-01,2023-05-01,0.022826822474598885,0.03084617108106613,0.02709443011043982,0.0023896991925963047,65536,44637,NUTS_SL_01m_2024.shp,SI042,2023,April,4
2023-05-01,2023-06-01,0.025091007351875305,0.030891671776771545,0.028566085143416353,0.0016347027755682585,65536,48556,NUTS_SL_01m_2024.shp,SI042,2023,May,5
2023-06-01,2023-07-01,0.019765561446547508,0.03839034587144852,0.031310753986867966,0.0035959437226764333,65536,35642,NUTS_SL_01m_2024.shp,SI042,2023,June,6
2023-07-01,2023-08-01,0.024966243654489517,0.03839126229286194,0.03377904014310766,0.002520929883381943,65536,34565,NUTS_SL_01m_2024.shp,SI042,2023,July,7
2023-08-01,2023-09-01,0.03093085251748562,0.04625328630208969,0.04008217366603914,0.003686052817032598,65536,38023,NUTS_SL_01m_2024.shp,SI042,2023,August,8
2023-09-01,2023-10-01,0.027343645691871643,0.03670365735888481,0.03185397966858403,0.0029576385128617373,65536,37701,NUTS_SL_01m_2024.shp,SI042,2023,September,9
2023-10-01,2023-11-01,0.01994890347123146,0.03592133894562721,0.025332776187816822,0.003994160241150525,65536,51753,NUTS_SL_01m_2024.shp,SI042,2023,October,10
2024-02-01,2024-03-01,0.029909713193774223,0.03441612422466278,0.03283612681200639,0.001553383214917663,65536,64769,NUTS_SL_01m_2024.shp,SI042,2024,February,2
2024-03-01,2024-04-01,0.02121717669069767,0.030314382165670395,0.02475015107415119,0.0038558805091725183,65536,61610,NUTS_SL_01m_2024.shp,SI042,2024,March,3
2024-04-01,2024-05-01,0.0229080431163311,0.04091355949640274,0.031935707176964555,0.00451124942538613,65536,49146,NUTS_SL_01m_2024.shp,SI042,2024,April,4
2024-05-01,2024-06-01,0.019537748768925667,0.03189781680703163,0.02572932349179347,0.0029494181143232454,65536,53857,NUTS_SL_01m_2024.shp,SI042,2024,May,5
2024-06-01,2024-07-01,0.024559425190091133,0.03420774266123772,0.029902585273575415,0.0023792574362523416,65536,44878,NUTS_SL_01m_2024.shp,SI042,2024,June,6
2024-07-01,2024-08-01,0.023228390142321587,0.03213758021593094,0.027747301839229226,0.0016197839097312002,65536,41463,NUTS_SL_01m_2024.shp,SI042,2024,July,7
2024-08-01,2024-09-01,0.024569185450673103,0.038322869688272476,0.031216369418368476,0.0028226931448564396,65536,42930,NUTS_SL_01m_2024.shp,SI042,2024,August,8
2024-09-01,2024-10-01,0.023624008521437645,0.03389991447329521,0.029444291704706874,0.002264856971538359,65536,52821,NUTS_SL_01m_2024.shp,SI042,2024,September,9
2024-10-01,2024-11-01,0.023292437195777893,0.031848203390836716,0.027343471253824084,0.0023197382442544613,65536,49844,NUTS_SL_01m_2024.shp,SI042,2024,October,10
2024-11-01,2024-12-01,0.026868212968111038,0.03496256843209267,0.030909473123414726,0.0027926475593706927,65536,43201,NUTS_SL_01m_2024.shp,SI042,2024,November,11
2024-12-01,2025-01-01,0.02097291685640812,0.03935743123292923,0.02813934286390067,0.003924241728692039,65536,47747,NUTS_SL_01m_2024.shp,SI042,2024,December,12
2018-05-01,2018-06-01,0.022061873227357864,0.03458458557724953,0.02807823978945051,0.003005053502796322,65536,34224,NUTS_SL_01m_2024.shp,SI043,2018,May,5
2018-06-01,2018-07-01,0.02312307059764862,0.031649935990571976,0.027144135806251676,0.001994402639246447,65536,42843,NUTS_SL_01m_2024.shp,SI043,2018,June,6
2018-07-01,2018-08-01,0.023735441267490387,0.032766472548246384,0.027412462116913203,0.0017450761051400817,65536,32083,NUTS_SL_01m_2024.shp,SI043,2018,July,7
2018-09-01,2018-10-01,0.02197902835905552,0.03228236362338066,0.026580749393103256,0.002429136273440025,65536,35070,NUTS_SL_01m_2024.shp,SI043,2018,September,9
2018-10-01,2018-11-01,0.02077094465494156,0.03031782992184162,0.025580625215924243,0.0020515653559497592,65536,32970,NUTS_SL_01m_2024.shp,SI043,2018,October,10
2018-12-01,2019-01-01,0.022734712809324265,0.03033420257270336,0.02714091447330188,0.002438782781729341,65536,61740,NUTS_SL_01m_2024.shp,SI043,2018,December,12
2019-01-01,2019-02-01,0.02329516038298607,0.0361221581697464,0.028966591378208284,0.0030965746065393603,65536,43858,NUTS_SL_01m_2024.shp,SI043,2019,January,1
2019-03-01,2019-04-01,0.02502044104039669,0.03657215088605881,0.03148419793056208,0.0020077597277605836,65536,39833,NUTS_SL_01m_2024.shp,SI043,2019,March,3
2019-04-01,2019-05-01,0.028349198400974274,0.03821489214897156,0.03320946428379839,0.002180160855086223,65536,36067,NUTS_SL_01m_2024.shp,SI043,2019,April,4
2019-05-01,2019-06-01,0.02436579205095768,0.03258371725678444,0.02944386390509546,0.0019583794109656865,65536,36735,NUTS_SL_01m_2024.shp,SI043,2019,May,5
2019-06-01,2019-07-01,0.018384667113423347,0.028894225135445595,0.023747067611690893,0.0021141968602968694,65536,36358,NUTS_SL_01m_2024.shp,SI043,2019,June,6
2019-07-01,2019-08-01,0.02396152913570404,0.03368297591805458,0.029286760295784923,0.002090070759657832,65536,30979,NUTS_SL_01m_2024.shp,SI043,2019,July,7
2019-08-01,2019-09-01,0.022943636402487755,0.03422028198838234,0.02889836152103394,0.0024482948324412684,65536,39415,NUTS_SL_01m_2024.shp,SI043,2019,August,8
2019-09-01,2019-10-01,0.024963799864053726,0.03059188276529312,0.02612918247838716,0.0013823603577864459,65536,57606,NUTS_SL_01m_2024.shp,SI043,2019,September,9
2019-10-01,2019-11-01,0.021559227257966995,0.03525766730308533,0.02721651943967949,0.0029266231459283876,65536,40533,NUTS_SL_01m_2024.shp,SI043,2019,October,10
2019-11-01,2019-12-01,0.0227521825581789,0.034322358667850494,0.028792368854547785,0.0026413335185767914,65536,36210,NUTS_SL_01m_2024.shp,SI043,2019,November,11
2019-12-01,2020-01-01,0.021824685856699944,0.03256251662969589,0.028043585775846026,0.002073023956521194,65536,46524,NUTS_SL_01m_2024.shp,SI043,2019,December,12
2020-01-01,2020-02-01,0.03292066231369972,0.03550254926085472,0.035492330710931955,0.0001621071309410669,65536,64778,NUTS_SL_01m_2024.shp,SI043,2020,January,1
2020-02-01,2020-03-01,0.023658649995923042,0.03698531910777092,0.030567193610105077,0.0021425158470583304,65536,42319,NUTS_SL_01m_2024.shp,SI043,2020,February,2
2020-03-01,2020-04-01,0.02270611934363842,0.036324433982372284,0.030918284730803457,0.0030193270927186787,65536,33300,NUTS_SL_01m_2024.shp,SI043,2020,March,3
2020-04-01,2020-05-01,0.03032848611474037,0.03248383104801178,0.03209319898582602,0.0008027416015141536,65536,64362,NUTS_SL_01m_2024.shp,SI043,2020,April,4
2020-05-01,2020-06-01,0.02288256585597992,0.03808177635073662,0.030073955322261203,0.0026377388781257975,65536,38825,NUTS_SL_01m_2024.shp,SI043,2020,May,5
2020-06-01,2020-07-01,0.02210366353392601,0.031502801924943924,0.02633800328567047,0.002078395958612119,65536,42302,NUTS_SL_01m_2024.shp,SI043,2020,June,6
2020-07-01,2020-08-01,0.02143915556371212,0.035264432430267334,0.028301042491314536,0.00418895859153428,65536,51595,NUTS_SL_01m_2024.shp,SI043,2020,July,7
2020-09-01,2020-10-01,0.025597944855690002,0.03868634253740311,0.030430236098303927,0.0027970613148304876,65536,41586,NUTS_SL_01m_2024.shp,SI043,2020,September,9
2020-10-01,2020-11-01,0.020195020362734795,0.03376510366797447,0.028797643410027794,0.0024914438536297024,65536,40546,NUTS_SL_01m_2024.shp,SI043,2020,October,10
2020-11-01,2020-12-01,0.026039404794573784,0.03595501184463501,0.030481806344285548,0.0019093528033781286,65536,34060,NUTS_SL_01m_2024.shp,SI043,2020,November,11
2020-12-01,2021-01-01,0.030885737389326096,0.032824862748384476,0.031031171791255474,0.0005107488341603833,65536,65496,NUTS_SL_01m_2024.shp,SI043,2020,December,12
2021-01-01,2021-02-01,0.027015645056962967,0.028344053775072098,0.028309698377189964,0.00021084998623925317,65536,65072,NUTS_SL_01m_2024.shp,SI043,2021,January,1
2021-02-01,2021-03-01,0.027151072397828102,0.034966886043548584,0.03164121088452086,0.0019168265529684208,65536,31246,NUTS_SL_01m_2024.shp,SI043,2021,February,2
2021-03-01,2021-04-01,0.028802048414945602,0.03991768881678581,0.03474463131514851,0.002492410114614619,65536,46839,NUTS_SL_01m_2024.shp,SI043,2021,March,3
2021-04-01,2021-05-01,0.027881499379873276,0.03494499623775482,0.0305905820741471,0.0015751238860101653,65536,44190,NUTS_SL_01m_2024.shp,SI043,2021,April,4
2021-05-01,2021-06-01,0.023894472047686577,0.03463911637663841,0.029570285010135547,0.0020703360599386967,65536,31741,NUTS_SL_01m_2024.shp,SI043,2021,May,5
2021-06-01,2021-07-01,0.0164559967815876,0.030138276517391205,0.023534544337976998,0.002831219042338406,65536,34544,NUTS_SL_01m_2024.shp,SI043,2021,June,6
2021-07-01,2021-08-01,0.021365704014897346,0.038497552275657654,0.027743963972455658,0.0031711584419591354,65536,40751,NUTS_SL_01m_2024.shp,SI043,2021,July,7
2021-08-01,2021-09-01,0.02941531129181385,0.04597924277186394,0.03759539081900642,0.002606412331278225,65536,43356,NUTS_SL_01m_2024.shp,SI043,2021,August,8
2021-09-01,2021-10-01,0.025998041033744812,0.03701448440551758,0.03191831740340781,0.0025694837037265605,65536,47080,NUTS_SL_01m_2024.shp,SI043,2021,September,9
2021-10-01,2021-11-01,0.029012121260166168,0.03258783742785454,0.031008240664058873,0.0015496198597437492,65536,62645,NUTS_SL_01m_2024.shp,SI043,2021,October,10
2021-11-01,2021-12-01,0.02266596630215645,0.03839373588562012,0.031036214146628813,0.0032708556886192827,65536,53415,NUTS_SL_01m_2024.shp,SI043,2021,November,11
2021-12-01,2022-01-01,0.019353127107024193,0.03228189796209335,0.025855110897964256,0.0024567490604475682,65536,31408,NUTS_SL_01m_2024.shp,SI043,2021,December,12
2022-01-01,2022-02-01,0.02493608556687832,0.03716154024004936,0.03223720623094183,0.0028413448607068994,65536,39775,NUTS_SL_01m_2024.shp,SI043,2022,January,1
2022-02-01,2022-03-01,0.025016583502292633,0.042417123913764954,0.034176663837245484,0.003241631000756525,65536,34596,NUTS_SL_01m_2024.shp,SI043,2022,February,2
2022-03-01,2022-04-01,0.02924121357500553,0.03931332379579544,0.032861111382353814,0.0023591298630600993,65536,54481,NUTS_SL_01m_2024.shp,SI043,2022,March,3
2022-04-01,2022-05-01,0.02424970082938671,0.03568863123655319,0.02956137605986633,0.003347897079050854,65536,43975,NUTS_SL_01m_2024.shp,SI043,2022,April,4
2022-05-01,2022-06-01,0.020456796512007713,0.03535399213433266,0.025364402977695297,0.0027490970908057716,65536,35845,NUTS_SL_01m_2024.shp,SI043,2022,May,5
2022-06-01,2022-07-01,0.017454879358410835,0.02950585074722767,0.0244133661847812,0.0024770498605184554,65536,34032,NUTS_SL_01m_2024.shp,SI043,2022,June,6
2022-07-01,2022-08-01,0.025688650086522102,0.028951512649655342,0.0272564748516887,0.0012820539945632404,65536,62891,NUTS_SL_01m_2024.shp,SI043,2022,July,7
2022-08-01,2022-09-01,0.015982089564204216,0.02927546203136444,0.021945011608733616,0.005109380155218372,65536,58000,NUTS_SL_01m_2024.shp,SI043,2022,August,8
2022-10-01,2022-11-01,0.01910604164004326,0.02913081832230091,0.0222459607412343,0.0021512784844704273,65536,62097,NUTS_SL_01m_2024.shp,SI043,2022,October,10
2022-11-01,2022-12-01,0.02578851208090782,0.02696627378463745,0.02638120513899113,0.0005863644751596368,65536,62151,NUTS_SL_01m_2024.shp,SI043,2022,November,11
2022-12-01,2023-01-01,0.02194635570049286,0.030708396807312965,0.026117089251132906,0.0019038589490076323,65536,45469,NUTS_SL_01m_2024.shp,SI043,2022,December,12
2023-01-01,2023-02-01,0.02334035001695156,0.038089320063591,0.03140745222496784,0.003178145308313133,65536,35304,NUTS_SL_01m_2024.shp,SI043,2023,January,1
2023-02-01,2023-03-01,0.024844186380505562,0.04039411619305611,0.029610819536675534,0.0033601870528885682,65536,48606,NUTS_SL_01m_2024.shp,SI043,2023,February,2
2023-03-01,2023-04-01,0.03255392983555794,0.03638831526041031,0.034457280738945904,0.0017239074805211556,65536,64153,NUTS_SL_01m_2024.shp,SI043,2023,March,3
2023-04-01,2023-05-01,0.022826822474598885,0.03144042193889618,0.02789883287918347,0.0023667084931660687,65536,42129,NUTS_SL_01m_2024.shp,SI043,2023,April,4
2023-05-01,2023-06-01,0.025091007351875305,0.03105876035988331,0.028281105992754713,0.0020147746982384254,65536,55218,NUTS_SL_01m_2024.shp,SI043,2023,May,5
2023-06-01,2023-07-01,0.025318847969174385,0.04127005115151405,0.033673826031619274,0.0028342269510358313,65536,39480,NUTS_SL_01m_2024.shp,SI043,2023,June,6
2023-07-01,2023-08-01,0.024966243654489517,0.04003727063536644,0.0335398470513653,0.003204711862819495,65536,34416,NUTS_SL_01m_2024.shp,SI043,2023,July,7
2023-08-01,2023-09-01,0.0393822155892849,0.056745924055576324,0.04580074217616292,0.003239647363124244,65536,43476,NUTS_SL_01m_2024.shp,SI043,2023,August,8
2023-09-01,2023-10-01,0.027343645691871643,0.03458787128329277,0.03018748414139239,0.0018755260110359358,65536,52745,NUTS_SL_01m_2024.shp,SI043,2023,September,9
2023-10-01,2023-11-01,0.019347473978996277,0.03313567861914635,0.026568957786677325,0.003350754842241252,65536,55155,NUTS_SL_01m_2024.shp,SI043,2023,October,10
2024-02-01,2024-03-01,0.026817912235856056,0.04034319892525673,0.03356286631241084,0.0033799009266157216,65536,53483,NUTS_SL_01m_2024.shp,SI043,2024,February,2
2024-03-01,2024-04-01,0.02121717669069767,0.032093413174152374,0.028825837341230006,0.002890949623812582,65536,62877,NUTS_SL_01m_2024.shp,SI043,2024,March,3
2024-04-01,2024-05-01,0.020423654466867447,0.03652558475732803,0.03149576551326796,0.003524479707918604,65536,45989,NUTS_SL_01m_2024.shp,SI043,2024,April,4
2024-05-01,2024-06-01,0.02463863603770733,0.03179820626974106,0.02867626315577235,0.0030966270614112934,65536,64408,NUTS_SL_01m_2024.shp,SI043,2024,May,5
2024-06-01,2024-07-01,0.024400468915700912,0.035082582384347916,0.02873234651475663,0.002690006579589437,65536,50991,NUTS_SL_01m_2024.shp,SI043,2024,June,6
2024-07-01,2024-08-01,0.024194417521357536,0.035138316452503204,0.02992578923463481,0.003134356928839092,65536,38667,NUTS_SL_01m_2024.shp,SI043,2024,July,7
2024-08-01,2024-09-01,0.024569185450673103,0.03557654097676277,0.030483432916181236,0.0031620583467328787,65536,53641,NUTS_SL_01m_2024.shp,SI043,2024,August,8
2024-09-01,2024-10-01,0.023624008521437645,0.03682500496506691,0.030254738190045625,0.002393171040696971,65536,42385,NUTS_SL_01m_2024.shp,SI043,2024,September,9
2024-10-01,2024-11-01,0.02334531769156456,0.03297673910856247,0.028329113745443342,0.0021484155924972816,65536,44898,NUTS_SL_01m_2024.shp,SI043,2024,October,10
2024-11-01,2024-12-01,0.026919852942228317,0.03671255335211754,0.03145717422812071,0.0023648435494223992,65536,31798,NUTS_SL_01m_2024.shp,SI043,2024,November,11
2024-12-01,2025-01-01,0.02239382453262806,0.03799954056739807,0.029573204042630495,0.002949159162705399,65536,52364,NUTS_SL_01m_2024.shp,SI043,2024,December,12
2018-04-01,2018-05-01,0.029215293005108833,0.03916684165596962,0.034094315211312516,0.0015726089322910827,65536,36318,NUTS_SL_01m_2024.shp,SI044,2018,April,4
2018-05-01,2018-06-01,0.028531670570373535,0.030468260869383812,0.029179356221028446,0.0006841753473069768,65536,65123,NUTS_SL_01m_2024.shp,SI044,2018,May,5
2018-06-01,2018-07-01,0.023156164214015007,0.03171199932694435,0.02795779403295034,0.002333202743978896,65536,36158,NUTS_SL_01m_2024.shp,SI044,2018,June,6
2018-07-01,2018-08-01,0.025546258315443993,0.03510229289531708,0.031027226905846535,0.00186178606226573,65536,40695,NUTS_SL_01m_2024.shp,SI044,2018,July,7
2018-09-01,2018-10-01,0.02189333736896515,0.03346148133277893,0.028037376340193997,0.002261375251211522,65536,34478,NUTS_SL_01m_2024.shp,SI044,2018,September,9
2018-10-01,2018-11-01,0.02400469034910202,0.03081791289150715,0.02713039831068419,0.0012179288850041753,65536,33076,NUTS_SL_01m_2024.shp,SI044,2018,October,10
2018-12-01,2019-01-01,0.02716417983174324,0.03237307071685791,0.03080980344927704,0.0012031359160005206,65536,59019,NUTS_SL_01m_2024.shp,SI044,2018,December,12
2019-01-01,2019-02-01,0.027711572125554085,0.03358927369117737,0.03041645470764254,0.001605923929401223,65536,35857,NUTS_SL_01m_2024.shp,SI044,2019,January,1
2019-02-01,2019-03-01,0.026877710595726967,0.04122696816921234,0.03286250811250717,0.0022991474967617824,65536,32720,NUTS_SL_01m_2024.shp,SI044,2019,February,2
2019-03-01,2019-04-01,0.032058026641607285,0.037599965929985046,0.03439449493590796,0.0015086647480641632,65536,50269,NUTS_SL_01m_2024.shp,SI044,2019,March,3
2019-04-01,2019-05-01,0.030475623905658722,0.036102984100580215,0.03311041863142324,0.001610106640714719,65536,42218,NUTS_SL_01m_2024.shp,SI044,2019,April,4
2019-05-01,2019-06-01,0.02436579205095768,0.03526989370584488,0.031042497593019507,0.0034376034132118246,65536,51488,NUTS_SL_01m_2024.shp,SI044,2019,May,5
2019-06-01,2019-07-01,0.023188769817352295,0.03004574589431286,0.026405956468161372,0.001799355426846171,65536,38304,NUTS_SL_01m_2024.shp,SI044,2019,June,6
2019-07-01,2019-08-01,0.026944300159811974,0.03742716461420059,0.03153625772051036,0.002369174266412193,65536,36008,NUTS_SL_01m_2024.shp,SI044,2019,July,7
2019-08-01,2019-09-01,0.022920643910765648,0.03438880294561386,0.030608048185139104,0.002258762412787189,65536,33336,NUTS_SL_01m_2024.shp,SI044,2019,August,8
2019-09-01,2019-10-01,0.0253401231020689,0.03059188276529312,0.026696813055659064,0.0009950560837103752,65536,63376,NUTS_SL_01m_2024.shp,SI044,2019,September,9
2019-10-01,2019-11-01,0.02528056502342224,0.03525766730308533,0.028720108611141142,0.001939805972769551,65536,42449,NUTS_SL_01m_2024.shp,SI044,2019,October,10
2019-11-01,2019-12-01,0.025843720883131027,0.03618389368057251,0.03041277047181243,0.0020245940314336857,65536,44649,NUTS_SL_01m_2024.shp,SI044,2019,November,11
2019-12-01,2020-01-01,0.02736726962029934,0.03256251662969589,0.028719710586643066,0.0012504808799200368,65536,55035,NUTS_SL_01m_2024.shp,SI044,2019,December,12
2020-01-01,2020-02-01,0.031935982406139374,0.03550254926085472,0.032731720677858164,0.0007218759961724028,65536,60345,NUTS_SL_01m_2024.shp,SI044,2020,January,1
2020-02-01,2020-03-01,0.030556052923202515,0.03471360728144646,0.03267176741319001,0.0010021500598397172,65536,52529,NUTS_SL_01m_2024.shp,SI044,2020,February,2
2020-03-01,2020-04-01,0.029207563027739525,0.03958957642316818,0.0336739177684154,0.0016964409126582728,65536,33551,NUTS_SL_01m_2024.shp,SI044,2020,March,3
2020-04-01,2020-05-01,0.03291969373822212,0.032927606254816055,0.03292442220099707,3.880164939310054e-06,65536,60551,NUTS_SL_01m_2024.shp,SI044,2020,April,4
2020-05-01,2020-06-01,0.026035774499177933,0.03808177635073662,0.03079213407069735,0.0025019232849217816,65536,42448,NUTS_SL_01m_2024.shp,SI044,2020,May,5
2020-06-01,2020-07-01,0.020737363025546074,0.030666932463645935,0.026664538416568465,0.00189572070087438,65536,33889,NUTS_SL_01m_2024.shp,SI044,2020,June,6
2020-07-01,2020-08-01,0.026357972994446754,0.03628773242235184,0.03131155191490275,0.00372112821988335,65536,59430,NUTS_SL_01m_2024.shp,SI044,2020,July,7
2020-09-01,2020-10-01,0.029052376747131348,0.03868634253740311,0.03211764785866842,0.0016573914660944595,65536,42856,NUTS_SL_01m_2024.shp,SI044,2020,September,9
2020-10-01,2020-11-01,0.02625438943505287,0.03503304719924927,0.03160439046310398,0.0020137368015815085,65536,37962,NUTS_SL_01m_2024.shp,SI044,2020,October,10
2020-11-01,2020-12-01,0.029263082891702652,0.03391937538981438,0.031452429306691704,0.0010861777803545937,65536,34793,NUTS_SL_01m_2024.shp,SI044,2020,November,11
2020-12-01,2021-01-01,0.030021250247955322,0.04016862064599991,0.03286320236384124,0.0019180712786871017,65536,33779,NUTS_SL_01m_2024.shp,SI044,2020,December,12
2021-02-01,2021-03-01,0.030268115922808647,0.035453759133815765,0.03299429752074415,0.0012906531381890645,65536,32691,NUTS_SL_01m_2024.shp,SI044,2021,February,2
2021-03-01,2021-04-01,0.03128744289278984,0.03995191678404808,0.03603219861250423,0.001471558893027184,65536,41636,NUTS_SL_01m_2024.shp,SI044,2021,March,3
2021-04-01,2021-05-01,0.028111474588513374,0.0336826853454113,0.031007582165201993,0.001473164121629259,65536,41337,NUTS_SL_01m_2024.shp,SI044,2021,April,4
2021-05-01,2021-06-01,0.0276724211871624,0.03870347514748573,0.030949050209504447,0.0020359548191358377,65536,36102,NUTS_SL_01m_2024.shp,SI044,2021,May,5
2021-06-01,2021-07-01,0.021645285189151764,0.033282797783613205,0.025856175678261,0.0029712710289683066,65536,34317,NUTS_SL_01m_2024.shp,SI044,2021,June,6
2021-07-01,2021-08-01,0.023562928661704063,0.03741331025958061,0.029091247873877592,0.003312620895085651,65536,35756,NUTS_SL_01m_2024.shp,SI044,2021,July,7
2021-08-01,2021-09-01,0.03559653460979462,0.04363597184419632,0.03996323627679608,0.0014600728437577503,65536,37311,NUTS_SL_01m_2024.shp,SI044,2021,August,8
2021-09-01,2021-10-01,0.030935442075133324,0.03907424956560135,0.03361126854232495,0.0027982762992283697,65536,57403,NUTS_SL_01m_2024.shp,SI044,2021,September,9
2021-12-01,2022-01-01,0.023900210857391357,0.03212439641356468,0.027491106138908872,0.0015289127643765693,65536,36028,NUTS_SL_01m_2024.shp,SI044,2021,December,12
2022-01-01,2022-02-01,0.0360223762691021,0.03630708158016205,0.03626865407001959,9.724317152646795e-05,65536,63152,NUTS_SL_01m_2024.shp,SI044,2022,January,1
2022-02-01,2022-03-01,0.03164727985858917,0.03977946192026138,0.03590316396814447,0.002081998471587136,65536,32817,NUTS_SL_01m_2024.shp,SI044,2022,February,2
2022-04-01,2022-05-01,0.025751421228051186,0.03687581047415733,0.031142647474194343,0.0033403147823544985,65536,43399,NUTS_SL_01m_2024.shp,SI044,2022,April,4
2022-05-01,2022-06-01,0.021417947486042976,0.03278423473238945,0.026004595317096892,0.002466472899670444,65536,34120,NUTS_SL_01m_2024.shp,SI044,2022,May,5
2022-06-01,2022-07-01,0.020373722538352013,0.02961520478129387,0.024471638937825425,0.0026074507650693597,65536,36064,NUTS_SL_01m_2024.shp,SI044,2022,June,6
2022-07-01,2022-08-01,0.022531673312187195,0.029818560928106308,0.026057723072574257,0.0021095313713610088,65536,45177,NUTS_SL_01m_2024.shp,SI044,2022,July,7
2022-08-01,2022-09-01,0.02075885608792305,0.030527640134096146,0.026951489466170885,0.003107202482728848,65536,57271,NUTS_SL_01m_2024.shp,SI044,2022,August,8
2022-10-01,2022-11-01,0.03304527327418327,0.03304527327418327,0.03304527327418327,0.0,65536,65094,NUTS_SL_01m_2024.shp,SI044,2022,October,10
2022-12-01,2023-01-01,0.023410145193338394,0.03197874501347542,0.027447713306461497,0.002007702393543882,65536,37229,NUTS_SL_01m_2024.shp,SI044,2022,December,12
2023-01-01,2023-02-01,0.028277326375246048,0.037315044552087784,0.03312712174007054,0.0018177031754372864,65536,32691,NUTS_SL_01m_2024.shp,SI044,2023,January,1
2023-02-01,2023-03-01,0.02795635722577572,0.040133941918611526,0.03217065863015233,0.0024340285926167907,65536,51092,NUTS_SL_01m_2024.shp,SI044,2023,February,2
2023-03-01,2023-04-01,0.0385635569691658,0.0385635569691658,0.0385635569691658,0.0,65536,64266,NUTS_SL_01m_2024.shp,SI044,2023,March,3
2023-04-01,2023-05-01,0.02746869996190071,0.02746869996190071,0.02746869996190071,0.0,65536,64640,NUTS_SL_01m_2024.shp,SI044,2023,April,4
2023-05-01,2023-06-01,0.03497515991330147,0.035549577325582504,0.03502533962213337,0.00016219153898338123,65536,63693,NUTS_SL_01m_2024.shp,SI044,2023,May,5
2023-06-01,2023-07-01,0.031192881986498833,0.04149455949664116,0.03529946724378212,0.0024566144988408,65536,33490,NUTS_SL_01m_2024.shp,SI044,2023,June,6
2023-07-01,2023-08-01,0.029074514284729958,0.0439068004488945,0.03419196661365055,0.002338605115228914,65536,33995,NUTS_SL_01m_2024.shp,SI044,2023,July,7
2023-08-01,2023-09-01,0.048003438860177994,0.05398687720298767,0.05143819200278559,0.0018125731505350363,65536,46290,NUTS_SL_01m_2024.shp,SI044,2023,August,8
2023-09-01,2023-10-01,0.026525704190135002,0.03235836327075958,0.030807878835938423,0.0014984192642749626,65536,41732,NUTS_SL_01m_2024.shp,SI044,2023,September,9
2023-10-01,2023-11-01,0.023819953203201294,0.032753635197877884,0.02855608363954216,0.001983106255812475,65536,34251,NUTS_SL_01m_2024.shp,SI044,2023,October,10
2024-02-01,2024-03-01,0.027207130566239357,0.04034319892525673,0.03170871276367032,0.0036045738607033634,65536,49698,NUTS_SL_01m_2024.shp,SI044,2024,February,2
2024-03-01,2024-04-01,0.03445732593536377,0.0365571528673172,0.03508449512502908,0.0008291640643671056,65536,62284,NUTS_SL_01m_2024.shp,SI044,2024,March,3
2024-04-01,2024-05-01,0.02230985462665558,0.038448333740234375,0.031958959807000156,0.004931556312288172,65536,49217,NUTS_SL_01m_2024.shp,SI044,2024,April,4
2024-05-01,2024-06-01,0.023050963878631592,0.03476959094405174,0.028012116361398817,0.003793889796571496,65536,45872,NUTS_SL_01m_2024.shp,SI044,2024,May,5
2024-06-01,2024-07-01,0.027855094522237778,0.035082582384347916,0.03092500336152606,0.0015738039798174617,65536,42991,NUTS_SL_01m_2024.shp,SI044,2024,June,6
2024-07-01,2024-08-01,0.027477366849780083,0.037466928362846375,0.03292971368256781,0.0026109979625326615,65536,32737,NUTS_SL_01m_2024.shp,SI044,2024,July,7
2024-08-01,2024-09-01,0.03177937865257263,0.035479504615068436,0.0328047946260717,0.0009316703840497869,65536,52461,NUTS_SL_01m_2024.shp,SI044,2024,August,8
2024-09-01,2024-10-01,0.028265533968806267,0.03630580008029938,0.03202576153524498,0.0019480729340896669,65536,37948,NUTS_SL_01m_2024.shp,SI044,2024,September,9
2024-10-01,2024-11-01,0.023677194491028786,0.03455052152276039,0.0299538036223169,0.0025465497812622298,65536,43644,NUTS_SL_01m_2024.shp,SI044,2024,October,10
2024-11-01,2024-12-01,0.030746061354875565,0.035959210246801376,0.03294796579898928,0.0014283447051391667,65536,34470,NUTS_SL_01m_2024.shp,SI044,2024,November,11
2024-12-01,2025-01-01,0.027388861402869225,0.03799954056739807,0.03067293617629506,0.0026304365894684427,65536,47158,NUTS_SL_01m_2024.shp,SI044,2024,December,12
