,NUTS_ID,year,month,NO2,SO2,CO,O3,HCHO,PM25,GDP,population,GDP_per_capita,O3_quality,CO_quality,NO2_quality,SO2_quality,PM25_quality,HCHO_quality,season,PM25_weighted_quality,NO2_weighted_quality,O3_weighted_quality,SO2_weighted_quality,CO_weighted_quality,HCHO_weighted_quality,Index,Country,GDP_Normalized,GDP_per_capita_min,GDP_per_capita_max,Air_Inequity_Index
2880,SI031,2018,1,2.903929530548702,46.18,0.030617265,0.1833422657870744,0.43,12.43882,1714790000,114750,14943.703703703704,4,4,1,1,2,1,Winter,0.8,0.25,0.4,0.12,0.24,0.07,1.8800000000000003,SI,0.8298091175444284,11595.271453590192,31269.840395246756,1.5600411409835258
2881,SI031,2018,2,2.771536682079752,27.94,0.031739465,0.131078625,2.7,10.94681,1714790000,114750,14943.703703703704,3,4,1,1,2,1,Winter,0.8,0.25,0.30000000000000004,0.12,0.24,0.07,1.7800000000000002,SI,0.8298091175444284,11595.271453590192,31269.840395246756,1.4770602292290829
2882,SI031,2018,3,1.4103252674780855,9.62,0.038444872,0.164007135,3.26,11.41676,1714790000,114750,14943.703703703704,4,4,1,1,2,1,Spring,0.72,0.22,0.6,0.12,0.28,0.08,2.02,SI,0.8298091175444284,11595.271453590192,31269.840395246756,1.6762144174397455
2883,SI031,2018,4,1.1055844319203507,9.32,0.033510393,0.1491173511262784,18.53,21.383,1714790000,114750,14943.703703703704,3,4,1,1,4,4,Spring,1.44,0.22,0.44999999999999996,0.12,0.28,0.32,2.8299999999999996,SI,0.8298091175444284,11595.271453590192,31269.840395246756,2.348359802650732
2884,SI031,2018,5,0.9503062733171816,2.14,0.031204336,0.1481406441137515,3.54,18.67725,1714790000,114750,14943.703703703704,3,4,1,1,3,1,Spring,1.08,0.22,0.44999999999999996,0.12,0.28,0.08,2.2300000000000004,SI,0.8298091175444284,11595.271453590192,31269.840395246756,1.8504743321240757
2885,SI031,2018,6,1.2211766371641304,2.29,0.027989801,0.1536514273689626,4.73,17.59102,1714790000,114750,14943.703703703704,4,3,1,1,3,1,Summer,0.75,0.15,1.2,0.05,0.30000000000000004,0.15,2.6,SI,0.8298091175444284,11595.271453590192,31269.840395246756,2.157503705615514
2886,SI031,2018,7,1.3109920516853353,1.39,0.030193696,0.1400392643387571,4.69,15.57331,1714790000,114750,14943.703703703704,3,4,1,1,3,1,Summer,0.75,0.15,0.8999999999999999,0.05,0.4,0.15,2.4,SI,0.8298091175444284,11595.271453590192,31269.840395246756,1.9915418821066282
2887,SI031,2018,8,0.972652682,13.67,0.044933308,0.1385890287119064,4.85,19.8351,1714790000,114750,14943.703703703704,3,4,1,1,3,1,Summer,0.75,0.15,0.8999999999999999,0.05,0.4,0.15,2.4,SI,0.8298091175444284,11595.271453590192,31269.840395246756,1.9915418821066282
2888,SI031,2018,9,1.0414776929163232,2.45,0.029921301,0.1260672367305558,2.81,16.59949,1714790000,114750,14943.703703703704,3,3,1,1,3,1,Autumn,1.0499999999999998,0.23,0.44999999999999996,0.12,0.21000000000000002,0.08,2.1399999999999997,SI,0.8298091175444284,11595.271453590192,31269.840395246756,1.7757915115450766
2889,SI031,2018,10,1.5102784611594424,6.75,0.029732506,0.1298716598398331,1.09,18.83745,1714790000,114750,14943.703703703704,3,3,1,1,3,1,Autumn,1.0499999999999998,0.23,0.44999999999999996,0.12,0.21000000000000002,0.08,2.1399999999999997,SI,0.8298091175444284,11595.271453590192,31269.840395246756,1.7757915115450766
2890,SI031,2018,11,2.651953982344418,47.85,0.029996068,0.1337776467906767,1.08,16.01587,1714790000,114750,14943.703703703704,3,3,1,1,3,1,Autumn,1.0499999999999998,0.23,0.44999999999999996,0.12,0.21000000000000002,0.08,2.1399999999999997,SI,0.8298091175444284,11595.271453590192,31269.840395246756,1.7757915115450766
2891,SI031,2018,12,1.6669823705077431,122.1,0.033034918,0.1492107337433112,2.21,15.98084,1714790000,114750,14943.703703703704,3,4,1,3,3,1,Winter,1.2000000000000002,0.25,0.30000000000000004,0.36,0.24,0.07,2.4200000000000004,SI,0.8298091175444284,11595.271453590192,31269.840395246756,2.0081380644575173
2892,SI032,2018,1,2.1238892823366524,28.95,0.028182651,0.1846839,2.12,13.57943,5711450000,322260,17723.111773102464,4,3,1,1,2,1,Winter,0.8,0.25,0.4,0.12,0.18,0.07,1.8200000000000003,SI,0.6885400469162035,11595.271453590192,31269.840395246756,1.2531428853874906
2893,SI032,2018,2,2.408360033184056,51.33,0.031677136,0.1299655276204308,2.36,12.03664,5711450000,322260,17723.111773102464,3,4,1,2,2,1,Winter,0.8,0.25,0.30000000000000004,0.24,0.24,0.07,1.9000000000000001,SI,0.6885400469162035,11595.271453590192,31269.840395246756,1.3082260891407869
2894,SI032,2018,3,1.3612097822252929,17.21,0.036112383,0.1631387852397154,2.55,12.45067,5711450000,322260,17723.111773102464,4,4,1,1,2,1,Spring,0.72,0.22,0.6,0.12,0.28,0.08,2.02,SI,0.6885400469162035,11595.271453590192,31269.840395246756,1.3908508947707312
2895,SI032,2018,4,0.8704492796791272,7.38,0.033861871,0.1490782482602881,15.15,22.25991,5711450000,322260,17723.111773102464,3,4,1,1,4,4,Spring,1.44,0.22,0.44999999999999996,0.12,0.28,0.32,2.8299999999999996,SI,0.6885400469162035,11595.271453590192,31269.840395246756,1.9485683327728558
2896,SI032,2018,5,1.0159135139935558,3.29,0.029519243,0.1472621257335311,3.32,19.99067,5711450000,322260,17723.111773102464,3,3,1,1,3,1,Spring,1.08,0.22,0.44999999999999996,0.12,0.21000000000000002,0.08,2.16,SI,0.6885400469162035,11595.271453590192,31269.840395246756,1.4872465013389997
2897,SI032,2018,6,1.2036689590373908,3.03,0.027408059,0.1515967164107312,1.99,18.45831,5711450000,322260,17723.111773102464,4,3,1,1,3,1,Summer,0.75,0.15,1.2,0.05,0.30000000000000004,0.15,2.6,SI,0.6885400469162035,11595.271453590192,31269.840395246756,1.7902041219821292
2898,SI032,2018,7,1.351687,5.55,0.030330987,0.1401623371620406,3.91,16.89259,5711450000,322260,17723.111773102464,3,4,1,1,3,1,Summer,0.75,0.15,0.8999999999999999,0.05,0.4,0.15,2.4,SI,0.6885400469162035,11595.271453590192,31269.840395246756,1.6524961125988884
2899,SI032,2018,8,1.2706627343947952,4.14,0.043092202,0.136615129,4.53,20.65634,5711450000,322260,17723.111773102464,3,4,1,1,4,1,Summer,1,0.15,0.8999999999999999,0.05,0.4,0.15,2.6499999999999995,SI,0.6885400469162035,11595.271453590192,31269.840395246756,1.824631124327939
2900,SI032,2018,9,0.9347001765121056,21.29,0.029826362,0.1261028389864416,2.49,17.72596,5711450000,322260,17723.111773102464,3,3,1,1,3,1,Autumn,1.0499999999999998,0.23,0.44999999999999996,0.12,0.21000000000000002,0.08,2.1399999999999997,SI,0.6885400469162035,11595.271453590192,31269.840395246756,1.4734757004006753
2901,SI032,2018,10,1.436505544537333,25.98,0.029105241,0.1298502499792644,2.03,19.83586,5711450000,322260,17723.111773102464,3,3,1,1,3,1,Autumn,1.0499999999999998,0.23,0.44999999999999996,0.12,0.21000000000000002,0.08,2.1399999999999997,SI,0.6885400469162035,11595.271453590192,31269.840395246756,1.4734757004006753
2902,SI032,2018,11,3.005125095133484,50.25,0.028708858,0.1325914,3.05,16.70251,5711450000,322260,17723.111773102464,3,3,1,2,3,1,Autumn,1.0499999999999998,0.23,0.44999999999999996,0.24,0.21000000000000002,0.08,2.26,SI,0.6885400469162035,11595.271453590192,31269.840395246756,1.556100506
2903,SI032,2018,12,2.3843489487821787,122.12,0.032556054,0.1492829504673048,1.21,16.86567,5711450000,322260,17723.111773102464,3,4,1,3,3,1,Winter,1.2000000000000002,0.25,0.30000000000000004,0.36,0.24,0.07,2.4200000000000004,SI,0.6885400469162035,11595.271453590192,31269.840395246756,1.6662669135372128
2904,SI033,2018,1,1.4060305028842432,20.87,0.028751831,0.1824514357185863,8.58,11.34112,1228790000,70670,17387.71756049243,4,3,1,1,2,2,Winter,0.8,0.25,0.4,0.12,0.18,0.14,1.8900000000000001,SI,0.7055871402276057,11595.271453590192,31269.840395246756,1.333559695030175
2905,SI033,2018,2,1.6735112036161692,36.13,0.031152947,0.1296054187298176,2.2,10.117,1228790000,70670,17387.71756049243,3,4,1,1,2,1,Winter,0.8,0.25,0.30000000000000004,0.12,0.24,0.07,1.7800000000000002,SI,0.7055871402276057,11595.271453590192,31269.840395246756,1.2559451096051384
2906,SI033,2018,3,0.9357099620321506,19.92,0.03269724,0.1601256922016241,2.16,10.60208,1228790000,70670,17387.71756049243,4,4,1,1,2,1,Spring,0.72,0.22,0.6,0.12,0.28,0.08,2.02,SI,0.7055871402276057,11595.271453590192,31269.840395246756,1.4252860232597635
2907,SI033,2018,4,0.7891254892425381,9.49,0.032249606,0.1491964988192214,12.6,20.76162,1228790000,70670,17387.71756049243,3,4,1,1,4,3,Spring,1.44,0.22,0.44999999999999996,0.12,0.28,0.24,2.75,SI,0.7055871402276057,11595.271453590192,31269.840395246756,1.9403646356259157
2908,SI033,2018,5,1.0565828959379862,3,0.028282218,0.1449078378042475,3.81,17.98497,1228790000,70670,17387.71756049243,3,3,1,1,3,1,Spring,1.08,0.22,0.44999999999999996,0.12,0.21000000000000002,0.08,2.16,SI,0.7055871402276057,11595.271453590192,31269.840395246756,1.5240682228916285
2909,SI033,2018,6,0.725645234,13.33,0.025579772,0.1502810520946728,2.51,16.55929,1228790000,70670,17387.71756049243,4,3,1,1,3,1,Summer,0.75,0.15,1.2,0.05,0.30000000000000004,0.15,2.6,SI,0.7055871402276057,11595.271453590192,31269.840395246756,1.834526564591775
2910,SI033,2018,7,1.189990029287387,7.07,0.025748031,0.139936283,2.27,12.6204,1228790000,70670,17387.71756049243,3,3,1,1,2,1,Summer,0.5,0.15,0.8999999999999999,0.05,0.30000000000000004,0.15,2.05,SI,0.7055871402276057,11595.271453590192,31269.840395246756,1.4464536374665915
2911,SI033,2018,8,1.218085636202825,1.26,0.03031995,0.1369590966328314,2.66,15.3418,1228790000,70670,17387.71756049243,3,4,1,1,3,1,Summer,0.75,0.15,0.8999999999999999,0.05,0.4,0.15,2.4,SI,0.7055871402276057,11595.271453590192,31269.840395246756,1.6934091365462536
2912,SI033,2018,9,1.071894128240328,39.98,0.026163483,0.1254896459552231,2.86,12.19885,1228790000,70670,17387.71756049243,3,3,1,1,2,1,Autumn,0.7,0.23,0.44999999999999996,0.12,0.21000000000000002,0.08,1.79,SI,0.7055871402276057,11595.271453590192,31269.840395246756,1.2630009810074143
2913,SI033,2018,10,1.3229985517363387,21.11,0.025460146,0.1294410054638144,0.96,13.41848,1228790000,70670,17387.71756049243,3,3,1,1,2,1,Autumn,0.7,0.23,0.44999999999999996,0.12,0.21000000000000002,0.08,1.79,SI,0.7055871402276057,11595.271453590192,31269.840395246756,1.2630009810074143
2914,SI033,2018,11,2.6083506222501787,36.73,0.026542208,0.133277132,1.5,11.21813,1228790000,70670,17387.71756049243,3,3,1,1,2,1,Autumn,0.7,0.23,0.44999999999999996,0.12,0.21000000000000002,0.08,1.79,SI,0.7055871402276057,11595.271453590192,31269.840395246756,1.2630009810074143
2915,SI033,2018,12,1.591561149897723,156.37,0.029836598,0.1472087490210956,1.93,10.11679,1228790000,70670,17387.71756049243,3,3,1,4,2,1,Winter,0.8,0.25,0.30000000000000004,0.48,0.18,0.07,2.08,SI,0.7055871402276057,11595.271453590192,31269.840395246756,1.467621252
2916,SI034,2018,1,1.8164815108767725,24,0.028777464,0.1812679795195536,0.89,12.08518,5034070000,255940,19668.945846682815,4,3,1,1,2,1,Winter,0.8,0.25,0.4,0.12,0.18,0.07,1.8200000000000003,SI,0.5896390707702676,11595.271453590192,31269.840395246756,1.0731431088018872
2917,SI034,2018,2,2.279939592386921,42.86,0.031534481,0.1286800236153695,2.68,10.79728,5034070000,255940,19668.945846682815,3,4,1,1,2,1,Winter,0.8,0.25,0.30000000000000004,0.12,0.24,0.07,1.7800000000000002,SI,0.5896390707702676,11595.271453590192,31269.840395246756,1.0495575459710764
2918,SI034,2018,3,1.1744953242769864,12.86,0.034171287,0.1615912372836531,1.27,11.23744,5034070000,255940,19668.945846682815,4,4,1,1,2,1,Spring,0.72,0.22,0.6,0.12,0.28,0.08,2.02,SI,0.5896390707702676,11595.271453590192,31269.840395246756,1.1910709229559404
2919,SI034,2018,4,0.5311345648181554,7.17,0.03429997,0.1490954648947735,11.55,21.13589,5034070000,255940,19668.945846682815,3,4,1,1,4,3,Spring,1.44,0.22,0.44999999999999996,0.12,0.28,0.24,2.75,SI,0.5896390707702676,11595.271453590192,31269.840395246756,1.6215074446182358
2920,SI034,2018,5,1.0437908472865298,1.28,0.028740214,0.1450346122061486,3.91,19.59103,5034070000,255940,19668.945846682815,3,3,1,1,3,1,Spring,1.08,0.22,0.44999999999999996,0.12,0.21000000000000002,0.08,2.16,SI,0.5896390707702676,11595.271453590192,31269.840395246756,1.273620392863778
2921,SI034,2018,6,1.3547306944119153,2.87,0.027211566,0.1506837327282875,2.78,18.07636,5034070000,255940,19668.945846682815,4,3,1,1,3,1,Summer,0.75,0.15,1.2,0.05,0.30000000000000004,0.15,2.6,SI,0.5896390707702676,11595.271453590192,31269.840395246756,1.5330615840026958
2922,SI034,2018,7,1.2488490861398645,3.5,0.027665857,0.1399888671614408,3.79,16.12231,5034070000,255940,19668.945846682815,3,3,1,1,3,1,Summer,0.75,0.15,0.8999999999999999,0.05,0.30000000000000004,0.15,2.3,SI,0.5896390707702676,11595.271453590192,31269.840395246756,1.3561698627716152
2923,SI034,2018,8,1.2535318971648282,1.23,0.031409913,0.1369329904169051,3.63,18.95216,5034070000,255940,19668.945846682815,3,4,1,1,3,1,Summer,0.75,0.15,0.8999999999999999,0.05,0.4,0.15,2.4,SI,0.5896390707702676,11595.271453590192,31269.840395246756,1.4151337698486421
2924,SI034,2018,9,0.9113027564515164,30.58,0.027635889,0.1264928419468447,3.31,15.38655,5034070000,255940,19668.945846682815,3,3,1,1,3,1,Autumn,1.0499999999999998,0.23,0.44999999999999996,0.12,0.21000000000000002,0.08,2.1399999999999997,SI,0.5896390707702676,11595.271453590192,31269.840395246756,1.2618276114483724
2925,SI034,2018,10,1.316462590733785,10.01,0.02639482,0.1295665483248247,0.73,16.6411,5034070000,255940,19668.945846682815,3,3,1,1,3,1,Autumn,1.0499999999999998,0.23,0.44999999999999996,0.12,0.21000000000000002,0.08,2.1399999999999997,SI,0.5896390707702676,11595.271453590192,31269.840395246756,1.2618276114483724
2926,SI034,2018,11,3.606396981146047,70.61,0.027943669,0.1328486079868288,2.26,13.62048,5034070000,255940,19668.945846682815,3,3,1,2,2,1,Autumn,0.7,0.23,0.44999999999999996,0.24,0.21000000000000002,0.08,1.91,SI,0.5896390707702676,11595.271453590192,31269.840395246756,1.126210625171211
2927,SI034,2018,12,2.1024246399169217,98.77,0.030628324,0.1486244789271795,1.3,12.99589,5034070000,255940,19668.945846682815,3,4,1,2,2,1,Winter,0.8,0.25,0.30000000000000004,0.24,0.24,0.07,1.9000000000000001,SI,0.5896390707702676,11595.271453590192,31269.840395246756,1.1203142344635084
2928,SI035,2018,1,1.875403364440922,38.61,0.031628832,0.179267596,0.69,11.00377,662090000,57100,11595.271453590192,4,4,1,1,2,1,Winter,0.8,0.25,0.4,0.12,0.24,0.07,1.8800000000000003,SI,1,11595.271453590192,31269.840395246756,1.8800000000000003
2929,SI035,2018,2,2.6334006075678738,51.06,0.031617696,0.1285080961527186,2.16,9.81614,662090000,57100,11595.271453590192,3,4,1,2,1,1,Winter,0.4,0.25,0.30000000000000004,0.24,0.24,0.07,1.5,SI,1,11595.271453590192,31269.840395246756,1.5
2930,SI035,2018,3,1.1767788535092378,20.08,0.033840059,0.1610457721977083,3.05,10.32634,662090000,57100,11595.271453590192,4,4,1,1,2,1,Spring,0.72,0.22,0.6,0.12,0.28,0.08,2.02,SI,1,11595.271453590192,31269.840395246756,2.02
2931,SI035,2018,4,0.6000986397097853,8.14,0.03478865,0.1497525930161287,14.75,20.36119,662090000,57100,11595.271453590192,3,4,1,1,4,3,Spring,1.44,0.22,0.44999999999999996,0.12,0.28,0.24,2.75,SI,1,11595.271453590192,31269.840395246756,2.75
2932,SI035,2018,5,1.078394045080017,1.44,0.028449924,0.1440697902546633,3.88,18.79159,662090000,57100,11595.271453590192,3,3,1,1,3,1,Spring,1.08,0.22,0.44999999999999996,0.12,0.21000000000000002,0.08,2.16,SI,1,11595.271453590192,31269.840395246756,2.16
2933,SI035,2018,6,1.5546227289020214,7.29,0.025679713,0.1501227326091889,3.31,17.35012,662090000,57100,11595.271453590192,4,3,1,1,3,1,Summer,0.75,0.15,1.2,0.05,0.30000000000000004,0.15,2.6,SI,1,11595.271453590192,31269.840395246756,2.6
2934,SI035,2018,7,1.514069462699902,2.51,0.027051476,0.1399566735352509,2.87,14.95197,662090000,57100,11595.271453590192,3,3,1,1,2,1,Summer,0.5,0.15,0.8999999999999999,0.05,0.30000000000000004,0.15,2.05,SI,1,11595.271453590192,31269.840395246756,2.05
2935,SI035,2018,8,1.2344601228652516,3.77,0.031550304,0.1366217520190141,3.78,17.4757,662090000,57100,11595.271453590192,3,4,1,1,3,1,Summer,0.75,0.15,0.8999999999999999,0.05,0.4,0.15,2.4,SI,1,11595.271453590192,31269.840395246756,2.4
2936,SI035,2018,9,0.8492383313227617,35.03,0.026633251,0.1268806287898855,3.17,13.64894,662090000,57100,11595.271453590192,3,3,1,1,2,1,Autumn,0.7,0.23,0.44999999999999996,0.12,0.21000000000000002,0.08,1.79,SI,1,11595.271453590192,31269.840395246756,1.79
2937,SI035,2018,10,1.6453288273013418,22.88,0.026569942,0.1296109331508267,2.86,14.69106,662090000,57100,11595.271453590192,3,3,1,1,2,1,Autumn,0.7,0.23,0.44999999999999996,0.12,0.21000000000000002,0.08,1.79,SI,1,11595.271453590192,31269.840395246756,1.79
2938,SI035,2018,11,3.4789721410035206,51.25,0.027718076,0.1324284957810804,0.16,11.79361,662090000,57100,11595.271453590192,3,3,1,2,2,1,Autumn,0.7,0.23,0.44999999999999996,0.24,0.21000000000000002,0.08,1.91,SI,1,11595.271453590192,31269.840395246756,1.91
2939,SI035,2018,12,2.330124534250267,61.59,0.031177199,0.1489808609177045,0.47,11.00351,662090000,57100,11595.271453590192,3,4,1,2,2,1,Winter,0.8,0.25,0.30000000000000004,0.24,0.24,0.07,1.9000000000000001,SI,1,11595.271453590192,31269.840395246756,1.9000000000000001
2940,SI036,2018,1,1.707962513,28.51,0.031263187,0.1811085422345622,2.6,11.39818,1235060000,75490,16360.577559941714,4,4,1,1,2,1,Winter,0.8,0.25,0.4,0.12,0.24,0.07,1.8800000000000003,SI,0.7577936207658387,11595.271453590192,31269.840395246756,1.424652007039777
2941,SI036,2018,2,2.2881873796442904,48.54,0.032089007,0.1287194520604932,2.51,10.35643,1235060000,75490,16360.577559941714,3,4,1,1,2,1,Winter,0.8,0.25,0.30000000000000004,0.12,0.24,0.07,1.7800000000000002,SI,0.7577936207658387,11595.271453590192,31269.840395246756,1.348872644963193
2942,SI036,2018,3,1.2874852612583392,25.65,0.037657151,0.1628927771725567,1.09,10.89545,1235060000,75490,16360.577559941714,4,4,1,1,2,1,Spring,0.72,0.22,0.6,0.12,0.28,0.08,2.02,SI,0.7577936207658387,11595.271453590192,31269.840395246756,1.530743113946994
2943,SI036,2018,4,0.5213571687913848,6.75,0.034502047,0.1494540491039308,12.65,20.54665,1235060000,75490,16360.577559941714,3,4,1,1,4,3,Spring,1.44,0.22,0.44999999999999996,0.12,0.28,0.24,2.75,SI,0.7577936207658387,11595.271453590192,31269.840395246756,2.0839324571060565
2944,SI036,2018,5,0.8645313978786054,0.35,0.029245561,0.1443657503668555,3.92,19.54034,1235060000,75490,16360.577559941714,3,3,1,1,3,1,Spring,1.08,0.22,0.44999999999999996,0.12,0.21000000000000002,0.08,2.16,SI,0.7577936207658387,11595.271453590192,31269.840395246756,1.6368342208542117
2945,SI036,2018,6,0.6234095004685881,4.11,0.027864554,0.1507191821375202,1.04,18.07797,1235060000,75490,16360.577559941714,4,3,1,1,3,1,Summer,0.75,0.15,1.2,0.05,0.30000000000000004,0.15,2.6,SI,0.7577936207658387,11595.271453590192,31269.840395246756,1.9702634139911805
2946,SI036,2018,7,1.2973836734451358,4.7,0.028332565,0.1398581600408128,3.04,17.11231,1235060000,75490,16360.577559941714,3,3,1,1,3,1,Summer,0.75,0.15,0.8999999999999999,0.05,0.30000000000000004,0.15,2.3,SI,0.7577936207658387,11595.271453590192,31269.840395246756,1.7429253277614287
2947,SI036,2018,8,1.1768179387650928,24.54,0.033778157,0.1362835299842616,4.97,19.64526,1235060000,75490,16360.577559941714,3,4,1,1,3,1,Summer,0.75,0.15,0.8999999999999999,0.05,0.4,0.15,2.4,SI,0.7577936207658387,11595.271453590192,31269.840395246756,1.8187046898380128
2948,SI036,2018,9,0.9381322794527642,19.93,0.02936063,0.1277366876491294,3.67,15.95951,1235060000,75490,16360.577559941714,3,3,1,1,3,1,Autumn,1.0499999999999998,0.23,0.44999999999999996,0.12,0.21000000000000002,0.08,2.1399999999999997,SI,0.7577936207658387,11595.271453590192,31269.840395246756,1.6216783484388946
2949,SI036,2018,10,1.2610090689300613,7.22,0.027361955,0.1298638626040497,0.62,17.65563,1235060000,75490,16360.577559941714,3,3,1,1,3,1,Autumn,1.0499999999999998,0.23,0.44999999999999996,0.12,0.21000000000000002,0.08,2.1399999999999997,SI,0.7577936207658387,11595.271453590192,31269.840395246756,1.6216783484388946
2950,SI036,2018,11,4.081895399808737,34.32,0.028067591,0.1323689335017218,6.19,14.5424,1235060000,75490,16360.577559941714,3,3,1,1,2,2,Autumn,0.7,0.23,0.44999999999999996,0.12,0.21000000000000002,0.16,1.8699999999999999,SI,0.7577936207658387,11595.271453590192,31269.840395246756,1.4170740708321183
2951,SI036,2018,12,2.814233711948097,102.19,0.034709332,0.1502668234836744,1.62,13.71279,1235060000,75490,16360.577559941714,4,4,1,3,2,1,Winter,0.8,0.25,0.4,0.36,0.24,0.07,2.1199999999999997,SI,0.7577936207658387,11595.271453590192,31269.840395246756,1.6065224760235777
2952,SI037,2018,1,1.8640577762484272,21.92,0.033443043,0.1801854719359606,2.3,8.28336,3097100000,143510,21581.074489582606,4,4,1,1,1,1,Winter,0.4,0.25,0.4,0.12,0.24,0.07,1.48,SI,0.49245124172201427,11595.271453590192,31269.840395246756,0.7288278377485811
2953,SI037,2018,2,1.480019883040559,41.03,0.031485542,0.1291571029387827,2.3,7.30548,3097100000,143510,21581.074489582606,3,4,1,1,1,1,Winter,0.4,0.25,0.30000000000000004,0.12,0.24,0.07,1.3800000000000001,SI,0.49245124172201427,11595.271453590192,31269.840395246756,0.6795827135763798
2954,SI037,2018,3,0.926078495,21.03,0.03549254,0.1619832746918375,2.6,8.40686,3097100000,143510,21581.074489582606,4,4,1,1,1,1,Spring,0.36,0.22,0.6,0.12,0.28,0.08,1.66,SI,0.49245124172201427,11595.271453590192,31269.840395246756,0.8174690612585437
2955,SI037,2018,4,0.6527540194449423,8.91,0.034163194,0.1501911988989166,13.4,17.99889,3097100000,143510,21581.074489582606,4,4,1,1,3,3,Spring,1.08,0.22,0.6,0.12,0.28,0.24,2.54,SI,0.49245124172201427,11595.271453590192,31269.840395246756,1.2508261539739163
2956,SI037,2018,5,0.8425419037271255,1.33,0.029657571,0.14238965,4.57,17.3949,3097100000,143510,21581.074489582606,3,3,1,1,3,1,Spring,1.08,0.22,0.44999999999999996,0.12,0.21000000000000002,0.08,2.16,SI,0.49245124172201427,11595.271453590192,31269.840395246756,1.063694682119551
2957,SI037,2018,6,1.2671832661358655,3.12,0.027153585,0.1525192670056687,3.29,16.04014,3097100000,143510,21581.074489582606,4,3,1,1,3,1,Summer,0.75,0.15,1.2,0.05,0.30000000000000004,0.15,2.6,SI,0.49245124172201427,11595.271453590192,31269.840395246756,1.2803732284772371
2958,SI037,2018,7,1.2719019240340657,7.93,0.027176774,0.1401908140389038,3.97,14.12743,3097100000,143510,21581.074489582606,3,3,1,1,2,1,Summer,0.5,0.15,0.8999999999999999,0.05,0.30000000000000004,0.15,2.05,SI,0.49245124172201427,11595.271453590192,31269.840395246756,1.0095250455301292
2959,SI037,2018,8,1.104090725087683,17.8,0.031710544,0.1371053,3.85,15.44877,3097100000,143510,21581.074489582606,3,4,1,1,3,1,Summer,0.75,0.15,0.8999999999999999,0.05,0.4,0.15,2.4,SI,0.49245124172201427,11595.271453590192,31269.840395246756,1.181882980132834
2960,SI037,2018,9,0.7921233000141877,32.52,0.028071848,0.1282714684113032,2.82,11.37311,3097100000,143510,21581.074489582606,3,3,1,1,2,1,Autumn,0.7,0.23,0.44999999999999996,0.12,0.21000000000000002,0.08,1.79,SI,0.49245124172201427,11595.271453590192,31269.840395246756,0.8814877226824056
2961,SI037,2018,10,1.138689002478032,8.3,0.026436771,0.1297318233959563,0.98,13.17645,3097100000,143510,21581.074489582606,3,3,1,1,2,1,Autumn,0.7,0.23,0.44999999999999996,0.12,0.21000000000000002,0.08,1.79,SI,0.49245124172201427,11595.271453590192,31269.840395246756,0.8814877226824056
2962,SI037,2018,11,2.356958425262204,45.72,0.028689796,0.1332843287483917,2.36,9.72227,3097100000,143510,21581.074489582606,3,3,1,1,1,1,Autumn,0.35,0.23,0.44999999999999996,0.12,0.21000000000000002,0.08,1.44,SI,0.49245124172201427,11595.271453590192,31269.840395246756,0.7091297880797005
2963,SI037,2018,12,2.6854319854929534,130.04,0.031532438,0.1506394452732159,1.39,8.69978,3097100000,143510,21581.074489582606,4,4,1,3,1,1,Winter,0.4,0.25,0.4,0.36,0.24,0.07,1.7200000000000002,SI,0.49245124172201427,11595.271453590192,31269.840395246756,0.8470161357618646
2964,SI038,2018,1,2.181454998142044,71.36,0.028975684,0.177885935,0.74,8.02445,820780000,52360,15675.706646294882,4,3,1,2,1,1,Winter,0.4,0.25,0.4,0.24,0.18,0.07,1.54,SI,0.7926035785177856,11595.271453590192,31269.840395246756,1.2206095109173898
2965,SI038,2018,2,1.5682290334704043,16.26,0.030256249,0.1291486850476182,1.67,6.60285,820780000,52360,15675.706646294882,3,4,1,1,1,1,Winter,0.4,0.25,0.30000000000000004,0.12,0.24,0.07,1.3800000000000001,SI,0.7926035785177856,11595.271453590192,31269.840395246756,1.0937929383545442
2966,SI038,2018,3,1.2305459787799429,29.28,0.033868857,0.1615711341106407,4.17,7.69839,820780000,52360,15675.706646294882,4,4,1,1,1,1,Spring,0.36,0.22,0.6,0.12,0.28,0.08,1.66,SI,0.7926035785177856,11595.271453590192,31269.840395246756,1.3157219403395242
2967,SI038,2018,4,0.6593721473561588,9.74,0.032883624,0.1487945686662381,15.55,18.18967,820780000,52360,15675.706646294882,3,4,1,1,3,4,Spring,1.08,0.22,0.44999999999999996,0.12,0.28,0.32,2.47,SI,0.7926035785177856,11595.271453590192,31269.840395246756,1.9577308389389307
2968,SI038,2018,5,1.1461811795207906,3.21,0.027333237,0.141333455,7.25,17.40167,820780000,52360,15675.706646294882,3,3,1,1,3,2,Spring,1.08,0.22,0.44999999999999996,0.12,0.21000000000000002,0.16,2.24,SI,0.7926035785177856,11595.271453590192,31269.840395246756,1.775432016
2969,SI038,2018,6,1.2694742617729249,14.7,0.027181672,0.1520412428644451,3.16,15.57464,820780000,52360,15675.706646294882,4,3,1,1,3,1,Summer,0.75,0.15,1.2,0.05,0.30000000000000004,0.15,2.6,SI,0.7926035785177856,11595.271453590192,31269.840395246756,2.0607693041462425
2970,SI038,2018,7,1.1138071284091715,0.14,0.026946204,0.1407231867874713,2.42,13.94055,820780000,52360,15675.706646294882,3,3,1,1,2,1,Summer,0.5,0.15,0.8999999999999999,0.05,0.30000000000000004,0.15,2.05,SI,0.7926035785177856,11595.271453590192,31269.840395246756,1.6248373359614603
2971,SI038,2018,8,1.1104443156517958,0.24,0.028440454,0.1374463214027579,4.3,13.91978,820780000,52360,15675.706646294882,3,3,1,1,2,1,Summer,0.5,0.15,0.8999999999999999,0.05,0.30000000000000004,0.15,2.05,SI,0.7926035785177856,11595.271453590192,31269.840395246756,1.6248373359614603
2972,SI038,2018,9,0.7828096909771601,27.5,0.026266786,0.1277434101473584,1.81,10.72109,820780000,52360,15675.706646294882,3,3,1,1,2,1,Autumn,0.7,0.23,0.44999999999999996,0.12,0.21000000000000002,0.08,1.79,SI,0.7926035785177856,11595.271453590192,31269.840395246756,1.4187604055468364
2973,SI038,2018,10,1.0543607294667232,7.94,0.024701672,0.1297683861828302,0.62,11.58328,820780000,52360,15675.706646294882,3,3,1,1,2,1,Autumn,0.7,0.23,0.44999999999999996,0.12,0.21000000000000002,0.08,1.79,SI,0.7926035785177856,11595.271453590192,31269.840395246756,1.4187604055468364
2974,SI038,2018,11,2.151747523136293,29.67,0.027956454,0.1333540694254814,0.87,8.00636,820780000,52360,15675.706646294882,3,3,1,1,1,1,Autumn,0.35,0.23,0.44999999999999996,0.12,0.21000000000000002,0.08,1.44,SI,0.7926035785177856,11595.271453590192,31269.840395246756,1.1413491530656112
2975,SI038,2018,12,1.1288979447148706,104,0.028618245,0.1484641315208326,1.26,8.03171,820780000,52360,15675.706646294882,3,3,1,3,1,1,Winter,0.4,0.25,0.30000000000000004,0.36,0.18,0.07,1.56,SI,0.7926035785177856,11595.271453590192,31269.840395246756,1.2364615824877456
2976,SI041,2018,1,2.5699064674263994,18.33,0.030656988,0.1786677345550108,4.66,9.30452,17025490000.000002,544470,31269.840395246756,4,4,1,1,1,1,Winter,0.4,0.25,0.4,0.12,0.24,0.07,1.48,SI,0,11595.271453590192,31269.840395246756,0
2977,SI041,2018,2,1.9383726274133224,22.09,0.030637046,0.1290871516565405,2.31,8.12878,17025490000.000002,544470,31269.840395246756,3,4,1,1,1,1,Winter,0.4,0.25,0.30000000000000004,0.12,0.24,0.07,1.3800000000000001,SI,0,11595.271453590192,31269.840395246756,0
2978,SI041,2018,3,1.282989983657631,23.44,0.034780988,0.16136957,3.63,8.9208,17025490000.000002,544470,31269.840395246756,4,4,1,1,1,1,Spring,0.36,0.22,0.6,0.12,0.28,0.08,1.66,SI,0,11595.271453590192,31269.840395246756,0
2979,SI041,2018,4,0.8790519908693655,10.71,0.034356747,0.1499932281442609,12.23,18.99795,17025490000.000002,544470,31269.840395246756,3,4,1,1,3,3,Spring,1.08,0.22,0.44999999999999996,0.12,0.28,0.24,2.3900000000000006,SI,0,11595.271453590192,31269.840395246756,0
2980,SI041,2018,5,1.2338554449175865,1.85,0.027783129,0.1435701233141085,4.64,17.65486,17025490000.000002,544470,31269.840395246756,3,3,1,1,3,1,Spring,1.08,0.22,0.44999999999999996,0.12,0.21000000000000002,0.08,2.16,SI,0,11595.271453590192,31269.840395246756,0
2981,SI041,2018,6,0.8488711605842664,0.32,0.02736241,0.1497893456378214,2.12,16.11072,17025490000.000002,544470,31269.840395246756,3,3,1,1,3,1,Summer,0.75,0.15,0.8999999999999999,0.05,0.30000000000000004,0.15,2.3,SI,0,11595.271453590192,31269.840395246756,0
2982,SI041,2018,7,1.316165915206016,4.81,0.026703644,0.1407456102270538,4.83,13.62676,17025490000.000002,544470,31269.840395246756,3,3,1,1,2,1,Summer,0.5,0.15,0.8999999999999999,0.05,0.30000000000000004,0.15,2.05,SI,0,11595.271453590192,31269.840395246756,0
2983,SI041,2018,8,1.303210318,1.6,0.031167501,0.1373996588725045,4.25,15.29018,17025490000.000002,544470,31269.840395246756,3,4,1,1,3,1,Summer,0.75,0.15,0.8999999999999999,0.05,0.4,0.15,2.4,SI,0,11595.271453590192,31269.840395246756,0
2984,SI041,2018,9,0.8614602931696943,17.24,0.027886955,0.1270455877878625,2.4,11.60577,17025490000.000002,544470,31269.840395246756,3,3,1,1,2,1,Autumn,0.7,0.23,0.44999999999999996,0.12,0.21000000000000002,0.08,1.79,SI,0,11595.271453590192,31269.840395246756,0
2985,SI041,2018,10,1.4713967625181212,7.11,0.026363167,0.1296919974962026,0.97,12.6696,17025490000.000002,544470,31269.840395246756,3,3,1,1,2,1,Autumn,0.7,0.23,0.44999999999999996,0.12,0.21000000000000002,0.08,1.79,SI,0,11595.271453590192,31269.840395246756,0
2986,SI041,2018,11,2.8104394140680307,20.06,0.029809254,0.1336577171505804,2.63,9.4597,17025490000.000002,544470,31269.840395246756,3,3,1,1,1,1,Autumn,0.35,0.23,0.44999999999999996,0.12,0.21000000000000002,0.08,1.44,SI,0,11595.271453590192,31269.840395246756,0
2987,SI041,2018,12,1.921068611,141.07,0.031018917,0.1478070859459707,1.95,9.1936,17025490000.000002,544470,31269.840395246756,3,4,1,3,1,1,Winter,0.4,0.25,0.30000000000000004,0.36,0.24,0.07,1.62,SI,0,11595.271453590192,31269.840395246756,0
2988,SI042,2018,1,1.015490402945788,16.06,0.027836738,0.1774515188729011,4.73,9.84507,4016530000,203760,19712.063211621517,4,3,1,1,1,1,Winter,0.4,0.25,0.4,0.12,0.18,0.07,1.42,SI,0.5874475429626411,11595.271453590192,31269.840395246756,0.8341755110069503
2989,SI042,2018,2,1.0399176328687465,251.62,0.029326097,0.1309778302907944,1.29,8.18691,4016530000,203760,19712.063211621517,3,3,1,5,1,1,Winter,0.4,0.25,0.30000000000000004,0.6,0.18,0.07,1.8,SI,0.5874475429626411,11595.271453590192,31269.840395246756,1.057405577332754
2990,SI042,2018,3,1.0634456433739063,18.41,0.031517049,0.1615957444001882,2.85,9.00888,4016530000,203760,19712.063211621517,4,4,1,1,1,1,Spring,0.36,0.22,0.6,0.12,0.28,0.08,1.66,SI,0.5874475429626411,11595.271453590192,31269.840395246756,0.9751629213179842
2991,SI042,2018,4,0.8426964472628242,162.06,0.031751532,0.1507836635378198,12.07,19.07984,4016530000,203760,19712.063211621517,4,4,1,4,3,3,Spring,1.08,0.22,0.6,0.48,0.28,0.24,2.9000000000000004,SI,0.5874475429626411,11595.271453590192,31269.840395246756,1.7035978745916596
2992,SI042,2018,5,0.8562447588764502,3.61,0.027381866,0.1421423835489186,1.96,17.10241,4016530000,203760,19712.063211621517,3,3,1,1,3,1,Spring,1.08,0.22,0.44999999999999996,0.12,0.21000000000000002,0.08,2.16,SI,0.5874475429626411,11595.271453590192,31269.840395246756,1.268886692799305
2993,SI042,2018,6,0.793176855,2.24,0.025337918,0.1476178461801712,2.38,15.49422,4016530000,203760,19712.063211621517,3,3,1,1,3,1,Summer,0.75,0.15,0.8999999999999999,0.05,0.30000000000000004,0.15,2.3,SI,0.5874475429626411,11595.271453590192,31269.840395246756,1.3511293488140745
2994,SI042,2018,7,1.282611093438942,3.32,0.025616921,0.1401722892579112,2.55,12.24868,4016530000,203760,19712.063211621517,3,3,1,1,2,1,Summer,0.5,0.15,0.8999999999999999,0.05,0.30000000000000004,0.15,2.05,SI,0.5874475429626411,11595.271453590192,31269.840395246756,1.2042674630734143
2995,SI042,2018,8,1.0874993344219497,2.58,0.027869501,0.1372374640626259,2.92,13.42592,4016530000,203760,19712.063211621517,3,3,1,1,2,1,Summer,0.5,0.15,0.8999999999999999,0.05,0.30000000000000004,0.15,2.05,SI,0.5874475429626411,11595.271453590192,31269.840395246756,1.2042674630734143
2996,SI042,2018,9,1.067206918,38.55,0.025916301,0.1262257580399926,2.34,10.49498,4016530000,203760,19712.063211621517,3,3,1,1,2,1,Autumn,0.7,0.23,0.44999999999999996,0.12,0.21000000000000002,0.08,1.79,SI,0.5874475429626411,11595.271453590192,31269.840395246756,1.0515311019031277
2997,SI042,2018,10,0.9412808878283294,4.47,0.024516865,0.1294292213491899,0.42,11.3048,4016530000,203760,19712.063211621517,3,3,1,1,2,1,Autumn,0.7,0.23,0.44999999999999996,0.12,0.21000000000000002,0.08,1.79,SI,0.5874475429626411,11595.271453590192,31269.840395246756,1.0515311019031277
2998,SI042,2018,11,2.1644047614670145,49.59,0.027438143,0.1335814155034883,3.55,8.35635,4016530000,203760,19712.063211621517,3,3,1,1,1,1,Autumn,0.35,0.23,0.44999999999999996,0.12,0.21000000000000002,0.08,1.44,SI,0.5874475429626411,11595.271453590192,31269.840395246756,0.8459244618662032
2999,SI042,2018,12,1.2212948666965158,174.54,0.029446995,0.1462875372552005,1.95,8.80608,4016530000,203760,19712.063211621517,3,3,1,4,1,1,Winter,0.4,0.25,0.30000000000000004,0.48,0.18,0.07,1.6800000000000002,SI,0.5874475429626411,11595.271453590192,31269.840395246756,0.9869118721772372
3000,SI043,2018,1,1.1280238875308313,6.21,0.028966591,0.1781962950191295,2.19,10.72679,2332280000,117460,19855.950962029627,4,3,1,1,2,1,Winter,0.8,0.25,0.4,0.12,0.18,0.07,1.8200000000000003,SI,0.5801341552673479,11595.271453590192,31269.840395246756,1.0558441625865733
3001,SI043,2018,2,1.9235880561575152,91.6,0.030567194,0.1321705644672811,1.64,8.24234,2332280000,117460,19855.950962029627,3,4,1,2,1,1,Winter,0.4,0.25,0.30000000000000004,0.24,0.24,0.07,1.5,SI,0.5801341552673479,11595.271453590192,31269.840395246756,0.8702012329010218
3002,SI043,2018,3,1.1720349067021534,9.91,0.031484198,0.1627966138609513,2.35,9.3401,2332280000,117460,19855.950962029627,4,4,1,1,1,1,Spring,0.36,0.22,0.6,0.12,0.28,0.08,1.66,SI,0.5801341552673479,11595.271453590192,31269.840395246756,0.9630226977437975
3003,SI043,2018,4,0.9364326891051008,96.31,0.033209464,0.1519221641350615,11.57,20.19329,2332280000,117460,19855.950962029627,4,4,1,2,4,3,Spring,1.44,0.22,0.6,0.24,0.28,0.24,3.0200000000000005,SI,0.5801341552673479,11595.271453590192,31269.840395246756,1.752005148907391
3004,SI043,2018,5,0.9447938169561808,2.65,0.02807824,0.1428277507805118,3.42,18.01883,2332280000,117460,19855.950962029627,3,3,1,1,3,1,Spring,1.08,0.22,0.44999999999999996,0.12,0.21000000000000002,0.08,2.16,SI,0.5801341552673479,11595.271453590192,31269.840395246756,1.2530897753774715
3005,SI043,2018,6,1.0798198180968628,11.24,0.027144136,0.1493120402814358,3.09,16.25207,2332280000,117460,19855.950962029627,3,3,1,1,3,1,Summer,0.75,0.15,0.8999999999999999,0.05,0.30000000000000004,0.15,2.3,SI,0.5801341552673479,11595.271453590192,31269.840395246756,1.334308557
3006,SI043,2018,7,1.194480454698812,2.11,0.027412462,0.1402063835694162,2.76,13.79261,2332280000,117460,19855.950962029627,3,3,1,1,2,1,Summer,0.5,0.15,0.8999999999999999,0.05,0.30000000000000004,0.15,2.05,SI,0.5801341552673479,11595.271453590192,31269.840395246756,1.1892750182980631
3007,SI043,2018,8,1.0227414817489922,4.94,0.028898362,0.1379221594190997,3.87,13.84943,2332280000,117460,19855.950962029627,3,3,1,1,2,1,Summer,0.5,0.15,0.8999999999999999,0.05,0.30000000000000004,0.15,2.05,SI,0.5801341552673479,11595.271453590192,31269.840395246756,1.1892750182980631
3008,SI043,2018,9,0.9319260504113224,40.51,0.026580749,0.1267253640168859,3.22,11.39423,2332280000,117460,19855.950962029627,3,3,1,1,2,1,Autumn,0.7,0.23,0.44999999999999996,0.12,0.21000000000000002,0.08,1.79,SI,0.5801341552673479,11595.271453590192,31269.840395246756,1.0384401379285528
3009,SI043,2018,10,1.3484644736980376,5.48,0.025580625,0.1296651233890455,0.57,12.34233,2332280000,117460,19855.950962029627,3,3,1,1,2,1,Autumn,0.7,0.23,0.44999999999999996,0.12,0.21000000000000002,0.08,1.79,SI,0.5801341552673479,11595.271453590192,31269.840395246756,1.0384401379285528
3010,SI043,2018,11,2.3034155936818723,29.83,0.028792369,0.1327768791965313,2.25,8.83809,2332280000,117460,19855.950962029627,3,3,1,1,1,1,Autumn,0.35,0.23,0.44999999999999996,0.12,0.21000000000000002,0.08,1.44,SI,0.5801341552673479,11595.271453590192,31269.840395246756,0.8353931835849809
3011,SI043,2018,12,0.8360142937440808,139.43,0.027140914,0.1469282222037504,0.74,10.56593,2332280000,117460,19855.950962029627,3,3,1,3,2,1,Winter,0.8,0.25,0.30000000000000004,0.36,0.18,0.07,1.96,SI,0.5801341552673479,11595.271453590192,31269.840395246756,1.137062944324002
3012,SI044,2018,1,1.8632312679307477,27.11,0.030416455,0.1806030671615396,0.3,9.08262,2584010000,114190,22629.03932043086,4,4,1,1,1,1,Winter,0.4,0.25,0.4,0.12,0.24,0.07,1.48,SI,0.4391862968098328,11595.271453590192,31269.840395246756,0.6499957192785525
3013,SI044,2018,2,2.548526721708246,31.65,0.032862508,0.1329006654325825,2.45,7.01145,2584010000,114190,22629.03932043086,3,4,1,1,1,1,Winter,0.4,0.25,0.30000000000000004,0.12,0.24,0.07,1.3800000000000001,SI,0.4391862968098328,11595.271453590192,31269.840395246756,0.6060770895975693
3014,SI044,2018,3,2.4806927575592628,16.16,0.034394495,0.1610706029802648,3.25,8.25311,2584010000,114190,22629.03932043086,4,4,1,1,1,1,Spring,0.36,0.22,0.6,0.12,0.28,0.08,1.66,SI,0.4391862968098328,11595.271453590192,31269.840395246756,0.7290492527043224
3015,SI044,2018,4,1.2108682903968069,105.91,0.034094315,0.1554408951395401,9.97,19.20829,2584010000,114190,22629.03932043086,4,4,1,3,3,2,Spring,1.08,0.22,0.6,0.36,0.28,0.16,2.7,SI,0.4391862968098328,11595.271453590192,31269.840395246756,1.1858030013865486
3016,SI044,2018,5,1.120230142732467,3.59,0.029179356,0.1425112968534443,3.73,18.36711,2584010000,114190,22629.03932043086,3,3,1,1,3,1,Spring,1.08,0.22,0.44999999999999996,0.12,0.21000000000000002,0.08,2.16,SI,0.4391862968098328,11595.271453590192,31269.840395246756,0.9486424011092389
3017,SI044,2018,6,1.4495462339647018,9.36,0.027957794,0.1523313857804406,5.58,15.99513,2584010000,114190,22629.03932043086,4,3,1,1,3,2,Summer,0.75,0.15,1.2,0.05,0.30000000000000004,0.3,2.75,SI,0.4391862968098328,11595.271453590192,31269.840395246756,1.2077623162270401
3018,SI044,2018,7,1.5692726725209696,3.51,0.031027227,0.1415094337315114,4.23,15.66237,2584010000,114190,22629.03932043086,3,4,1,1,3,1,Summer,0.75,0.15,0.8999999999999999,0.05,0.4,0.15,2.4,SI,0.4391862968098328,11595.271453590192,31269.840395246756,1.0540471123435986
3019,SI044,2018,8,1.1625464056892765,3.14,0.030608048,0.1377715392755323,4.56,14.46856,2584010000,114190,22629.03932043086,3,4,1,1,2,1,Summer,0.5,0.15,0.8999999999999999,0.05,0.4,0.15,2.15,SI,0.4391862968098328,11595.271453590192,31269.840395246756,0.9442505381411405
3020,SI044,2018,9,0.8757504435690402,17.81,0.028037376,0.1279614946417187,2.31,12.14326,2584010000,114190,22629.03932043086,3,3,1,1,2,1,Autumn,0.7,0.23,0.44999999999999996,0.12,0.21000000000000002,0.08,1.79,SI,0.4391862968098328,11595.271453590192,31269.840395246756,0.7861434712896007
3021,SI044,2018,10,1.1024417510829891,7.85,0.027130398,0.1302490350127232,1.44,12.31537,2584010000,114190,22629.03932043086,3,3,1,1,2,1,Autumn,0.7,0.23,0.44999999999999996,0.12,0.21000000000000002,0.08,1.79,SI,0.4391862968098328,11595.271453590192,31269.840395246756,0.7861434712896007
3022,SI044,2018,11,2.238056672772081,11.42,0.03041277,0.1323476425923412,2.05,8.9419,2584010000,114190,22629.03932043086,3,4,1,1,1,1,Autumn,0.35,0.23,0.44999999999999996,0.12,0.28,0.08,1.51,SI,0.4391862968098328,11595.271453590192,31269.840395246756,0.6631713081828475
3023,SI044,2018,12,1.4887815968786753,72.36,0.030809803,0.1478474377946116,2.26,9.62048,2584010000,114190,22629.03932043086,3,4,1,2,1,1,Winter,0.4,0.25,0.30000000000000004,0.24,0.24,0.07,1.5,SI,0.4391862968098328,11595.271453590192,31269.840395246756,0.6587794452147492
3024,SI031,2019,1,2.903929530548702,46.18,0.030617265,0.1833422657870744,0.43,10.24471,1791010000,114380,15658.41930407414,4,4,1,1,2,1,Winter,0.8,0.25,0.4,0.12,0.24,0.07,1.8800000000000003,SI,0.8368366098331986,12312.007011393514,32821.585105226935,1.5732528264864136
3025,SI031,2019,2,2.771536682079752,27.94,0.031739465,0.131078625,2.7,15.77853,1791010000,114380,15658.41930407414,3,4,1,1,3,1,Winter,1.2000000000000002,0.25,0.30000000000000004,0.12,0.24,0.07,2.18,SI,0.8368366098331986,12312.007011393514,32821.585105226935,1.824303809436373
3026,SI031,2019,3,1.4103252674780855,9.62,0.038444872,0.164007135,3.26,11.87815,1791010000,114380,15658.41930407414,4,4,1,1,2,1,Spring,0.72,0.22,0.6,0.12,0.28,0.08,2.02,SI,0.8368366098331986,12312.007011393514,32821.585105226935,1.6904099518630613
3027,SI031,2019,4,1.1055844319203507,9.32,0.033510393,0.1624333658684395,18.53,19.95246,1791010000,114380,15658.41930407414,4,4,1,1,3,4,Spring,1.08,0.22,0.6,0.12,0.28,0.32,2.6199999999999997,SI,0.8368366098331986,12312.007011393514,32821.585105226935,2.192511918
3028,SI031,2019,5,1.863578986453196,7.63,0.028370825,0.15963649,1.33,13.14098,1791010000,114380,15658.41930407414,4,3,1,1,2,1,Spring,0.72,0.22,0.6,0.12,0.21000000000000002,0.08,1.9500000000000002,SI,0.8368366098331986,12312.007011393514,32821.585105226935,1.6318313891747376
3029,SI031,2019,6,1.080027934360778,3.41,0.026822241,0.1454625441719859,3.1,18.88059,1791010000,114380,15658.41930407414,3,3,1,1,3,1,Summer,0.75,0.15,0.8999999999999999,0.05,0.30000000000000004,0.15,2.3,SI,0.8368366098331986,12312.007011393514,32821.585105226935,1.9247242026163567
3030,SI031,2019,7,1.1292185706294722,15.56,0.032185094,0.1408006157646952,4.96,13.23552,1791010000,114380,15658.41930407414,3,4,1,1,2,1,Summer,0.5,0.15,0.8999999999999999,0.05,0.4,0.15,2.15,SI,0.8368366098331986,12312.007011393514,32821.585105226935,1.799198711141377
3031,SI031,2019,8,1.109044930526842,1.69,0.035751761,0.131022535,4.5,13.28923,1791010000,114380,15658.41930407414,3,4,1,1,2,1,Summer,0.5,0.15,0.8999999999999999,0.05,0.4,0.15,2.15,SI,0.8368366098331986,12312.007011393514,32821.585105226935,1.799198711141377
3032,SI031,2019,9,1.751574333973298,8.01,0.028667642,0.1241164294538587,2.77,11.06763,1791010000,114380,15658.41930407414,3,3,1,1,2,1,Autumn,0.7,0.23,0.44999999999999996,0.12,0.21000000000000002,0.08,1.79,SI,0.8368366098331986,12312.007011393514,32821.585105226935,1.4979375316014256
3033,SI031,2019,10,1.5102784611594424,6.75,0.029536558,0.1351526254751879,1.09,9.71555,1791010000,114380,15658.41930407414,3,3,1,1,1,1,Autumn,0.35,0.23,0.44999999999999996,0.12,0.21000000000000002,0.08,1.44,SI,0.8368366098331986,12312.007011393514,32821.585105226935,1.205044718159806
3034,SI031,2019,11,2.651953982344418,47.85,0.029996068,0.1265845670201583,1.08,7.1563,1791010000,114380,15658.41930407414,3,3,1,1,1,1,Autumn,0.35,0.23,0.44999999999999996,0.12,0.21000000000000002,0.08,1.44,SI,0.8368366098331986,12312.007011393514,32821.585105226935,1.205044718159806
3035,SI031,2019,12,2.482270605452062,122.1,0.036818005,0.1405542470221104,2.5,8.69206,1791010000,114380,15658.41930407414,3,4,1,3,1,1,Winter,0.4,0.25,0.30000000000000004,0.36,0.24,0.07,1.62,SI,0.8368366098331986,12312.007011393514,32821.585105226935,1.3556753079297819
3036,SI032,2019,1,2.1238892823366524,28.95,0.028182651,0.1846839,2.12,11.23474,6089020000,324830,18745.251362251023,4,3,1,1,2,1,Winter,0.8,0.25,0.4,0.12,0.18,0.07,1.8200000000000003,SI,0.6863297566910076,12312.007011393514,32821.585105226935,1.249120157177634
3037,SI032,2019,2,2.408360033184056,51.33,0.031677136,0.1299655276204308,2.36,15.91989,6089020000,324830,18745.251362251023,3,4,1,2,3,1,Winter,1.2000000000000002,0.25,0.30000000000000004,0.24,0.24,0.07,2.3000000000000003,SI,0.6863297566910076,12312.007011393514,32821.585105226935,1.5785584403893176
3038,SI032,2019,3,1.3612097822252929,17.21,0.036112383,0.1631387852397154,2.55,11.9335,6089020000,324830,18745.251362251023,4,4,1,1,2,1,Spring,0.72,0.22,0.6,0.12,0.28,0.08,2.02,SI,0.6863297566910076,12312.007011393514,32821.585105226935,1.3863861085158353
3039,SI032,2019,4,0.8704492796791272,7.38,0.033861871,0.1627297081167951,15.15,20.18219,6089020000,324830,18745.251362251023,4,4,1,1,4,4,Spring,1.44,0.22,0.6,0.12,0.28,0.32,2.98,SI,0.6863297566910076,12312.007011393514,32821.585105226935,2.0452626749392024
3040,SI032,2019,5,1.5342263199399897,2.24,0.028597103,0.1588742631898998,1.94,13.30822,6089020000,324830,18745.251362251023,4,3,1,1,2,1,Spring,0.72,0.22,0.6,0.12,0.21000000000000002,0.08,1.9500000000000002,SI,0.6863297566910076,12312.007011393514,32821.585105226935,1.3383430255474649
3041,SI032,2019,6,1.1040783438245394,3.59,0.025943207,0.1453907187094425,3.84,19.69891,6089020000,324830,18745.251362251023,3,3,1,1,3,1,Summer,0.75,0.15,0.8999999999999999,0.05,0.30000000000000004,0.15,2.3,SI,0.6863297566910076,12312.007011393514,32821.585105226935,1.5785584403893174
3042,SI032,2019,7,1.127782801,7.44,0.032038388,0.1403023450152361,4.67,13.98855,6089020000,324830,18745.251362251023,3,4,1,1,2,1,Summer,0.5,0.15,0.8999999999999999,0.05,0.4,0.15,2.15,SI,0.6863297566910076,12312.007011393514,32821.585105226935,1.4756089768856662
3043,SI032,2019,8,1.2706627343947952,4.14,0.033502574,0.1309760208667148,4.53,13.91299,6089020000,324830,18745.251362251023,3,4,1,1,2,1,Summer,0.5,0.15,0.8999999999999999,0.05,0.4,0.15,2.15,SI,0.6863297566910076,12312.007011393514,32821.585105226935,1.4756089768856662
3044,SI032,2019,9,1.621215955121867,22.84,0.029818466,0.1239152156513614,4,11.66123,6089020000,324830,18745.251362251023,3,3,1,1,2,1,Autumn,0.7,0.23,0.44999999999999996,0.12,0.21000000000000002,0.08,1.79,SI,0.6863297566910076,12312.007011393514,32821.585105226935,1.2285302644769036
3045,SI032,2019,10,1.436505544537333,25.98,0.028811205,0.1347948747940812,2.03,9.65845,6089020000,324830,18745.251362251023,3,3,1,1,1,1,Autumn,0.35,0.23,0.44999999999999996,0.12,0.21000000000000002,0.08,1.44,SI,0.6863297566910076,12312.007011393514,32821.585105226935,0.9883148496350509
3046,SI032,2019,11,3.005125095133484,50.25,0.028708858,0.1252225716495703,3.05,7.84132,6089020000,324830,18745.251362251023,3,3,1,2,1,1,Autumn,0.35,0.23,0.44999999999999996,0.24,0.21000000000000002,0.08,1.5599999999999998,SI,0.6863297566910076,12312.007011393514,32821.585105226935,1.0706744204379717
3047,SI032,2019,12,1.980009879221506,122.12,0.029930061,0.1398434358817173,0.81,9.83439,6089020000,324830,18745.251362251023,3,3,1,3,1,1,Winter,0.4,0.25,0.30000000000000004,0.36,0.18,0.07,1.56,SI,0.6863297566910076,12312.007011393514,32821.585105226935,1.070674420437972
3048,SI033,2019,1,1.4060305028842432,20.87,0.028751831,0.1824514357185863,8.58,8.11073,1294150000,70670,18312.579595302108,4,3,1,1,1,2,Winter,0.4,0.25,0.4,0.12,0.18,0.14,1.4899999999999998,SI,0.7074258399438857,12312.007011393514,32821.585105226935,1.0540645015163896
3049,SI033,2019,2,1.6735112036161692,36.13,0.031152947,0.1296054187298176,2.2,10.68883,1294150000,70670,18312.579595302108,3,4,1,1,2,1,Winter,0.8,0.25,0.30000000000000004,0.12,0.24,0.07,1.7800000000000002,SI,0.7074258399438857,12312.007011393514,32821.585105226935,1.2592179951001168
3050,SI033,2019,3,0.9357099620321506,19.92,0.03269724,0.1601256922016241,2.16,8.30211,1294150000,70670,18312.579595302108,4,4,1,1,1,1,Spring,0.36,0.22,0.6,0.12,0.28,0.08,1.66,SI,0.7074258399438857,12312.007011393514,32821.585105226935,1.1743268943068503
3051,SI033,2019,4,0.7891254892425381,9.49,0.034533965,0.1600307113006062,12.6,14.29616,1294150000,70670,18312.579595302108,4,4,1,1,2,3,Spring,0.72,0.22,0.6,0.12,0.28,0.24,2.18,SI,0.7074258399438857,12312.007011393514,32821.585105226935,1.542188331077671
3052,SI033,2019,5,1.0565828959379862,3,0.028282218,0.1549429984562066,3.81,9.11125,1294150000,70670,18312.579595302108,4,3,1,1,1,1,Spring,0.36,0.22,0.6,0.12,0.21000000000000002,0.08,1.5899999999999999,SI,0.7074258399438857,12312.007011393514,32821.585105226935,1.1248070855107783
3053,SI033,2019,6,0.9823778061156806,18.6,0.024619071,0.1443548396593191,2.38,16.40328,1294150000,70670,18312.579595302108,3,3,1,1,3,1,Summer,0.75,0.15,0.8999999999999999,0.05,0.30000000000000004,0.15,2.3,SI,0.7074258399438857,12312.007011393514,32821.585105226935,1.6270794318709372
3054,SI033,2019,7,0.4144486007067054,3,0.028373524,0.1388260811471155,1.16,11.99227,1294150000,70670,18312.579595302108,3,3,1,1,2,1,Summer,0.5,0.15,0.8999999999999999,0.05,0.30000000000000004,0.15,2.05,SI,0.7074258399438857,12312.007011393514,32821.585105226935,1.4502229718849657
3055,SI033,2019,8,1.218085636202825,1.26,0.03031995,0.1300391057488661,2.66,12.04699,1294150000,70670,18312.579595302108,3,4,1,1,2,1,Summer,0.5,0.15,0.8999999999999999,0.05,0.4,0.15,2.15,SI,0.7074258399438857,12312.007011393514,32821.585105226935,1.5209655558793542
3056,SI033,2019,9,1.6504099075788763,32.75,0.029354231,0.1233744201202176,2.81,9.97868,1294150000,70670,18312.579595302108,3,3,1,1,1,1,Autumn,0.35,0.23,0.44999999999999996,0.12,0.21000000000000002,0.08,1.44,SI,0.7074258399438857,12312.007011393514,32821.585105226935,1.0186932095191954
3057,SI033,2019,10,1.046431305032105,21.11,0.026672107,0.1347495661456912,0.96,7.97987,1294150000,70670,18312.579595302108,3,3,1,1,1,1,Autumn,0.35,0.23,0.44999999999999996,0.12,0.21000000000000002,0.08,1.44,SI,0.7074258399438857,12312.007011393514,32821.585105226935,1.0186932095191954
3058,SI033,2019,11,2.6083506222501787,36.73,0.026542208,0.1232434339745376,1.5,6.0598,1294150000,70670,18312.579595302108,3,3,1,1,1,1,Autumn,0.35,0.23,0.44999999999999996,0.12,0.21000000000000002,0.08,1.44,SI,0.7074258399438857,12312.007011393514,32821.585105226935,1.0186932095191954
3059,SI033,2019,12,1.591561149897723,24.44,0.029379935,0.1401015969069032,1.7,9.00199,1294150000,70670,18312.579595302108,3,3,1,1,1,1,Winter,0.4,0.25,0.30000000000000004,0.12,0.18,0.07,1.32,SI,0.7074258399438857,12312.007011393514,32821.585105226935,0.9338021087259293
3060,SI034,2019,1,1.8164815108767725,24,0.028777464,0.1812679795195536,0.89,9.41565,5315070000,257390,20649.869847313414,4,3,1,1,1,1,Winter,0.4,0.25,0.4,0.12,0.18,0.07,1.42,SI,0.5934649265931594,12312.007011393514,32821.585105226935,0.8427201957622863
3061,SI034,2019,2,2.279939592386921,42.86,0.031534481,0.1286800236153695,2.68,12.67442,5315070000,257390,20649.869847313414,3,4,1,1,2,1,Winter,0.8,0.25,0.30000000000000004,0.12,0.24,0.07,1.7800000000000002,SI,0.5934649265931594,12312.007011393514,32821.585105226935,1.0563675693358239
3062,SI034,2019,3,1.1744953242769864,12.86,0.034171287,0.1615912372836531,1.27,9.55239,5315070000,257390,20649.869847313414,4,4,1,1,1,1,Spring,0.36,0.22,0.6,0.12,0.28,0.08,1.66,SI,0.5934649265931594,12312.007011393514,32821.585105226935,0.9851517781446446
3063,SI034,2019,4,0.5311345648181554,7.17,0.033201933,0.1607893830721783,11.55,17.78504,5315070000,257390,20649.869847313414,4,4,1,1,3,3,Spring,1.08,0.22,0.6,0.12,0.28,0.24,2.54,SI,0.5934649265931594,12312.007011393514,32821.585105226935,1.5074009135466249
3064,SI034,2019,5,1.0437908472865298,1.28,0.026630515,0.1567170087339416,3.91,11.58265,5315070000,257390,20649.869847313414,4,3,1,1,2,1,Spring,0.72,0.22,0.6,0.12,0.21000000000000002,0.08,1.9500000000000002,SI,0.5934649265931594,12312.007011393514,32821.585105226935,1.157256606856661
3065,SI034,2019,6,1.047985638602844,8.36,0.025827907,0.1449372251133098,3.73,18.95581,5315070000,257390,20649.869847313414,3,3,1,1,3,1,Summer,0.75,0.15,0.8999999999999999,0.05,0.30000000000000004,0.15,2.3,SI,0.5934649265931594,12312.007011393514,32821.585105226935,1.3649693311642666
3066,SI034,2019,7,0.828079399,8.32,0.030016257,0.1392842827137239,3.2,13.57903,5315070000,257390,20649.869847313414,3,4,1,1,2,1,Summer,0.5,0.15,0.8999999999999999,0.05,0.4,0.15,2.15,SI,0.5934649265931594,12312.007011393514,32821.585105226935,1.2759495921752926
3067,SI034,2019,8,1.2535318971648282,1.23,0.031409913,0.1311735345920981,3.63,13.55796,5315070000,257390,20649.869847313414,3,4,1,1,2,1,Summer,0.5,0.15,0.8999999999999999,0.05,0.4,0.15,2.15,SI,0.5934649265931594,12312.007011393514,32821.585105226935,1.2759495921752926
3068,SI034,2019,9,1.5290043529490245,40.73,0.029687491,0.1236120912580368,3.31,10.78649,5315070000,257390,20649.869847313414,3,3,1,1,2,1,Autumn,0.7,0.23,0.44999999999999996,0.12,0.21000000000000002,0.08,1.79,SI,0.5934649265931594,12312.007011393514,32821.585105226935,1.0623022186017554
3069,SI034,2019,10,1.316462590733785,10.01,0.02750562,0.1351427742155498,0.73,8.79698,5315070000,257390,20649.869847313414,3,3,1,1,1,1,Autumn,0.35,0.23,0.44999999999999996,0.12,0.21000000000000002,0.08,1.44,SI,0.5934649265931594,12312.007011393514,32821.585105226935,0.8545894942941495
3070,SI034,2019,11,3.606396981146047,70.61,0.027943669,0.1233761578578425,2.26,6.79897,5315070000,257390,20649.869847313414,3,3,1,2,1,1,Autumn,0.35,0.23,0.44999999999999996,0.24,0.21000000000000002,0.08,1.5599999999999998,SI,0.5934649265931594,12312.007011393514,32821.585105226935,0.9258052854853286
3071,SI034,2019,12,1.9817461168915755,238.58,0.030551683,0.1396433928710344,2.26,8.85855,5315070000,257390,20649.869847313414,3,4,1,5,1,1,Winter,0.4,0.25,0.30000000000000004,0.6,0.24,0.07,1.86,SI,0.5934649265931594,12312.007011393514,32821.585105226935,1.1038447634632766
3072,SI035,2019,1,1.875403364440922,38.61,0.031628832,0.179267596,0.69,8.38058,702400000,57050,12312.007011393514,4,4,1,1,1,1,Winter,0.4,0.25,0.4,0.12,0.24,0.07,1.48,SI,1,12312.007011393514,32821.585105226935,1.48
3073,SI035,2019,2,2.6334006075678738,51.06,0.031617696,0.1285080961527186,2.16,10.97372,702400000,57050,12312.007011393514,3,4,1,2,2,1,Winter,0.8,0.25,0.30000000000000004,0.24,0.24,0.07,1.9000000000000001,SI,1,12312.007011393514,32821.585105226935,1.9000000000000001
3074,SI035,2019,3,1.1767788535092378,20.08,0.033840059,0.1610457721977083,3.05,8.36161,702400000,57050,12312.007011393514,4,4,1,1,1,1,Spring,0.36,0.22,0.6,0.12,0.28,0.08,1.66,SI,1,12312.007011393514,32821.585105226935,1.66
3075,SI035,2019,4,0.6000986397097853,8.14,0.036029968,0.1590910430094126,14.75,16.21633,702400000,57050,12312.007011393514,4,4,1,1,3,3,Spring,1.08,0.22,0.6,0.12,0.28,0.24,2.54,SI,1,12312.007011393514,32821.585105226935,2.54
3076,SI035,2019,5,1.078394045080017,1.44,0.028449924,0.1561780482902548,3.88,10.36705,702400000,57050,12312.007011393514,4,3,1,1,2,1,Spring,0.72,0.22,0.6,0.12,0.21000000000000002,0.08,1.9500000000000002,SI,1,12312.007011393514,32821.585105226935,1.9500000000000002
3077,SI035,2019,6,1.055298374,1.99,0.025547755,0.1452132857125978,5.47,18.24037,702400000,57050,12312.007011393514,3,3,1,1,3,2,Summer,0.75,0.15,0.8999999999999999,0.05,0.30000000000000004,0.3,2.4499999999999997,SI,1,12312.007011393514,32821.585105226935,2.4499999999999997
3078,SI035,2019,7,0.3705412759482722,2.72,0.030137255,0.1394663991550646,2.61,13.28071,702400000,57050,12312.007011393514,3,4,1,1,2,1,Summer,0.5,0.15,0.8999999999999999,0.05,0.4,0.15,2.15,SI,1,12312.007011393514,32821.585105226935,2.15
3079,SI035,2019,8,1.2344601228652516,3.77,0.031550304,0.1318428699302554,3.78,13.37585,702400000,57050,12312.007011393514,3,4,1,1,2,1,Summer,0.5,0.15,0.8999999999999999,0.05,0.4,0.15,2.15,SI,1,12312.007011393514,32821.585105226935,2.15
3080,SI035,2019,9,1.3643583677776632,9.21,0.02875055,0.1239541814553173,2.1,10.47412,702400000,57050,12312.007011393514,3,3,1,1,2,1,Autumn,0.7,0.23,0.44999999999999996,0.12,0.21000000000000002,0.08,1.79,SI,1,12312.007011393514,32821.585105226935,1.79
3081,SI035,2019,10,1.6453288273013418,22.88,0.027233409,0.1354181266414171,2.86,8.51119,702400000,57050,12312.007011393514,3,3,1,1,1,1,Autumn,0.35,0.23,0.44999999999999996,0.12,0.21000000000000002,0.08,1.44,SI,1,12312.007011393514,32821.585105226935,1.44
3082,SI035,2019,11,3.4789721410035206,51.25,0.027718076,0.1224323058725316,0.16,6.3696,702400000,57050,12312.007011393514,3,3,1,2,1,1,Autumn,0.35,0.23,0.44999999999999996,0.24,0.21000000000000002,0.08,1.5599999999999998,SI,1,12312.007011393514,32821.585105226935,1.5599999999999998
3083,SI035,2019,12,2.244979992656815,641.19,0.031377246,0.1387557714300459,2.55,8.74734,702400000,57050,12312.007011393514,3,4,1,6,1,1,Winter,0.4,0.25,0.30000000000000004,0.72,0.24,0.07,1.98,SI,1,12312.007011393514,32821.585105226935,1.98
3084,SI036,2019,1,1.707962513,28.51,0.031263187,0.1811085422345622,2.6,9.34999,1339860000,75800,17676.253298153035,4,4,1,1,1,1,Winter,0.4,0.25,0.4,0.12,0.24,0.07,1.48,SI,0.7384516511155157,12312.007011393514,32821.585105226935,1.0929084436509633
3085,SI036,2019,2,2.2881873796442904,48.54,0.032089007,0.1287194520604932,2.51,13.198,1339860000,75800,17676.253298153035,3,4,1,1,2,1,Winter,0.8,0.25,0.30000000000000004,0.12,0.24,0.07,1.7800000000000002,SI,0.7384516511155157,12312.007011393514,32821.585105226935,1.3144439389856182
3086,SI036,2019,3,1.2874852612583392,25.65,0.037657151,0.1628927771725567,1.09,10.52953,1339860000,75800,17676.253298153035,4,4,1,1,2,1,Spring,0.72,0.22,0.6,0.12,0.28,0.08,2.02,SI,0.7384516511155157,12312.007011393514,32821.585105226935,1.4916723352533416
3087,SI036,2019,4,0.5213571687913848,6.75,0.034502047,0.1648260746489801,12.65,19.76334,1339860000,75800,17676.253298153035,4,4,1,1,3,3,Spring,1.08,0.22,0.6,0.12,0.28,0.24,2.54,SI,0.7384516511155157,12312.007011393514,32821.585105226935,1.875667194
3088,SI036,2019,5,0.8645313978786054,0.35,0.029245561,0.1588720746141947,3.92,12.4136,1339860000,75800,17676.253298153035,4,3,1,1,2,1,Spring,0.72,0.22,0.6,0.12,0.21000000000000002,0.08,1.9500000000000002,SI,0.7384516511155157,12312.007011393514,32821.585105226935,1.4399807196752556
3089,SI036,2019,6,0.9841523762516128,13.24,0.026615974,0.1452531627122642,4.66,19.65562,1339860000,75800,17676.253298153035,3,3,1,1,3,1,Summer,0.75,0.15,0.8999999999999999,0.05,0.30000000000000004,0.15,2.3,SI,0.7384516511155157,12312.007011393514,32821.585105226935,1.698438797565686
3090,SI036,2019,7,0.7775601799561231,14.14,0.031463177,0.1406931121369987,3.94,13.41117,1339860000,75800,17676.253298153035,3,4,1,1,2,1,Summer,0.5,0.15,0.8999999999999999,0.05,0.4,0.15,2.15,SI,0.7384516511155157,12312.007011393514,32821.585105226935,1.5876710498983586
3091,SI036,2019,8,1.1768179387650928,1.41,0.033778157,0.1318175392357057,4.42,13.65237,1339860000,75800,17676.253298153035,3,4,1,1,2,1,Summer,0.5,0.15,0.8999999999999999,0.05,0.4,0.15,2.15,SI,0.7384516511155157,12312.007011393514,32821.585105226935,1.5876710498983586
3092,SI036,2019,9,1.2413182333916295,44.8,0.02843398,0.1237488158228966,3.61,10.61457,1339860000,75800,17676.253298153035,3,3,1,1,2,1,Autumn,0.7,0.23,0.44999999999999996,0.12,0.21000000000000002,0.08,1.79,SI,0.7384516511155157,12312.007011393514,32821.585105226935,1.3218284554967732
3093,SI036,2019,10,1.2610090689300613,7.22,0.02896345,0.1362699861408066,0.62,8.9791,1339860000,75800,17676.253298153035,3,3,1,1,1,1,Autumn,0.35,0.23,0.44999999999999996,0.12,0.21000000000000002,0.08,1.44,SI,0.7384516511155157,12312.007011393514,32821.585105226935,1.0633703776063426
3094,SI036,2019,11,4.081895399808737,34.32,0.028067591,0.1232338739655876,6.19,6.71442,1339860000,75800,17676.253298153035,3,3,1,1,1,2,Autumn,0.35,0.23,0.44999999999999996,0.12,0.21000000000000002,0.16,1.5199999999999998,SI,0.7384516511155157,12312.007011393514,32821.585105226935,1.1224465096955838
3095,SI036,2019,12,1.9238759024203156,370.96,0.030967786,0.1386866508929114,2.19,7.69002,1339860000,75800,17676.253298153035,3,4,1,6,1,1,Winter,0.4,0.25,0.30000000000000004,0.72,0.24,0.07,1.98,SI,0.7384516511155157,12312.007011393514,32821.585105226935,1.4621342692087211
3096,SI037,2019,1,1.8640577762484272,21.92,0.033443043,0.1801854719359606,2.3,6.28107,3335080000,144670,23053.017211584985,4,4,1,1,1,1,Winter,0.4,0.25,0.4,0.12,0.24,0.07,1.48,SI,0.476292971,12312.007011393514,32821.585105226935,0.7049135977564058
3097,SI037,2019,2,1.480019883040559,41.03,0.031485542,0.1291571029387827,2.3,9.37846,3335080000,144670,23053.017211584985,3,4,1,1,1,1,Winter,0.4,0.25,0.30000000000000004,0.12,0.24,0.07,1.3800000000000001,SI,0.476292971,12312.007011393514,32821.585105226935,0.6572843006107028
3098,SI037,2019,3,0.926078495,21.03,0.03549254,0.1619832746918375,2.6,7.15039,3335080000,144670,23053.017211584985,4,4,1,1,1,1,Spring,0.36,0.22,0.6,0.12,0.28,0.08,1.66,SI,0.476292971,12312.007011393514,32821.585105226935,0.7906463326186713
3099,SI037,2019,4,0.6527540194449423,8.91,0.03357061,0.1636334008002958,13.4,16.36339,3335080000,144670,23053.017211584985,4,4,1,1,3,3,Spring,1.08,0.22,0.6,0.12,0.28,0.24,2.54,SI,0.476292971,12312.007011393514,32821.585105226935,1.2097841475008586
3100,SI037,2019,5,1.8917179410374785,20.55,0.027569286,0.1587403787057671,0.98,9.49129,3335080000,144670,23053.017211584985,4,3,1,1,1,1,Spring,0.36,0.22,0.6,0.12,0.21000000000000002,0.08,1.5899999999999999,SI,0.476292971,12312.007011393514,32821.585105226935,0.7573058246166792
3101,SI037,2019,6,0.9212659260986904,10.77,0.026449559,0.1449185031897604,4.07,17.33416,3335080000,144670,23053.017211584985,3,3,1,1,3,1,Summer,0.75,0.15,0.8999999999999999,0.05,0.30000000000000004,0.15,2.3,SI,0.476292971,12312.007011393514,32821.585105226935,1.0954738343511712
3102,SI037,2019,7,0.7818507066025402,19.19,0.030288911,0.139858699,4.98,11.45092,3335080000,144670,23053.017211584985,3,4,1,1,2,1,Summer,0.5,0.15,0.8999999999999999,0.05,0.4,0.15,2.15,SI,0.476292971,12312.007011393514,32821.585105226935,1.0240298886326165
3103,SI037,2019,8,1.104090725087683,4.98,0.031710544,0.1322165711132918,5.34,12.4072,3335080000,144670,23053.017211584985,3,4,1,1,2,2,Summer,0.5,0.15,0.8999999999999999,0.05,0.4,0.3,2.3,SI,0.476292971,12312.007011393514,32821.585105226935,1.0954738343511712
3104,SI037,2019,9,1.5050840798581966,4.17,0.028273458,0.1233130453464021,4.93,8.88874,3335080000,144670,23053.017211584985,3,3,1,1,1,1,Autumn,0.35,0.23,0.44999999999999996,0.12,0.21000000000000002,0.08,1.44,SI,0.476292971,12312.007011393514,32821.585105226935,0.6858618788981246
3105,SI037,2019,10,1.138689002478032,8.3,0.027212221,0.1372006090504303,0.98,7.40108,3335080000,144670,23053.017211584985,3,3,1,1,1,1,Autumn,0.35,0.23,0.44999999999999996,0.12,0.21000000000000002,0.08,1.44,SI,0.476292971,12312.007011393514,32821.585105226935,0.6858618788981246
3106,SI037,2019,11,2.356958425262204,45.72,0.028689796,0.1218088627846153,2.36,4.53226,3335080000,144670,23053.017211584985,3,3,1,1,1,1,Autumn,0.35,0.23,0.44999999999999996,0.12,0.21000000000000002,0.08,1.44,SI,0.476292971,12312.007011393514,32821.585105226935,0.6858618788981246
3107,SI037,2019,12,1.728170163818768,249.43,0.029156562,0.1379209821972045,0.84,4.99423,3335080000,144670,23053.017211584985,3,3,1,5,1,1,Winter,0.4,0.25,0.30000000000000004,0.6,0.18,0.07,1.8,SI,0.476292971,12312.007011393514,32821.585105226935,0.8573273486226558
3108,SI038,2019,1,2.181454998142044,71.36,0.028975684,0.177885935,0.74,5.76043,841790000,52810,15939.973489869342,4,3,1,2,1,1,Winter,0.4,0.25,0.4,0.24,0.18,0.07,1.54,SI,0.8231086733292362,12312.007011393514,32821.585105226935,1.2675873569270237
3109,SI038,2019,2,1.5682290334704043,16.26,0.030256249,0.1291486850476182,1.67,8.81098,841790000,52810,15939.973489869342,3,4,1,1,1,1,Winter,0.4,0.25,0.30000000000000004,0.12,0.24,0.07,1.3800000000000001,SI,0.8231086733292362,12312.007011393514,32821.585105226935,1.135889969194346
3110,SI038,2019,3,1.2305459787799429,29.28,0.033868857,0.1615711341106407,4.17,6.59991,841790000,52810,15939.973489869342,4,4,1,1,1,1,Spring,0.36,0.22,0.6,0.12,0.28,0.08,1.66,SI,0.8231086733292362,12312.007011393514,32821.585105226935,1.366360397726532
3111,SI038,2019,4,0.6593721473561588,9.74,0.031259703,0.1580101863385092,15.55,15.73832,841790000,52810,15939.973489869342,4,4,1,1,3,4,Spring,1.08,0.22,0.6,0.12,0.28,0.32,2.6199999999999997,SI,0.8231086733292362,12312.007011393514,32821.585105226935,2.1565447241225986
3112,SI038,2019,5,1.449648025297939,3.3,0.027333237,0.1538539260762848,1.2,9.65082,841790000,52810,15939.973489869342,4,3,1,1,1,1,Spring,0.36,0.22,0.6,0.12,0.21000000000000002,0.08,1.5899999999999999,SI,0.8231086733292362,12312.007011393514,32821.585105226935,1.3087427905934854
3113,SI038,2019,6,1.015210614817591,13.63,0.024576265,0.1445586926075496,3.45,17.81838,841790000,52810,15939.973489869342,3,3,1,1,3,1,Summer,0.75,0.15,0.8999999999999999,0.05,0.30000000000000004,0.15,2.3,SI,0.8231086733292362,12312.007011393514,32821.585105226935,1.8931499486572432
3114,SI038,2019,7,1.2576559783137784,35.6,0.029596962,0.1389395904761896,4.45,11.35765,841790000,52810,15939.973489869342,3,3,1,1,2,1,Summer,0.5,0.15,0.8999999999999999,0.05,0.30000000000000004,0.15,2.05,SI,0.8231086733292362,12312.007011393514,32821.585105226935,1.687372780324934
3115,SI038,2019,8,1.1104443156517958,0.24,0.028440454,0.1321842802721667,4.3,12.03779,841790000,52810,15939.973489869342,3,3,1,1,2,1,Summer,0.5,0.15,0.8999999999999999,0.05,0.30000000000000004,0.15,2.05,SI,0.8231086733292362,12312.007011393514,32821.585105226935,1.687372780324934
3116,SI038,2019,9,0.7828096909771601,27.5,0.024240703,0.1228553503347135,1.81,8.72433,841790000,52810,15939.973489869342,3,3,1,1,1,1,Autumn,0.35,0.23,0.44999999999999996,0.12,0.21000000000000002,0.08,1.44,SI,0.8231086733292362,12312.007011393514,32821.585105226935,1.1852764895941001
3117,SI038,2019,10,1.1236697217738008,5.94,0.026840261,0.1375357494929351,0.12,7.60505,841790000,52810,15939.973489869342,3,3,1,1,1,1,Autumn,0.35,0.23,0.44999999999999996,0.12,0.21000000000000002,0.08,1.44,SI,0.8231086733292362,12312.007011393514,32821.585105226935,1.1852764895941001
3118,SI038,2019,11,2.151747523136293,29.67,0.027956454,0.1205561338513108,0.87,4.39225,841790000,52810,15939.973489869342,3,3,1,1,1,1,Autumn,0.35,0.23,0.44999999999999996,0.12,0.21000000000000002,0.08,1.44,SI,0.8231086733292362,12312.007011393514,32821.585105226935,1.1852764895941001
3119,SI038,2019,12,2.1364897528697133,182.5,0.029041851,0.1374126966997533,1.93,5.66667,841790000,52810,15939.973489869342,3,3,1,4,1,1,Winter,0.4,0.25,0.30000000000000004,0.48,0.18,0.07,1.6800000000000002,SI,0.8231086733292362,12312.007011393514,32821.585105226935,1.382822571193117
3120,SI041,2019,1,2.5699064674263994,18.33,0.030656988,0.1786677345550108,4.66,6.9012,18122110000,552140,32821.585105226935,4,4,1,1,1,1,Winter,0.4,0.25,0.4,0.12,0.24,0.07,1.48,SI,0,12312.007011393514,32821.585105226935,0
3121,SI041,2019,2,1.9383726274133224,22.09,0.030637046,0.1290871516565405,2.31,9.40559,18122110000,552140,32821.585105226935,3,4,1,1,1,1,Winter,0.4,0.25,0.30000000000000004,0.12,0.24,0.07,1.3800000000000001,SI,0,12312.007011393514,32821.585105226935,0
3122,SI041,2019,3,1.282989983657631,23.44,0.034780988,0.16136957,3.63,7.16895,18122110000,552140,32821.585105226935,4,4,1,1,1,1,Spring,0.36,0.22,0.6,0.12,0.28,0.08,1.66,SI,0,12312.007011393514,32821.585105226935,0
3123,SI041,2019,4,0.8790519908693655,10.71,0.034950344,0.1585597010061595,12.23,14.7423,18122110000,552140,32821.585105226935,4,4,1,1,2,3,Spring,0.72,0.22,0.6,0.12,0.28,0.24,2.18,SI,0,12312.007011393514,32821.585105226935,0
3124,SI041,2019,5,1.3416860373872876,6.89,0.027303891,0.1547147178683072,0.55,9.08872,18122110000,552140,32821.585105226935,4,3,1,1,1,1,Spring,0.36,0.22,0.6,0.12,0.21000000000000002,0.08,1.5899999999999999,SI,0,12312.007011393514,32821.585105226935,0
3125,SI041,2019,6,1.0567959005071927,10.35,0.025298249,0.1449285287320044,3.94,17.50645,18122110000,552140,32821.585105226935,3,3,1,1,3,1,Summer,0.75,0.15,0.8999999999999999,0.05,0.30000000000000004,0.15,2.3,SI,0,12312.007011393514,32821.585105226935,0
3126,SI041,2019,7,0.8059062730102751,6.16,0.030285395,0.1402979665442666,5.3,12.04452,18122110000,552140,32821.585105226935,3,4,1,1,2,2,Summer,0.5,0.15,0.8999999999999999,0.05,0.4,0.3,2.3,SI,0,12312.007011393514,32821.585105226935,0
3127,SI041,2019,8,1.303210318,1.6,0.031167501,0.1329857980900626,4.25,12.79739,18122110000,552140,32821.585105226935,3,4,1,1,2,1,Summer,0.5,0.15,0.8999999999999999,0.05,0.4,0.15,2.15,SI,0,12312.007011393514,32821.585105226935,0
3128,SI041,2019,9,1.6908041183170248,17.19,0.027738213,0.1235535326408658,2.5,9.71578,18122110000,552140,32821.585105226935,3,3,1,1,1,1,Autumn,0.35,0.23,0.44999999999999996,0.12,0.21000000000000002,0.08,1.44,SI,0,12312.007011393514,32821.585105226935,0
3129,SI041,2019,10,1.4713967625181212,11.88,0.027884411,0.1364315023828568,0.2,8.0589,18122110000,552140,32821.585105226935,3,3,1,1,1,1,Autumn,0.35,0.23,0.44999999999999996,0.12,0.21000000000000002,0.08,1.44,SI,0,12312.007011393514,32821.585105226935,0
3130,SI041,2019,11,2.8104394140680307,20.06,0.029809254,0.1209482533740094,2.63,5.63155,18122110000,552140,32821.585105226935,3,3,1,1,1,1,Autumn,0.35,0.23,0.44999999999999996,0.12,0.21000000000000002,0.08,1.44,SI,0,12312.007011393514,32821.585105226935,0
3131,SI041,2019,12,2.712831462912109,252.94,0.030761935,0.1386364546227384,1.71,7.82068,18122110000,552140,32821.585105226935,3,4,1,5,1,1,Winter,0.4,0.25,0.30000000000000004,0.6,0.24,0.07,1.86,SI,0,12312.007011393514,32821.585105226935,0
3132,SI042,2019,1,1.015490402945788,16.06,0.027836738,0.1774515188729011,4.73,6.72268,4255170000,205690,20687.296416938112,4,3,1,1,1,1,Winter,0.4,0.25,0.4,0.12,0.18,0.07,1.42,SI,0.5916400928762752,12312.007011393514,32821.585105226935,0.8401289318843107
3133,SI042,2019,2,1.0399176328687465,251.62,0.029326097,0.1309778302907944,1.29,8.95293,4255170000,205690,20687.296416938112,3,3,1,5,1,1,Winter,0.4,0.25,0.30000000000000004,0.6,0.18,0.07,1.8,SI,0.5916400928762752,12312.007011393514,32821.585105226935,1.0649521671772952
3134,SI042,2019,3,1.0634456433739063,18.41,0.031517049,0.1615957444001882,2.85,6.95394,4255170000,205690,20687.296416938112,4,4,1,1,1,1,Spring,0.36,0.22,0.6,0.12,0.28,0.08,1.66,SI,0.5916400928762752,12312.007011393514,32821.585105226935,0.9821225541746167
3135,SI042,2019,4,1.146120411,162.06,0.033489129,0.1590737232450809,12.07,12.73671,4255170000,205690,20687.296416938112,4,4,1,4,2,3,Spring,0.72,0.22,0.6,0.48,0.28,0.24,2.54,SI,0.5916400928762752,12312.007011393514,32821.585105226935,1.502765835905739
3136,SI042,2019,5,0.8562447588764502,1,0.027901036,0.1518525828752129,0,7.9955,4255170000,205690,20687.296416938112,4,3,1,1,1,1,Spring,0.36,0.22,0.6,0.12,0.21000000000000002,0.08,1.5899999999999999,SI,0.5916400928762752,12312.007011393514,32821.585105226935,0.9407077476732775
3137,SI042,2019,6,1.099002580248183,9.53,0.023074415,0.1435714581303989,2.95,16.67949,4255170000,205690,20687.296416938112,3,3,1,1,3,1,Summer,0.75,0.15,0.8999999999999999,0.05,0.30000000000000004,0.15,2.3,SI,0.5916400928762752,12312.007011393514,32821.585105226935,1.3607722136154328
3138,SI042,2019,7,0.5652837764764755,1.88,0.028753561,0.139916232,2.38,11.17499,4255170000,205690,20687.296416938112,3,3,1,1,2,1,Summer,0.5,0.15,0.8999999999999999,0.05,0.30000000000000004,0.15,2.05,SI,0.5916400928762752,12312.007011393514,32821.585105226935,1.212862190396364
3139,SI042,2019,8,1.0874993344219497,2.58,0.027869501,0.1323088582599839,2.92,11.75596,4255170000,205690,20687.296416938112,3,3,1,1,2,1,Summer,0.5,0.15,0.8999999999999999,0.05,0.30000000000000004,0.15,2.05,SI,0.5916400928762752,12312.007011393514,32821.585105226935,1.212862190396364
3140,SI042,2019,9,1.7717285451545393,30.8,0.025197659,0.1232628357125689,1.62,9.29508,4255170000,205690,20687.296416938112,3,3,1,1,1,1,Autumn,0.35,0.23,0.44999999999999996,0.12,0.21000000000000002,0.08,1.44,SI,0.5916400928762752,12312.007011393514,32821.585105226935,0.8519617337418363
3141,SI042,2019,10,0.7451783928005895,7.98,0.026168336,0.1347380624489345,0.42,7.87452,4255170000,205690,20687.296416938112,3,3,1,1,1,1,Autumn,0.35,0.23,0.44999999999999996,0.12,0.21000000000000002,0.08,1.44,SI,0.5916400928762752,12312.007011393514,32821.585105226935,0.8519617337418363
3142,SI042,2019,11,2.1644047614670145,49.59,0.027438143,0.120899803,3.55,5.62709,4255170000,205690,20687.296416938112,3,3,1,1,1,1,Autumn,0.35,0.23,0.44999999999999996,0.12,0.21000000000000002,0.08,1.44,SI,0.5916400928762752,12312.007011393514,32821.585105226935,0.8519617337418363
3143,SI042,2019,12,2.0463707770625787,291.3,0.028904031,0.1391209963268682,1.28,8.52869,4255170000,205690,20687.296416938112,3,3,1,5,1,1,Winter,0.4,0.25,0.30000000000000004,0.6,0.18,0.07,1.8,SI,0.5916400928762752,12312.007011393514,32821.585105226935,1.0649521671772952
3144,SI043,2019,1,1.1280238875308313,6.21,0.028966591,0.1781962950191295,2.19,7.96859,2426600000,117990,20566.149673701162,4,3,1,1,1,1,Winter,0.4,0.25,0.4,0.12,0.18,0.07,1.42,SI,0.5975469302906136,12312.007011393514,32821.585105226935,0.8485166410126712
3145,SI043,2019,2,1.9235880561575152,91.6,0.030567194,0.1321705644672811,1.64,10.28682,2426600000,117990,20566.149673701162,3,4,1,2,2,1,Winter,0.8,0.25,0.30000000000000004,0.24,0.24,0.07,1.9000000000000001,SI,0.5975469302906136,12312.007011393514,32821.585105226935,1.1353391675521658
3146,SI043,2019,3,1.1720349067021534,9.91,0.031484198,0.1627966138609513,2.35,7.98972,2426600000,117990,20566.149673701162,4,4,1,1,1,1,Spring,0.36,0.22,0.6,0.12,0.28,0.08,1.66,SI,0.5975469302906136,12312.007011393514,32821.585105226935,0.9919279042824185
3147,SI043,2019,4,1.146120411,96.31,0.033209464,0.1578154050804003,11.57,14.8096,2426600000,117990,20566.149673701162,4,4,1,2,2,3,Spring,0.72,0.22,0.6,0.24,0.28,0.24,2.3,SI,0.5975469302906136,12312.007011393514,32821.585105226935,1.3743579396684111
3148,SI043,2019,5,1.421131369278859,2.53,0.029443864,0.15252693,0.33,9.44213,2426600000,117990,20566.149673701162,4,3,1,1,1,1,Spring,0.36,0.22,0.6,0.12,0.21000000000000002,0.08,1.5899999999999999,SI,0.5975469302906136,12312.007011393514,32821.585105226935,0.9500996191620755
3149,SI043,2019,6,1.0735256225568948,12.08,0.023747068,0.1437972229762446,3.68,19.18221,2426600000,117990,20566.149673701162,3,3,1,1,3,1,Summer,0.75,0.15,0.8999999999999999,0.05,0.30000000000000004,0.15,2.3,SI,0.5975469302906136,12312.007011393514,32821.585105226935,1.3743579396684111
3150,SI043,2019,7,0.5522987703092553,0.53,0.02928676,0.1405885523388264,2.53,11.75989,2426600000,117990,20566.149673701162,3,3,1,1,2,1,Summer,0.5,0.15,0.8999999999999999,0.05,0.30000000000000004,0.15,2.05,SI,0.5975469302906136,12312.007011393514,32821.585105226935,1.2249712070957577
3151,SI043,2019,8,1.0227414817489922,4.94,0.028898362,0.132296848,3.87,12.03197,2426600000,117990,20566.149673701162,3,3,1,1,2,1,Summer,0.5,0.15,0.8999999999999999,0.05,0.30000000000000004,0.15,2.05,SI,0.5975469302906136,12312.007011393514,32821.585105226935,1.2249712070957577
3152,SI043,2019,9,2.081783610776228,22.33,0.026129182,0.1230621798476083,4.57,9.65022,2426600000,117990,20566.149673701162,3,3,1,1,1,1,Autumn,0.35,0.23,0.44999999999999996,0.12,0.21000000000000002,0.08,1.44,SI,0.5975469302906136,12312.007011393514,32821.585105226935,0.8604675796184835
3153,SI043,2019,10,1.2358108912286434,13.49,0.027216519,0.135579497,1.26,8.9545,2426600000,117990,20566.149673701162,3,3,1,1,1,1,Autumn,0.35,0.23,0.44999999999999996,0.12,0.21000000000000002,0.08,1.44,SI,0.5975469302906136,12312.007011393514,32821.585105226935,0.8604675796184835
3154,SI043,2019,11,2.3034155936818723,29.83,0.028792369,0.1203426663845291,2.25,5.57635,2426600000,117990,20566.149673701162,3,3,1,1,1,1,Autumn,0.35,0.23,0.44999999999999996,0.12,0.21000000000000002,0.08,1.44,SI,0.5975469302906136,12312.007011393514,32821.585105226935,0.8604675796184835
3155,SI043,2019,12,2.0122644653276027,186.34,0.028043586,0.1389149464411355,1.18,8.49845,2426600000,117990,20566.149673701162,3,3,1,4,1,1,Winter,0.4,0.25,0.30000000000000004,0.48,0.18,0.07,1.6800000000000002,SI,0.5975469302906136,12312.007011393514,32821.585105226935,1.0038788428882308
3156,SI044,2019,1,1.8632312679307477,27.11,0.030416455,0.1806030671615396,0.3,6.75063,2644200000,115600,22873.70242214533,4,4,1,1,1,1,Winter,0.4,0.25,0.4,0.12,0.24,0.07,1.48,SI,0.48503594942660566,12312.007011393514,32821.585105226935,0.7178532051513764
3157,SI044,2019,2,2.548526721708246,31.65,0.032862508,0.1329006654325825,2.45,10.40252,2644200000,115600,22873.70242214533,3,4,1,1,2,1,Winter,0.8,0.25,0.30000000000000004,0.12,0.24,0.07,1.7800000000000002,SI,0.48503594942660566,12312.007011393514,32821.585105226935,0.8633639899793581
3158,SI044,2019,3,2.4806927575592628,16.16,0.034394495,0.1610706029802648,3.25,7.73756,2644200000,115600,22873.70242214533,4,4,1,1,1,1,Spring,0.36,0.22,0.6,0.12,0.28,0.08,1.66,SI,0.48503594942660566,12312.007011393514,32821.585105226935,0.8051596760481654
3159,SI044,2019,4,1.2108682903968069,105.91,0.033110419,0.1573169567011897,9.97,17.49331,2644200000,115600,22873.70242214533,4,4,1,3,3,2,Spring,1.08,0.22,0.6,0.36,0.28,0.16,2.7,SI,0.48503594942660566,12312.007011393514,32821.585105226935,1.3095970634518355
3160,SI044,2019,5,1.7117762227256843,2.38,0.031042498,0.1537382576614049,2.27,11.37004,2644200000,115600,22873.70242214533,4,4,1,1,2,1,Spring,0.72,0.22,0.6,0.12,0.28,0.08,2.02,SI,0.48503594942660566,12312.007011393514,32821.585105226935,0.9797726178417434
3161,SI044,2019,6,1.3652818761277277,25.3,0.026405956,0.1446021436451778,4.28,19.80637,2644200000,115600,22873.70242214533,3,3,1,1,3,1,Summer,0.75,0.15,0.8999999999999999,0.05,0.30000000000000004,0.15,2.3,SI,0.48503594942660566,12312.007011393514,32821.585105226935,1.1155826836811928
3162,SI044,2019,7,1.0148999428143402,12.4,0.031536258,0.140597776,4.85,12.09152,2644200000,115600,22873.70242214533,3,4,1,1,2,1,Summer,0.5,0.15,0.8999999999999999,0.05,0.4,0.15,2.15,SI,0.48503594942660566,12312.007011393514,32821.585105226935,1.042827291267202
3163,SI044,2019,8,1.1625464056892765,3.14,0.030608048,0.1323741926402327,4.56,12.82954,2644200000,115600,22873.70242214533,3,4,1,1,2,1,Summer,0.5,0.15,0.8999999999999999,0.05,0.4,0.15,2.15,SI,0.48503594942660566,12312.007011393514,32821.585105226935,1.042827291267202
3164,SI044,2019,9,1.9825688475674843,25.77,0.026696813,0.1235887022781713,6.01,9.39808,2644200000,115600,22873.70242214533,3,3,1,1,1,2,Autumn,0.35,0.23,0.44999999999999996,0.12,0.21000000000000002,0.16,1.5199999999999998,SI,0.48503594942660566,12312.007011393514,32821.585105226935,0.7372546431284405
3165,SI044,2019,10,1.3951823239337366,22.7,0.028720109,0.1392012659763703,1.12,8.90287,2644200000,115600,22873.70242214533,3,3,1,1,1,1,Autumn,0.35,0.23,0.44999999999999996,0.12,0.21000000000000002,0.08,1.44,SI,0.48503594942660566,12312.007011393514,32821.585105226935,0.6984517671743121
3166,SI044,2019,11,2.238056672772081,11.42,0.03041277,0.1209249966956918,2.05,5.07822,2644200000,115600,22873.70242214533,3,4,1,1,1,1,Autumn,0.35,0.23,0.44999999999999996,0.12,0.28,0.08,1.51,SI,0.48503594942660566,12312.007011393514,32821.585105226935,0.7324042836341745
3167,SI044,2019,12,3.0499579358574995,156.72,0.028719711,0.1376360976776773,2.15,6.90331,2644200000,115600,22873.70242214533,3,3,1,4,1,1,Winter,0.4,0.25,0.30000000000000004,0.48,0.18,0.07,1.6800000000000002,SI,0.48503594942660566,12312.007011393514,32821.585105226935,0.8148603950366976
3168,SI031,2020,1,2.903929530548702,46.18,0.030617265,0.1380841216993133,0.43,12.26979,1761020000,114540,15374.716256329666,3,4,1,1,2,1,Winter,0.8,0.25,0.30000000000000004,0.12,0.24,0.07,1.7800000000000002,SI,0.8451986600746401,12238.028661307235,32500.693031879466,1.5044536149328596
3169,SI031,2020,2,1.9909375991237597,30.09,0.031739465,0.1376019929099733,1.58,5.99978,1761020000,114540,15374.716256329666,3,4,1,1,1,1,Winter,0.4,0.25,0.30000000000000004,0.12,0.24,0.07,1.3800000000000001,SI,0.8451986600746401,12238.028661307235,32500.693031879466,1.1663741509030034
3170,SI031,2020,3,1.1697272749427765,4.91,0.033849234,0.190899406,0.65,7.82637,1761020000,114540,15374.716256329666,4,4,1,1,1,1,Spring,0.36,0.22,0.6,0.12,0.28,0.08,1.66,SI,0.8451986600746401,12238.028661307235,32500.693031879466,1.4030297757239025
3171,SI031,2020,4,1.3449594403756475,1.78,0.036514896,0.1600543742348393,1.68,8.71995,1761020000,114540,15374.716256329666,4,4,1,1,1,1,Spring,0.36,0.22,0.6,0.12,0.28,0.08,1.66,SI,0.8451986600746401,12238.028661307235,32500.693031879466,1.4030297757239025
3172,SI031,2020,5,0.9503062733171816,2.14,0.031392834,0.155096961,3.54,6.94668,1761020000,114540,15374.716256329666,4,4,1,1,1,1,Spring,0.36,0.22,0.6,0.12,0.28,0.08,1.66,SI,0.8451986600746401,12238.028661307235,32500.693031879466,1.4030297757239025
3173,SI031,2020,6,1.189862583726865,0.17,0.02732848,0.1392260475868222,2.76,7.3479,1761020000,114540,15374.716256329666,3,3,1,1,1,1,Summer,0.25,0.15,0.8999999999999999,0.05,0.30000000000000004,0.15,1.7999999999999998,SI,0.8451986600746401,12238.028661307235,32500.693031879466,1.521357588134352
3174,SI031,2020,7,1.4848501826512257,0.04,0.029515423,0.134691703,3.61,8.44111,1761020000,114540,15374.716256329666,3,3,1,1,1,1,Summer,0.25,0.15,0.8999999999999999,0.05,0.30000000000000004,0.15,1.7999999999999998,SI,0.8451986600746401,12238.028661307235,32500.693031879466,1.521357588134352
3175,SI031,2020,8,0.972652682,13.67,0.044933308,0.1378907344546508,4.85,9.33869,1761020000,114540,15374.716256329666,3,4,1,1,1,1,Summer,0.25,0.15,0.8999999999999999,0.05,0.4,0.15,1.9,SI,0.8451986600746401,12238.028661307235,32500.693031879466,1.6058774541418162
3176,SI031,2020,9,2.138574095886557,9.98,0.034408539,0.1241695314972486,2.61,8.98398,1761020000,114540,15374.716256329666,3,4,1,1,1,1,Autumn,0.35,0.23,0.44999999999999996,0.12,0.28,0.08,1.51,SI,0.8451986600746401,12238.028661307235,32500.693031879466,1.2762499767127065
3177,SI031,2020,10,1.3141690533530692,59.11,0.030281059,0.1264509299490563,0.65,8.19273,1761020000,114540,15374.716256329666,3,4,1,2,1,1,Autumn,0.35,0.23,0.44999999999999996,0.24,0.28,0.08,1.63,SI,0.8451986600746401,12238.028661307235,32500.693031879466,1.3776738159216633
3178,SI031,2020,11,2.7689355915524247,47.85,0.034610126,0.1306622848231097,1.08,13.64563,1761020000,114540,15374.716256329666,3,4,1,1,2,1,Autumn,0.7,0.23,0.44999999999999996,0.12,0.28,0.08,1.86,SI,0.8451986600746401,12238.028661307235,32500.693031879466,1.5720695077388307
3179,SI031,2020,12,2.2352766743980776,15.58,0.027781286,0.1418701835667372,3.65,10.9842,1761020000,114540,15374.716256329666,3,3,1,1,2,1,Winter,0.8,0.25,0.30000000000000004,0.12,0.18,0.07,1.7200000000000002,SI,0.8451986600746401,12238.028661307235,32500.693031879466,1.453741695328381
3180,SI032,2020,1,2.1238892823366524,28.95,0.028182651,0.1374399195174468,2.12,12.90563,5904840000,326930,18061.481050989507,3,3,1,1,2,1,Winter,0.8,0.25,0.30000000000000004,0.12,0.18,0.07,1.7200000000000002,SI,0.712601843,12238.028661307235,32500.693031879466,1.2256751704973023
3181,SI032,2020,2,1.8252776519783216,43.87,0.031677136,0.1371045814818125,0.04,6.09957,5904840000,326930,18061.481050989507,3,4,1,1,1,1,Winter,0.4,0.25,0.30000000000000004,0.12,0.24,0.07,1.3800000000000001,SI,0.712601843,12238.028661307235,32500.693031879466,0.9833905437710914
3182,SI032,2020,3,1.1132620787541876,1.54,0.033241035,0.1897679475714681,0.66,7.94941,5904840000,326930,18061.481050989507,4,4,1,1,1,1,Spring,0.36,0.22,0.6,0.12,0.28,0.08,1.66,SI,0.712601843,12238.028661307235,32500.693031879466,1.182919059898559
3183,SI032,2020,4,1.4540696541692886,2.07,0.034758971,0.1593026428348267,1.29,8.99536,5904840000,326930,18061.481050989507,4,4,1,1,1,1,Spring,0.36,0.22,0.6,0.12,0.28,0.08,1.66,SI,0.712601843,12238.028661307235,32500.693031879466,1.182919059898559
3184,SI032,2020,5,1.0159135139935558,3.29,0.030786711,0.1540648729259607,3.32,7.13373,5904840000,326930,18061.481050989507,4,4,1,1,1,1,Spring,0.36,0.22,0.6,0.12,0.28,0.08,1.66,SI,0.712601843,12238.028661307235,32500.693031879466,1.182919059898559
3185,SI032,2020,6,1.000800626,6.47,0.025353241,0.1390567826474534,3.17,7.36736,5904840000,326930,18061.481050989507,3,3,1,1,1,1,Summer,0.25,0.15,0.8999999999999999,0.05,0.30000000000000004,0.15,1.7999999999999998,SI,0.712601843,12238.028661307235,32500.693031879466,1.2826833179622927
3186,SI032,2020,7,1.4089164353889636,0.63,0.029998765,0.1331383799093388,3.72,8.73139,5904840000,326930,18061.481050989507,3,3,1,1,1,1,Summer,0.25,0.15,0.8999999999999999,0.05,0.30000000000000004,0.15,1.7999999999999998,SI,0.712601843,12238.028661307235,32500.693031879466,1.2826833179622927
3187,SI032,2020,8,1.2706627343947952,4.14,0.043092202,0.1379580718943488,4.53,9.68285,5904840000,326930,18061.481050989507,3,4,1,1,1,1,Summer,0.25,0.15,0.8999999999999999,0.05,0.4,0.15,1.9,SI,0.712601843,12238.028661307235,32500.693031879466,1.3539435022935313
3188,SI032,2020,9,2.1683573697433824,2.87,0.033466727,0.1244541552273654,2.55,9.33283,5904840000,326930,18061.481050989507,3,4,1,1,1,1,Autumn,0.35,0.23,0.44999999999999996,0.12,0.28,0.08,1.51,SI,0.712601843,12238.028661307235,32500.693031879466,1.0760287834017013
3189,SI032,2020,10,1.026600649216091,72.66,0.029762295,0.1260901170991747,1.72,8.52113,5904840000,326930,18061.481050989507,3,3,1,2,1,1,Autumn,0.35,0.23,0.44999999999999996,0.24,0.21000000000000002,0.08,1.5599999999999998,SI,0.712601843,12238.028661307235,32500.693031879466,1.1116588755673205
3190,SI032,2020,11,2.968042419502825,50.25,0.032512925,0.1308388676181096,3.05,14.92526,5904840000,326930,18061.481050989507,3,4,1,2,2,1,Autumn,0.7,0.23,0.44999999999999996,0.24,0.28,0.08,1.98,SI,0.712601843,12238.028661307235,32500.693031879466,1.4109516497585222
3191,SI032,2020,12,2.168631161224724,42.29,0.032484782,0.1440052267963169,2.21,12.96253,5904840000,326930,18061.481050989507,3,4,1,1,2,1,Winter,0.8,0.25,0.30000000000000004,0.12,0.24,0.07,1.7800000000000002,SI,0.712601843,12238.028661307235,32500.693031879466,1.2684312810960454
3192,SI033,2020,1,1.4060305028842432,20.87,0.028751831,0.13701186,8.58,11.55486,1234080000,70930,17398.56196249824,3,3,1,1,2,2,Winter,0.8,0.25,0.30000000000000004,0.12,0.18,0.14,1.79,SI,0.7453181276256184,12238.028661307235,32500.693031879466,1.334119448449857
3193,SI033,2020,2,2.5870742444028565,47.37,0.02459693,0.1359785975744874,1.47,5.72309,1234080000,70930,17398.56196249824,3,3,1,1,1,1,Winter,0.4,0.25,0.30000000000000004,0.12,0.18,0.07,1.32,SI,0.7453181276256184,12238.028661307235,32500.693031879466,0.9838199284658163
3194,SI033,2020,3,1.0802541974852429,6.86,0.029560744,0.1923197461849076,0.5,7.2827,1234080000,70930,17398.56196249824,4,3,1,1,1,1,Spring,0.36,0.22,0.6,0.12,0.21000000000000002,0.08,1.5899999999999999,SI,0.7453181276256184,12238.028661307235,32500.693031879466,1.1850558229247332
3195,SI033,2020,4,0.8690892746296143,25.01,0.033979484,0.1571567416380153,1.23,8.74165,1234080000,70930,17398.56196249824,4,4,1,1,1,1,Spring,0.36,0.22,0.6,0.12,0.28,0.08,1.66,SI,0.7453181276256184,12238.028661307235,32500.693031879466,1.2372280918585266
3196,SI033,2020,5,1.0565828959379862,3,0.032232953,0.1525530324484209,3.81,6.61787,1234080000,70930,17398.56196249824,4,4,1,1,1,1,Spring,0.36,0.22,0.6,0.12,0.28,0.08,1.66,SI,0.7453181276256184,12238.028661307235,32500.693031879466,1.2372280918585266
3197,SI033,2020,6,1.0722315871658006,9.39,0.02586626,0.1397664647007598,2.13,6.5484,1234080000,70930,17398.56196249824,3,3,1,1,1,1,Summer,0.25,0.15,0.8999999999999999,0.05,0.30000000000000004,0.15,1.7999999999999998,SI,0.7453181276256184,12238.028661307235,32500.693031879466,1.341572629726113
3198,SI033,2020,7,0.9241744209911612,1.38,0.029335584,0.1329811674931048,2.49,7.83118,1234080000,70930,17398.56196249824,3,3,1,1,1,1,Summer,0.25,0.15,0.8999999999999999,0.05,0.30000000000000004,0.15,1.7999999999999998,SI,0.7453181276256184,12238.028661307235,32500.693031879466,1.341572629726113
3199,SI033,2020,8,1.218085636202825,1.26,0.03031995,0.1387095468838699,2.66,8.73578,1234080000,70930,17398.56196249824,3,4,1,1,1,1,Summer,0.25,0.15,0.8999999999999999,0.05,0.4,0.15,1.9,SI,0.7453181276256184,12238.028661307235,32500.693031879466,1.416104442488675
3200,SI033,2020,9,1.7279306005537771,5.81,0.032304915,0.1250515113283879,3.39,8.40965,1234080000,70930,17398.56196249824,3,4,1,1,1,1,Autumn,0.35,0.23,0.44999999999999996,0.12,0.28,0.08,1.51,SI,0.7453181276256184,12238.028661307235,32500.693031879466,1.125430372714684
3201,SI033,2020,10,1.020454179229688,61.92,0.029928871,0.1261022572781462,2.13,6.74417,1234080000,70930,17398.56196249824,3,3,1,2,1,1,Autumn,0.35,0.23,0.44999999999999996,0.24,0.21000000000000002,0.08,1.5599999999999998,SI,0.7453181276256184,12238.028661307235,32500.693031879466,1.1626962790959647
3202,SI033,2020,11,1.913320932699286,36.73,0.029851359,0.1307166729393061,1.5,12.05231,1234080000,70930,17398.56196249824,3,3,1,1,2,1,Autumn,0.7,0.23,0.44999999999999996,0.12,0.21000000000000002,0.08,1.79,SI,0.7453181276256184,12238.028661307235,32500.693031879466,1.334119448449857
3203,SI033,2020,12,1.591561149897723,156.37,0.030616909,0.1441523816262021,1.93,13.25643,1234080000,70930,17398.56196249824,3,4,1,4,2,1,Winter,0.8,0.25,0.30000000000000004,0.48,0.24,0.07,2.14,SI,0.7453181276256184,12238.028661307235,32500.693031879466,1.5949807931188236
3204,SI034,2020,1,1.8164815108767725,24,0.028777464,0.1375527349138762,0.89,11.21491,5051070000,258670,19527.080836587156,3,3,1,1,2,1,Winter,0.8,0.25,0.30000000000000004,0.12,0.18,0.07,1.7200000000000002,SI,0.6402717805529109,12238.028661307235,32500.693031879466,1.1012674625510068
3205,SI034,2020,2,0.6897780419321862,22.21,0.027879301,0.1353181509587171,0.01,5.69623,5051070000,258670,19527.080836587156,3,3,1,1,1,1,Winter,0.4,0.25,0.30000000000000004,0.12,0.18,0.07,1.32,SI,0.6402717805529109,12238.028661307235,32500.693031879466,0.8451587503298424
3206,SI034,2020,3,1.1833310619717825,8.21,0.031990405,0.1892680310704508,0.1,7.6657,5051070000,258670,19527.080836587156,4,4,1,1,1,1,Spring,0.36,0.22,0.6,0.12,0.28,0.08,1.66,SI,0.6402717805529109,12238.028661307235,32500.693031879466,1.062851155717832
3207,SI034,2020,4,1.0881827293884314,15.53,0.033549201,0.1558175731808204,1.39,8.83082,5051070000,258670,19527.080836587156,4,4,1,1,1,1,Spring,0.36,0.22,0.6,0.12,0.28,0.08,1.66,SI,0.6402717805529109,12238.028661307235,32500.693031879466,1.062851155717832
3208,SI034,2020,5,1.0437908472865298,1.28,0.031477653,0.1532981624693619,3.91,7.15618,5051070000,258670,19527.080836587156,4,4,1,1,1,1,Spring,0.36,0.22,0.6,0.12,0.28,0.08,1.66,SI,0.6402717805529109,12238.028661307235,32500.693031879466,1.062851155717832
3209,SI034,2020,6,0.9808293143570708,8.18,0.02661538,0.1386754109133847,2.56,7.134,5051070000,258670,19527.080836587156,3,3,1,1,1,1,Summer,0.25,0.15,0.8999999999999999,0.05,0.30000000000000004,0.15,1.7999999999999998,SI,0.6402717805529109,12238.028661307235,32500.693031879466,1.1524892049952395
3210,SI034,2020,7,1.3178487581901848,9.25,0.028331689,0.1321722028826493,2.82,8.62108,5051070000,258670,19527.080836587156,3,3,1,1,1,1,Summer,0.25,0.15,0.8999999999999999,0.05,0.30000000000000004,0.15,1.7999999999999998,SI,0.6402717805529109,12238.028661307235,32500.693031879466,1.1524892049952395
3211,SI034,2020,8,1.2535318971648282,1.23,0.031409913,0.1392990875436203,3.63,9.45667,5051070000,258670,19527.080836587156,3,4,1,1,1,1,Summer,0.25,0.15,0.8999999999999999,0.05,0.4,0.15,1.9,SI,0.6402717805529109,12238.028661307235,32500.693031879466,1.2165163830505306
3212,SI034,2020,9,2.0514007615793357,8.43,0.032265603,0.1256925629767184,3.01,9.00878,5051070000,258670,19527.080836587156,3,4,1,1,1,1,Autumn,0.35,0.23,0.44999999999999996,0.12,0.28,0.08,1.51,SI,0.6402717805529109,12238.028661307235,32500.693031879466,0.9668103886348954
3213,SI034,2020,10,1.1196288033355013,81.45,0.03101147,0.1256212994035297,2.23,7.73165,5051070000,258670,19527.080836587156,3,4,1,2,1,1,Autumn,0.35,0.23,0.44999999999999996,0.24,0.28,0.08,1.63,SI,0.6402717805529109,12238.028661307235,32500.693031879466,1.0436430023012446
3214,SI034,2020,11,2.036899156187434,70.61,0.030777022,0.1309657289650603,2.26,12.34165,5051070000,258670,19527.080836587156,3,4,1,2,2,1,Autumn,0.7,0.23,0.44999999999999996,0.24,0.28,0.08,1.98,SI,0.6402717805529109,12238.028661307235,32500.693031879466,1.2677381254947635
3215,SI034,2020,12,1.9945076427687547,53.01,0.032391638,0.1462916212835044,2.64,11.8192,5051070000,258670,19527.080836587156,3,4,1,2,2,1,Winter,0.8,0.25,0.30000000000000004,0.24,0.24,0.07,1.9000000000000001,SI,0.6402717805529109,12238.028661307235,32500.693031879466,1.2165163830505308
3216,SI035,2020,1,1.875403364440922,38.61,0.031628832,0.1372749124786508,0.69,10.72275,700260000,57220,12238.028661307235,3,4,1,1,2,1,Winter,0.8,0.25,0.30000000000000004,0.12,0.24,0.07,1.7800000000000002,SI,1,12238.028661307235,32500.693031879466,1.7800000000000002
3217,SI035,2020,2,2.613080977835395,20.63,0.031256442,0.1350958148182276,1.69,5.51134,700260000,57220,12238.028661307235,3,4,1,1,1,1,Winter,0.4,0.25,0.30000000000000004,0.12,0.24,0.07,1.3800000000000001,SI,1,12238.028661307235,32500.693031879466,1.3800000000000001
3218,SI035,2020,3,1.3767906482825505,7.71,0.031552599,0.1893167236920314,0.42,7.50131,700260000,57220,12238.028661307235,4,4,1,1,1,1,Spring,0.36,0.22,0.6,0.12,0.28,0.08,1.66,SI,1,12238.028661307235,32500.693031879466,1.66
3219,SI035,2020,4,1.4065010680801593,6.15,0.035524817,0.1559409321915742,1.75,8.76996,700260000,57220,12238.028661307235,4,4,1,1,1,1,Spring,0.36,0.22,0.6,0.12,0.28,0.08,1.66,SI,1,12238.028661307235,32500.693031879466,1.66
3220,SI035,2020,5,1.078394045080017,1.44,0.032040745,0.1550356052896286,3.88,7.11812,700260000,57220,12238.028661307235,4,4,1,1,1,1,Spring,0.36,0.22,0.6,0.12,0.28,0.08,1.66,SI,1,12238.028661307235,32500.693031879466,1.66
3221,SI035,2020,6,0.641064638,1.78,0.026580959,0.1392791169238935,1.29,7.04798,700260000,57220,12238.028661307235,3,3,1,1,1,1,Summer,0.25,0.15,0.8999999999999999,0.05,0.30000000000000004,0.15,1.7999999999999998,SI,1,12238.028661307235,32500.693031879466,1.7999999999999998
3222,SI035,2020,7,1.514069462699902,2.51,0.027051476,0.1310040737112238,2.87,8.61518,700260000,57220,12238.028661307235,3,3,1,1,1,1,Summer,0.25,0.15,0.8999999999999999,0.05,0.30000000000000004,0.15,1.7999999999999998,SI,1,12238.028661307235,32500.693031879466,1.7999999999999998
3223,SI035,2020,8,1.2344601228652516,3.77,0.031550304,0.1387544726682551,3.78,9.37175,700260000,57220,12238.028661307235,3,4,1,1,1,1,Summer,0.25,0.15,0.8999999999999999,0.05,0.4,0.15,1.9,SI,1,12238.028661307235,32500.693031879466,1.9
3224,SI035,2020,9,1.8223810481312808,18.22,0.034522756,0.1256888649205124,2.29,8.78387,700260000,57220,12238.028661307235,3,4,1,1,1,1,Autumn,0.35,0.23,0.44999999999999996,0.12,0.28,0.08,1.51,SI,1,12238.028661307235,32500.693031879466,1.51
3225,SI035,2020,10,0.9315018312444864,65.62,0.026661948,0.1250452089165037,0.79,7.46944,700260000,57220,12238.028661307235,3,3,1,2,1,1,Autumn,0.35,0.23,0.44999999999999996,0.24,0.21000000000000002,0.08,1.5599999999999998,SI,1,12238.028661307235,32500.693031879466,1.5599999999999998
3226,SI035,2020,11,2.4278672002674284,51.25,0.031015655,0.1313833120029036,0.16,11.51085,700260000,57220,12238.028661307235,3,4,1,2,2,1,Autumn,0.7,0.23,0.44999999999999996,0.24,0.28,0.08,1.98,SI,1,12238.028661307235,32500.693031879466,1.98
3227,SI035,2020,12,2.330124534250267,61.59,0.032875076,0.1473352036463283,0.47,11.71831,700260000,57220,12238.028661307235,3,4,1,2,2,1,Winter,0.8,0.25,0.30000000000000004,0.24,0.24,0.07,1.9000000000000001,SI,1,12238.028661307235,32500.693031879466,1.9000000000000001
3228,SI036,2020,1,1.707962513,28.51,0.034420267,0.1372037045768522,2.6,10.53475,1334240000,76080,17537.32912723449,3,4,1,1,2,1,Winter,0.8,0.25,0.30000000000000004,0.12,0.24,0.07,1.7800000000000002,SI,0.7384697111390983,12238.028661307235,32500.693031879466,1.3144760858275952
3229,SI036,2020,2,2.2881873796442904,28.6,0.032089007,0.1355351378753715,1.84,5.66911,1334240000,76080,17537.32912723449,3,4,1,1,1,1,Winter,0.4,0.25,0.30000000000000004,0.12,0.24,0.07,1.3800000000000001,SI,0.7384697111390983,12238.028661307235,32500.693031879466,1.0190882013719558
3230,SI036,2020,3,1.4144064026409602,4.73,0.034745269,0.1893196754657322,1.68,7.80565,1334240000,76080,17537.32912723449,4,4,1,1,1,1,Spring,0.36,0.22,0.6,0.12,0.28,0.08,1.66,SI,0.7384697111390983,12238.028661307235,32500.693031879466,1.2258597204909032
3231,SI036,2020,4,1.233521604274229,28.11,0.033701139,0.1554599054380507,0.96,8.67979,1334240000,76080,17537.32912723449,4,4,1,1,1,1,Spring,0.36,0.22,0.6,0.12,0.28,0.08,1.66,SI,0.7384697111390983,12238.028661307235,32500.693031879466,1.2258597204909032
3232,SI036,2020,5,0.8645313978786054,0.35,0.031695225,0.1565127278466936,3.92,7.33541,1334240000,76080,17537.32912723449,4,4,1,1,1,1,Spring,0.36,0.22,0.6,0.12,0.28,0.08,1.66,SI,0.7384697111390983,12238.028661307235,32500.693031879466,1.2258597204909032
3233,SI036,2020,6,1.0904021161504904,14.45,0.026949764,0.1400122205018242,3.88,7.16242,1334240000,76080,17537.32912723449,3,3,1,1,1,1,Summer,0.25,0.15,0.8999999999999999,0.05,0.30000000000000004,0.15,1.7999999999999998,SI,0.7384697111390983,12238.028661307235,32500.693031879466,1.3292454800503768
3234,SI036,2020,7,1.1607718365985484,0.3,0.032201828,0.1327274846566674,3.42,8.5594,1334240000,76080,17537.32912723449,3,4,1,1,1,1,Summer,0.25,0.15,0.8999999999999999,0.05,0.4,0.15,1.9,SI,0.7384697111390983,12238.028661307235,32500.693031879466,1.4030924511642868
3235,SI036,2020,8,1.1768179387650928,24.54,0.033778157,0.1389396968574378,4.97,9.38482,1334240000,76080,17537.32912723449,3,4,1,1,1,1,Summer,0.25,0.15,0.8999999999999999,0.05,0.4,0.15,1.9,SI,0.7384697111390983,12238.028661307235,32500.693031879466,1.4030924511642868
3236,SI036,2020,9,1.6523246207004472,15.83,0.032833065,0.1265838222006512,3.05,9.12934,1334240000,76080,17537.32912723449,3,4,1,1,1,1,Autumn,0.35,0.23,0.44999999999999996,0.12,0.28,0.08,1.51,SI,0.7384697111390983,12238.028661307235,32500.693031879466,1.1150892638200385
3237,SI036,2020,10,1.0055827300510876,66.8,0.031167913,0.1250666631248076,0.2,7.43658,1334240000,76080,17537.32912723449,3,4,1,2,1,1,Autumn,0.35,0.23,0.44999999999999996,0.24,0.28,0.08,1.63,SI,0.7384697111390983,12238.028661307235,32500.693031879466,1.203705629
3238,SI036,2020,11,2.023464585635236,34.32,0.032478926,0.132197762,6.19,11.79188,1334240000,76080,17537.32912723449,3,4,1,1,2,2,Autumn,0.7,0.23,0.44999999999999996,0.12,0.28,0.16,1.94,SI,0.7384697111390983,12238.028661307235,32500.693031879466,1.4326312396098506
3239,SI036,2020,12,2.673066227692509,49.53,0.033404775,0.1491655057146258,2.14,10.11783,1334240000,76080,17537.32912723449,3,4,1,1,2,1,Winter,0.8,0.25,0.30000000000000004,0.12,0.24,0.07,1.7800000000000002,SI,0.7384697111390983,12238.028661307235,32500.693031879466,1.3144760858275952
3240,SI037,2020,1,1.8640577762484272,21.92,0.031731043,0.1376616224350466,2.3,7.73194,3251470000,146040,22264.24267324021,3,4,1,1,1,1,Winter,0.4,0.25,0.30000000000000004,0.12,0.24,0.07,1.3800000000000001,SI,0.505187776,12238.028661307235,32500.693031879466,0.6971591315226054
3241,SI037,2020,2,1.8218861948978744,20.03,0.029612912,0.1350929501190189,1.35,5.02442,3251470000,146040,22264.24267324021,3,3,1,1,1,1,Winter,0.4,0.25,0.30000000000000004,0.12,0.18,0.07,1.32,SI,0.505187776,12238.028661307235,32500.693031879466,0.666847865
3242,SI037,2020,3,1.417364185,11.88,0.034033156,0.1875408048620823,0.15,7.27102,3251470000,146040,22264.24267324021,4,4,1,1,1,1,Spring,0.36,0.22,0.6,0.12,0.28,0.08,1.66,SI,0.505187776,12238.028661307235,32500.693031879466,0.838611709
3243,SI037,2020,4,1.2509035692038608,23.61,0.03513495,0.1544858515530208,0.03,8.27578,3251470000,146040,22264.24267324021,4,4,1,1,1,1,Spring,0.36,0.22,0.6,0.12,0.28,0.08,1.66,SI,0.505187776,12238.028661307235,32500.693031879466,0.838611709
3244,SI037,2020,5,0.8425419037271255,10.62,0.029410425,0.1566724470161516,2.29,7.16129,3251470000,146040,22264.24267324021,4,3,1,1,1,1,Spring,0.36,0.22,0.6,0.12,0.21000000000000002,0.08,1.5899999999999999,SI,0.505187776,12238.028661307235,32500.693031879466,0.8032485645803931
3245,SI037,2020,6,0.9335292029401968,9.83,0.026750166,0.1393529441318917,3.95,6.82064,3251470000,146040,22264.24267324021,3,3,1,1,1,1,Summer,0.25,0.15,0.8999999999999999,0.05,0.30000000000000004,0.15,1.7999999999999998,SI,0.505187776,12238.028661307235,32500.693031879466,0.9093379976381808
3246,SI037,2020,7,1.0451275087527954,0.92,0.031375759,0.1315920536958939,3.43,8.085,3251470000,146040,22264.24267324021,3,4,1,1,1,1,Summer,0.25,0.15,0.8999999999999999,0.05,0.4,0.15,1.9,SI,0.505187776,12238.028661307235,32500.693031879466,0.9598567752847464
3247,SI037,2020,8,1.104090725087683,17.8,0.031710544,0.1385457666383559,3.85,8.4897,3251470000,146040,22264.24267324021,3,4,1,1,1,1,Summer,0.25,0.15,0.8999999999999999,0.05,0.4,0.15,1.9,SI,0.505187776,12238.028661307235,32500.693031879466,0.9598567752847464
3248,SI037,2020,9,1.4166182668313143,16.07,0.03174566,0.1264400818639919,2.84,8.23284,3251470000,146040,22264.24267324021,3,4,1,1,1,1,Autumn,0.35,0.23,0.44999999999999996,0.12,0.28,0.08,1.51,SI,0.505187776,12238.028661307235,32500.693031879466,0.7628335424631406
3249,SI037,2020,10,0.8902922464671731,51.7,0.028910421,0.1251099962934593,3.25,5.56866,3251470000,146040,22264.24267324021,3,3,1,2,1,1,Autumn,0.35,0.23,0.44999999999999996,0.24,0.21000000000000002,0.08,1.5599999999999998,SI,0.505187776,12238.028661307235,32500.693031879466,0.7880929312864233
3250,SI037,2020,11,2.052178735,45.72,0.031635109,0.1328167978241626,2.36,7.69552,3251470000,146040,22264.24267324021,3,4,1,1,1,1,Autumn,0.35,0.23,0.44999999999999996,0.12,0.28,0.08,1.51,SI,0.505187776,12238.028661307235,32500.693031879466,0.7628335424631406
3251,SI037,2020,12,2.6854319854929534,130.04,0.032143981,0.1500156800986555,1.39,6.13215,3251470000,146040,22264.24267324021,4,4,1,3,1,1,Winter,0.4,0.25,0.4,0.36,0.24,0.07,1.7200000000000002,SI,0.505187776,12238.028661307235,32500.693031879466,0.8689229755209285
3252,SI038,2020,1,2.181454998142044,71.36,0.031935982,0.1365847480033642,2.29,8.20009,815000000,53160,15331.075996990217,3,4,1,2,1,1,Winter,0.4,0.25,0.30000000000000004,0.24,0.24,0.07,1.5,SI,0.8473523876664976,12238.028661307235,32500.693031879466,1.2710285814997464
3253,SI038,2020,2,1.6275530205763151,10.34,0.031316312,0.1340452647348126,0.53,5.45202,815000000,53160,15331.075996990217,3,4,1,1,1,1,Winter,0.4,0.25,0.30000000000000004,0.12,0.24,0.07,1.3800000000000001,SI,0.8473523876664976,12238.028661307235,32500.693031879466,1.1693462949797668
3254,SI038,2020,3,0.9629025260343448,4.82,0.032576569,0.1886737296763431,0.24,7.09192,815000000,53160,15331.075996990217,4,4,1,1,1,1,Spring,0.36,0.22,0.6,0.12,0.28,0.08,1.66,SI,0.8473523876664976,12238.028661307235,32500.693031879466,1.406604963526386
3255,SI038,2020,4,1.7319741060377851,77.12,0.03392965,0.155216987,1.32,8.30939,815000000,53160,15331.075996990217,4,4,1,2,1,1,Spring,0.36,0.22,0.6,0.24,0.28,0.08,1.78,SI,0.8473523876664976,12238.028661307235,32500.693031879466,1.5082872500463658
3256,SI038,2020,5,0.2349392354569772,5.37,0.029658381,0.1566425368669323,0.88,6.77653,815000000,53160,15331.075996990217,4,3,1,1,1,1,Spring,0.36,0.22,0.6,0.12,0.21000000000000002,0.08,1.5899999999999999,SI,0.8473523876664976,12238.028661307235,32500.693031879466,1.347290296389731
3257,SI038,2020,6,0.9608550384344664,7.92,0.02464071,0.1373942837094262,1.86,6.91592,815000000,53160,15331.075996990217,3,3,1,1,1,1,Summer,0.25,0.15,0.8999999999999999,0.05,0.30000000000000004,0.15,1.7999999999999998,SI,0.8473523876664976,12238.028661307235,32500.693031879466,1.5252342977996955
3258,SI038,2020,7,1.1495494342820631,4.92,0.028817097,0.1319399962794131,10.64,8.48239,815000000,53160,15331.075996990217,3,3,1,1,1,3,Summer,0.25,0.15,0.8999999999999999,0.05,0.30000000000000004,0.44999999999999996,2.0999999999999996,SI,0.8473523876664976,12238.028661307235,32500.693031879466,1.7794400140996445
3259,SI038,2020,8,1.1104443156517958,0.24,0.028440454,0.139300011,4.3,8.57142,815000000,53160,15331.075996990217,3,3,1,1,1,1,Summer,0.25,0.15,0.8999999999999999,0.05,0.30000000000000004,0.15,1.7999999999999998,SI,0.8473523876664976,12238.028661307235,32500.693031879466,1.5252342977996955
3260,SI038,2020,9,1.465683149610516,25.28,0.030196129,0.125919213,3.27,7.82464,815000000,53160,15331.075996990217,3,4,1,1,1,1,Autumn,0.35,0.23,0.44999999999999996,0.12,0.28,0.08,1.51,SI,0.8473523876664976,12238.028661307235,32500.693031879466,1.2795021053764113
3261,SI038,2020,10,0.6006799485896748,41.34,0.026664905,0.1256235447329533,4,6.62238,815000000,53160,15331.075996990217,3,3,1,1,1,1,Autumn,0.35,0.23,0.44999999999999996,0.12,0.21000000000000002,0.08,1.44,SI,0.8473523876664976,12238.028661307235,32500.693031879466,1.2201874382397564
3262,SI038,2020,11,1.1538213671957105,109.45,0.03076397,0.1324606451010646,1.61,7.83405,815000000,53160,15331.075996990217,3,4,1,3,1,1,Autumn,0.35,0.23,0.44999999999999996,0.36,0.28,0.08,1.7499999999999998,SI,0.8473523876664976,12238.028661307235,32500.693031879466,1.4828666784163707
3263,SI038,2020,12,1.1288979447148706,12.98,0.031537273,0.1493521583475775,1.46,6.92451,815000000,53160,15331.075996990217,3,4,1,1,1,1,Winter,0.4,0.25,0.30000000000000004,0.12,0.24,0.07,1.3800000000000001,SI,0.8473523876664976,12238.028661307235,32500.693031879466,1.1693462949797668
3264,SI041,2020,1,2.5699064674263994,18.33,0.030656988,0.1367785461874262,4.66,9.5305,18055110000,555530,32500.693031879466,3,4,1,1,1,1,Winter,0.4,0.25,0.30000000000000004,0.12,0.24,0.07,1.3800000000000001,SI,0,12238.028661307235,32500.693031879466,0
3265,SI041,2020,2,2.011896416,9.96,0.031297553,0.1350832618412832,1.18,5.24066,18055110000,555530,32500.693031879466,3,4,1,1,1,1,Winter,0.4,0.25,0.30000000000000004,0.12,0.24,0.07,1.3800000000000001,SI,0,12238.028661307235,32500.693031879466,0
3266,SI041,2020,3,1.2737795479648923,3.15,0.033717093,0.1891485620877092,0.43,7.19629,18055110000,555530,32500.693031879466,4,4,1,1,1,1,Spring,0.36,0.22,0.6,0.12,0.28,0.08,1.66,SI,0,12238.028661307235,32500.693031879466,0
3267,SI041,2020,4,1.3477208849383415,40.17,0.035767977,0.1555018414274978,0.34,8.55372,18055110000,555530,32500.693031879466,4,4,1,1,1,1,Spring,0.36,0.22,0.6,0.12,0.28,0.08,1.66,SI,0,12238.028661307235,32500.693031879466,0
3268,SI041,2020,5,1.2338554449175865,10.8,0.029783489,0.1553111111731358,0.96,6.92429,18055110000,555530,32500.693031879466,4,3,1,1,1,1,Spring,0.36,0.22,0.6,0.12,0.21000000000000002,0.08,1.5899999999999999,SI,0,12238.028661307235,32500.693031879466,0
3269,SI041,2020,6,0.9881910938411808,8.17,0.02568187,0.1393055107032747,2.36,6.73802,18055110000,555530,32500.693031879466,3,3,1,1,1,1,Summer,0.25,0.15,0.8999999999999999,0.05,0.30000000000000004,0.15,1.7999999999999998,SI,0,12238.028661307235,32500.693031879466,0
3270,SI041,2020,7,0.7327531802378737,2.52,0.027407833,0.1317612211488422,3.21,8.31306,18055110000,555530,32500.693031879466,3,3,1,1,1,1,Summer,0.25,0.15,0.8999999999999999,0.05,0.30000000000000004,0.15,1.7999999999999998,SI,0,12238.028661307235,32500.693031879466,0
3271,SI041,2020,8,1.303210318,1.6,0.031167501,0.1386193169819369,4.25,8.85409,18055110000,555530,32500.693031879466,3,4,1,1,1,1,Summer,0.25,0.15,0.8999999999999999,0.05,0.4,0.15,1.9,SI,0,12238.028661307235,32500.693031879466,0
3272,SI041,2020,9,2.0215455208003115,16.4,0.03118267,0.1256664252230173,1.43,8.33268,18055110000,555530,32500.693031879466,3,4,1,1,1,1,Autumn,0.35,0.23,0.44999999999999996,0.12,0.28,0.08,1.51,SI,0,12238.028661307235,32500.693031879466,0
3273,SI041,2020,10,0.8984421980483672,52.83,0.03065593,0.125858751,3.04,6.93782,18055110000,555530,32500.693031879466,3,4,1,2,1,1,Autumn,0.35,0.23,0.44999999999999996,0.24,0.28,0.08,1.63,SI,0,12238.028661307235,32500.693031879466,0
3274,SI041,2020,11,1.7394475442094963,120.87,0.032071869,0.1319536429372119,0.43,10.09574,18055110000,555530,32500.693031879466,3,4,1,3,2,1,Autumn,0.7,0.23,0.44999999999999996,0.36,0.28,0.08,2.0999999999999996,SI,0,12238.028661307235,32500.693031879466,0
3275,SI041,2020,12,1.921068611,107.91,0.031120535,0.1479176117288976,3.41,10.51266,18055110000,555530,32500.693031879466,3,4,1,3,2,1,Winter,0.8,0.25,0.30000000000000004,0.36,0.24,0.07,2.02,SI,0,12238.028661307235,32500.693031879466,0
3276,SI042,2020,1,2.788201409022045,16.06,0.027836738,0.1357727096031944,4.73,10.25566,3906350000,208110,18770.60208543559,3,3,1,1,2,1,Winter,0.8,0.25,0.30000000000000004,0.12,0.18,0.07,1.7200000000000002,SI,0.6776054074302436,12238.028661307235,32500.693031879466,1.165481300780019
3277,SI042,2020,2,1.2705245758282109,17.89,0.029663611,0.1358363991254518,1.29,5.57216,3906350000,208110,18770.60208543559,3,3,1,1,1,1,Winter,0.4,0.25,0.30000000000000004,0.12,0.18,0.07,1.32,SI,0.6776054074302436,12238.028661307235,32500.693031879466,0.8944391378079215
3278,SI042,2020,3,0.887197238,13.3,0.029925751,0.1890937337585116,0.53,7.11967,3906350000,208110,18770.60208543559,4,3,1,1,1,1,Spring,0.36,0.22,0.6,0.12,0.21000000000000002,0.08,1.5899999999999999,SI,0.6776054074302436,12238.028661307235,32500.693031879466,1.0773925978140872
3279,SI042,2020,4,0.8426964472628242,23.46,0.03296737,0.1557327726033582,2.46,8.79338,3906350000,208110,18770.60208543559,4,4,1,1,1,1,Spring,0.36,0.22,0.6,0.12,0.28,0.08,1.66,SI,0.6776054074302436,12238.028661307235,32500.693031879466,1.1248249763342042
3280,SI042,2020,5,0.8562447588764502,3.61,0.027404853,0.1530165679534723,1.96,6.66103,3906350000,208110,18770.60208543559,4,3,1,1,1,1,Spring,0.36,0.22,0.6,0.12,0.21000000000000002,0.08,1.5899999999999999,SI,0.6776054074302436,12238.028661307235,32500.693031879466,1.0773925978140872
3281,SI042,2020,6,0.8207514273516897,1.15,0.023762739,0.1383667864356756,1.78,6.27657,3906350000,208110,18770.60208543559,3,3,1,1,1,1,Summer,0.25,0.15,0.8999999999999999,0.05,0.30000000000000004,0.15,1.7999999999999998,SI,0.6776054074302436,12238.028661307235,32500.693031879466,1.2196897333744383
3282,SI042,2020,7,0.8525608538224645,0.06,0.026003005,0.1318991382125581,1.06,7.81736,3906350000,208110,18770.60208543559,3,3,1,1,1,1,Summer,0.25,0.15,0.8999999999999999,0.05,0.30000000000000004,0.15,1.7999999999999998,SI,0.6776054074302436,12238.028661307235,32500.693031879466,1.2196897333744383
3283,SI042,2020,8,1.0874993344219497,2.58,0.027869501,0.1389687174424084,2.92,8.31148,3906350000,208110,18770.60208543559,3,3,1,1,1,1,Summer,0.25,0.15,0.8999999999999999,0.05,0.30000000000000004,0.15,1.7999999999999998,SI,0.6776054074302436,12238.028661307235,32500.693031879466,1.2196897333744383
3284,SI042,2020,9,1.4965200950765465,19.65,0.029856266,0.124708384,3.65,8.02571,3906350000,208110,18770.60208543559,3,3,1,1,1,1,Autumn,0.35,0.23,0.44999999999999996,0.12,0.21000000000000002,0.08,1.44,SI,0.6776054074302436,12238.028661307235,32500.693031879466,0.9757517866995506
3285,SI042,2020,10,0.7536752027583895,90.65,0.02634372,0.1255014975228589,2.61,6.88847,3906350000,208110,18770.60208543559,3,3,1,2,1,1,Autumn,0.35,0.23,0.44999999999999996,0.24,0.21000000000000002,0.08,1.5599999999999998,SI,0.6776054074302436,12238.028661307235,32500.693031879466,1.0570644355911798
3286,SI042,2020,11,1.0445767683309848,312.41,0.029624601,0.1305983837978615,1.57,10.44513,3906350000,208110,18770.60208543559,3,3,1,6,2,1,Autumn,0.7,0.23,0.44999999999999996,0.72,0.21000000000000002,0.08,2.3899999999999997,SI,0.6776054074302436,12238.028661307235,32500.693031879466,1.6194769237582818
3287,SI042,2020,12,1.2212948666965158,174.54,0.029692814,0.1482794395519077,1.95,12.16731,3906350000,208110,18770.60208543559,3,3,1,4,2,1,Winter,0.8,0.25,0.30000000000000004,0.48,0.18,0.07,2.08,SI,0.6776054074302436,12238.028661307235,32500.693031879466,1.4094192474549065
3288,SI043,2020,1,3.407890217709753,204.12,0.035492331,0.1353391169152899,4.23,11.09822,2307800000,118570,19463.607995277052,3,4,1,5,2,1,Winter,0.8,0.25,0.30000000000000004,0.6,0.24,0.07,2.2600000000000002,SI,0.6434042827820987,12238.028661307235,32500.693031879466,1.4540936790875432
3289,SI043,2020,2,1.3951994358790958,8.57,0.030567194,0.1360974146840841,0.36,6.83194,2307800000,118570,19463.607995277052,3,4,1,1,1,1,Winter,0.4,0.25,0.30000000000000004,0.12,0.24,0.07,1.3800000000000001,SI,0.6434042827820987,12238.028661307235,32500.693031879466,0.8878979102392963
3290,SI043,2020,3,0.9907375751256492,6.8,0.030918285,0.188804776,0.09,7.84826,2307800000,118570,19463.607995277052,4,4,1,1,1,1,Spring,0.36,0.22,0.6,0.12,0.28,0.08,1.66,SI,0.6434042827820987,12238.028661307235,32500.693031879466,1.0680511094182839
3291,SI043,2020,4,1.2702999703677895,55.11,0.032093199,0.1559847257256266,0.71,9.68226,2307800000,118570,19463.607995277052,4,4,1,2,1,1,Spring,0.36,0.22,0.6,0.24,0.28,0.08,1.78,SI,0.6434042827820987,12238.028661307235,32500.693031879466,1.1452596233521357
3292,SI043,2020,5,0.9447938169561808,6.9,0.030073955,0.1544712182802447,1.47,7.32447,2307800000,118570,19463.607995277052,4,4,1,1,1,1,Spring,0.36,0.22,0.6,0.12,0.28,0.08,1.66,SI,0.6434042827820987,12238.028661307235,32500.693031879466,1.0680511094182839
3293,SI043,2020,6,0.9008270983021645,5.22,0.026338003,0.1382368057638525,2.99,7.21173,2307800000,118570,19463.607995277052,3,3,1,1,1,1,Summer,0.25,0.15,0.8999999999999999,0.05,0.30000000000000004,0.15,1.7999999999999998,SI,0.6434042827820987,12238.028661307235,32500.693031879466,1.1581277090077775
3294,SI043,2020,7,1.3191043388483237,2.3,0.028301042,0.1313209021225487,4.36,9.05692,2307800000,118570,19463.607995277052,3,3,1,1,1,1,Summer,0.25,0.15,0.8999999999999999,0.05,0.30000000000000004,0.15,1.7999999999999998,SI,0.6434042827820987,12238.028661307235,32500.693031879466,1.1581277090077775
3295,SI043,2020,8,1.0227414817489922,4.94,0.028898362,0.1407149297979704,3.87,8.83054,2307800000,118570,19463.607995277052,3,3,1,1,1,1,Summer,0.25,0.15,0.8999999999999999,0.05,0.30000000000000004,0.15,1.7999999999999998,SI,0.6434042827820987,12238.028661307235,32500.693031879466,1.1581277090077775
3296,SI043,2020,9,1.439440161301337,23.18,0.030430236,0.1253216949081284,3.13,8.39223,2307800000,118570,19463.607995277052,3,4,1,1,1,1,Autumn,0.35,0.23,0.44999999999999996,0.12,0.28,0.08,1.51,SI,0.6434042827820987,12238.028661307235,32500.693031879466,0.9715404670009691
3297,SI043,2020,10,0.9256272733118514,38.25,0.028797643,0.1255290898504581,2.18,8.02092,2307800000,118570,19463.607995277052,3,3,1,1,1,1,Autumn,0.35,0.23,0.44999999999999996,0.12,0.21000000000000002,0.08,1.44,SI,0.6434042827820987,12238.028661307235,32500.693031879466,0.9265021672062221
3298,SI043,2020,11,1.4105555059344683,126.32,0.030481806,0.1319686261379741,2.13,10.4299,2307800000,118570,19463.607995277052,3,4,1,3,2,1,Autumn,0.7,0.23,0.44999999999999996,0.36,0.28,0.08,2.0999999999999996,SI,0.6434042827820987,12238.028661307235,32500.693031879466,1.351148993842407
3299,SI043,2020,12,2.527043791498817,139.43,0.031031172,0.1494701972597713,0.74,11.79014,2307800000,118570,19463.607995277052,3,4,1,3,2,1,Winter,0.8,0.25,0.30000000000000004,0.36,0.24,0.07,2.02,SI,0.6434042827820987,12238.028661307235,32500.693031879466,1.2996766512198394
3300,SI044,2020,1,5.193235218274647,170.49,0.032731721,0.1361534022943743,1.48,9.95264,2417460000,117020,20658.519911126303,3,4,1,4,1,1,Winter,0.4,0.25,0.30000000000000004,0.48,0.24,0.07,1.7400000000000002,SI,0.5844331675330776,12238.028661307235,32500.693031879466,1.0169137115075553
3301,SI044,2020,2,1.883977503381176,3.45,0.032671767,0.1352569326910363,1.69,6.94991,2417460000,117020,20658.519911126303,3,4,1,1,1,1,Winter,0.4,0.25,0.30000000000000004,0.12,0.24,0.07,1.3800000000000001,SI,0.5844331675330776,12238.028661307235,32500.693031879466,0.8065177711956472
3302,SI044,2020,3,1.120114848974832,5.76,0.033673918,0.1894718055734003,0.76,7.80122,2417460000,117020,20658.519911126303,4,4,1,1,1,1,Spring,0.36,0.22,0.6,0.12,0.28,0.08,1.66,SI,0.5844331675330776,12238.028661307235,32500.693031879466,0.9701590581049088
3303,SI044,2020,4,1.5007599419776876,113.58,0.032924422,0.1557509707713137,0.78,9.19788,2417460000,117020,20658.519911126303,4,4,1,3,1,1,Spring,0.36,0.22,0.6,0.36,0.28,0.08,1.9000000000000001,SI,0.5844331675330776,12238.028661307235,32500.693031879466,1.1104230183128476
3304,SI044,2020,5,1.120230142732467,14.32,0.030792134,0.1571474861923573,2.42,7.40717,2417460000,117020,20658.519911126303,4,4,1,1,1,1,Spring,0.36,0.22,0.6,0.12,0.28,0.08,1.66,SI,0.5844331675330776,12238.028661307235,32500.693031879466,0.9701590581049088
3305,SI044,2020,6,1.1269863528896653,5.76,0.026664538,0.1371336969230097,3.91,7.79933,2417460000,117020,20658.519911126303,3,3,1,1,1,1,Summer,0.25,0.15,0.8999999999999999,0.05,0.30000000000000004,0.15,1.7999999999999998,SI,0.5844331675330776,12238.028661307235,32500.693031879466,1.0519797015595396
3306,SI044,2020,7,1.5490625646957428,12.22,0.031311552,0.1329069356574261,7.12,9.7137,2417460000,117020,20658.519911126303,3,4,1,1,1,2,Summer,0.25,0.15,0.8999999999999999,0.05,0.4,0.3,2.05,SI,0.5844331675330776,12238.028661307235,32500.693031879466,1.198087993442809
3307,SI044,2020,8,1.1625464056892765,3.14,0.030608048,0.1406223890647658,4.56,9.39979,2417460000,117020,20658.519911126303,3,4,1,1,1,1,Summer,0.25,0.15,0.8999999999999999,0.05,0.4,0.15,1.9,SI,0.5844331675330776,12238.028661307235,32500.693031879466,1.1104230183128474
3308,SI044,2020,9,1.8788293012803856,21.14,0.032117648,0.1270087960013545,3.38,8.36939,2417460000,117020,20658.519911126303,3,4,1,1,1,1,Autumn,0.35,0.23,0.44999999999999996,0.12,0.28,0.08,1.51,SI,0.5844331675330776,12238.028661307235,32500.693031879466,0.8824940829749472
3309,SI044,2020,10,1.3436009670375948,61.73,0.03160439,0.1258701722389014,1.91,8.24626,2417460000,117020,20658.519911126303,3,4,1,2,1,1,Autumn,0.35,0.23,0.44999999999999996,0.24,0.28,0.08,1.63,SI,0.5844331675330776,12238.028661307235,32500.693031879466,0.9526260630789164
3310,SI044,2020,11,1.4041552924932663,171.58,0.031452429,0.1329265047560565,2.73,9.22753,2417460000,117020,20658.519911126303,3,4,1,4,1,1,Autumn,0.35,0.23,0.44999999999999996,0.48,0.28,0.08,1.8699999999999999,SI,0.5844331675330776,12238.028661307235,32500.693031879466,1.092890023286855
3311,SI044,2020,12,2.7346713150085424,72.36,0.032863202,0.1499312109174204,2.26,8.65518,2417460000,117020,20658.519911126303,3,4,1,2,1,1,Winter,0.4,0.25,0.30000000000000004,0.24,0.24,0.07,1.5,SI,0.5844331675330776,12238.028661307235,32500.693031879466,0.8766497512996164
3312,SI031,2021,1,2.903929530548702,46.18,0.030617265,0.1631881502435609,0.43,10.87601,1934220000,114580,16880.956536917438,4,4,1,1,2,1,Winter,0.8,0.25,0.4,0.12,0.24,0.07,1.8800000000000003,SI,0.8479264651250099,13325.430277485071,36705.739430916256,1.594101754435019
3313,SI031,2021,2,1.5296909894325184,5.97,0.035243789,0.1574083959442424,2.05,14.20493,1934220000,114580,16880.956536917438,4,4,1,1,2,1,Winter,0.8,0.25,0.4,0.12,0.24,0.07,1.8800000000000003,SI,0.8479264651250099,13325.430277485071,36705.739430916256,1.594101754435019
3314,SI031,2021,3,1.3522740475176027,19.88,0.03807895,0.1519319888311795,3.34,9.75217,1934220000,114580,16880.956536917438,4,4,1,1,1,1,Spring,0.36,0.22,0.6,0.12,0.28,0.08,1.66,SI,0.8479264651250099,13325.430277485071,36705.739430916256,1.4075579321075165
3315,SI031,2021,4,1.2076426935456872,2.32,0.032970899,0.1611171947865014,0.56,7.27482,1934220000,114580,16880.956536917438,4,4,1,1,1,1,Spring,0.36,0.22,0.6,0.12,0.28,0.08,1.66,SI,0.8479264651250099,13325.430277485071,36705.739430916256,1.4075579321075165
3316,SI031,2021,5,0.9503062733171816,5.75,0.029112568,0.1665883942205246,0.06,6.65604,1934220000,114580,16880.956536917438,4,3,1,1,1,1,Spring,0.36,0.22,0.6,0.12,0.21000000000000002,0.08,1.5899999999999999,SI,0.8479264651250099,13325.430277485071,36705.739430916256,1.3482030795487656
3317,SI031,2021,6,1.1582509763035238,0.6,0.027278927,0.1451937022779995,4.27,10.93655,1934220000,114580,16880.956536917438,3,3,1,1,2,1,Summer,0.5,0.15,0.8999999999999999,0.05,0.30000000000000004,0.15,2.05,SI,0.8479264651250099,13325.430277485071,36705.739430916256,1.7382492535062701
3318,SI031,2021,7,1.3109920516853353,1.39,0.030193696,0.1360648504607105,4.69,11.05147,1934220000,114580,16880.956536917438,3,4,1,1,2,1,Summer,0.5,0.15,0.8999999999999999,0.05,0.4,0.15,2.15,SI,0.8479264651250099,13325.430277485071,36705.739430916256,1.8230419000187712
3319,SI031,2021,8,1.2209632593080073,6.21,0.039882204,0.1532541195680618,1.91,10.29953,1934220000,114580,16880.956536917438,4,4,1,1,2,1,Summer,0.5,0.15,1.2,0.05,0.4,0.15,2.45,SI,0.8479264651250099,13325.430277485071,36705.739430916256,2.0774198395562746
3320,SI031,2021,9,0.5990219296882118,57.48,0.036471414,0.1357536799979531,1.35,10.56697,1934220000,114580,16880.956536917438,3,4,1,2,2,1,Autumn,0.7,0.23,0.44999999999999996,0.24,0.28,0.08,1.98,SI,0.8479264651250099,13325.430277485071,36705.739430916256,1.6788944009475195
3321,SI031,2021,10,2.186139025324505,22.33,0.034839242,0.1288280644659699,4.07,10.91644,1934220000,114580,16880.956536917438,3,4,1,1,2,1,Autumn,0.7,0.23,0.44999999999999996,0.12,0.28,0.08,1.86,SI,0.8479264651250099,13325.430277485071,36705.739430916256,1.5771432251325186
3322,SI031,2021,11,2.651953982344418,47.85,0.029996068,0.1497414551147736,1.08,11.56898,1934220000,114580,16880.956536917438,3,3,1,1,2,1,Autumn,0.7,0.23,0.44999999999999996,0.12,0.21000000000000002,0.08,1.79,SI,0.8479264651250099,13325.430277485071,36705.739430916256,1.5177883725737678
3323,SI031,2021,12,2.120376223322211,122.1,0.029514596,0.1242744482650787,0.36,14.45609,1934220000,114580,16880.956536917438,3,3,1,3,2,1,Winter,0.8,0.25,0.30000000000000004,0.36,0.18,0.07,1.96,SI,0.8479264651250099,13325.430277485071,36705.739430916256,1.6619358716450194
3324,SI032,2021,1,2.1238892823366524,28.95,0.028182651,0.1625379950693159,2.12,12.53588,6612370000,327690,20178.736000488265,4,3,1,1,2,1,Winter,0.8,0.25,0.4,0.12,0.18,0.07,1.8200000000000003,SI,0.7068770272442084,13325.430277485071,36705.739430916256,1.2865161895844595
3325,SI032,2021,2,1.799993697697904,51.33,0.034111542,0.1531758945096623,6.47,14.87412,6612370000,327690,20178.736000488265,4,4,1,2,2,2,Winter,0.8,0.25,0.4,0.24,0.24,0.14,2.0700000000000003,SI,0.7068770272442084,13325.430277485071,36705.739430916256,1.4632354463955117
3326,SI032,2021,3,1.612787498812544,16.11,0.036706463,0.1514813264888991,3.88,10.33527,6612370000,327690,20178.736000488265,4,4,1,1,2,1,Spring,0.72,0.22,0.6,0.12,0.28,0.08,2.02,SI,0.7068770272442084,13325.430277485071,36705.739430916256,1.427891595033301
3327,SI032,2021,4,1.264090405895158,0.27,0.032660003,0.1601790569389281,0.28,7.80277,6612370000,327690,20178.736000488265,4,4,1,1,1,1,Spring,0.36,0.22,0.6,0.12,0.28,0.08,1.66,SI,0.7068770272442084,13325.430277485071,36705.739430916256,1.1734158652253859
3328,SI032,2021,5,1.0159135139935558,4.98,0.029099626,0.1650719614126781,0.4,6.94151,6612370000,327690,20178.736000488265,4,3,1,1,1,1,Spring,0.36,0.22,0.6,0.12,0.21000000000000002,0.08,1.5899999999999999,SI,0.7068770272442084,13325.430277485071,36705.739430916256,1.1239344733182912
3329,SI032,2021,6,1.021411658950494,1.18,0.026390769,0.1443154971503952,3.65,11.60166,6612370000,327690,20178.736000488265,3,3,1,1,2,1,Summer,0.5,0.15,0.8999999999999999,0.05,0.30000000000000004,0.15,2.05,SI,0.7068770272442084,13325.430277485071,36705.739430916256,1.449097905850627
3330,SI032,2021,7,1.589844103953396,5.9,0.031915622,0.1374590944594755,4.45,11.25802,6612370000,327690,20178.736000488265,3,4,1,1,2,1,Summer,0.5,0.15,0.8999999999999999,0.05,0.4,0.15,2.15,SI,0.7068770272442084,13325.430277485071,36705.739430916256,1.519785608575048
3331,SI032,2021,8,1.3766860332742177,0.93,0.03946302,0.1524979190411789,1.22,10.82749,6612370000,327690,20178.736000488265,4,4,1,1,2,1,Summer,0.5,0.15,1.2,0.05,0.4,0.15,2.45,SI,0.7068770272442084,13325.430277485071,36705.739430916256,1.7318487167483108
3332,SI032,2021,9,0.9573883301799349,44.72,0.036756543,0.1352337835381807,0.14,11.17507,6612370000,327690,20178.736000488265,3,4,1,1,2,1,Autumn,0.7,0.23,0.44999999999999996,0.12,0.28,0.08,1.86,SI,0.7068770272442084,13325.430277485071,36705.739430916256,1.3147912706742277
3333,SI032,2021,10,2.0671084530015063,32.33,0.032761566,0.1285547544078409,4.18,11.10204,6612370000,327690,20178.736000488265,3,4,1,1,2,1,Autumn,0.7,0.23,0.44999999999999996,0.12,0.28,0.08,1.86,SI,0.7068770272442084,13325.430277485071,36705.739430916256,1.3147912706742277
3334,SI032,2021,11,3.005125095133484,50.25,0.028708858,0.148806084,3.05,12.28288,6612370000,327690,20178.736000488265,3,3,1,2,2,1,Autumn,0.7,0.23,0.44999999999999996,0.24,0.21000000000000002,0.08,1.91,SI,0.7068770272442084,13325.430277485071,36705.739430916256,1.350135122036438
3335,SI032,2021,12,2.2675796777825674,132.79,0.027699786,0.1236263511843703,0.11,16.91164,6612370000,327690,20178.736000488265,3,3,1,3,3,1,Winter,1.2000000000000002,0.25,0.30000000000000004,0.36,0.18,0.07,2.3600000000000003,SI,0.7068770272442084,13325.430277485071,36705.739430916256,1.668229784296332
3336,SI033,2021,1,1.4060305028842432,20.87,0.030907929,0.1632904168620756,8.58,11.81002,1326490000,70660,18772.85593,4,4,1,1,2,2,Winter,0.8,0.25,0.4,0.12,0.24,0.14,1.9500000000000002,SI,0.7670079716837195,13325.430277485071,36705.739430916256,1.4956655447832532
3337,SI033,2021,2,1.494738123623692,103.14,0.032572262,0.1531569637843242,2.27,12.96172,1326490000,70660,18772.85593,4,4,1,3,2,1,Winter,0.8,0.25,0.4,0.36,0.24,0.07,2.1199999999999997,SI,0.7670079716837195,13325.430277485071,36705.739430916256,1.626056899969485
3338,SI033,2021,3,0.8956750823690887,13.47,0.033525205,0.1506819269075321,1.85,9.14399,1326490000,70660,18772.85593,4,4,1,1,1,1,Spring,0.36,0.22,0.6,0.12,0.28,0.08,1.66,SI,0.7670079716837195,13325.430277485071,36705.739430916256,1.2732332329949743
3339,SI033,2021,4,0.59716829,0,0.030337017,0.159086349,1.06,6.96079,1326490000,70660,18772.85593,4,4,1,1,1,1,Spring,0.36,0.22,0.6,0.12,0.28,0.08,1.66,SI,0.7670079716837195,13325.430277485071,36705.739430916256,1.2732332329949743
3340,SI033,2021,5,1.0565828959379862,1.07,0.030047204,0.1624231067957119,3.81,5.81878,1326490000,70660,18772.85593,4,4,1,1,1,1,Spring,0.36,0.22,0.6,0.12,0.28,0.08,1.66,SI,0.7670079716837195,13325.430277485071,36705.739430916256,1.2732332329949743
3341,SI033,2021,6,0.5270167232645553,1.26,0.023807648,0.1439228073483622,1.41,10.56199,1326490000,70660,18772.85593,3,3,1,1,2,1,Summer,0.5,0.15,0.8999999999999999,0.05,0.30000000000000004,0.15,2.05,SI,0.7670079716837195,13325.430277485071,36705.739430916256,1.5723663419516247
3342,SI033,2021,7,1.1396536231476089,9.29,0.029381745,0.1388276531902005,5.1,9.78374,1326490000,70660,18772.85593,3,3,1,1,1,2,Summer,0.25,0.15,0.8999999999999999,0.05,0.30000000000000004,0.3,1.95,SI,0.7670079716837195,13325.430277485071,36705.739430916256,1.495665544783253
3343,SI033,2021,8,1.0669202459156706,4.69,0.036347201,0.1519350612828136,0.94,9.00602,1326490000,70660,18772.85593,4,4,1,1,1,1,Summer,0.25,0.15,1.2,0.05,0.4,0.15,2.2,SI,0.7670079716837195,13325.430277485071,36705.739430916256,1.687417537704183
3344,SI033,2021,9,1.071894128240328,39.98,0.031820834,0.1337311406145711,2.86,9.50432,1326490000,70660,18772.85593,3,4,1,1,1,1,Autumn,0.35,0.23,0.44999999999999996,0.12,0.28,0.08,1.51,SI,0.7670079716837195,13325.430277485071,36705.739430916256,1.1581820372424165
3345,SI033,2021,10,2.163986226557804,25.2,0.025460146,0.1262948720995366,3.93,8.31126,1326490000,70660,18772.85593,3,3,1,1,1,1,Autumn,0.35,0.23,0.44999999999999996,0.12,0.21000000000000002,0.08,1.44,SI,0.7670079716837195,13325.430277485071,36705.739430916256,1.104491479224556
3346,SI033,2021,11,1.3467479610226294,36.73,0.026542208,0.1475453903377697,1.5,9.40341,1326490000,70660,18772.85593,3,3,1,1,1,1,Autumn,0.35,0.23,0.44999999999999996,0.12,0.21000000000000002,0.08,1.44,SI,0.7670079716837195,13325.430277485071,36705.739430916256,1.104491479224556
3347,SI033,2021,12,2.267913552,156.37,0.025392798,0.1228323808690087,1.93,15.37537,1326490000,70660,18772.85593,3,3,1,4,3,1,Winter,1.2000000000000002,0.25,0.30000000000000004,0.48,0.18,0.07,2.4800000000000004,SI,0.7670079716837195,13325.430277485071,36705.739430916256,1.9021797697756246
3348,SI034,2021,1,1.8164815108767725,24,0.028777464,0.1617571645402666,0.89,11.8578,5617570000,258770,21708.737488889747,4,3,1,1,2,1,Winter,0.8,0.25,0.4,0.12,0.18,0.07,1.8200000000000003,SI,0.6414372814153152,13325.430277485071,36705.739430916256,1.1674158521758737
3349,SI034,2021,2,1.5167769550673678,92.64,0.032477156,0.1499352755499756,1.6,12.2926,5617570000,258770,21708.737488889747,3,4,1,2,2,1,Winter,0.8,0.25,0.30000000000000004,0.24,0.24,0.07,1.9000000000000001,SI,0.6414372814153152,13325.430277485071,36705.739430916256,1.218730834689099
3350,SI034,2021,3,1.4986132655855218,19.24,0.036149883,0.1516274735205815,4.67,9.38407,5617570000,258770,21708.737488889747,4,4,1,1,1,1,Spring,0.36,0.22,0.6,0.12,0.28,0.08,1.66,SI,0.6414372814153152,13325.430277485071,36705.739430916256,1.0647858871494231
3351,SI034,2021,4,0.7092791340413652,4.72,0.031340292,0.1593756386777599,0.82,7.64112,5617570000,258770,21708.737488889747,4,4,1,1,1,1,Spring,0.36,0.22,0.6,0.12,0.28,0.08,1.66,SI,0.6414372814153152,13325.430277485071,36705.739430916256,1.0647858871494231
3352,SI034,2021,5,0.7702953930711374,8.76,0.03066242,0.1635669146175447,0.18,6.41238,5617570000,258770,21708.737488889747,4,4,1,1,1,1,Spring,0.36,0.22,0.6,0.12,0.28,0.08,1.66,SI,0.6414372814153152,13325.430277485071,36705.739430916256,1.0647858871494231
3353,SI034,2021,6,0.7769199417213289,0.23,0.024586077,0.1444406153476253,2.98,11.58387,5617570000,258770,21708.737488889747,3,3,1,1,2,1,Summer,0.5,0.15,0.8999999999999999,0.05,0.30000000000000004,0.15,2.05,SI,0.6414372814153152,13325.430277485071,36705.739430916256,1.314946426901396
3354,SI034,2021,7,1.284741792733259,7.88,0.029975934,0.139018956,5.43,10.75821,5617570000,258770,21708.737488889747,3,3,1,1,2,2,Summer,0.5,0.15,0.8999999999999999,0.05,0.30000000000000004,0.3,2.1999999999999997,SI,0.6414372814153152,13325.430277485071,36705.739430916256,1.4111620191136933
3355,SI034,2021,8,1.405092623056376,4.76,0.038508371,0.1515311962805441,2.45,10.04099,5617570000,258770,21708.737488889747,4,4,1,1,2,1,Summer,0.5,0.15,1.2,0.05,0.4,0.15,2.45,SI,0.6414372814153152,13325.430277485071,36705.739430916256,1.5715213394675223
3356,SI034,2021,9,0.9113027564515164,30.58,0.029319448,0.1341223276346315,3.31,10.13662,5617570000,258770,21708.737488889747,3,3,1,1,2,1,Autumn,0.7,0.23,0.44999999999999996,0.12,0.21000000000000002,0.08,1.79,SI,0.6414372814153152,13325.430277485071,36705.739430916256,1.1481727337334142
3357,SI034,2021,10,1.8698029754237813,13.53,0.033580244,0.1273240796026451,5.38,9.36044,5617570000,258770,21708.737488889747,3,4,1,1,1,2,Autumn,0.35,0.23,0.44999999999999996,0.12,0.28,0.16,1.5899999999999999,SI,0.6414372814153152,13325.430277485071,36705.739430916256,1.019885277450351
3358,SI034,2021,11,0.3160291000625244,346.89,0.033896172,0.1464816289856989,2.26,10.2186,5617570000,258770,21708.737488889747,3,4,1,6,2,1,Autumn,0.7,0.23,0.44999999999999996,0.72,0.28,0.08,2.46,SI,0.6414372814153152,13325.430277485071,36705.739430916256,1.5779357122816753
3359,SI034,2021,12,2.048848384623225,144.71,0.027021645,0.1234581817043673,1.2,16.10288,5617570000,258770,21708.737488889747,3,3,1,3,3,1,Winter,1.2000000000000002,0.25,0.30000000000000004,0.36,0.18,0.07,2.3600000000000003,SI,0.6414372814153152,13325.430277485071,36705.739430916256,1.5137919841401442
3360,SI035,2021,1,1.875403364440922,38.61,0.031628832,0.1612821224281352,0.69,11.99682,758750000,56940,13325.430277485071,4,4,1,1,2,1,Winter,0.8,0.25,0.4,0.12,0.24,0.07,1.8800000000000003,SI,1,13325.430277485071,36705.739430916256,1.8800000000000003
3361,SI035,2021,2,1.5102672784250846,168.69,0.034766997,0.1474350166779992,2.1,11.8259,758750000,56940,13325.430277485071,3,4,1,4,2,1,Winter,0.8,0.25,0.30000000000000004,0.48,0.24,0.07,2.14,SI,1,13325.430277485071,36705.739430916256,2.14
3362,SI035,2021,3,1.3225892053761454,35.56,0.035449071,0.1516735286521619,3.62,9.22195,758750000,56940,13325.430277485071,4,4,1,1,1,1,Spring,0.36,0.22,0.6,0.12,0.28,0.08,1.66,SI,1,13325.430277485071,36705.739430916256,1.66
3363,SI035,2021,4,0.528661497,63.41,0.032276625,0.1593732489307961,1.69,7.5662,758750000,56940,13325.430277485071,4,4,1,2,1,1,Spring,0.36,0.22,0.6,0.24,0.28,0.08,1.78,SI,1,13325.430277485071,36705.739430916256,1.78
3364,SI035,2021,5,1.078394045080017,8.06,0.028160719,0.1639596143470527,0.3,6.23118,758750000,56940,13325.430277485071,4,3,1,1,1,1,Spring,0.36,0.22,0.6,0.12,0.21000000000000002,0.08,1.5899999999999999,SI,1,13325.430277485071,36705.739430916256,1.5899999999999999
3365,SI035,2021,6,0.7929625130736039,6.37,0.021378218,0.1454317449150368,4.13,11.67448,758750000,56940,13325.430277485071,3,3,1,1,2,1,Summer,0.5,0.15,0.8999999999999999,0.05,0.30000000000000004,0.15,2.05,SI,1,13325.430277485071,36705.739430916256,2.05
3366,SI035,2021,7,0.9678179813437192,0.13,0.03023982,0.1386665081665586,5.83,10.60415,758750000,56940,13325.430277485071,3,4,1,1,2,2,Summer,0.5,0.15,0.8999999999999999,0.05,0.4,0.3,2.3,SI,1,13325.430277485071,36705.739430916256,2.3
3367,SI035,2021,8,1.3299015869871291,2.73,0.03745257,0.1516602506094788,3.56,9.72031,758750000,56940,13325.430277485071,4,4,1,1,1,1,Summer,0.25,0.15,1.2,0.05,0.4,0.15,2.2,SI,1,13325.430277485071,36705.739430916256,2.2
3368,SI035,2021,9,0.8492383313227617,1.7,0.033136604,0.1336763155441988,1.06,9.81181,758750000,56940,13325.430277485071,3,4,1,1,1,1,Autumn,0.35,0.23,0.44999999999999996,0.12,0.28,0.08,1.51,SI,1,13325.430277485071,36705.739430916256,1.51
3369,SI035,2021,10,1.5621087132207667,6.23,0.034424298,0.1274235750052884,4.83,8.74207,758750000,56940,13325.430277485071,3,4,1,1,1,1,Autumn,0.35,0.23,0.44999999999999996,0.12,0.28,0.08,1.51,SI,1,13325.430277485071,36705.739430916256,1.51
3370,SI035,2021,11,3.4789721410035206,51.25,0.027718076,0.1442059227870136,0.16,9.54735,758750000,56940,13325.430277485071,3,3,1,2,1,1,Autumn,0.35,0.23,0.44999999999999996,0.24,0.21000000000000002,0.08,1.5599999999999998,SI,1,13325.430277485071,36705.739430916256,1.5599999999999998
3371,SI035,2021,12,2.4613260734512505,190.53,0.028915677,0.1231632775984397,1.86,16.26383,758750000,56940,13325.430277485071,3,3,1,4,3,1,Winter,1.2000000000000002,0.25,0.30000000000000004,0.48,0.18,0.07,2.4800000000000004,SI,1,13325.430277485071,36705.739430916256,2.4800000000000004
3372,SI036,2021,1,1.707962513,28.51,0.031263187,0.1598415505851855,2.6,10.24488,1431520000,75760,18895.45934530095,4,4,1,1,2,1,Winter,0.8,0.25,0.4,0.12,0.24,0.07,1.8800000000000003,SI,0.7617640968191197,13325.430277485071,36705.739430916256,1.4321165020199453
3373,SI036,2021,2,1.885194475786192,93.28,0.034360947,0.1479336042132717,0.02,10.9119,1431520000,75760,18895.45934530095,3,4,1,2,2,1,Winter,0.8,0.25,0.30000000000000004,0.24,0.24,0.07,1.9000000000000001,SI,0.7617640968191197,13325.430277485071,36705.739430916256,1.4473517839563275
3374,SI036,2021,3,1.5572833879849532,19.54,0.037672332,0.1529358442751185,3.77,8.76526,1431520000,75760,18895.45934530095,4,4,1,1,1,1,Spring,0.36,0.22,0.6,0.12,0.28,0.08,1.66,SI,0.7617640968191197,13325.430277485071,36705.739430916256,1.2645284007197386
3375,SI036,2021,4,0.4089190561141187,3.8,0.031667348,0.1595056601794592,0.8,7.44442,1431520000,75760,18895.45934530095,4,4,1,1,1,1,Spring,0.36,0.22,0.6,0.12,0.28,0.08,1.66,SI,0.7617640968191197,13325.430277485071,36705.739430916256,1.2645284007197386
3376,SI036,2021,5,0.993685811,9.27,0.03106987,0.1664519728456139,0.65,6.33399,1431520000,75760,18895.45934530095,4,4,1,1,1,1,Spring,0.36,0.22,0.6,0.12,0.28,0.08,1.66,SI,0.7617640968191197,13325.430277485071,36705.739430916256,1.2645284007197386
3377,SI036,2021,6,0.5977776047084222,0.69,0.025574367,0.1442297725564326,2.79,11.32567,1431520000,75760,18895.45934530095,3,3,1,1,2,1,Summer,0.5,0.15,0.8999999999999999,0.05,0.30000000000000004,0.15,2.05,SI,0.7617640968191197,13325.430277485071,36705.739430916256,1.5616163984791953
3378,SI036,2021,7,1.1568324566023158,3.64,0.031786214,0.139700038,6.53,10.83774,1431520000,75760,18895.45934530095,3,4,1,1,2,2,Summer,0.5,0.15,0.8999999999999999,0.05,0.4,0.3,2.3,SI,0.7617640968191197,13325.430277485071,36705.739430916256,1.7520574226839751
3379,SI036,2021,8,1.2062481558747546,0.58,0.039982335,0.1506351950345028,2.26,10.07217,1431520000,75760,18895.45934530095,4,4,1,1,2,1,Summer,0.5,0.15,1.2,0.05,0.4,0.15,2.45,SI,0.7617640968191197,13325.430277485071,36705.739430916256,1.8663220372068434
3380,SI036,2021,9,0.9381322794527642,19.93,0.02936063,0.1350516457095993,3.67,9.94824,1431520000,75760,18895.45934530095,3,3,1,1,1,1,Autumn,0.35,0.23,0.44999999999999996,0.12,0.21000000000000002,0.08,1.44,SI,0.7617640968191197,13325.430277485071,36705.739430916256,1.0969402994195323
3381,SI036,2021,10,1.577115911957796,18.81,0.033779217,0.1293492209959509,3.58,9.67317,1431520000,75760,18895.45934530095,3,4,1,1,1,1,Autumn,0.35,0.23,0.44999999999999996,0.12,0.28,0.08,1.51,SI,0.7617640968191197,13325.430277485071,36705.739430916256,1.1502637861968708
3382,SI036,2021,11,4.081895399808737,173.43,0.033412602,0.1460865435481665,0.36,10.15402,1431520000,75760,18895.45934530095,3,4,1,4,2,1,Autumn,0.7,0.23,0.44999999999999996,0.48,0.28,0.08,2.2199999999999998,SI,0.7617640968191197,13325.430277485071,36705.739430916256,1.6911162949384455
3383,SI036,2021,12,2.111370495084849,121.8,0.028203062,0.1238397693342085,1.65,13.52593,1431520000,75760,18895.45934530095,3,3,1,3,2,1,Winter,0.8,0.25,0.30000000000000004,0.36,0.18,0.07,1.96,SI,0.7617640968191197,13325.430277485071,36705.739430916256,1.4930576297654745
3384,SI037,2021,1,1.8640577762484272,21.92,0.033443043,0.1594477187744592,2.3,6.96413,3472510000,145930,23795.723977249367,4,4,1,1,1,1,Winter,0.4,0.25,0.4,0.12,0.24,0.07,1.48,SI,0.5521747111616904,13325.430277485071,36705.739430916256,0.8172185725193017
3385,SI037,2021,2,1.4822028644157736,84.21,0.032949657,0.1431482737264817,1.1,7.09689,3472510000,145930,23795.723977249367,3,4,1,2,1,1,Winter,0.4,0.25,0.30000000000000004,0.24,0.24,0.07,1.5,SI,0.5521747111616904,13325.430277485071,36705.739430916256,0.8282620667425356
3386,SI037,2021,3,0.906076631,27.46,0.035117316,0.1536320009777118,4.3,6.83201,3472510000,145930,23795.723977249367,4,4,1,1,1,1,Spring,0.36,0.22,0.6,0.12,0.28,0.08,1.66,SI,0.5521747111616904,13325.430277485071,36705.739430916256,0.916610021
3387,SI037,2021,4,0.5844481488591133,8.22,0.031568899,0.1591951116156902,0.98,6.29188,3472510000,145930,23795.723977249367,4,4,1,1,1,1,Spring,0.36,0.22,0.6,0.12,0.28,0.08,1.66,SI,0.5521747111616904,13325.430277485071,36705.739430916256,0.916610021
3388,SI037,2021,5,0.6700854312709291,3.7,0.02987689,0.1656723402994177,0.41,5.22718,3472510000,145930,23795.723977249367,4,3,1,1,1,1,Spring,0.36,0.22,0.6,0.12,0.21000000000000002,0.08,1.5899999999999999,SI,0.5521747111616904,13325.430277485071,36705.739430916256,0.8779577907470876
3389,SI037,2021,6,0.6224045101090685,5.31,0.023480293,0.1440788020505418,3.62,10.59673,3472510000,145930,23795.723977249367,3,3,1,1,2,1,Summer,0.5,0.15,0.8999999999999999,0.05,0.30000000000000004,0.15,2.05,SI,0.5521747111616904,13325.430277485071,36705.739430916256,1.1319581578814653
3390,SI037,2021,7,0.9452696879422984,6.2,0.029356938,0.1386692720741024,5.75,9.6105,3472510000,145930,23795.723977249367,3,3,1,1,1,2,Summer,0.25,0.15,0.8999999999999999,0.05,0.30000000000000004,0.3,1.95,SI,0.5521747111616904,13325.430277485071,36705.739430916256,1.0767406867652962
3391,SI037,2021,8,1.1337553256185122,5.14,0.037226335,0.1489881095657155,3.21,8.50006,3472510000,145930,23795.723977249367,3,4,1,1,1,1,Summer,0.25,0.15,0.8999999999999999,0.05,0.4,0.15,1.9,SI,0.5521747111616904,13325.430277485071,36705.739430916256,1.0491319512072117
3392,SI037,2021,9,0.7921233000141877,32.52,0.030277092,0.1336606668994661,2.82,8.03236,3472510000,145930,23795.723977249367,3,4,1,1,1,1,Autumn,0.35,0.23,0.44999999999999996,0.12,0.28,0.08,1.51,SI,0.5521747111616904,13325.430277485071,36705.739430916256,0.8337838138541525
3393,SI037,2021,10,1.2490371276288903,20.79,0.034572971,0.1298615786564373,3.39,7.45032,3472510000,145930,23795.723977249367,3,4,1,1,1,1,Autumn,0.35,0.23,0.44999999999999996,0.12,0.28,0.08,1.51,SI,0.5521747111616904,13325.430277485071,36705.739430916256,0.8337838138541525
3394,SI037,2021,11,2.1434774908724323,112.05,0.030766145,0.1444491765234228,1.1,7.06838,3472510000,145930,23795.723977249367,3,4,1,3,1,1,Autumn,0.35,0.23,0.44999999999999996,0.36,0.28,0.08,1.7499999999999998,SI,0.5521747111616904,13325.430277485071,36705.739430916256,0.966305745
3395,SI037,2021,12,1.8411135907138023,154.41,0.02879022,0.1235499301410861,0.8,8.49381,3472510000,145930,23795.723977249367,3,3,1,4,1,1,Winter,0.4,0.25,0.30000000000000004,0.48,0.18,0.07,1.6800000000000002,SI,0.5521747111616904,13325.430277485071,36705.739430916256,0.9276535147516399
3396,SI038,2021,1,2.181454998142044,71.36,0.028975684,0.159462774,0.74,8.12366,932040000,53280,17493.243243243243,4,3,1,2,1,1,Winter,0.4,0.25,0.4,0.24,0.18,0.07,1.54,SI,0.82173833,13325.430277485071,36705.739430916256,1.2654770274786702
3397,SI038,2021,2,1.2884489173812503,74.6,0.031220348,0.1392340940548242,0.6,8.79206,932040000,53280,17493.243243243243,3,4,1,2,1,1,Winter,0.4,0.25,0.30000000000000004,0.24,0.24,0.07,1.5,SI,0.82173833,13325.430277485071,36705.739430916256,1.232607494297406
3398,SI038,2021,3,1.0825471206207766,14.73,0.034522304,0.1542359956409606,3.76,7.75397,932040000,53280,17493.243243243243,4,4,1,1,1,1,Spring,0.36,0.22,0.6,0.12,0.28,0.08,1.66,SI,0.82173833,13325.430277485071,36705.739430916256,1.3640856270224626
3399,SI038,2021,4,0.3109014549855114,7.39,0.028789037,0.1604379484698642,1.98,7.10427,932040000,53280,17493.243243243243,4,3,1,1,1,1,Spring,0.36,0.22,0.6,0.12,0.21000000000000002,0.08,1.5899999999999999,SI,0.82173833,13325.430277485071,36705.739430916256,1.306563944
3400,SI038,2021,5,1.270612370213267,1.95,0.028554191,0.1638069097181506,0.61,6.0235,932040000,53280,17493.243243243243,4,3,1,1,1,1,Spring,0.36,0.22,0.6,0.12,0.21000000000000002,0.08,1.5899999999999999,SI,0.82173833,13325.430277485071,36705.739430916256,1.306563944
3401,SI038,2021,6,0.7828161276744672,3.05,0.023874359,0.1458743502213226,2.12,12.40224,932040000,53280,17493.243243243243,3,3,1,1,2,1,Summer,0.5,0.15,0.8999999999999999,0.05,0.30000000000000004,0.15,2.05,SI,0.82173833,13325.430277485071,36705.739430916256,1.684563575539788
3402,SI038,2021,7,0.6763903430793002,0.7,0.027773315,0.1380900630152902,5.48,10.20499,932040000,53280,17493.243243243243,3,3,1,1,2,2,Summer,0.5,0.15,0.8999999999999999,0.05,0.30000000000000004,0.3,2.1999999999999997,SI,0.82173833,13325.430277485071,36705.739430916256,1.8078243249695285
3403,SI038,2021,8,1.0371070871371992,5.39,0.035692436,0.1481260909930687,0.95,8.50835,932040000,53280,17493.243243243243,3,4,1,1,1,1,Summer,0.25,0.15,0.8999999999999999,0.05,0.4,0.15,1.9,SI,0.82173833,13325.430277485071,36705.739430916256,1.5613028261100474
3404,SI038,2021,9,0.7568741604516197,2.35,0.031438877,0.1336228047540701,1.01,8.49712,932040000,53280,17493.243243243243,3,4,1,1,1,1,Autumn,0.35,0.23,0.44999999999999996,0.12,0.28,0.08,1.51,SI,0.82173833,13325.430277485071,36705.739430916256,1.240824877592722
3405,SI038,2021,10,1.1127459607744357,7.94,0.03140732,0.1285561056973479,0.62,7.21261,932040000,53280,17493.243243243243,3,4,1,1,1,1,Autumn,0.35,0.23,0.44999999999999996,0.12,0.28,0.08,1.51,SI,0.82173833,13325.430277485071,36705.739430916256,1.240824877592722
3406,SI038,2021,11,4.7029011968516805,140.08,0.0312295,0.1420978160718841,2.23,6.65792,932040000,53280,17493.243243243243,3,4,1,3,1,1,Autumn,0.35,0.23,0.44999999999999996,0.36,0.28,0.08,1.7499999999999998,SI,0.82173833,13325.430277485071,36705.739430916256,1.4380420766803068
3407,SI038,2021,12,2.3434612446985748,54.1,0.027797541,0.1236913011610676,0.5,9.61113,932040000,53280,17493.243243243243,3,3,1,2,1,1,Winter,0.4,0.25,0.30000000000000004,0.24,0.18,0.07,1.44,SI,0.82173833,13325.430277485071,36705.739430916256,1.1833031945255097
3408,SI041,2021,1,2.5699064674263994,18.33,0.030656988,0.1605414964910047,4.66,11.3188,20394810000,555630,36705.739430916256,4,4,1,1,2,1,Winter,0.8,0.25,0.4,0.12,0.24,0.07,1.8800000000000003,SI,0,13325.430277485071,36705.739430916256,0
3409,SI041,2021,2,1.448582991436379,64.11,0.034126623,0.1448960576683311,0.53,10.7393,20394810000,555630,36705.739430916256,3,4,1,2,2,1,Winter,0.8,0.25,0.30000000000000004,0.24,0.24,0.07,1.9000000000000001,SI,0,13325.430277485071,36705.739430916256,0
3410,SI041,2021,3,1.579438207134164,16.24,0.035023725,0.1523277089198219,4.7,8.80609,20394810000,555630,36705.739430916256,4,4,1,1,1,1,Spring,0.36,0.22,0.6,0.12,0.28,0.08,1.66,SI,0,13325.430277485071,36705.739430916256,0
3411,SI041,2021,4,0.5782791728811639,10.71,0.030483116,0.1601735725684443,2.14,7.32825,20394810000,555630,36705.739430916256,4,4,1,1,1,1,Spring,0.36,0.22,0.6,0.12,0.28,0.08,1.66,SI,0,13325.430277485071,36705.739430916256,0
3412,SI041,2021,5,1.2622609,1.93,0.02920194,0.1627761125542279,0.88,5.9281,20394810000,555630,36705.739430916256,4,3,1,1,1,1,Spring,0.36,0.22,0.6,0.12,0.21000000000000002,0.08,1.5899999999999999,SI,0,13325.430277485071,36705.739430916256,0
3413,SI041,2021,6,0.8807738438872255,9.97,0.024407197,0.1460965372367131,3.3,11.61693,20394810000,555630,36705.739430916256,3,3,1,1,2,1,Summer,0.5,0.15,0.8999999999999999,0.05,0.30000000000000004,0.15,2.05,SI,0,13325.430277485071,36705.739430916256,0
3414,SI041,2021,7,0.941929648,8.35,0.028312732,0.1385498426912361,5.2,10.21835,20394810000,555630,36705.739430916256,3,3,1,1,2,2,Summer,0.5,0.15,0.8999999999999999,0.05,0.30000000000000004,0.3,2.1999999999999997,SI,0,13325.430277485071,36705.739430916256,0
3415,SI041,2021,8,1.538525009236173,5.98,0.03902043,0.1508176568557173,2.76,9.1007,20394810000,555630,36705.739430916256,4,4,1,1,1,1,Summer,0.25,0.15,1.2,0.05,0.4,0.15,2.2,SI,0,13325.430277485071,36705.739430916256,0
3416,SI041,2021,9,0.9999573004763976,2.18,0.0335899,0.1337019595754366,0.58,9.1235,20394810000,555630,36705.739430916256,3,4,1,1,1,1,Autumn,0.35,0.23,0.44999999999999996,0.12,0.28,0.08,1.51,SI,0,13325.430277485071,36705.739430916256,0
3417,SI041,2021,10,1.7290319217288388,7.13,0.032790918,0.1273786621161851,4.14,8.16061,20394810000,555630,36705.739430916256,3,4,1,1,1,1,Autumn,0.35,0.23,0.44999999999999996,0.12,0.28,0.08,1.51,SI,0,13325.430277485071,36705.739430916256,0
3418,SI041,2021,11,0.068069967,49.8,0.029809254,0.1438659633892009,5.01,8.50719,20394810000,555630,36705.739430916256,3,3,1,1,1,2,Autumn,0.35,0.23,0.44999999999999996,0.12,0.21000000000000002,0.16,1.5199999999999998,SI,0,13325.430277485071,36705.739430916256,0
3419,SI041,2021,12,2.526008293640415,153.02,0.028713674,0.1233456775863627,0.61,14.41864,20394810000,555630,36705.739430916256,3,3,1,4,2,1,Winter,0.8,0.25,0.30000000000000004,0.48,0.18,0.07,2.08,SI,0,13325.430277485071,36705.739430916256,0
3420,SI042,2021,1,1.015490402945788,16.06,0.031010991,0.1622454522855503,4.73,12.73055,4325560000,211570,20445.053646547243,4,4,1,1,2,1,Winter,0.8,0.25,0.4,0.12,0.24,0.07,1.8800000000000003,SI,0.6954863461239849,13325.430277485071,36705.739430916256,1.3075143307130919
3421,SI042,2021,2,1.2221516697816175,130.37,0.031363902,0.1464224031910491,1.78,12.63349,4325560000,211570,20445.053646547243,3,4,1,3,2,1,Winter,0.8,0.25,0.30000000000000004,0.36,0.24,0.07,2.02,SI,0.6954863461239849,13325.430277485071,36705.739430916256,1.4048824191704494
3422,SI042,2021,3,0.9560230531854628,12.11,0.032632338,0.1507584201414067,4.07,9.5473,4325560000,211570,20445.053646547243,4,4,1,1,1,1,Spring,0.36,0.22,0.6,0.12,0.28,0.08,1.66,SI,0.6954863461239849,13325.430277485071,36705.739430916256,1.1545073345658148
3423,SI042,2021,4,0.2168881023182844,4.77,0.029667947,0.1574158413342985,2.5,7.45425,4325560000,211570,20445.053646547243,4,3,1,1,1,1,Spring,0.36,0.22,0.6,0.12,0.21000000000000002,0.08,1.5899999999999999,SI,0.6954863461239849,13325.430277485071,36705.739430916256,1.105823290337136
3424,SI042,2021,5,1.0446430162502467,2.81,0.027860747,0.1586556305846695,0.72,5.81411,4325560000,211570,20445.053646547243,4,3,1,1,1,1,Spring,0.36,0.22,0.6,0.12,0.21000000000000002,0.08,1.5899999999999999,SI,0.6954863461239849,13325.430277485071,36705.739430916256,1.105823290337136
3425,SI042,2021,6,0.6021071527619942,2.96,0.023901088,0.1470662079424459,1.1,11.13233,4325560000,211570,20445.053646547243,3,3,1,1,2,1,Summer,0.5,0.15,0.8999999999999999,0.05,0.30000000000000004,0.15,2.05,SI,0.6954863461239849,13325.430277485071,36705.739430916256,1.4257470095541689
3426,SI042,2021,7,0.770268174,4.3,0.027107139,0.1375751149747016,3.73,9.64206,4325560000,211570,20445.053646547243,3,3,1,1,1,1,Summer,0.25,0.15,0.8999999999999999,0.05,0.30000000000000004,0.15,1.7999999999999998,SI,0.6954863461239849,13325.430277485071,36705.739430916256,1.2518754230231726
3427,SI042,2021,8,1.1131853732128785,2.28,0.0359082,0.1510195735662512,1.35,8.5277,4325560000,211570,20445.053646547243,4,4,1,1,1,1,Summer,0.25,0.15,1.2,0.05,0.4,0.15,2.2,SI,0.6954863461239849,13325.430277485071,36705.739430916256,1.5300699614727669
3428,SI042,2021,9,1.0797452547073394,2.91,0.031476836,0.1328907299811557,0.87,9.03452,4325560000,211570,20445.053646547243,3,4,1,1,1,1,Autumn,0.35,0.23,0.44999999999999996,0.12,0.28,0.08,1.51,SI,0.6954863461239849,13325.430277485071,36705.739430916256,1.050184382647217
3429,SI042,2021,10,1.051509822131612,116.57,0.030200797,0.1249376711010962,0.18,7.86046,4325560000,211570,20445.053646547243,3,4,1,3,1,1,Autumn,0.35,0.23,0.44999999999999996,0.36,0.28,0.08,1.7499999999999998,SI,0.6954863461239849,13325.430277485071,36705.739430916256,1.2171011057169734
3430,SI042,2021,11,1.169852853,120.37,0.027665196,0.143172685,1.42,8.60365,4325560000,211570,20445.053646547243,3,3,1,3,1,1,Autumn,0.35,0.23,0.44999999999999996,0.36,0.21000000000000002,0.08,1.6799999999999997,SI,0.6954863461239849,13325.430277485071,36705.739430916256,1.1684170614882943
3431,SI042,2021,12,1.5491552257381953,93.33,0.027439656,0.1228453311242263,0.42,15.27668,4325560000,211570,20445.053646547243,3,3,1,2,3,1,Winter,1.2000000000000002,0.25,0.30000000000000004,0.24,0.18,0.07,2.24,SI,0.6954863461239849,13325.430277485071,36705.739430916256,1.5578894153177263
3432,SI043,2021,1,1.1280238875308313,6.21,0.028309698,0.1615953707145996,2.19,12.79295,2571520000,118400,21718.91891891892,4,3,1,1,2,1,Winter,0.8,0.25,0.4,0.12,0.18,0.07,1.8200000000000003,SI,0.6410018111243811,13325.430277485071,36705.739430916256,1.1666232962463738
3433,SI043,2021,2,1.3884001989995232,78.94,0.031641211,0.1427536388434898,0.35,13.99909,2571520000,118400,21718.91891891892,3,4,1,2,2,1,Winter,0.8,0.25,0.30000000000000004,0.24,0.24,0.07,1.9000000000000001,SI,0.6410018111243811,13325.430277485071,36705.739430916256,1.2179034411363243
3434,SI043,2021,3,1.2485550471999671,19.33,0.034744631,0.1525158433722113,3.55,10.05139,2571520000,118400,21718.91891891892,4,4,1,1,2,1,Spring,0.72,0.22,0.6,0.12,0.28,0.08,2.02,SI,0.6410018111243811,13325.430277485071,36705.739430916256,1.294823658
3435,SI043,2021,4,0.7397682602344824,1.8,0.030590582,0.1598703433506802,0.38,8.22176,2571520000,118400,21718.91891891892,4,4,1,1,1,1,Spring,0.36,0.22,0.6,0.12,0.28,0.08,1.66,SI,0.6410018111243811,13325.430277485071,36705.739430916256,1.0640630064664727
3436,SI043,2021,5,0.9975582286552758,1.69,0.029570285,0.1584701441543384,1.37,6.47933,2571520000,118400,21718.91891891892,4,3,1,1,1,1,Spring,0.36,0.22,0.6,0.12,0.21000000000000002,0.08,1.5899999999999999,SI,0.6410018111243811,13325.430277485071,36705.739430916256,1.0191928796877658
3437,SI043,2021,6,0.925729892,3.64,0.023534544,0.148206954,3.16,12.4479,2571520000,118400,21718.91891891892,3,3,1,1,2,1,Summer,0.5,0.15,0.8999999999999999,0.05,0.30000000000000004,0.15,2.05,SI,0.6410018111243811,13325.430277485071,36705.739430916256,1.3140537128049812
3438,SI043,2021,7,0.7824416704182398,0.33,0.027743964,0.136869719,3.6,10.6262,2571520000,118400,21718.91891891892,3,3,1,1,2,1,Summer,0.5,0.15,0.8999999999999999,0.05,0.30000000000000004,0.15,2.05,SI,0.6410018111243811,13325.430277485071,36705.739430916256,1.3140537128049812
3439,SI043,2021,8,0.7385897207656515,1.14,0.037595391,0.1502228054616678,1.51,8.79832,2571520000,118400,21718.91891891892,4,4,1,1,1,1,Summer,0.25,0.15,1.2,0.05,0.4,0.15,2.2,SI,0.6410018111243811,13325.430277485071,36705.739430916256,1.4102039844736387
3440,SI043,2021,9,0.9383423250157306,4.57,0.031918317,0.1340009456852771,1.79,9.59043,2571520000,118400,21718.91891891892,3,4,1,1,1,1,Autumn,0.35,0.23,0.44999999999999996,0.12,0.28,0.08,1.51,SI,0.6410018111243811,13325.430277485071,36705.739430916256,0.9679127347978156
3441,SI043,2021,10,1.7330240466151714,150.96,0.031008241,0.1261229918101002,2.86,8.00168,2571520000,118400,21718.91891891892,3,4,1,4,1,1,Autumn,0.35,0.23,0.44999999999999996,0.48,0.28,0.08,1.8699999999999999,SI,0.6410018111243811,13325.430277485071,36705.739430916256,1.1986733868025927
3442,SI043,2021,11,2.216981628190874,108.15,0.031036214,0.1420745354637453,0.49,8.34274,2571520000,118400,21718.91891891892,3,4,1,3,1,1,Autumn,0.35,0.23,0.44999999999999996,0.36,0.28,0.08,1.7499999999999998,SI,0.6410018111243811,13325.430277485071,36705.739430916256,1.1217531694676668
3443,SI043,2021,12,1.862006519,125.98,0.025855111,0.1233900584866708,0.1,14.66608,2571520000,118400,21718.91891891892,3,3,1,3,2,1,Winter,0.8,0.25,0.30000000000000004,0.36,0.18,0.07,1.96,SI,0.6410018111243811,13325.430277485071,36705.739430916256,1.256363549803787
3444,SI044,2021,1,1.8632312679307477,27.11,0.030416455,0.1596292560622107,0.3,9.47522,2645270000,118530,22317.303636210243,4,4,1,1,1,1,Winter,0.4,0.25,0.4,0.12,0.24,0.07,1.48,SI,0.6154082779779853,13325.430277485071,36705.739430916256,0.9108042514074182
3445,SI044,2021,2,1.301850870256239,56.23,0.032994298,0.1360831099374777,0.27,11.15195,2645270000,118530,22317.303636210243,3,4,1,2,2,1,Winter,0.8,0.25,0.30000000000000004,0.24,0.24,0.07,1.9000000000000001,SI,0.6154082779779853,13325.430277485071,36705.739430916256,1.169275728158172
3446,SI044,2021,3,2.213270194700703,11.27,0.036032199,0.1549170426934769,3.27,9.4334,2645270000,118530,22317.303636210243,4,4,1,1,1,1,Spring,0.36,0.22,0.6,0.12,0.28,0.08,1.66,SI,0.6154082779779853,13325.430277485071,36705.739430916256,1.0215777414434555
3447,SI044,2021,4,0.6021309412384096,3.25,0.031007582,0.1613862140149818,1.07,8.38486,2645270000,118530,22317.303636210243,4,4,1,1,1,1,Spring,0.36,0.22,0.6,0.12,0.28,0.08,1.66,SI,0.6154082779779853,13325.430277485071,36705.739430916256,1.0215777414434555
3448,SI044,2021,5,1.3551127303266994,1.87,0.03094905,0.1631687596451656,1.29,7.23918,2645270000,118530,22317.303636210243,4,4,1,1,1,1,Spring,0.36,0.22,0.6,0.12,0.28,0.08,1.66,SI,0.6154082779779853,13325.430277485071,36705.739430916256,1.0215777414434555
3449,SI044,2021,6,1.0803425892526763,2.12,0.025856176,0.1466133298531276,4,13.93215,2645270000,118530,22317.303636210243,3,3,1,1,2,1,Summer,0.5,0.15,0.8999999999999999,0.05,0.30000000000000004,0.15,2.05,SI,0.6154082779779853,13325.430277485071,36705.739430916256,1.2615869698548696
3450,SI044,2021,7,1.247562842530992,0.25,0.029091248,0.1380525907559706,6.38,11.48675,2645270000,118530,22317.303636210243,3,3,1,1,2,2,Summer,0.5,0.15,0.8999999999999999,0.05,0.30000000000000004,0.3,2.1999999999999997,SI,0.6154082779779853,13325.430277485071,36705.739430916256,1.3538982115515674
3451,SI044,2021,8,1.022998756197531,5.11,0.039963236,0.1491184218259414,2.41,9.20801,2645270000,118530,22317.303636210243,3,4,1,1,1,1,Summer,0.25,0.15,0.8999999999999999,0.05,0.4,0.15,1.9,SI,0.6154082779779853,13325.430277485071,36705.739430916256,1.1692757281581718
3452,SI044,2021,9,0.9742920747936762,5.37,0.033611269,0.1344981437101261,1.67,9.4996,2645270000,118530,22317.303636210243,3,4,1,1,1,1,Autumn,0.35,0.23,0.44999999999999996,0.12,0.28,0.08,1.51,SI,0.6154082779779853,13325.430277485071,36705.739430916256,0.9292664997467578
3453,SI044,2021,10,1.7346852944458588,158.96,0.027130398,0.1281795209676998,10.36,7.72084,2645270000,118530,22317.303636210243,3,3,1,4,1,3,Autumn,0.35,0.23,0.44999999999999996,0.48,0.21000000000000002,0.24,1.9599999999999997,SI,0.6154082779779853,13325.430277485071,36705.739430916256,1.2062002248368509
3454,SI044,2021,11,3.090313908,153.36,0.03041277,0.1408794192903784,2.65,7.42438,2645270000,118530,22317.303636210243,3,4,1,4,1,1,Autumn,0.35,0.23,0.44999999999999996,0.48,0.28,0.08,1.8699999999999999,SI,0.6154082779779853,13325.430277485071,36705.739430916256,1.1508134798188323
3455,SI044,2021,12,2.980164163752528,74.57,0.027491106,0.123865382,0.37,10.78753,2645270000,118530,22317.303636210243,3,3,1,2,2,1,Winter,0.8,0.25,0.30000000000000004,0.24,0.18,0.07,1.84,SI,0.6154082779779853,13325.430277485071,36705.739430916256,1.132351231479493
3456,SI031,2022,1,2.903929530548702,46.18,0.032052811,0.1657185123707128,0.43,16.55992,2123170000,114200,18591.68126094571,4,4,1,1,3,1,Winter,1.2000000000000002,0.25,0.4,0.12,0.24,0.07,2.28,SI,0.8409655713512233,14702.949438202248,39155.08760591699,1.917401502680789
3457,SI031,2022,2,1.8657805829436165,17.7,0.033000679,0.1935218266760506,0.51,10.40974,2123170000,114200,18591.68126094571,4,4,1,1,2,1,Winter,0.8,0.25,0.4,0.12,0.24,0.07,1.8800000000000003,SI,0.8409655713512233,14702.949438202248,39155.08760591699,1.581015274
3458,SI031,2022,3,1.4103252674780855,9.62,0.038444872,0.1639376580635504,3.26,12.11233,2123170000,114200,18591.68126094571,4,4,1,1,2,1,Spring,0.72,0.22,0.6,0.12,0.28,0.08,2.02,SI,0.8409655713512233,14702.949438202248,39155.08760591699,1.6987504541294711
3459,SI031,2022,4,1.081229699614188,3.36,0.033148711,0.1614624598616982,1.94,7.98245,2123170000,114200,18591.68126094571,4,4,1,1,1,1,Spring,0.36,0.22,0.6,0.12,0.28,0.08,1.66,SI,0.8409655713512233,14702.949438202248,39155.08760591699,1.3960028484430307
3460,SI031,2022,5,1.0635263390341698,0.29,0.027956298,0.1573309862043508,2.13,9.96479,2123170000,114200,18591.68126094571,4,3,1,1,1,1,Spring,0.36,0.22,0.6,0.12,0.21000000000000002,0.08,1.5899999999999999,SI,0.8409655713512233,14702.949438202248,39155.08760591699,1.3371352584484448
3461,SI031,2022,6,1.1353665426067636,0.05,0.028783678,0.1424510818574917,4.14,9.57168,2123170000,114200,18591.68126094571,3,3,1,1,1,1,Summer,0.25,0.15,0.8999999999999999,0.05,0.30000000000000004,0.15,1.7999999999999998,SI,0.8409655713512233,14702.949438202248,39155.08760591699,1.5137380284322017
3462,SI031,2022,7,1.0953122852664623,1.36,0.028531302,0.1455063038034833,1.07,9.41474,2123170000,114200,18591.68126094571,3,3,1,1,1,1,Summer,0.25,0.15,0.8999999999999999,0.05,0.30000000000000004,0.15,1.7999999999999998,SI,0.8409655713512233,14702.949438202248,39155.08760591699,1.5137380284322017
3463,SI031,2022,8,1.841416054,4.56,0.026985811,0.1386735772934862,4.46,9.22138,2123170000,114200,18591.68126094571,3,3,1,1,1,1,Summer,0.25,0.15,0.8999999999999999,0.05,0.30000000000000004,0.15,1.7999999999999998,SI,0.8409655713512233,14702.949438202248,39155.08760591699,1.5137380284322017
3464,SI031,2022,9,1.009137430927033,4.71,0.026876848,0.1422933527381288,1.82,6.82899,2123170000,114200,18591.68126094571,3,3,1,1,1,1,Autumn,0.35,0.23,0.44999999999999996,0.12,0.21000000000000002,0.08,1.44,SI,0.8409655713512233,14702.949438202248,39155.08760591699,1.2109904227457615
3465,SI031,2022,10,1.0684267837331465,3.17,0.025429806,0.1212661780876112,1.26,13.70669,2123170000,114200,18591.68126094571,3,3,1,1,2,1,Autumn,0.7,0.23,0.44999999999999996,0.12,0.21000000000000002,0.08,1.79,SI,0.8409655713512233,14702.949438202248,39155.08760591699,1.5053283727186897
3466,SI031,2022,11,2.651953982344418,47.85,0.03084574,0.136961442,1.08,11.86193,2123170000,114200,18591.68126094571,3,4,1,1,2,1,Autumn,0.7,0.23,0.44999999999999996,0.12,0.28,0.08,1.86,SI,0.8409655713512233,14702.949438202248,39155.08760591699,1.5641959627132753
3467,SI031,2022,12,1.0640513123457995,313.13,0.028919858,0.1426322393541442,0.18,14.46101,2123170000,114200,18591.68126094571,3,3,1,6,2,1,Winter,0.8,0.25,0.30000000000000004,0.72,0.18,0.07,2.3200000000000003,SI,0.8409655713512233,14702.949438202248,39155.08760591699,1.9510401255348382
3468,SI032,2022,1,2.1238892823366524,28.95,0.032052811,0.1662260123599337,2.12,18.42855,7216840000,327960,22005.24454201732,4,4,1,1,3,1,Winter,1.2000000000000002,0.25,0.4,0.12,0.24,0.07,2.28,SI,0.7013637394926624,14702.949438202248,39155.08760591699,1.599109326
3469,SI032,2022,2,1.759849247229924,9.05,0.034576381,0.1896370167931189,0.22,11.57358,7216840000,327960,22005.24454201732,4,4,1,1,2,1,Winter,0.8,0.25,0.4,0.12,0.24,0.07,1.8800000000000003,SI,0.7013637394926624,14702.949438202248,39155.08760591699,1.3185638302462055
3470,SI032,2022,3,1.3612097822252929,17.21,0.036112383,0.1638232541336894,2.55,12.6351,7216840000,327960,22005.24454201732,4,4,1,1,2,1,Spring,0.72,0.22,0.6,0.12,0.28,0.08,2.02,SI,0.7013637394926624,14702.949438202248,39155.08760591699,1.4167547537751781
3471,SI032,2022,4,1.1079275040718806,5.8,0.031039632,0.160178254,2.25,8.26425,7216840000,327960,22005.24454201732,4,4,1,1,1,1,Spring,0.36,0.22,0.6,0.12,0.28,0.08,1.66,SI,0.7013637394926624,14702.949438202248,39155.08760591699,1.1642638075578196
3472,SI032,2022,5,1.124993176907482,0.77,0.028911327,0.1573122048391141,2.19,10.26736,7216840000,327960,22005.24454201732,4,3,1,1,2,1,Spring,0.72,0.22,0.6,0.12,0.21000000000000002,0.08,1.9500000000000002,SI,0.7013637394926624,14702.949438202248,39155.08760591699,1.3676592920106918
3473,SI032,2022,6,1.108128142208323,0.06,0.02870149,0.1406993026818252,2.52,9.98684,7216840000,327960,22005.24454201732,3,3,1,1,1,1,Summer,0.25,0.15,0.8999999999999999,0.05,0.30000000000000004,0.15,1.7999999999999998,SI,0.7013637394926624,14702.949438202248,39155.08760591699,1.2624547310867922
3474,SI032,2022,7,1.257390298324356,1.28,0.026488687,0.1435596236739586,0.95,9.71031,7216840000,327960,22005.24454201732,3,3,1,1,1,1,Summer,0.25,0.15,0.8999999999999999,0.05,0.30000000000000004,0.15,1.7999999999999998,SI,0.7013637394926624,14702.949438202248,39155.08760591699,1.2624547310867922
3475,SI032,2022,8,1.725948808495613,0.36,0.025810978,0.1380563804423344,5.95,9.4529,7216840000,327960,22005.24454201732,3,3,1,1,1,2,Summer,0.25,0.15,0.8999999999999999,0.05,0.30000000000000004,0.3,1.95,SI,0.7013637394926624,14702.949438202248,39155.08760591699,1.3676592920106916
3476,SI032,2022,9,1.0306062264780351,7.86,0.026550341,0.141555557,1.65,7.16312,7216840000,327960,22005.24454201732,3,3,1,1,1,1,Autumn,0.35,0.23,0.44999999999999996,0.12,0.21000000000000002,0.08,1.44,SI,0.7013637394926624,14702.949438202248,39155.08760591699,1.0099637848694338
3477,SI032,2022,10,2.2860617931573506,64.56,0.025709439,0.1211977722291389,3.39,13.91536,7216840000,327960,22005.24454201732,3,3,1,2,2,1,Autumn,0.7,0.23,0.44999999999999996,0.24,0.21000000000000002,0.08,1.91,SI,0.7013637394926624,14702.949438202248,39155.08760591699,1.3396047424309852
3478,SI032,2022,11,3.005125095133484,50.25,0.033031959,0.1380399376549305,3.05,12.35147,7216840000,327960,22005.24454201732,3,4,1,2,2,1,Autumn,0.7,0.23,0.44999999999999996,0.24,0.28,0.08,1.98,SI,0.7013637394926624,14702.949438202248,39155.08760591699,1.3887002041954715
3479,SI032,2022,12,0.7274815097359654,251.46,0.026301178,0.1412417546290623,1.46,15.90524,7216840000,327960,22005.24454201732,3,3,1,5,3,1,Winter,1.2000000000000002,0.25,0.30000000000000004,0.6,0.18,0.07,2.6,SI,0.7013637394926624,14702.949438202248,39155.08760591699,1.8235457226809222
3480,SI033,2022,1,1.4060305028842432,20.87,0.030647259,0.1657361479263367,8.58,15.8901,1492780000,70670,21123.248903353615,4,4,1,1,3,2,Winter,1.2000000000000002,0.25,0.4,0.12,0.24,0.14,2.35,SI,0.7374340263777678,14702.949438202248,39155.08760591699,1.7329699619877543
3481,SI033,2022,2,1.366350406463425,3.27,0.029514409,0.1829670893736756,2.2,11.67583,1492780000,70670,21123.248903353615,4,3,1,1,2,1,Winter,0.8,0.25,0.4,0.12,0.18,0.07,1.8200000000000003,SI,0.7374340263777678,14702.949438202248,39155.08760591699,1.3421299280075376
3482,SI033,2022,3,0.9357099620321506,19.92,0.03269724,0.1642028414386984,2.16,11.03383,1492780000,70670,21123.248903353615,4,4,1,1,2,1,Spring,0.72,0.22,0.6,0.12,0.28,0.08,2.02,SI,0.7374340263777678,14702.949438202248,39155.08760591699,1.489616733283091
3483,SI033,2022,4,0.7073662129662728,3.24,0.029709026,0.1603602269658388,2.28,7.35025,1492780000,70670,21123.248903353615,4,3,1,1,1,1,Spring,0.36,0.22,0.6,0.12,0.21000000000000002,0.08,1.5899999999999999,SI,0.7374340263777678,14702.949438202248,39155.08760591699,1.1725201019406506
3484,SI033,2022,5,1.1862496649676797,6.15,0.026616596,0.1573052437017164,1.86,8.99677,1492780000,70670,21123.248903353615,4,3,1,1,1,1,Spring,0.36,0.22,0.6,0.12,0.21000000000000002,0.08,1.5899999999999999,SI,0.7374340263777678,14702.949438202248,39155.08760591699,1.1725201019406506
3485,SI033,2022,6,0.8291194694857016,3.45,0.026181565,0.1391199611089881,1.77,8.898,1492780000,70670,21123.248903353615,3,3,1,1,1,1,Summer,0.25,0.15,0.8999999999999999,0.05,0.30000000000000004,0.15,1.7999999999999998,SI,0.7374340263777678,14702.949438202248,39155.08760591699,1.327381247479982
3486,SI033,2022,7,1.3492683411877806,18.96,0.024733416,0.141823109,0.71,8.54665,1492780000,70670,21123.248903353615,3,3,1,1,1,1,Summer,0.25,0.15,0.8999999999999999,0.05,0.30000000000000004,0.15,1.7999999999999998,SI,0.7374340263777678,14702.949438202248,39155.08760591699,1.327381247479982
3487,SI033,2022,8,1.218085636202825,1.26,0.03031995,0.1372473449553359,2.66,7.97153,1492780000,70670,21123.248903353615,3,4,1,1,1,1,Summer,0.25,0.15,0.8999999999999999,0.05,0.4,0.15,1.9,SI,0.7374340263777678,14702.949438202248,39155.08760591699,1.4011246501177588
3488,SI033,2022,9,1.071894128240328,39.98,0.025185285,0.1413711185304713,2.86,5.89407,1492780000,70670,21123.248903353615,3,3,1,1,1,1,Autumn,0.35,0.23,0.44999999999999996,0.12,0.21000000000000002,0.08,1.44,SI,0.7374340263777678,14702.949438202248,39155.08760591699,1.0619049979839856
3489,SI033,2022,10,1.8684513200592412,124.29,0.023432657,0.1202029578332931,0.65,10.63828,1492780000,70670,21123.248903353615,3,3,1,3,2,1,Autumn,0.7,0.23,0.44999999999999996,0.36,0.21000000000000002,0.08,2.03,SI,0.7374340263777678,14702.949438202248,39155.08760591699,1.4969910735468686
3490,SI033,2022,11,2.6083506222501787,36.73,0.026542208,0.1422597534472845,1.5,9.50053,1492780000,70670,21123.248903353615,3,3,1,1,1,1,Autumn,0.35,0.23,0.44999999999999996,0.12,0.21000000000000002,0.08,1.44,SI,0.7374340263777678,14702.949438202248,39155.08760591699,1.0619049979839856
3491,SI033,2022,12,0.749100673,165.44,0.029836598,0.1393723731637696,0.17,14.41161,1492780000,70670,21123.248903353615,3,3,1,4,2,1,Winter,0.8,0.25,0.30000000000000004,0.48,0.18,0.07,2.08,SI,0.7374340263777678,14702.949438202248,39155.08760591699,1.533862774865757
3492,SI034,2022,1,1.8164815108767725,24,0.029742189,0.1656301755039224,0.89,16.62695,6223990000,259390,23994.718377732373,4,3,1,1,3,1,Winter,1.2000000000000002,0.25,0.4,0.12,0.18,0.07,2.22,SI,0.6200017816111285,14702.949438202248,39155.08760591699,1.3764039551767053
3493,SI034,2022,2,2.0070846440807424,2.74,0.031743262,0.1847752393170499,0.16,11.12571,6223990000,259390,23994.718377732373,4,4,1,1,2,1,Winter,0.8,0.25,0.4,0.12,0.24,0.07,1.8800000000000003,SI,0.6200017816111285,14702.949438202248,39155.08760591699,1.1656033494289217
3494,SI034,2022,3,1.1744953242769864,12.86,0.034171287,0.164206828,1.27,11.33969,6223990000,259390,23994.718377732373,4,4,1,1,2,1,Spring,0.72,0.22,0.6,0.12,0.28,0.08,2.02,SI,0.6200017816111285,14702.949438202248,39155.08760591699,1.2524035988544795
3495,SI034,2022,4,0.973416412,8.03,0.029532926,0.1592256920935046,2,7.58662,6223990000,259390,23994.718377732373,4,3,1,1,1,1,Spring,0.36,0.22,0.6,0.12,0.21000000000000002,0.08,1.5899999999999999,SI,0.6200017816111285,14702.949438202248,39155.08760591699,0.9858028327616942
3496,SI034,2022,5,0.858107908,1.56,0.028148661,0.1570820536751739,2.15,9.65204,6223990000,259390,23994.718377732373,4,3,1,1,1,1,Spring,0.36,0.22,0.6,0.12,0.21000000000000002,0.08,1.5899999999999999,SI,0.6200017816111285,14702.949438202248,39155.08760591699,0.9858028327616942
3497,SI034,2022,6,1.102349243552598,0.35,0.027688461,0.1388951168176605,2.82,9.69599,6223990000,259390,23994.718377732373,3,3,1,1,1,1,Summer,0.25,0.15,0.8999999999999999,0.05,0.30000000000000004,0.15,1.7999999999999998,SI,0.6200017816111285,14702.949438202248,39155.08760591699,1.1160032069000312
3498,SI034,2022,7,0.7846761734160936,12.97,0.025808266,0.1416501090076946,1.43,9.21662,6223990000,259390,23994.718377732373,3,3,1,1,1,1,Summer,0.25,0.15,0.8999999999999999,0.05,0.30000000000000004,0.15,1.7999999999999998,SI,0.6200017816111285,14702.949438202248,39155.08760591699,1.1160032069000312
3499,SI034,2022,8,1.4158667839487664,4.53,0.024760281,0.137747095,8.06,8.80739,6223990000,259390,23994.718377732373,3,3,1,1,1,2,Summer,0.25,0.15,0.8999999999999999,0.05,0.30000000000000004,0.3,1.95,SI,0.6200017816111285,14702.949438202248,39155.08760591699,1.2090034741417006
3500,SI034,2022,9,0.9351475027297576,0.51,0.026812517,0.14116582,1.01,6.42028,6223990000,259390,23994.718377732373,3,3,1,1,1,1,Autumn,0.35,0.23,0.44999999999999996,0.12,0.21000000000000002,0.08,1.44,SI,0.6200017816111285,14702.949438202248,39155.08760591699,0.892802566
3501,SI034,2022,10,1.78227439,91.89,0.024692298,0.120690259,0.99,11.93602,6223990000,259390,23994.718377732373,3,3,1,2,2,1,Autumn,0.7,0.23,0.44999999999999996,0.24,0.21000000000000002,0.08,1.91,SI,0.6200017816111285,14702.949438202248,39155.08760591699,1.1842034028772555
3502,SI034,2022,11,3.606396981146047,70.61,0.025629988,0.1411210776738922,2.26,10.43428,6223990000,259390,23994.718377732373,3,3,1,2,2,1,Autumn,0.7,0.23,0.44999999999999996,0.24,0.21000000000000002,0.08,1.91,SI,0.6200017816111285,14702.949438202248,39155.08760591699,1.1842034028772555
3503,SI034,2022,12,0.7821158793355333,190.79,0.027197294,0.1393467217844496,0.83,13.23358,6223990000,259390,23994.718377732373,3,3,1,4,2,1,Winter,0.8,0.25,0.30000000000000004,0.48,0.18,0.07,2.08,SI,0.6200017816111285,14702.949438202248,39155.08760591699,1.2896037057511474
3504,SI035,2022,1,1.875403364440922,38.61,0.035318302,0.1640259638433294,0.69,16.48537,837480000,56960,14702.949438202248,4,4,1,1,3,1,Winter,1.2000000000000002,0.25,0.4,0.12,0.24,0.07,2.28,SI,1,14702.949438202248,39155.08760591699,2.28
3505,SI035,2022,2,3.0790628717076736,19.55,0.031844094,0.1848088812116298,1.9,11.30886,837480000,56960,14702.949438202248,4,4,1,1,2,1,Winter,0.8,0.25,0.4,0.12,0.24,0.07,1.8800000000000003,SI,1,14702.949438202248,39155.08760591699,1.8800000000000003
3506,SI035,2022,3,1.1767788535092378,20.08,0.033840059,0.1651977538653798,3.05,11.01963,837480000,56960,14702.949438202248,4,4,1,1,2,1,Spring,0.72,0.22,0.6,0.12,0.28,0.08,2.02,SI,1,14702.949438202248,39155.08760591699,2.02
3507,SI035,2022,4,0.7093244001954259,3.58,0.028825616,0.1584941087279744,2.51,7.47048,837480000,56960,14702.949438202248,4,3,1,1,1,1,Spring,0.36,0.22,0.6,0.12,0.21000000000000002,0.08,1.5899999999999999,SI,1,14702.949438202248,39155.08760591699,1.5899999999999999
3508,SI035,2022,5,0.5625209921279983,0.23,0.027085131,0.1568733373454251,2.26,9.58369,837480000,56960,14702.949438202248,4,3,1,1,1,1,Spring,0.36,0.22,0.6,0.12,0.21000000000000002,0.08,1.5899999999999999,SI,1,14702.949438202248,39155.08760591699,1.5899999999999999
3509,SI035,2022,6,0.983336973,0.97,0.02552513,0.1392667554376314,2.45,9.7148,837480000,56960,14702.949438202248,3,3,1,1,1,1,Summer,0.25,0.15,0.8999999999999999,0.05,0.30000000000000004,0.15,1.7999999999999998,SI,1,14702.949438202248,39155.08760591699,1.7999999999999998
3510,SI035,2022,7,1.514069462699902,1.91,0.025134534,0.1406275616969634,2.87,9.15925,837480000,56960,14702.949438202248,3,3,1,1,1,1,Summer,0.25,0.15,0.8999999999999999,0.05,0.30000000000000004,0.15,1.7999999999999998,SI,1,14702.949438202248,39155.08760591699,1.7999999999999998
3511,SI035,2022,8,1.2344601228652516,3.77,0.031550304,0.136856344,3.78,8.61423,837480000,56960,14702.949438202248,3,4,1,1,1,1,Summer,0.25,0.15,0.8999999999999999,0.05,0.4,0.15,1.9,SI,1,14702.949438202248,39155.08760591699,1.9
3512,SI035,2022,9,0.8492383313227617,14.07,0.026104656,0.141199391,1.19,6.21564,837480000,56960,14702.949438202248,3,3,1,1,1,1,Autumn,0.35,0.23,0.44999999999999996,0.12,0.21000000000000002,0.08,1.44,SI,1,14702.949438202248,39155.08760591699,1.44
3513,SI035,2022,10,1.5111672275571515,83.53,0.027681822,0.1197155628999689,1.26,11.3454,837480000,56960,14702.949438202248,3,3,1,2,2,1,Autumn,0.7,0.23,0.44999999999999996,0.24,0.21000000000000002,0.08,1.91,SI,1,14702.949438202248,39155.08760591699,1.91
3514,SI035,2022,11,3.4789721410035206,51.25,0.030161985,0.1422297526875329,0.16,10.01535,837480000,56960,14702.949438202248,3,4,1,2,2,1,Autumn,0.7,0.23,0.44999999999999996,0.24,0.28,0.08,1.98,SI,1,14702.949438202248,39155.08760591699,1.98
3515,SI035,2022,12,1.3599842295630915,156.61,0.032423973,0.1386939,2,12.63044,837480000,56960,14702.949438202248,3,4,1,4,2,1,Winter,0.8,0.25,0.30000000000000004,0.48,0.24,0.07,2.14,SI,1,14702.949438202248,39155.08760591699,2.14
3516,SI036,2022,1,1.707962513,28.51,0.031263187,0.1644150212108521,2.6,14.59154,1619160000,75770,21369.407417183582,4,4,1,1,2,1,Winter,0.8,0.25,0.4,0.12,0.24,0.07,1.8800000000000003,SI,0.7273670738625484,14702.949438202248,39155.08760591699,1.3674500988615912
3517,SI036,2022,2,2.069423906624972,11.48,0.033756341,0.1876054464645243,0.32,9.43236,1619160000,75770,21369.407417183582,4,4,1,1,1,1,Winter,0.4,0.25,0.4,0.12,0.24,0.07,1.48,SI,0.7273670738625484,14702.949438202248,39155.08760591699,1.0765032693165717
3518,SI036,2022,3,1.2874852612583392,25.65,0.03616906,0.1645755289153959,1.09,11.48599,1619160000,75770,21369.407417183582,4,4,1,1,2,1,Spring,0.72,0.22,0.6,0.12,0.28,0.08,2.02,SI,0.7273670738625484,14702.949438202248,39155.08760591699,1.4692814892023478
3519,SI036,2022,4,1.0637753013999949,7.35,0.030652361,0.1594813275621703,1.64,7.58531,1619160000,75770,21369.407417183582,4,4,1,1,1,1,Spring,0.36,0.22,0.6,0.12,0.28,0.08,1.66,SI,0.7273670738625484,14702.949438202248,39155.08760591699,1.2074293426118303
3520,SI036,2022,5,0.9453469611651216,0.72,0.029164481,0.15706455,1.74,9.55258,1619160000,75770,21369.407417183582,4,3,1,1,1,1,Spring,0.36,0.22,0.6,0.12,0.21000000000000002,0.08,1.5899999999999999,SI,0.7273670738625484,14702.949438202248,39155.08760591699,1.156513647441452
3521,SI036,2022,6,0.8582388960120306,1.64,0.028565893,0.1400835414126898,3.51,9.66291,1619160000,75770,21369.407417183582,3,3,1,1,1,1,Summer,0.25,0.15,0.8999999999999999,0.05,0.30000000000000004,0.15,1.7999999999999998,SI,0.7273670738625484,14702.949438202248,39155.08760591699,1.309260732952587
3522,SI036,2022,7,0.939605906,4.54,0.02697533,0.1425732682851394,1.14,9.14989,1619160000,75770,21369.407417183582,3,3,1,1,1,1,Summer,0.25,0.15,0.8999999999999999,0.05,0.30000000000000004,0.15,1.7999999999999998,SI,0.7273670738625484,14702.949438202248,39155.08760591699,1.309260732952587
3523,SI036,2022,8,1.1768179387650928,19.05,0.023892626,0.1373543960380979,1,8.97564,1619160000,75770,21369.407417183582,3,3,1,1,1,1,Summer,0.25,0.15,0.8999999999999999,0.05,0.30000000000000004,0.15,1.7999999999999998,SI,0.7273670738625484,14702.949438202248,39155.08760591699,1.309260732952587
3524,SI036,2022,9,1.1932741509298452,5.62,0.027222656,0.1402832565323653,4.55,6.28682,1619160000,75770,21369.407417183582,3,3,1,1,1,1,Autumn,0.35,0.23,0.44999999999999996,0.12,0.21000000000000002,0.08,1.44,SI,0.7273670738625484,14702.949438202248,39155.08760591699,1.0474085863620697
3525,SI036,2022,10,1.6826593153022402,84.96,0.025169484,0.1215021300898937,1.37,11.96701,1619160000,75770,21369.407417183582,3,3,1,2,2,1,Autumn,0.7,0.23,0.44999999999999996,0.24,0.21000000000000002,0.08,1.91,SI,0.7273670738625484,14702.949438202248,39155.08760591699,1.3892711110774674
3526,SI036,2022,11,4.081895399808737,34.32,0.024755114,0.1405216896851247,6.19,10.04157,1619160000,75770,21369.407417183582,3,3,1,1,2,2,Autumn,0.7,0.23,0.44999999999999996,0.12,0.21000000000000002,0.16,1.8699999999999999,SI,0.7273670738625484,14702.949438202248,39155.08760591699,1.3601764281229654
3527,SI036,2022,12,0.834007798,239.17,0.029347302,0.1393133247386215,1.88,11.62076,1619160000,75770,21369.407417183582,3,3,1,5,2,1,Winter,0.8,0.25,0.30000000000000004,0.6,0.18,0.07,2.2,SI,0.7273670738625484,14702.949438202248,39155.08760591699,1.6002075624976067
3528,SI037,2022,1,1.8640577762484272,21.92,0.033443043,0.1636336514401832,2.3,9.48947,3710230000,146470,25330.98928108145,4,4,1,1,1,1,Winter,0.4,0.25,0.4,0.12,0.24,0.07,1.48,SI,0.5653533539691886,14702.949438202248,39155.08760591699,0.8367229638743992
3529,SI037,2022,2,2.013880343145573,9.05,0.031671222,0.1846080065924056,0.12,6.82348,3710230000,146470,25330.98928108145,4,4,1,1,1,1,Winter,0.4,0.25,0.4,0.12,0.24,0.07,1.48,SI,0.5653533539691886,14702.949438202248,39155.08760591699,0.8367229638743992
3530,SI037,2022,3,0.926078495,21.03,0.033236847,0.1654027668144054,2.6,9.76495,3710230000,146470,25330.98928108145,4,4,1,1,1,1,Spring,0.36,0.22,0.6,0.12,0.28,0.08,1.66,SI,0.5653533539691886,14702.949438202248,39155.08760591699,0.9384865675888531
3531,SI037,2022,4,1.1287445675172774,4.08,0.029750856,0.159337124,2.39,6.73332,3710230000,146470,25330.98928108145,4,3,1,1,1,1,Spring,0.36,0.22,0.6,0.12,0.21000000000000002,0.08,1.5899999999999999,SI,0.5653533539691886,14702.949438202248,39155.08760591699,0.8989118328110098
3532,SI037,2022,5,0.7755261681675703,0.73,0.027666918,0.1569179845955736,1.38,8.77682,3710230000,146470,25330.98928108145,4,3,1,1,1,1,Spring,0.36,0.22,0.6,0.12,0.21000000000000002,0.08,1.5899999999999999,SI,0.5653533539691886,14702.949438202248,39155.08760591699,0.8989118328110098
3533,SI037,2022,6,1.0122899436884825,0.76,0.02571545,0.1392704527463459,1.87,9.1514,3710230000,146470,25330.98928108145,3,3,1,1,1,1,Summer,0.25,0.15,0.8999999999999999,0.05,0.30000000000000004,0.15,1.7999999999999998,SI,0.5653533539691886,14702.949438202248,39155.08760591699,1.0176360371445394
3534,SI037,2022,7,1.114694693474506,4.29,0.025348598,0.1409546589293508,1.92,8.37709,3710230000,146470,25330.98928108145,3,3,1,1,1,1,Summer,0.25,0.15,0.8999999999999999,0.05,0.30000000000000004,0.15,1.7999999999999998,SI,0.5653533539691886,14702.949438202248,39155.08760591699,1.0176360371445394
3535,SI037,2022,8,1.104090725087683,23.84,0.025851928,0.1358859935005487,1.19,7.98347,3710230000,146470,25330.98928108145,3,3,1,1,1,1,Summer,0.25,0.15,0.8999999999999999,0.05,0.30000000000000004,0.15,1.7999999999999998,SI,0.5653533539691886,14702.949438202248,39155.08760591699,1.0176360371445394
3536,SI037,2022,9,0.8400789486094847,9.28,0.024794958,0.1394510186418011,2.52,5.01559,3710230000,146470,25330.98928108145,3,3,1,1,1,1,Autumn,0.35,0.23,0.44999999999999996,0.12,0.21000000000000002,0.08,1.44,SI,0.5653533539691886,14702.949438202248,39155.08760591699,0.8141088297156316
3537,SI037,2022,10,1.199760709024061,46.04,0.02580789,0.1203118376560825,0.98,9.08161,3710230000,146470,25330.98928108145,3,3,1,1,1,1,Autumn,0.35,0.23,0.44999999999999996,0.12,0.21000000000000002,0.08,1.44,SI,0.5653533539691886,14702.949438202248,39155.08760591699,0.8141088297156316
3538,SI037,2022,11,2.356958425262204,45.72,0.030575757,0.1424792132970522,2.36,7.36843,3710230000,146470,25330.98928108145,3,4,1,1,1,1,Autumn,0.35,0.23,0.44999999999999996,0.12,0.28,0.08,1.51,SI,0.5653533539691886,14702.949438202248,39155.08760591699,0.8536835644934748
3539,SI037,2022,12,0.9687708119110884,157.72,0.02579988,0.1378868445439899,1.06,6.72746,3710230000,146470,25330.98928108145,3,3,1,4,1,1,Winter,0.4,0.25,0.30000000000000004,0.48,0.18,0.07,1.6800000000000002,SI,0.5653533539691886,14702.949438202248,39155.08760591699,0.949793635
3540,SI038,2022,1,2.181454998142044,71.36,0.028975684,0.1640169089322875,0.74,11.25729,993710000,53420,18601.834518906777,4,3,1,2,2,1,Winter,0.8,0.25,0.4,0.24,0.18,0.07,1.9400000000000002,SI,0.8405503414890563,14702.949438202248,39155.08760591699,1.6306676624887693
3541,SI038,2022,2,1.8415992342664125,18.19,0.030757869,0.177184905,1.55,8.30211,993710000,53420,18601.834518906777,4,4,1,1,1,1,Winter,0.4,0.25,0.4,0.12,0.24,0.07,1.48,SI,0.8405503414890563,14702.949438202248,39155.08760591699,1.2440145054038032
3542,SI038,2022,3,1.2305459787799429,29.28,0.033868857,0.1659160567154013,4.17,10.13629,993710000,53420,18601.834518906777,4,4,1,1,2,1,Spring,0.72,0.22,0.6,0.12,0.28,0.08,2.02,SI,0.8405503414890563,14702.949438202248,39155.08760591699,1.6979116898078936
3543,SI038,2022,4,0.9083772962031434,5.25,0.028706768,0.1585091831443392,1.58,7.16036,993710000,53420,18601.834518906777,4,3,1,1,1,1,Spring,0.36,0.22,0.6,0.12,0.21000000000000002,0.08,1.5899999999999999,SI,0.8405503414890563,14702.949438202248,39155.08760591699,1.3364750429675993
3544,SI038,2022,5,0.5538341214356417,1.14,0.027162645,0.1548614704623948,0.21,9.67336,993710000,53420,18601.834518906777,4,3,1,1,1,1,Spring,0.36,0.22,0.6,0.12,0.21000000000000002,0.08,1.5899999999999999,SI,0.8405503414890563,14702.949438202248,39155.08760591699,1.3364750429675993
3545,SI038,2022,6,0.9020224546673266,2.15,0.022676022,0.1394641450715025,2.02,10.23286,993710000,53420,18601.834518906777,3,3,1,1,2,1,Summer,0.5,0.15,0.8999999999999999,0.05,0.30000000000000004,0.15,2.05,SI,0.8405503414890563,14702.949438202248,39155.08760591699,1.7231282000525652
3546,SI038,2022,7,1.6383822864020283,29.93,0.024552932,0.1392108258564641,1.69,9.15662,993710000,53420,18601.834518906777,3,3,1,1,1,1,Summer,0.25,0.15,0.8999999999999999,0.05,0.30000000000000004,0.15,1.7999999999999998,SI,0.8405503414890563,14702.949438202248,39155.08760591699,1.5129906146803012
3547,SI038,2022,8,1.1104443156517958,0.24,0.028440454,0.1343508990822922,4.3,8.25895,993710000,53420,18601.834518906777,3,3,1,1,1,1,Summer,0.25,0.15,0.8999999999999999,0.05,0.30000000000000004,0.15,1.7999999999999998,SI,0.8405503414890563,14702.949438202248,39155.08760591699,1.5129906146803012
3548,SI038,2022,9,0.7828096909771601,27.5,0.025566881,0.1409064219369976,1.81,5.41956,993710000,53420,18601.834518906777,3,3,1,1,1,1,Autumn,0.35,0.23,0.44999999999999996,0.12,0.21000000000000002,0.08,1.44,SI,0.8405503414890563,14702.949438202248,39155.08760591699,1.210392491744241
3549,SI038,2022,10,1.5892446514875431,31.5,0.025575223,0.1195886293766366,1.47,9.83324,993710000,53420,18601.834518906777,3,3,1,1,1,1,Autumn,0.35,0.23,0.44999999999999996,0.12,0.21000000000000002,0.08,1.44,SI,0.8405503414890563,14702.949438202248,39155.08760591699,1.210392491744241
3550,SI038,2022,11,2.151747523136293,29.67,0.027956454,0.1430171181691568,0.87,7.626,993710000,53420,18601.834518906777,3,3,1,1,1,1,Autumn,0.35,0.23,0.44999999999999996,0.12,0.21000000000000002,0.08,1.44,SI,0.8405503414890563,14702.949438202248,39155.08760591699,1.210392491744241
3551,SI038,2022,12,1.253768175396348,120.77,0.027071247,0.1359450794339944,0.23,7.796,993710000,53420,18601.834518906777,3,3,1,3,1,1,Winter,0.4,0.25,0.30000000000000004,0.36,0.18,0.07,1.56,SI,0.8405503414890563,14702.949438202248,39155.08760591699,1.3112585327229278
3552,SI041,2022,1,2.5699064674263994,18.33,0.032551896,0.164840206,4.66,15.12587,21810950000,557040,39155.08760591699,4,4,1,1,3,1,Winter,1.2000000000000002,0.25,0.4,0.12,0.24,0.07,2.28,SI,0,14702.949438202248,39155.08760591699,0
3553,SI041,2022,2,3.4764059437153207,22.48,0.032926614,0.1791193434456619,0.78,10.60079,21810950000,557040,39155.08760591699,4,4,1,1,2,1,Winter,0.8,0.25,0.4,0.12,0.24,0.07,1.8800000000000003,SI,0,14702.949438202248,39155.08760591699,0
3554,SI041,2022,3,1.282989983657631,23.44,0.032160698,0.1660850914973717,3.63,10.97603,21810950000,557040,39155.08760591699,4,4,1,1,2,1,Spring,0.72,0.22,0.6,0.12,0.28,0.08,2.02,SI,0,14702.949438202248,39155.08760591699,0
3555,SI041,2022,4,0.9664737797940496,2.22,0.029722693,0.1587173012190768,2.29,7.4224,21810950000,557040,39155.08760591699,4,3,1,1,1,1,Spring,0.36,0.22,0.6,0.12,0.21000000000000002,0.08,1.5899999999999999,SI,0,14702.949438202248,39155.08760591699,0
3556,SI041,2022,5,1.2036143943651203,4.07,0.026988329,0.1571738411520818,2.67,9.50613,21810950000,557040,39155.08760591699,4,3,1,1,1,1,Spring,0.36,0.22,0.6,0.12,0.21000000000000002,0.08,1.5899999999999999,SI,0,14702.949438202248,39155.08760591699,0
3557,SI041,2022,6,1.0861007923940051,5.13,0.025094421,0.1397304273723662,2.27,9.72312,21810950000,557040,39155.08760591699,3,3,1,1,1,1,Summer,0.25,0.15,0.8999999999999999,0.05,0.30000000000000004,0.15,1.7999999999999998,SI,0,14702.949438202248,39155.08760591699,0
3558,SI041,2022,7,1.316165915206016,1.74,0.024142879,0.1398645956705338,2.47,9.0533,21810950000,557040,39155.08760591699,3,3,1,1,1,1,Summer,0.25,0.15,0.8999999999999999,0.05,0.30000000000000004,0.15,1.7999999999999998,SI,0,14702.949438202248,39155.08760591699,0
3559,SI041,2022,8,1.303210318,1.6,0.025407792,0.1360864706150342,4.25,8.32003,21810950000,557040,39155.08760591699,3,3,1,1,1,1,Summer,0.25,0.15,0.8999999999999999,0.05,0.30000000000000004,0.15,1.7999999999999998,SI,0,14702.949438202248,39155.08760591699,0
3560,SI041,2022,9,0.8614602931696943,17.24,0.024504718,0.1409127262605844,2.4,5.79501,21810950000,557040,39155.08760591699,3,3,1,1,1,1,Autumn,0.35,0.23,0.44999999999999996,0.12,0.21000000000000002,0.08,1.44,SI,0,14702.949438202248,39155.08760591699,0
3561,SI041,2022,10,1.529622574923769,49.81,0.026088298,0.119474449,1.85,10.60879,21810950000,557040,39155.08760591699,3,3,1,1,2,1,Autumn,0.7,0.23,0.44999999999999996,0.12,0.21000000000000002,0.08,1.79,SI,0,14702.949438202248,39155.08760591699,0
3562,SI041,2022,11,2.8104394140680307,20.06,0.031968326,0.14331293,2.63,9.27352,21810950000,557040,39155.08760591699,3,4,1,1,1,1,Autumn,0.35,0.23,0.44999999999999996,0.12,0.28,0.08,1.51,SI,0,14702.949438202248,39155.08760591699,0
3563,SI041,2022,12,1.1814320860921943,181.61,0.026339242,0.1375179556433276,1.61,10.7852,21810950000,557040,39155.08760591699,3,3,1,4,2,1,Winter,0.8,0.25,0.30000000000000004,0.48,0.18,0.07,2.08,SI,0,14702.949438202248,39155.08760591699,0
3564,SI042,2022,1,1.015490402945788,16.06,0.028615557,0.1661757267451344,4.73,16.08753,4978510000,210810,23616.099805512073,4,3,1,1,3,1,Winter,1.2000000000000002,0.25,0.4,0.12,0.18,0.07,2.22,SI,0.6354858496964385,14702.949438202248,39155.08760591699,1.4107785863260935
3565,SI042,2022,2,2.016961331113717,10.3,0.030589621,0.1735562713177758,1.22,11.43263,4978510000,210810,23616.099805512073,4,4,1,1,2,1,Winter,0.8,0.25,0.4,0.12,0.24,0.07,1.8800000000000003,SI,0.6354858496964385,14702.949438202248,39155.08760591699,1.1947133974293047
3566,SI042,2022,3,1.0634456433739063,18.41,0.030378719,0.1649854979615695,2.85,11.8021,4978510000,210810,23616.099805512073,4,4,1,1,2,1,Spring,0.72,0.22,0.6,0.12,0.28,0.08,2.02,SI,0.6354858496964385,14702.949438202248,39155.08760591699,1.2836814163868058
3567,SI042,2022,4,0.7490366744277801,3.11,0.029442777,0.1607888459710267,1.14,7.49042,4978510000,210810,23616.099805512073,4,3,1,1,1,1,Spring,0.36,0.22,0.6,0.12,0.21000000000000002,0.08,1.5899999999999999,SI,0.6354858496964385,14702.949438202248,39155.08760591699,1.010422501017337
3568,SI042,2022,5,0.9098492629351012,1.56,0.026707474,0.1564549981124431,1.05,9.06875,4978510000,210810,23616.099805512073,4,3,1,1,1,1,Spring,0.36,0.22,0.6,0.12,0.21000000000000002,0.08,1.5899999999999999,SI,0.6354858496964385,14702.949438202248,39155.08760591699,1.010422501017337
3569,SI042,2022,6,0.75532882,3.13,0.02298288,0.1382316300413038,1.44,9.21345,4978510000,210810,23616.099805512073,3,3,1,1,1,1,Summer,0.25,0.15,0.8999999999999999,0.05,0.30000000000000004,0.15,1.7999999999999998,SI,0.6354858496964385,14702.949438202248,39155.08760591699,1.1438745294535893
3570,SI042,2022,7,1.282611093438942,3.32,0.025616921,0.138737316,2.55,9.04804,4978510000,210810,23616.099805512073,3,3,1,1,1,1,Summer,0.25,0.15,0.8999999999999999,0.05,0.30000000000000004,0.15,1.7999999999999998,SI,0.6354858496964385,14702.949438202248,39155.08760591699,1.1438745294535893
3571,SI042,2022,8,1.0874993344219497,2.58,0.025427489,0.1351201468324595,2.92,7.72531,4978510000,210810,23616.099805512073,3,3,1,1,1,1,Summer,0.25,0.15,0.8999999999999999,0.05,0.30000000000000004,0.15,1.7999999999999998,SI,0.6354858496964385,14702.949438202248,39155.08760591699,1.1438745294535893
3572,SI042,2022,9,1.067206918,38.55,0.025916301,0.1404018355892058,2.34,5.63456,4978510000,210810,23616.099805512073,3,3,1,1,1,1,Autumn,0.35,0.23,0.44999999999999996,0.12,0.21000000000000002,0.08,1.44,SI,0.6354858496964385,14702.949438202248,39155.08760591699,0.9150996235628714
3573,SI042,2022,10,1.456186688024953,42.49,0.022572932,0.1192407328871044,0.15,10.1772,4978510000,210810,23616.099805512073,3,3,1,1,2,1,Autumn,0.7,0.23,0.44999999999999996,0.12,0.21000000000000002,0.08,1.79,SI,0.6354858496964385,14702.949438202248,39155.08760591699,1.1375196709566249
3574,SI042,2022,11,2.1644047614670145,49.59,0.026166793,0.1433035508674279,3.55,9.17606,4978510000,210810,23616.099805512073,3,3,1,1,1,1,Autumn,0.35,0.23,0.44999999999999996,0.12,0.21000000000000002,0.08,1.44,SI,0.6354858496964385,14702.949438202248,39155.08760591699,0.9150996235628714
3575,SI042,2022,12,0.8231330821917763,123.59,0.026088556,0.1365918306537994,2.04,12.18698,4978510000,210810,23616.099805512073,3,3,1,3,2,1,Winter,0.8,0.25,0.30000000000000004,0.36,0.18,0.07,1.96,SI,0.6354858496964385,14702.949438202248,39155.08760591699,1.2455522654050195
3576,SI043,2022,1,1.079695196835928,6.21,0.032237206,0.1655280253087697,2.19,15.82043,2813100000,118240,23791.441136671176,4,4,1,1,3,1,Winter,1.2000000000000002,0.25,0.4,0.12,0.24,0.07,2.28,SI,0.6283150521998575,14702.949438202248,39155.08760591699,1.432558319015675
3577,SI043,2022,2,2.0415041920123547,11.48,0.034176664,0.1719652510092589,1.5,11.96983,2813100000,118240,23791.441136671176,4,4,1,1,2,1,Winter,0.8,0.25,0.4,0.12,0.24,0.07,1.8800000000000003,SI,0.6283150521998575,14702.949438202248,39155.08760591699,1.1812322981357324
3578,SI043,2022,3,1.1720349067021534,9.91,0.032861111,0.1654329957877033,2.35,12.27786,2813100000,118240,23791.441136671176,4,4,1,1,2,1,Spring,0.72,0.22,0.6,0.12,0.28,0.08,2.02,SI,0.6283150521998575,14702.949438202248,39155.08760591699,1.2691964054437122
3579,SI043,2022,4,0.7003120057994966,2.08,0.029561376,0.1604042894698212,1.58,7.89681,2813100000,118240,23791.441136671176,4,3,1,1,1,1,Spring,0.36,0.22,0.6,0.12,0.21000000000000002,0.08,1.5899999999999999,SI,0.6283150521998575,14702.949438202248,39155.08760591699,0.9990209329977734
3580,SI043,2022,5,0.9573689890225674,1.37,0.025364403,0.1561828140706998,0.92,9.85115,2813100000,118240,23791.441136671176,4,3,1,1,1,1,Spring,0.36,0.22,0.6,0.12,0.21000000000000002,0.08,1.5899999999999999,SI,0.6283150521998575,14702.949438202248,39155.08760591699,0.9990209329977734
3581,SI043,2022,6,0.8816499608053059,2.99,0.024413366,0.1386361565086992,2.06,10.15487,2813100000,118240,23791.441136671176,3,3,1,1,2,1,Summer,0.5,0.15,0.8999999999999999,0.05,0.30000000000000004,0.15,2.05,SI,0.6283150521998575,14702.949438202248,39155.08760591699,1.2880458570097078
3582,SI043,2022,7,1.4820789746955851,14.4,0.027256475,0.1380319467122327,3.82,12.15138,2813100000,118240,23791.441136671176,3,3,1,1,2,1,Summer,0.5,0.15,0.8999999999999999,0.05,0.30000000000000004,0.15,2.05,SI,0.6283150521998575,14702.949438202248,39155.08760591699,1.2880458570097078
3583,SI043,2022,8,1.659551790487818,3.62,0.021945012,0.1352739060112351,4.23,8.6863,2813100000,118240,23791.441136671176,3,3,1,1,1,1,Summer,0.25,0.15,0.8999999999999999,0.05,0.30000000000000004,0.15,1.7999999999999998,SI,0.6283150521998575,14702.949438202248,39155.08760591699,1.1309670939597434
3584,SI043,2022,9,0.9319260504113224,40.51,0.026580749,0.1401273010557163,3.22,6.1625,2813100000,118240,23791.441136671176,3,3,1,1,1,1,Autumn,0.35,0.23,0.44999999999999996,0.12,0.21000000000000002,0.08,1.44,SI,0.6283150521998575,14702.949438202248,39155.08760591699,0.9047736751677947
3585,SI043,2022,10,1.5366305285482824,45.31,0.022245961,0.1198595263354755,0.35,11.08992,2813100000,118240,23791.441136671176,3,3,1,1,2,1,Autumn,0.7,0.23,0.44999999999999996,0.12,0.21000000000000002,0.08,1.79,SI,0.6283150521998575,14702.949438202248,39155.08760591699,1.124683943437745
3586,SI043,2022,11,2.3034155936818723,29.83,0.026381205,0.1444769821317019,2.25,9.39981,2813100000,118240,23791.441136671176,3,3,1,1,1,1,Autumn,0.35,0.23,0.44999999999999996,0.12,0.21000000000000002,0.08,1.44,SI,0.6283150521998575,14702.949438202248,39155.08760591699,0.9047736751677947
3587,SI043,2022,12,1.8792820767715557,97.35,0.026117089,0.1354316408373851,0.6,12.84726,2813100000,118240,23791.441136671176,3,3,1,2,2,1,Winter,0.8,0.25,0.30000000000000004,0.24,0.18,0.07,1.84,SI,0.6283150521998575,14702.949438202248,39155.08760591699,1.1560996960477379
3588,SI044,2022,1,1.8632312679307477,27.11,0.036268654,0.1646380772958481,0.3,13.67946,3088860000,118460,26075.13084585514,4,4,1,1,2,1,Winter,0.8,0.25,0.4,0.12,0.24,0.07,1.8800000000000003,SI,0.5349207774938842,14702.949438202248,39155.08760591699,1.0056510616885026
3589,SI044,2022,2,1.957095859999797,5.9,0.035903164,0.1747430613794389,3.75,9.72792,3088860000,118460,26075.13084585514,4,4,1,1,1,1,Winter,0.4,0.25,0.4,0.12,0.24,0.07,1.48,SI,0.5349207774938842,14702.949438202248,39155.08760591699,0.7916827506909486
3590,SI044,2022,3,2.4806927575592628,16.16,0.034394495,0.1666803687910702,3.25,11.3165,3088860000,118460,26075.13084585514,4,4,1,1,2,1,Spring,0.72,0.22,0.6,0.12,0.28,0.08,2.02,SI,0.5349207774938842,14702.949438202248,39155.08760591699,1.0805399705376462
3591,SI044,2022,4,1.0530030629970542,5.49,0.031142647,0.1587462002850135,2.68,7.81507,3088860000,118460,26075.13084585514,4,4,1,1,1,1,Spring,0.36,0.22,0.6,0.12,0.28,0.08,1.66,SI,0.5349207774938842,14702.949438202248,39155.08760591699,0.8879684906398477
3592,SI044,2022,5,1.1393166732179476,5.36,0.026004595,0.1569227806303947,3.46,10.75867,3088860000,118460,26075.13084585514,4,3,1,1,2,1,Spring,0.72,0.22,0.6,0.12,0.21000000000000002,0.08,1.9500000000000002,SI,0.5349207774938842,14702.949438202248,39155.08760591699,1.0430955161130744
3593,SI044,2022,6,1.3051465497142347,12.47,0.024471639,0.1397209974665647,3.56,11.29945,3088860000,118460,26075.13084585514,3,3,1,1,2,1,Summer,0.5,0.15,0.8999999999999999,0.05,0.30000000000000004,0.15,2.05,SI,0.5349207774938842,14702.949438202248,39155.08760591699,1.0965875938624625
3594,SI044,2022,7,1.3442061886937544,2.45,0.026057723,0.1401673491228166,3.46,10.77285,3088860000,118460,26075.13084585514,3,3,1,1,2,1,Summer,0.5,0.15,0.8999999999999999,0.05,0.30000000000000004,0.15,2.05,SI,0.5349207774938842,14702.949438202248,39155.08760591699,1.0965875938624625
3595,SI044,2022,8,1.165537711488973,28.83,0.026951489,0.1362341185920026,3.57,9.30949,3088860000,118460,26075.13084585514,3,3,1,1,1,1,Summer,0.25,0.15,0.8999999999999999,0.05,0.30000000000000004,0.15,1.7999999999999998,SI,0.5349207774938842,14702.949438202248,39155.08760591699,0.9628573994889915
3596,SI044,2022,9,0.8757504435690402,17.81,0.028037376,0.1411365233939027,2.31,6.30035,3088860000,118460,26075.13084585514,3,3,1,1,1,1,Autumn,0.35,0.23,0.44999999999999996,0.12,0.21000000000000002,0.08,1.44,SI,0.5349207774938842,14702.949438202248,39155.08760591699,0.7702859195911933
3597,SI044,2022,10,2.445955742520925,42.98,0.033045273,0.1203009524409734,2.03,11.82993,3088860000,118460,26075.13084585514,3,4,1,1,2,1,Autumn,0.7,0.23,0.44999999999999996,0.12,0.28,0.08,1.86,SI,0.5349207774938842,14702.949438202248,39155.08760591699,0.9949526461386247
3598,SI044,2022,11,2.238056672772081,11.42,0.03041277,0.1431061583242937,2.05,8.46644,3088860000,118460,26075.13084585514,3,4,1,1,1,1,Autumn,0.35,0.23,0.44999999999999996,0.12,0.28,0.08,1.51,SI,0.5349207774938842,14702.949438202248,39155.08760591699,0.8077303740157652
3599,SI044,2022,12,1.4887815968786753,72.36,0.027447713,0.1352852263925545,2.26,9.95637,3088860000,118460,26075.13084585514,3,3,1,2,1,1,Winter,0.4,0.25,0.30000000000000004,0.24,0.18,0.07,1.44,SI,0.5349207774938842,14702.949438202248,39155.08760591699,0.7702859195911933
3600,SI031,2023,1,2.903929530548702,46.18,0.031531834,0.1445287521629127,0.43,9.9701,2319810000,113940,20359.926276987888,3,4,1,1,1,1,Winter,0.4,0.25,0.30000000000000004,0.12,0.24,0.07,1.3800000000000001,SI,0.8611505731880095,16456.78365636459,44567.397507931724,1.1883877909994531
3601,SI031,2023,2,2.771536682079752,27.94,0.035204784,0.1472051905026224,0.36,16.58817,2319810000,113940,20359.926276987888,3,4,1,1,3,1,Winter,1.2000000000000002,0.25,0.30000000000000004,0.12,0.24,0.07,2.18,SI,0.8611505731880095,16456.78365636459,44567.397507931724,1.8773082495498608
3602,SI031,2023,3,0.7907140077532244,10.01,0.036018573,0.1499752505506071,1.24,10.04839,2319810000,113940,20359.926276987888,3,4,1,1,2,1,Spring,0.72,0.22,0.44999999999999996,0.12,0.28,0.08,1.8699999999999999,SI,0.8611505731880095,16456.78365636459,44567.397507931724,1.6103515718615775
3603,SI031,2023,4,0.8216582485778119,0.74,0.0308676,0.1537938354602344,0.73,7.9442,2319810000,113940,20359.926276987888,4,4,1,1,1,1,Spring,0.36,0.22,0.6,0.12,0.28,0.08,1.66,SI,0.8611505731880095,16456.78365636459,44567.397507931724,1.4295099514920957
3604,SI031,2023,5,1.4036965096831564,2.6,0.036451012,0.1509809342916306,1.5,4.64753,2319810000,113940,20359.926276987888,4,4,1,1,1,1,Spring,0.36,0.22,0.6,0.12,0.28,0.08,1.66,SI,0.8611505731880095,16456.78365636459,44567.397507931724,1.4295099514920957
3605,SI031,2023,6,1.792126386333173,6.73,0.03348949,0.1435025206290447,4.11,12.13734,2319810000,113940,20359.926276987888,3,4,1,1,2,1,Summer,0.5,0.15,0.8999999999999999,0.05,0.4,0.15,2.15,SI,0.8611505731880095,16456.78365636459,44567.397507931724,1.8514737323542203
3606,SI031,2023,7,0.8335330482747932,1.24,0.03701757,0.1494715393096774,1.23,11.36518,2319810000,113940,20359.926276987888,3,4,1,1,2,1,Summer,0.5,0.15,0.8999999999999999,0.05,0.4,0.15,2.15,SI,0.8611505731880095,16456.78365636459,44567.397507931724,1.8514737323542203
3607,SI031,2023,8,0.7539043638762887,9.66,0.045944532,0.1444945942009675,1.64,11.50146,2319810000,113940,20359.926276987888,3,4,1,1,2,1,Summer,0.5,0.15,0.8999999999999999,0.05,0.4,0.15,2.15,SI,0.8611505731880095,16456.78365636459,44567.397507931724,1.8514737323542203
3608,SI031,2023,9,1.0414776929163232,2.45,0.037136477,0.1265324351537366,2.81,10.92292,2319810000,113940,20359.926276987888,3,4,1,1,2,1,Autumn,0.7,0.23,0.44999999999999996,0.12,0.28,0.08,1.86,SI,0.8611505731880095,16456.78365636459,44567.397507931724,1.6017400661296977
3609,SI031,2023,10,1.5102784611594424,6.75,0.029732506,0.1435025267579786,1.09,10.54764,2319810000,113940,20359.926276987888,3,3,1,1,2,1,Autumn,0.7,0.23,0.44999999999999996,0.12,0.21000000000000002,0.08,1.79,SI,0.8611505731880095,16456.78365636459,44567.397507931724,1.541459526006537
3610,SI031,2023,11,2.651953982344418,47.85,0.029996068,0.137074673,1.08,8.6475,2319810000,113940,20359.926276987888,3,3,1,1,1,1,Autumn,0.35,0.23,0.44999999999999996,0.12,0.21000000000000002,0.08,1.44,SI,0.8611505731880095,16456.78365636459,44567.397507931724,1.2400568253907336
3611,SI031,2023,12,0.9861849634158006,122.1,0.038140777,0.1318034896372008,6.84,16.15673,2319810000,113940,20359.926276987888,3,4,1,3,3,2,Winter,1.2000000000000002,0.25,0.30000000000000004,0.36,0.24,0.14,2.4900000000000007,SI,0.8611505731880095,16456.78365636459,44567.397507931724,2.144264927238144
3612,SI032,2023,1,1.9532731877113856,28.95,0.031712716,0.1444073090630796,0.6,10.96383,8086230000,329690,24526.76756953502,3,4,1,1,2,1,Winter,0.8,0.25,0.30000000000000004,0.12,0.24,0.07,1.7800000000000002,SI,0.7129203952719612,16456.78365636459,44567.397507931724,1.268998303584091
3613,SI032,2023,2,2.408360033184056,51.33,0.035649429,0.1478955164617889,2.36,18.27137,8086230000,329690,24526.76756953502,3,4,1,2,3,1,Winter,1.2000000000000002,0.25,0.30000000000000004,0.24,0.24,0.07,2.3000000000000003,SI,0.7129203952719612,16456.78365636459,44567.397507931724,1.6397169091255108
3614,SI032,2023,3,1.3612097822252929,17.21,0.038551817,0.1496152096872341,2.55,10.70153,8086230000,329690,24526.76756953502,3,4,1,1,2,1,Spring,0.72,0.22,0.44999999999999996,0.12,0.28,0.08,1.8699999999999999,SI,0.7129203952719612,16456.78365636459,44567.397507931724,1.3331611391585674
3615,SI032,2023,4,0.6897645426719489,5.42,0.031157723,0.1533779479384753,0.39,8.22183,8086230000,329690,24526.76756953502,4,4,1,1,1,1,Spring,0.36,0.22,0.6,0.12,0.28,0.08,1.66,SI,0.7129203952719612,16456.78365636459,44567.397507931724,1.1834478561514554
3616,SI032,2023,5,1.281634570477134,0.34,0.033689461,0.1490572054511864,0.94,4.59886,8086230000,329690,24526.76756953502,3,4,1,1,1,1,Spring,0.36,0.22,0.44999999999999996,0.12,0.28,0.08,1.51,SI,0.7129203952719612,16456.78365636459,44567.397507931724,1.0765097968606614
3617,SI032,2023,6,1.6566902661702751,2.12,0.032617476,0.1421998624828502,4.72,12.32036,8086230000,329690,24526.76756953502,3,4,1,1,2,1,Summer,0.5,0.15,0.8999999999999999,0.05,0.4,0.15,2.15,SI,0.7129203952719612,16456.78365636459,44567.397507931724,1.5327788498347164
3618,SI032,2023,7,0.750515856,11.18,0.035614976,0.1497798465507092,2.15,10.96947,8086230000,329690,24526.76756953502,3,4,1,1,2,1,Summer,0.5,0.15,0.8999999999999999,0.05,0.4,0.15,2.15,SI,0.7129203952719612,16456.78365636459,44567.397507931724,1.5327788498347164
3619,SI032,2023,8,0.5933738679677564,3.67,0.041963436,0.1445016805339591,2.97,11.12434,8086230000,329690,24526.76756953502,3,4,1,1,2,1,Summer,0.5,0.15,0.8999999999999999,0.05,0.4,0.15,2.15,SI,0.7129203952719612,16456.78365636459,44567.397507931724,1.5327788498347164
3620,SI032,2023,9,1.6020541110518312,14.41,0.033548617,0.1261913196873172,3.88,10.50529,8086230000,329690,24526.76756953502,3,4,1,1,2,1,Autumn,0.7,0.23,0.44999999999999996,0.12,0.28,0.08,1.86,SI,0.7129203952719612,16456.78365636459,44567.397507931724,1.3260319352058478
3621,SI032,2023,10,0.9693385954696232,41.68,0.029431024,0.1436703748397051,1.3,10.53673,8086230000,329690,24526.76756953502,3,3,1,1,2,1,Autumn,0.7,0.23,0.44999999999999996,0.12,0.21000000000000002,0.08,1.79,SI,0.7129203952719612,16456.78365636459,44567.397507931724,1.2761275075368106
3622,SI032,2023,11,3.005125095133484,50.25,0.028708858,0.1353297202446516,3.05,8.98817,8086230000,329690,24526.76756953502,3,3,1,2,1,1,Autumn,0.35,0.23,0.44999999999999996,0.24,0.21000000000000002,0.08,1.5599999999999998,SI,0.7129203952719612,16456.78365636459,44567.397507931724,1.1121558166242593
3623,SI032,2023,12,1.284969239998834,122.12,0.036327756,0.1327637784711715,1.75,15.80883,8086230000,329690,24526.76756953502,3,4,1,3,3,1,Winter,1.2000000000000002,0.25,0.30000000000000004,0.36,0.24,0.07,2.4200000000000004,SI,0.7129203952719612,16456.78365636459,44567.397507931724,1.7252673565581462
3624,SI033,2023,1,1.4060305028842432,20.87,0.038249968,0.1426706618959794,4.9,10.7557,1606980000,70660,22742.42853099349,3,4,1,1,2,1,Winter,0.8,0.25,0.30000000000000004,0.12,0.24,0.07,1.7800000000000002,SI,0.7763960293496586,16456.78365636459,44567.397507931724,1.3819849322423925
3625,SI033,2023,2,1.6735112036161692,36.13,0.029641529,0.1466651765361632,2.2,16.58213,1606980000,70660,22742.42853099349,3,3,1,1,3,1,Winter,1.2000000000000002,0.25,0.30000000000000004,0.12,0.18,0.07,2.12,SI,0.7763960293496586,16456.78365636459,44567.397507931724,1.6459595822212763
3626,SI033,2023,3,1.0154790240872018,19.92,0.036966304,0.1489494974243349,2.16,10.36837,1606980000,70660,22742.42853099349,3,4,1,1,2,1,Spring,0.72,0.22,0.44999999999999996,0.12,0.28,0.08,1.8699999999999999,SI,0.7763960293496586,16456.78365636459,44567.397507931724,1.4518605748838613
3627,SI033,2023,4,0.8291489764327914,1.96,0.030249505,0.152105519,1.78,7.42049,1606980000,70660,22742.42853099349,4,4,1,1,1,1,Spring,0.36,0.22,0.6,0.12,0.28,0.08,1.66,SI,0.7763960293496586,16456.78365636459,44567.397507931724,1.2888174087204332
3628,SI033,2023,5,1.0565828959379862,3,0.030343292,0.1487991317373974,3.81,3.56236,1606980000,70660,22742.42853099349,3,4,1,1,1,1,Spring,0.36,0.22,0.44999999999999996,0.12,0.28,0.08,1.51,SI,0.7763960293496586,16456.78365636459,44567.397507931724,1.1723580043179844
3629,SI033,2023,6,1.410229938050188,4.19,0.033320669,0.1424023599009444,4.42,10.84767,1606980000,70660,22742.42853099349,3,4,1,1,2,1,Summer,0.5,0.15,0.8999999999999999,0.05,0.4,0.15,2.15,SI,0.7763960293496586,16456.78365636459,44567.397507931724,1.6692514631017659
3630,SI033,2023,7,0.8748703570255542,0.15,0.034383838,0.1515862187384386,0.83,9.44717,1606980000,70660,22742.42853099349,4,4,1,1,1,1,Summer,0.25,0.15,1.2,0.05,0.4,0.15,2.2,SI,0.7763960293496586,16456.78365636459,44567.397507931724,1.708071264569249
3631,SI033,2023,8,0.4252995334437318,1.45,0.039817145,0.1435805219360302,1.52,9.36166,1606980000,70660,22742.42853099349,3,4,1,1,1,1,Summer,0.25,0.15,0.8999999999999999,0.05,0.4,0.15,1.9,SI,0.7763960293496586,16456.78365636459,44567.397507931724,1.4751524557643512
3632,SI033,2023,9,1.071894128240328,39.98,0.030720397,0.125579131,2.86,8.8305,1606980000,70660,22742.42853099349,3,4,1,1,1,1,Autumn,0.35,0.23,0.44999999999999996,0.12,0.28,0.08,1.51,SI,0.7763960293496586,16456.78365636459,44567.397507931724,1.1723580043179844
3633,SI033,2023,10,1.3229985517363387,0.45,0.027217666,0.1448303908959623,3.42,9.31851,1606980000,70660,22742.42853099349,3,3,1,1,1,1,Autumn,0.35,0.23,0.44999999999999996,0.12,0.21000000000000002,0.08,1.44,SI,0.7763960293496586,16456.78365636459,44567.397507931724,1.1180102822635083
3634,SI033,2023,11,2.6083506222501787,36.73,0.026542208,0.1355149158244299,1.5,7.28874,1606980000,70660,22742.42853099349,3,3,1,1,1,1,Autumn,0.35,0.23,0.44999999999999996,0.12,0.21000000000000002,0.08,1.44,SI,0.7763960293496586,16456.78365636459,44567.397507931724,1.1180102822635083
3635,SI033,2023,12,1.591561149897723,156.37,0.029836598,0.1332519496090247,1.93,13.01956,1606980000,70660,22742.42853099349,3,3,1,4,2,1,Winter,0.8,0.25,0.30000000000000004,0.48,0.18,0.07,2.08,SI,0.7763960293496586,16456.78365636459,44567.397507931724,1.614903741
3636,SI034,2023,1,1.7585937524766946,24,0.031830389,0.143738195,0.92,10.15725,6816960000,261090,26109.617373319546,3,4,1,1,2,1,Winter,0.8,0.25,0.30000000000000004,0.12,0.24,0.07,1.7800000000000002,SI,0.6566124892211551,16456.78365636459,44567.397507931724,1.1687702308136563
3637,SI034,2023,2,0.4095063962918034,42.86,0.030940299,0.1489580873820605,2.68,16.55997,6816960000,261090,26109.617373319546,3,4,1,1,3,1,Winter,1.2000000000000002,0.25,0.30000000000000004,0.12,0.24,0.07,2.18,SI,0.6566124892211551,16456.78365636459,44567.397507931724,1.4314152265021183
3638,SI034,2023,3,1.0102642380297766,12.86,0.035824165,0.1490008687208509,1.27,9.81982,6816960000,261090,26109.617373319546,3,4,1,1,1,1,Spring,0.36,0.22,0.44999999999999996,0.12,0.28,0.08,1.51,SI,0.6566124892211551,16456.78365636459,44567.397507931724,0.9914848587239442
3639,SI034,2023,4,0.7252822504255213,6.26,0.029956577,0.1520392698718225,0.73,7.74214,6816960000,261090,26109.617373319546,4,3,1,1,1,1,Spring,0.36,0.22,0.6,0.12,0.21000000000000002,0.08,1.5899999999999999,SI,0.6566124892211551,16456.78365636459,44567.397507931724,1.0440138578616365
3640,SI034,2023,5,1.0437908472865298,1.73,0.032322422,0.14933916,1.27,4.29169,6816960000,261090,26109.617373319546,3,4,1,1,1,1,Spring,0.36,0.22,0.44999999999999996,0.12,0.28,0.08,1.51,SI,0.6566124892211551,16456.78365636459,44567.397507931724,0.9914848587239442
3641,SI034,2023,6,1.604804256546206,8.57,0.033685083,0.1411646208407757,3.92,11.50991,6816960000,261090,26109.617373319546,3,4,1,1,2,1,Summer,0.5,0.15,0.8999999999999999,0.05,0.4,0.15,2.15,SI,0.6566124892211551,16456.78365636459,44567.397507931724,1.4117168518254835
3642,SI034,2023,7,1.1000518418713991,19.89,0.031670082,0.1496209206444892,0.78,10.18645,6816960000,261090,26109.617373319546,3,4,1,1,2,1,Summer,0.5,0.15,0.8999999999999999,0.05,0.4,0.15,2.15,SI,0.6566124892211551,16456.78365636459,44567.397507931724,1.4117168518254835
3643,SI034,2023,8,0.600683173,0.96,0.03988677,0.1438335556782536,0.48,10.19149,6816960000,261090,26109.617373319546,3,4,1,1,2,1,Summer,0.5,0.15,0.8999999999999999,0.05,0.4,0.15,2.15,SI,0.6566124892211551,16456.78365636459,44567.397507931724,1.4117168518254835
3644,SI034,2023,9,0.890455224,14.23,0.030124299,0.1258800100857438,3.31,9.53338,6816960000,261090,26109.617373319546,3,4,1,1,1,1,Autumn,0.35,0.23,0.44999999999999996,0.12,0.28,0.08,1.51,SI,0.6566124892211551,16456.78365636459,44567.397507931724,0.9914848587239442
3645,SI034,2023,10,1.0225572104854643,27.24,0.029826557,0.1450659383912736,2.12,9.81204,6816960000,261090,26109.617373319546,3,3,1,1,1,1,Autumn,0.35,0.23,0.44999999999999996,0.12,0.21000000000000002,0.08,1.44,SI,0.6566124892211551,16456.78365636459,44567.397507931724,0.9455219844784634
3646,SI034,2023,11,3.606396981146047,70.61,0.027943669,0.1349875601218353,2.26,7.99664,6816960000,261090,26109.617373319546,3,3,1,2,1,1,Autumn,0.35,0.23,0.44999999999999996,0.24,0.21000000000000002,0.08,1.5599999999999998,SI,0.6566124892211551,16456.78365636459,44567.397507931724,1.0243154831850019
3647,SI034,2023,12,1.0750582033460092,98.77,0.030628324,0.1328308135280934,2.24,14.06305,6816960000,261090,26109.617373319546,3,4,1,2,2,1,Winter,0.8,0.25,0.30000000000000004,0.24,0.24,0.07,1.9000000000000001,SI,0.6566124892211551,16456.78365636459,44567.397507931724,1.247563729520195
3648,SI035,2023,1,2.266808985,38.61,0.029995218,0.1443988794699115,0.69,10.13133,942480000,57270,16456.78365636459,3,3,1,1,2,1,Winter,0.8,0.25,0.30000000000000004,0.12,0.18,0.07,1.7200000000000002,SI,1,16456.78365636459,44567.397507931724,1.7200000000000002
3649,SI035,2023,2,2.6334006075678738,51.06,0.031909179,0.150453054,2.16,16.17419,942480000,57270,16456.78365636459,4,4,1,2,3,1,Winter,1.2000000000000002,0.25,0.4,0.24,0.24,0.07,2.4,SI,1,16456.78365636459,44567.397507931724,2.4
3650,SI035,2023,3,1.1767788535092378,20.08,0.033840059,0.1487618877845488,3.05,9.63748,942480000,57270,16456.78365636459,3,4,1,1,1,1,Spring,0.36,0.22,0.44999999999999996,0.12,0.28,0.08,1.51,SI,1,16456.78365636459,44567.397507931724,1.51
3651,SI035,2023,4,0.7578757640049775,6.86,0.030358916,0.1521517392037818,0.57,7.69198,942480000,57270,16456.78365636459,4,4,1,1,1,1,Spring,0.36,0.22,0.6,0.12,0.28,0.08,1.66,SI,1,16456.78365636459,44567.397507931724,1.66
3652,SI035,2023,5,1.078394045080017,1.44,0.030686855,0.1494900450808409,3.88,4.1988,942480000,57270,16456.78365636459,3,4,1,1,1,1,Spring,0.36,0.22,0.44999999999999996,0.12,0.28,0.08,1.51,SI,1,16456.78365636459,44567.397507931724,1.51
3653,SI035,2023,6,1.6090710586913295,9.29,0.032613406,0.1399951980748588,4.54,11.36051,942480000,57270,16456.78365636459,3,4,1,1,2,1,Summer,0.5,0.15,0.8999999999999999,0.05,0.4,0.15,2.15,SI,1,16456.78365636459,44567.397507931724,2.15
3654,SI035,2023,7,0.929254576,24.9,0.034838489,0.1494768542634489,4.98,10.10345,942480000,57270,16456.78365636459,3,4,1,1,2,1,Summer,0.5,0.15,0.8999999999999999,0.05,0.4,0.15,2.15,SI,1,16456.78365636459,44567.397507931724,2.15
3655,SI035,2023,8,0.300033441,2.71,0.040771763,0.1432049747102995,0.34,10.01712,942480000,57270,16456.78365636459,3,4,1,1,2,1,Summer,0.5,0.15,0.8999999999999999,0.05,0.4,0.15,2.15,SI,1,16456.78365636459,44567.397507931724,2.15
3656,SI035,2023,9,1.6428591504758183,22.47,0.030737958,0.1263910007481403,0.94,9.43747,942480000,57270,16456.78365636459,3,4,1,1,1,1,Autumn,0.35,0.23,0.44999999999999996,0.12,0.28,0.08,1.51,SI,1,16456.78365636459,44567.397507931724,1.51
3657,SI035,2023,10,1.6446745038410666,3.86,0.029683115,0.145738888,1.1,9.76496,942480000,57270,16456.78365636459,3,3,1,1,1,1,Autumn,0.35,0.23,0.44999999999999996,0.12,0.21000000000000002,0.08,1.44,SI,1,16456.78365636459,44567.397507931724,1.44
3658,SI035,2023,11,3.4789721410035206,51.25,0.027718076,0.1350242295530615,0.16,7.8596,942480000,57270,16456.78365636459,3,3,1,2,1,1,Autumn,0.35,0.23,0.44999999999999996,0.24,0.21000000000000002,0.08,1.5599999999999998,SI,1,16456.78365636459,44567.397507931724,1.5599999999999998
3659,SI035,2023,12,2.330124534250267,61.59,0.031177199,0.1331594426923068,0.47,13.8854,942480000,57270,16456.78365636459,3,4,1,2,2,1,Winter,0.8,0.25,0.30000000000000004,0.24,0.24,0.07,1.9000000000000001,SI,1,16456.78365636459,44567.397507931724,1.9000000000000001
3660,SI036,2023,1,1.9274331242926672,28.51,0.032458369,0.145848276,0.23,7.96343,1878450000,75960,24729.46287519747,3,4,1,1,1,1,Winter,0.4,0.25,0.30000000000000004,0.12,0.24,0.07,1.3800000000000001,SI,0.7057097627780302,16456.78365636459,44567.397507931724,0.9738794726336818
3661,SI036,2023,2,2.2881873796442904,48.54,0.032454161,0.150396523,2.51,14.12001,1878450000,75960,24729.46287519747,4,4,1,1,2,1,Winter,0.8,0.25,0.4,0.12,0.24,0.07,1.8800000000000003,SI,0.7057097627780302,16456.78365636459,44567.397507931724,1.326734354022697
3662,SI036,2023,3,1.2874852612583392,25.65,0.037681869,0.1497241183204592,1.09,8.6104,1878450000,75960,24729.46287519747,3,4,1,1,1,1,Spring,0.36,0.22,0.44999999999999996,0.12,0.28,0.08,1.51,SI,0.7057097627780302,16456.78365636459,44567.397507931724,1.0656217417948257
3663,SI036,2023,4,0.7795236241433227,10.52,0.032544107,0.1531470150584741,1.21,7.54047,1878450000,75960,24729.46287519747,4,4,1,1,1,1,Spring,0.36,0.22,0.6,0.12,0.28,0.08,1.66,SI,0.7057097627780302,16456.78365636459,44567.397507931724,1.171478206
3664,SI036,2023,5,0.8645313978786054,0.35,0.032812644,0.1486119466723983,3.92,4.39097,1878450000,75960,24729.46287519747,3,4,1,1,1,1,Spring,0.36,0.22,0.44999999999999996,0.12,0.28,0.08,1.51,SI,0.7057097627780302,16456.78365636459,44567.397507931724,1.0656217417948257
3665,SI036,2023,6,1.588910773635576,7.03,0.035478833,0.1402992666748978,4.86,11.49572,1878450000,75960,24729.46287519747,3,4,1,1,2,1,Summer,0.5,0.15,0.8999999999999999,0.05,0.4,0.15,2.15,SI,0.7057097627780302,16456.78365636459,44567.397507931724,1.5172759899727648
3666,SI036,2023,7,0.1533887495652783,5.08,0.034924766,0.1488455369893512,1.31,10.02045,1878450000,75960,24729.46287519747,3,4,1,1,2,1,Summer,0.5,0.15,0.8999999999999999,0.05,0.4,0.15,2.15,SI,0.7057097627780302,16456.78365636459,44567.397507931724,1.5172759899727648
3667,SI036,2023,8,0.5746732782098657,6.88,0.041408541,0.1448623775474349,0.26,10.18027,1878450000,75960,24729.46287519747,3,4,1,1,2,1,Summer,0.5,0.15,0.8999999999999999,0.05,0.4,0.15,2.15,SI,0.7057097627780302,16456.78365636459,44567.397507931724,1.5172759899727648
3668,SI036,2023,9,1.1525479058187835,17.51,0.032103186,0.1261113883039353,3.71,9.61731,1878450000,75960,24729.46287519747,3,4,1,1,1,1,Autumn,0.35,0.23,0.44999999999999996,0.12,0.28,0.08,1.51,SI,0.7057097627780302,16456.78365636459,44567.397507931724,1.0656217417948257
3669,SI036,2023,10,1.0222665531127624,23.98,0.030991241,0.1447176180401342,0.83,9.29226,1878450000,75960,24729.46287519747,3,4,1,1,1,1,Autumn,0.35,0.23,0.44999999999999996,0.12,0.28,0.08,1.51,SI,0.7057097627780302,16456.78365636459,44567.397507931724,1.0656217417948257
3670,SI036,2023,11,4.081895399808737,34.32,0.028067591,0.1349681546063925,6.19,7.00529,1878450000,75960,24729.46287519747,3,3,1,1,1,2,Autumn,0.35,0.23,0.44999999999999996,0.12,0.21000000000000002,0.16,1.5199999999999998,SI,0.7057097627780302,16456.78365636459,44567.397507931724,1.072678839422606
3671,SI036,2023,12,2.814233711948097,102.19,0.032513708,0.1318736411884562,1.62,12.27096,1878450000,75960,24729.46287519747,3,4,1,3,2,1,Winter,0.8,0.25,0.30000000000000004,0.36,0.24,0.07,2.02,SI,0.7057097627780302,16456.78365636459,44567.397507931724,1.425533720811621
3672,SI037,2023,1,1.4701585068744008,21.92,0.030586666,0.1451611840081145,0.01,5.58384,4004300000,147380,27169.90094,3,4,1,1,1,1,Winter,0.4,0.25,0.30000000000000004,0.12,0.24,0.07,1.3800000000000001,SI,0.6188942249159328,16456.78365636459,44567.397507931724,0.8540740303839873
3673,SI037,2023,2,1.480019883040559,41.03,0.032515398,0.1533528092997382,2.3,10.59991,4004300000,147380,27169.90094,4,4,1,1,2,1,Winter,0.8,0.25,0.4,0.12,0.24,0.07,1.8800000000000003,SI,0.6188942249159328,16456.78365636459,44567.397507931724,1.1635211428419538
3674,SI037,2023,3,0.926078495,21.03,0.034181271,0.1489125693805564,2.6,7.03643,4004300000,147380,27169.90094,3,4,1,1,1,1,Spring,0.36,0.22,0.44999999999999996,0.12,0.28,0.08,1.51,SI,0.6188942249159328,16456.78365636459,44567.397507931724,0.9345302796230586
3675,SI037,2023,4,0.8525111023661057,0.82,0.030542817,0.1517628718628525,0.51,7.03601,4004300000,147380,27169.90094,4,4,1,1,1,1,Spring,0.36,0.22,0.6,0.12,0.28,0.08,1.66,SI,0.6188942249159328,16456.78365636459,44567.397507931724,1.0273644133604485
3676,SI037,2023,5,0.8425419037271255,1.33,0.029657571,0.148129639,4.57,3.47409,4004300000,147380,27169.90094,3,3,1,1,1,1,Spring,0.36,0.22,0.44999999999999996,0.12,0.21000000000000002,0.08,1.44,SI,0.6188942249159328,16456.78365636459,44567.397507931724,0.8912076838789432
3677,SI037,2023,6,1.566495126953786,2.56,0.033030994,0.1391776190824671,4.14,10.45076,4004300000,147380,27169.90094,3,4,1,1,2,1,Summer,0.5,0.15,0.8999999999999999,0.05,0.4,0.15,2.15,SI,0.6188942249159328,16456.78365636459,44567.397507931724,1.3306225835692556
3678,SI037,2023,7,0.3502419693097631,8.24,0.033497873,0.1494328585208158,2.45,8.58702,4004300000,147380,27169.90094,3,4,1,1,1,1,Summer,0.25,0.15,0.8999999999999999,0.05,0.4,0.15,1.9,SI,0.6188942249159328,16456.78365636459,44567.397507931724,1.1758990273402723
3679,SI037,2023,8,0.3360310848300815,3.34,0.039892566,0.1444692465891926,1.72,8.45506,4004300000,147380,27169.90094,3,4,1,1,1,1,Summer,0.25,0.15,0.8999999999999999,0.05,0.4,0.15,1.9,SI,0.6188942249159328,16456.78365636459,44567.397507931724,1.1758990273402723
3680,SI037,2023,9,1.0536376654117283,138.16,0.030415144,0.1260326774835321,4.31,8.4472,4004300000,147380,27169.90094,3,4,1,3,1,1,Autumn,0.35,0.23,0.44999999999999996,0.36,0.28,0.08,1.7499999999999998,SI,0.6188942249159328,16456.78365636459,44567.397507931724,1.0830648936028824
3681,SI037,2023,10,1.3541765510037649,5.62,0.02981509,0.1466132975531795,1.36,8.04609,4004300000,147380,27169.90094,3,3,1,1,1,1,Autumn,0.35,0.23,0.44999999999999996,0.12,0.21000000000000002,0.08,1.44,SI,0.6188942249159328,16456.78365636459,44567.397507931724,0.8912076838789432
3682,SI037,2023,11,2.356958425262204,45.72,0.032389018,0.1345311777306584,2.36,4.56199,4004300000,147380,27169.90094,3,4,1,1,1,1,Autumn,0.35,0.23,0.44999999999999996,0.12,0.28,0.08,1.51,SI,0.6188942249159328,16456.78365636459,44567.397507931724,0.9345302796230586
3683,SI037,2023,12,2.6854319854929534,130.04,0.038216079,0.1320545706338986,1.39,7.52826,4004300000,147380,27169.90094,3,4,1,3,1,1,Winter,0.4,0.25,0.30000000000000004,0.36,0.24,0.07,1.62,SI,0.6188942249159328,16456.78365636459,44567.397507931724,1.0026086443638111
3684,SI038,2023,1,1.910576809002456,19.15,0.030403983,0.1453223100656303,0.28,6.82283,1063869999.9999999,53950,19719.555143651527,3,4,1,1,1,1,Winter,0.4,0.25,0.30000000000000004,0.12,0.24,0.07,1.3800000000000001,SI,0.8839309769428945,16456.78365636459,44567.397507931724,1.2198247481811944
3685,SI038,2023,2,1.5682290334704043,16.26,0.032655825,0.1526142682308227,2.73,11.90473,1063869999.9999999,53950,19719.555143651527,4,4,1,1,2,1,Winter,0.8,0.25,0.4,0.12,0.24,0.07,1.8800000000000003,SI,0.8839309769428945,16456.78365636459,44567.397507931724,1.6617902366526418
3686,SI038,2023,3,1.2305459787799429,29.28,0.034181271,0.1479631192268711,4.17,7.88642,1063869999.9999999,53950,19719.555143651527,3,4,1,1,1,1,Spring,0.36,0.22,0.44999999999999996,0.12,0.28,0.08,1.51,SI,0.8839309769428945,16456.78365636459,44567.397507931724,1.3347357751837707
3687,SI038,2023,4,0.610065572,0.84,0.027326475,0.1509435595845268,1.03,7.55506,1063869999.9999999,53950,19719.555143651527,4,3,1,1,1,1,Spring,0.36,0.22,0.6,0.12,0.21000000000000002,0.08,1.5899999999999999,SI,0.8839309769428945,16456.78365636459,44567.397507931724,1.4054502533392021
3688,SI038,2023,5,1.1461811795207906,3.21,0.027333237,0.1482109581222232,7.25,3.85627,1063869999.9999999,53950,19719.555143651527,3,3,1,1,1,2,Spring,0.36,0.22,0.44999999999999996,0.12,0.21000000000000002,0.16,1.5199999999999998,SI,0.8839309769428945,16456.78365636459,44567.397507931724,1.3435750849531993
3689,SI038,2023,6,1.957347206,8.73,0.031872,0.1390133853006127,4,11.00864,1063869999.9999999,53950,19719.555143651527,3,4,1,1,2,1,Summer,0.5,0.15,0.8999999999999999,0.05,0.4,0.15,2.15,SI,0.8839309769428945,16456.78365636459,44567.397507931724,1.900451600427223
3690,SI038,2023,7,0.6960897469381693,0.34,0.034908626,0.1483912477831236,2.27,9.39892,1063869999.9999999,53950,19719.555143651527,3,4,1,1,1,1,Summer,0.25,0.15,0.8999999999999999,0.05,0.4,0.15,1.9,SI,0.8839309769428945,16456.78365636459,44567.397507931724,1.6794688561914994
3691,SI038,2023,8,1.1104443156517958,4.61,0.04141873,0.1417642604572081,0.08,8.40883,1063869999.9999999,53950,19719.555143651527,3,4,1,1,1,1,Summer,0.25,0.15,0.8999999999999999,0.05,0.4,0.15,1.9,SI,0.8839309769428945,16456.78365636459,44567.397507931724,1.6794688561914994
3692,SI038,2023,9,1.0207863089198923,35.43,0.03046043,0.1250448954042282,4.06,8.86982,1063869999.9999999,53950,19719.555143651527,3,4,1,1,1,1,Autumn,0.35,0.23,0.44999999999999996,0.12,0.28,0.08,1.51,SI,0.8839309769428945,16456.78365636459,44567.397507931724,1.3347357751837707
3693,SI038,2023,10,1.2546265500301237,31.31,0.026669063,0.1488802360381228,3.51,9.20666,1063869999.9999999,53950,19719.555143651527,3,3,1,1,1,1,Autumn,0.35,0.23,0.44999999999999996,0.12,0.21000000000000002,0.08,1.44,SI,0.8839309769428945,16456.78365636459,44567.397507931724,1.272860606797768
3694,SI038,2023,11,2.151747523136293,29.67,0.027956454,0.1340924908627783,0.87,5.44948,1063869999.9999999,53950,19719.555143651527,3,3,1,1,1,1,Autumn,0.35,0.23,0.44999999999999996,0.12,0.21000000000000002,0.08,1.44,SI,0.8839309769428945,16456.78365636459,44567.397507931724,1.272860606797768
3695,SI038,2023,12,1.1288979447148706,104,0.028618245,0.1318435485126738,1.26,8.95934,1063869999.9999999,53950,19719.555143651527,3,3,1,3,1,1,Winter,0.4,0.25,0.30000000000000004,0.36,0.18,0.07,1.56,SI,0.8839309769428945,16456.78365636459,44567.397507931724,1.3789323240309155
3696,SI041,2023,1,2.3062985167162973,18.33,0.030178431,0.1440274905881582,0.49,9.04014,25144480000,564190,44567.397507931724,3,4,1,1,1,1,Winter,0.4,0.25,0.30000000000000004,0.12,0.24,0.07,1.3800000000000001,SI,0,16456.78365636459,44567.397507931724,0
3697,SI041,2023,2,0.3392847255279662,22.09,0.031244166,0.1497725072337997,2.31,15.1043,25144480000,564190,44567.397507931724,3,4,1,1,3,1,Winter,1.2000000000000002,0.25,0.30000000000000004,0.12,0.24,0.07,2.18,SI,0,16456.78365636459,44567.397507931724,0
3698,SI041,2023,3,1.282989983657631,23.44,0.034594982,0.1487539591491438,3.63,9.05204,25144480000,564190,44567.397507931724,3,4,1,1,1,1,Spring,0.36,0.22,0.44999999999999996,0.12,0.28,0.08,1.51,SI,0,16456.78365636459,44567.397507931724,0
3699,SI041,2023,4,1.012309625637816,6.06,0.028825519,0.1507913910666658,0.95,7.82155,25144480000,564190,44567.397507931724,4,3,1,1,1,1,Spring,0.36,0.22,0.6,0.12,0.21000000000000002,0.08,1.5899999999999999,SI,0,16456.78365636459,44567.397507931724,0
3700,SI041,2023,5,1.2338554449175865,1.85,0.030439393,0.1495195665800064,4.64,3.85261,25144480000,564190,44567.397507931724,3,4,1,1,1,1,Spring,0.36,0.22,0.44999999999999996,0.12,0.28,0.08,1.51,SI,0,16456.78365636459,44567.397507931724,0
3701,SI041,2023,6,1.7628129665712875,2.33,0.035345123,0.1399937888103359,5.41,10.95614,25144480000,564190,44567.397507931724,3,4,1,1,2,2,Summer,0.5,0.15,0.8999999999999999,0.05,0.4,0.3,2.3,SI,0,16456.78365636459,44567.397507931724,0
3702,SI041,2023,7,0.7085482027275676,7.76,0.034637212,0.1496918198592156,2.66,9.52228,25144480000,564190,44567.397507931724,3,4,1,1,1,1,Summer,0.25,0.15,0.8999999999999999,0.05,0.4,0.15,1.9,SI,0,16456.78365636459,44567.397507931724,0
3703,SI041,2023,8,0.285478815,3.16,0.03982273,0.1428377506431337,0.29,9.21691,25144480000,564190,44567.397507931724,3,4,1,1,1,1,Summer,0.25,0.15,0.8999999999999999,0.05,0.4,0.15,1.9,SI,0,16456.78365636459,44567.397507931724,0
3704,SI041,2023,9,1.1276150897806905,28.28,0.032853461,0.1258750792569004,4.88,9.1267,25144480000,564190,44567.397507931724,3,4,1,1,1,1,Autumn,0.35,0.23,0.44999999999999996,0.12,0.28,0.08,1.51,SI,0,16456.78365636459,44567.397507931724,0
3705,SI041,2023,10,1.432644004720705,9.01,0.027559201,0.1479358323310225,2.38,9.42619,25144480000,564190,44567.397507931724,3,3,1,1,1,1,Autumn,0.35,0.23,0.44999999999999996,0.12,0.21000000000000002,0.08,1.44,SI,0,16456.78365636459,44567.397507931724,0
3706,SI041,2023,11,2.8104394140680307,20.06,0.029809254,0.1346348877857381,2.63,6.75005,25144480000,564190,44567.397507931724,3,3,1,1,1,1,Autumn,0.35,0.23,0.44999999999999996,0.12,0.21000000000000002,0.08,1.44,SI,0,16456.78365636459,44567.397507931724,0
3707,SI041,2023,12,1.921068611,141.07,0.031018917,0.1333732750571289,1.95,11.6269,25144480000,564190,44567.397507931724,3,4,1,3,2,1,Winter,0.8,0.25,0.30000000000000004,0.36,0.24,0.07,2.02,SI,0,16456.78365636459,44567.397507931724,0
3708,SI042,2023,1,1.3378815099649408,8.02,0.028884533,0.1429866240283068,0.38,10.36385,5493010000,209280,26247.180810397553,3,3,1,1,2,1,Winter,0.8,0.25,0.30000000000000004,0.12,0.18,0.07,1.7200000000000002,SI,0.651718842,16456.78365636459,44567.397507931724,1.1209564076453669
3709,SI042,2023,2,0.3512504822150125,251.62,0.028366582,0.1476318997890974,1.29,16.64686,5493010000,209280,26247.180810397553,3,3,1,5,3,1,Winter,1.2000000000000002,0.25,0.30000000000000004,0.6,0.18,0.07,2.6,SI,0.651718842,16456.78365636459,44567.397507931724,1.6944689883011357
3710,SI042,2023,3,0.8546523997283638,18.41,0.035501336,0.1476903356816988,2.85,9.81298,5493010000,209280,26247.180810397553,3,4,1,1,1,1,Spring,0.36,0.22,0.44999999999999996,0.12,0.28,0.08,1.51,SI,0.651718842,16456.78365636459,44567.397507931724,0.9840954508979672
3711,SI042,2023,4,0.7326154569528764,2.01,0.02709443,0.1490827769412207,0.83,7.93451,5493010000,209280,26247.180810397553,3,3,1,1,1,1,Spring,0.36,0.22,0.44999999999999996,0.12,0.21000000000000002,0.08,1.44,SI,0.651718842,16456.78365636459,44567.397507931724,0.9384751319821674
3712,SI042,2023,5,0.8562447588764502,3.61,0.028566085,0.1496930512494876,1.96,3.4758,5493010000,209280,26247.180810397553,3,3,1,1,1,1,Spring,0.36,0.22,0.44999999999999996,0.12,0.21000000000000002,0.08,1.44,SI,0.651718842,16456.78365636459,44567.397507931724,0.9384751319821674
3713,SI042,2023,6,1.5713397154869413,0.41,0.031310754,0.1414218721182508,3.76,10.60517,5493010000,209280,26247.180810397553,3,4,1,1,2,1,Summer,0.5,0.15,0.8999999999999999,0.05,0.4,0.15,2.15,SI,0.651718842,16456.78365636459,44567.397507931724,1.4011955095567084
3714,SI042,2023,7,0.555891285,3.91,0.03377904,0.1481803747322886,0.7,9.3545,5493010000,209280,26247.180810397553,3,4,1,1,1,1,Summer,0.25,0.15,0.8999999999999999,0.05,0.4,0.15,1.9,SI,0.651718842,16456.78365636459,44567.397507931724,1.2382657991431376
3715,SI042,2023,8,0.6290482168304838,10.94,0.040082174,0.1413627308717122,0.55,8.94202,5493010000,209280,26247.180810397553,3,4,1,1,1,1,Summer,0.25,0.15,0.8999999999999999,0.05,0.4,0.15,1.9,SI,0.651718842,16456.78365636459,44567.397507931724,1.2382657991431376
3716,SI042,2023,9,1.138259896,15.24,0.03185398,0.1245336532766748,3.53,8.89958,5493010000,209280,26247.180810397553,3,4,1,1,1,1,Autumn,0.35,0.23,0.44999999999999996,0.12,0.28,0.08,1.51,SI,0.651718842,16456.78365636459,44567.397507931724,0.9840954508979672
3717,SI042,2023,10,0.9412808878283294,13.87,0.025332776,0.1491613718954041,0.85,9.59638,5493010000,209280,26247.180810397553,3,3,1,1,1,1,Autumn,0.35,0.23,0.44999999999999996,0.12,0.21000000000000002,0.08,1.44,SI,0.651718842,16456.78365636459,44567.397507931724,0.9384751319821674
3718,SI042,2023,11,2.1644047614670145,49.59,0.027438143,0.134311395,3.55,7.0445,5493010000,209280,26247.180810397553,3,3,1,1,1,1,Autumn,0.35,0.23,0.44999999999999996,0.12,0.21000000000000002,0.08,1.44,SI,0.651718842,16456.78365636459,44567.397507931724,0.9384751319821674
3719,SI042,2023,12,1.2212948666965158,174.54,0.029446995,0.1333546856540404,1.95,12.11314,5493010000,209280,26247.180810397553,3,3,1,4,2,1,Winter,0.8,0.25,0.30000000000000004,0.48,0.18,0.07,2.08,SI,0.651718842,16456.78365636459,44567.397507931724,1.3555751906409086
3720,SI043,2023,1,1.9304777970910865,42.28,0.031407452,0.1439935188582777,1.09,10.72451,3217250000,118340,27186.496535406455,3,4,1,1,2,1,Winter,0.8,0.25,0.30000000000000004,0.12,0.24,0.07,1.7800000000000002,SI,0.6183038571943638,16456.78365636459,44567.397507931724,1.1005808658059677
3721,SI043,2023,2,0.7746045265390031,91.6,0.02961082,0.1483740479868265,0.93,16.05966,3217250000,118340,27186.496535406455,3,3,1,2,3,1,Winter,1.2000000000000002,0.25,0.30000000000000004,0.24,0.18,0.07,2.24,SI,0.6183038571943638,16456.78365636459,44567.397507931724,1.385000640115375
3722,SI043,2023,3,1.0264612141947709,9.91,0.034457281,0.147675414,2.35,9.97718,3217250000,118340,27186.496535406455,3,4,1,1,1,1,Spring,0.36,0.22,0.44999999999999996,0.12,0.28,0.08,1.51,SI,0.6183038571943638,16456.78365636459,44567.397507931724,0.9336388243634893
3723,SI043,2023,4,0.7358056139196378,3.15,0.027898833,0.1492884254419006,0.99,8.06391,3217250000,118340,27186.496535406455,3,3,1,1,1,1,Spring,0.36,0.22,0.44999999999999996,0.12,0.21000000000000002,0.08,1.44,SI,0.6183038571943638,16456.78365636459,44567.397507931724,0.8903575543598837
3724,SI043,2023,5,0.9447938169561808,2.65,0.028281106,0.1506757324814653,3.42,3.7643,3217250000,118340,27186.496535406455,4,3,1,1,1,1,Spring,0.36,0.22,0.6,0.12,0.21000000000000002,0.08,1.5899999999999999,SI,0.6183038571943638,16456.78365636459,44567.397507931724,0.9831031329390383
3725,SI043,2023,6,1.7312234044753474,2.89,0.033673826,0.1413517663110397,3.32,11.38553,3217250000,118340,27186.496535406455,3,4,1,1,2,1,Summer,0.5,0.15,0.8999999999999999,0.05,0.4,0.15,2.15,SI,0.6183038571943638,16456.78365636459,44567.397507931724,1.329353292967882
3726,SI043,2023,7,0.7984700944538177,0.45,0.033539847,0.1467008416223961,1.55,10.17219,3217250000,118340,27186.496535406455,3,4,1,1,2,1,Summer,0.5,0.15,0.8999999999999999,0.05,0.4,0.15,2.15,SI,0.6183038571943638,16456.78365636459,44567.397507931724,1.329353292967882
3727,SI043,2023,8,0.2704551339327853,3.88,0.045800742,0.1415845907414549,1.88,9.10896,3217250000,118340,27186.496535406455,3,4,1,1,1,1,Summer,0.25,0.15,0.8999999999999999,0.05,0.4,0.15,1.9,SI,0.6183038571943638,16456.78365636459,44567.397507931724,1.174777328669291
3728,SI043,2023,9,0.9331650775139452,14.51,0.030187484,0.1247542808818471,3.89,9.34477,3217250000,118340,27186.496535406455,3,4,1,1,1,1,Autumn,0.35,0.23,0.44999999999999996,0.12,0.28,0.08,1.51,SI,0.6183038571943638,16456.78365636459,44567.397507931724,0.9336388243634893
3729,SI043,2023,10,1.3484644736980376,63.58,0.026568958,0.1500925365903876,3.03,10.59787,3217250000,118340,27186.496535406455,4,3,1,2,2,1,Autumn,0.7,0.23,0.6,0.24,0.21000000000000002,0.08,2.0599999999999996,SI,0.6183038571943638,16456.78365636459,44567.397507931724,1.2737059458203892
3730,SI043,2023,11,2.3034155936818723,29.83,0.028792369,0.1348469325718031,2.25,7.09268,3217250000,118340,27186.496535406455,3,3,1,1,1,1,Autumn,0.35,0.23,0.44999999999999996,0.12,0.21000000000000002,0.08,1.44,SI,0.6183038571943638,16456.78365636459,44567.397507931724,0.8903575543598837
3731,SI043,2023,12,0.8360142937440808,139.43,0.027140914,0.133517985,0.74,11.89623,3217250000,118340,27186.496535406455,3,3,1,3,2,1,Winter,0.8,0.25,0.30000000000000004,0.36,0.18,0.07,1.96,SI,0.6183038571943638,16456.78365636459,44567.397507931724,1.211875560100953
3732,SI044,2023,1,2.7883143527846794,68.09,0.033127122,0.1466276124616541,1.08,8.64173,3377430000,118780,28434.332379188414,3,4,1,2,1,1,Winter,0.4,0.25,0.30000000000000004,0.24,0.24,0.07,1.5,SI,0.5739136546050172,16456.78365636459,44567.397507931724,0.8608704819075258
3733,SI044,2023,2,1.3220803500918776,31.65,0.032170659,0.1516313417573225,2.31,14.15288,3377430000,118780,28434.332379188414,4,4,1,1,2,1,Winter,0.8,0.25,0.4,0.12,0.24,0.07,1.8800000000000003,SI,0.5739136546050172,16456.78365636459,44567.397507931724,1.0789576706574324
3734,SI044,2023,3,2.4806927575592628,16.16,0.038563557,0.1491064672891847,3.25,8.98743,3377430000,118780,28434.332379188414,3,4,1,1,1,1,Spring,0.36,0.22,0.44999999999999996,0.12,0.28,0.08,1.51,SI,0.5739136546050172,16456.78365636459,44567.397507931724,0.866609618
3735,SI044,2023,4,1.2108682903968069,36.77,0.0274687,0.149568,5.19,8.07222,3377430000,118780,28434.332379188414,3,3,1,1,1,2,Spring,0.36,0.22,0.44999999999999996,0.12,0.21000000000000002,0.16,1.5199999999999998,SI,0.5739136546050172,16456.78365636459,44567.397507931724,0.872348755
3736,SI044,2023,5,1.120230142732467,24.93,0.03502534,0.1490611761976253,3.89,4.44463,3377430000,118780,28434.332379188414,3,4,1,1,1,1,Spring,0.36,0.22,0.44999999999999996,0.12,0.28,0.08,1.51,SI,0.5739136546050172,16456.78365636459,44567.397507931724,0.866609618
3737,SI044,2023,6,2.377666642012267,1.19,0.035299467,0.1404328968821103,4.9,12.11477,3377430000,118780,28434.332379188414,3,4,1,1,2,1,Summer,0.5,0.15,0.8999999999999999,0.05,0.4,0.15,2.15,SI,0.5739136546050172,16456.78365636459,44567.397507931724,1.233914357400787
3738,SI044,2023,7,0.7717330303011298,4.14,0.034191967,0.1468115366068693,1.9,10.80148,3377430000,118780,28434.332379188414,3,4,1,1,2,1,Summer,0.5,0.15,0.8999999999999999,0.05,0.4,0.15,2.15,SI,0.5739136546050172,16456.78365636459,44567.397507931724,1.233914357400787
3739,SI044,2023,8,0.7073736091551959,10.85,0.051438192,0.1422546073692292,4.28,9.42605,3377430000,118780,28434.332379188414,3,5,1,1,1,1,Summer,0.25,0.15,0.8999999999999999,0.05,0.5,0.15,1.9999999999999998,SI,0.5739136546050172,16456.78365636459,44567.397507931724,1.1478273092100342
3740,SI044,2023,9,1.1842608969179595,67.3,0.030807879,0.1247750467260257,4.82,9.86098,3377430000,118780,28434.332379188414,3,4,1,2,1,1,Autumn,0.35,0.23,0.44999999999999996,0.24,0.28,0.08,1.63,SI,0.5739136546050172,16456.78365636459,44567.397507931724,0.935479257
3741,SI044,2023,10,1.3611416638540124,1.33,0.028556084,0.1496270251357586,1.79,10.4346,3377430000,118780,28434.332379188414,3,3,1,1,2,1,Autumn,0.7,0.23,0.44999999999999996,0.12,0.21000000000000002,0.08,1.79,SI,0.5739136546050172,16456.78365636459,44567.397507931724,1.0273054417429808
3742,SI044,2023,11,2.238056672772081,11.42,0.03041277,0.1342998805470203,2.05,6.66507,3377430000,118780,28434.332379188414,3,4,1,1,1,1,Autumn,0.35,0.23,0.44999999999999996,0.12,0.28,0.08,1.51,SI,0.5739136546050172,16456.78365636459,44567.397507931724,0.866609618
3743,SI044,2023,12,1.4887815968786753,72.36,0.030809803,0.1330604364731704,2.26,10.49228,3377430000,118780,28434.332379188414,3,4,1,2,2,1,Winter,0.8,0.25,0.30000000000000004,0.24,0.24,0.07,1.9000000000000001,SI,0.5739136546050172,16456.78365636459,44567.397507931724,1.0904359437495328
