interval_from,interval_to,hcho_B0_min,hcho_B0_max,hcho_B0_mean,hcho_B0_stDev,hcho_B0_sampleCount,hcho_B0_noDataCount,shapefile,NUTS_ID,year,month,month_num
2018-04-01,2018-05-01,6.158432370284572e-05,0.0006105898064561188,0.0003643130585649471,0.00016418702886038185,65536,64321,NUTS_SL_01m_2024.shp,SI,2018,April,4
2018-05-01,2018-06-01,-0.00017997188842855394,0.0008560881833545864,0.00012552946451085847,0.00011760498220702727,65536,44131,NUTS_SL_01m_2024.shp,SI,2018,May,5
2018-06-01,2018-07-01,-0.00025429893867112696,0.0004002113710157573,0.00011033059730347218,0.00010596393784271548,65536,49011,NUTS_SL_01m_2024.shp,SI,2018,June,6
2018-07-01,2018-08-01,-0.00011874909250764176,0.0003843159938696772,0.00011916799773900168,8.146437045015801e-05,65536,33304,NUTS_SL_01m_2024.shp,SI,2018,July,7
2018-08-01,2018-09-01,1.1473720405774657e-05,0.00028297604876570404,0.0001516596658164879,0.00011687334995692998,65536,65268,NUTS_SL_01m_2024.shp,SI,2018,August,8
2018-09-01,2018-10-01,-0.0004755530972033739,0.0006814042571932077,9.132824743393188e-05,0.0001621507810163805,65536,31731,NUTS_SL_01m_2024.shp,SI,2018,September,9
2018-10-01,2018-11-01,-0.0003320404211990535,0.0005071419873274863,2.896274468185627e-05,0.00011991272399691457,65536,39689,NUTS_SL_01m_2024.shp,SI,2018,October,10
2018-12-01,2019-01-01,-0.0003777001693379134,0.0005887903389520943,4.945095502529385e-05,0.00014612872880915686,65536,42085,NUTS_SL_01m_2024.shp,SI,2018,December,12
2019-01-01,2019-02-01,-0.00021091991220600903,0.00039036822272464633,2.5341888588108923e-05,9.978760735901795e-05,65536,63902,NUTS_SL_01m_2024.shp,SI,2019,January,1
2019-02-01,2019-03-01,-0.00013584468979388475,0.0002850384043995291,6.239237982018367e-05,0.0001036931794606651,65536,64141,NUTS_SL_01m_2024.shp,SI,2019,February,2
2019-03-01,2019-04-01,-0.00034798961132764816,0.0005444272537715733,8.877624432047705e-05,0.00014672098964830035,65536,32911,NUTS_SL_01m_2024.shp,SI,2019,March,3
2019-05-01,2019-06-01,-0.00015002459986135364,0.0002539126144256443,2.623401176472689e-05,7.597614384125493e-05,65536,60925,NUTS_SL_01m_2024.shp,SI,2019,May,5
2019-06-01,2019-07-01,-0.000357461569365114,0.00047648063628003,0.00012298928416203762,0.00013531779090661088,65536,31731,NUTS_SL_01m_2024.shp,SI,2019,June,6
2019-07-01,2019-08-01,-0.0001983911934075877,0.0012040024157613516,0.00013153860005765935,0.00013954421053037177,65536,48072,NUTS_SL_01m_2024.shp,SI,2019,July,7
2019-08-01,2019-09-01,-0.00018338728114031255,0.0006088882219046354,0.00013923338532062323,0.00011919659795991951,65536,36757,NUTS_SL_01m_2024.shp,SI,2019,August,8
2019-09-01,2019-10-01,-0.0003356069209985435,0.0004255786188878119,0.00010372396397493955,0.0001437490567425605,65536,45993,NUTS_SL_01m_2024.shp,SI,2019,September,9
2019-10-01,2019-11-01,-0.0001949908910319209,0.00041562854312360287,3.611829002046492e-05,0.00012136384472261228,65536,62416,NUTS_SL_01m_2024.shp,SI,2019,October,10
2019-11-01,2019-12-01,-0.00043809431372210383,0.0005800406215712428,6.902554619438522e-05,0.0001809536407280056,65536,48682,NUTS_SL_01m_2024.shp,SI,2019,November,11
2019-12-01,2020-01-01,-0.0003321630647405982,0.0005512714851647615,5.442859364513395e-05,0.00013313609140699374,65536,35137,NUTS_SL_01m_2024.shp,SI,2019,December,12
2020-01-01,2020-02-01,-0.00023137482639867812,0.0005626145866699517,7.392385022883555e-05,0.00016291854077861746,65536,58132,NUTS_SL_01m_2024.shp,SI,2020,January,1
2020-02-01,2020-03-01,-0.00033925138995982707,0.0004119370714761317,3.449636268589842e-05,0.00012584308463653798,65536,52767,NUTS_SL_01m_2024.shp,SI,2020,February,2
2020-03-01,2020-04-01,-0.0002806666889227927,0.00024774982011877,1.733896283142266e-06,8.710646618738236e-05,65536,47071,NUTS_SL_01m_2024.shp,SI,2020,March,3
2020-04-01,2020-05-01,-0.0008101931889541447,0.00044145554420538247,9.534972139152278e-06,0.0001619356739135525,65536,60709,NUTS_SL_01m_2024.shp,SI,2020,April,4
2020-05-01,2020-06-01,-0.0001240838464582339,0.0002899195533245802,5.0385429482438586e-05,7.663045807543033e-05,65536,63167,NUTS_SL_01m_2024.shp,SI,2020,May,5
2020-06-01,2020-07-01,-0.0003113990242127329,0.00045825535198673606,9.931075258686702e-05,0.00011599406228184628,65536,45120,NUTS_SL_01m_2024.shp,SI,2020,June,6
2020-07-01,2020-08-01,-0.00026536639779806137,0.0007842776249162853,0.00011946674814497205,0.00012623883022428307,65536,50739,NUTS_SL_01m_2024.shp,SI,2020,July,7
2020-09-01,2020-10-01,-0.00045253560529090464,0.0006795692024752498,9.555881513702888e-05,0.00018505452327690242,65536,37362,NUTS_SL_01m_2024.shp,SI,2020,September,9
2020-10-01,2020-11-01,-0.0004555745399557054,0.0007594921626150608,7.614207348463502e-05,0.00019119779564953957,65536,31731,NUTS_SL_01m_2024.shp,SI,2020,October,10
2020-11-01,2020-12-01,-0.0002665261854417622,0.000464046053821221,6.721362931039069e-05,0.0001340187168008277,65536,58273,NUTS_SL_01m_2024.shp,SI,2020,November,11
2021-02-01,2021-03-01,-0.0003329675819259137,0.000444215489551425,-6.054607217079957e-06,0.0001517222665491508,65536,43910,NUTS_SL_01m_2024.shp,SI,2021,February,2
2021-03-01,2021-04-01,-0.00031709164613857865,0.0006459638825617731,0.00012990875888734752,0.0001537889756751399,65536,33749,NUTS_SL_01m_2024.shp,SI,2021,March,3
2021-04-01,2021-05-01,-0.00032326907967217267,0.0003912999527528882,1.912431077841409e-05,0.00011298368886314782,65536,57394,NUTS_SL_01m_2024.shp,SI,2021,April,4
2021-05-01,2021-06-01,-0.0002675122523214668,0.00030099463765509427,2.2944730393167723e-05,7.938870596255818e-05,65536,56546,NUTS_SL_01m_2024.shp,SI,2021,May,5
2021-06-01,2021-07-01,-0.0003676421765703708,0.0006195532041601837,0.00010053409418669516,0.00014134676207378283,65536,35129,NUTS_SL_01m_2024.shp,SI,2021,June,6
2021-07-01,2021-08-01,-0.0003601056814659387,0.0008202622411772609,0.0001711664838523221,0.00015651506396694237,65536,40072,NUTS_SL_01m_2024.shp,SI,2021,July,7
2021-08-01,2021-09-01,-0.00030623990460298955,0.0004901354550383985,7.127168927162028e-05,0.00013315559886224005,65536,43231,NUTS_SL_01m_2024.shp,SI,2021,August,8
2021-09-01,2021-10-01,-0.0002770625869743526,0.0002829208970069885,4.339409677378215e-05,8.846947573617549e-05,65536,56199,NUTS_SL_01m_2024.shp,SI,2021,September,9
2021-10-01,2021-11-01,-0.00032593042124062777,0.0006030782824382186,6.119352477931678e-05,0.00020527093987328124,65536,63914,NUTS_SL_01m_2024.shp,SI,2021,October,10
2021-11-01,2021-12-01,-0.0005982427392154932,0.000706176389940083,3.338841024110302e-05,0.00026592935470489646,65536,60167,NUTS_SL_01m_2024.shp,SI,2021,November,11
2021-12-01,2022-01-01,-0.0005207241629250348,0.0007408665842376649,1.798198197092402e-05,0.00017213803959440155,65536,40167,NUTS_SL_01m_2024.shp,SI,2021,December,12
2022-01-01,2022-02-01,-0.00028585747350007296,0.0003036122943740338,5.2638411112117974e-05,0.00024091045647213716,65536,65337,NUTS_SL_01m_2024.shp,SI,2022,January,1
2022-02-01,2022-03-01,-0.0003367094905115664,0.000513928011059761,3.824124956546059e-05,0.0001373102038469187,65536,49001,NUTS_SL_01m_2024.shp,SI,2022,February,2
2022-04-01,2022-05-01,-0.0003079109010286629,0.00044561695540323853,6.684641410450115e-05,0.00013188414820249997,65536,33267,NUTS_SL_01m_2024.shp,SI,2022,April,4
2022-05-01,2022-06-01,-0.0003123439382761717,0.0005561931757256389,6.807712033732133e-05,0.00011648326240950689,65536,46093,NUTS_SL_01m_2024.shp,SI,2022,May,5
2022-06-01,2022-07-01,-0.00014401579392142594,0.0003961478651035577,8.489020776341442e-05,8.429963496629695e-05,65536,44177,NUTS_SL_01m_2024.shp,SI,2022,June,6
2022-07-01,2022-08-01,-0.00017986854072660208,0.00033688757685013115,5.2561924877955885e-05,9.578371459404712e-05,65536,54231,NUTS_SL_01m_2024.shp,SI,2022,July,7
2022-08-01,2022-09-01,-0.00018611007544677705,0.0006235650507733226,0.00015331585723609985,0.0001459530836848677,65536,60235,NUTS_SL_01m_2024.shp,SI,2022,August,8
2022-09-01,2022-10-01,-0.0002374681062065065,0.0004125599516555667,6.509710980368434e-05,0.00013291993516453422,65536,59525,NUTS_SL_01m_2024.shp,SI,2022,September,9
2022-10-01,2022-11-01,-0.0004462014767341316,0.0005944620352238417,4.070369706232239e-05,0.00016649265383750114,65536,35135,NUTS_SL_01m_2024.shp,SI,2022,October,10
2022-12-01,2023-01-01,-0.000564084853976965,0.0006251985323615372,3.8896508437465397e-05,0.00019576451655137065,65536,42151,NUTS_SL_01m_2024.shp,SI,2022,December,12
2023-01-01,2023-02-01,-0.0003797114477492869,0.00045253781718201935,2.3352500344524953e-05,0.00014784423874739905,65536,55689,NUTS_SL_01m_2024.shp,SI,2023,January,1
2023-02-01,2023-03-01,-0.0002954931405838579,0.0003723176778294146,5.294843494122406e-05,0.00013543209425623194,65536,62009,NUTS_SL_01m_2024.shp,SI,2023,February,2
2023-03-01,2023-04-01,-0.00025654907221905887,0.00023501126270275563,-3.912704748463778e-05,0.00015385590353715094,65536,65227,NUTS_SL_01m_2024.shp,SI,2023,March,3
2023-04-01,2023-05-01,-0.00017281682812608778,0.00019801026792265475,2.1160819721617106e-05,6.2847260531581e-05,65536,58286,NUTS_SL_01m_2024.shp,SI,2023,April,4
2023-05-01,2023-06-01,-4.3462758185341954e-05,0.00017416093032807112,4.6005564744216246e-05,4.4611431833380615e-05,65536,63525,NUTS_SL_01m_2024.shp,SI,2023,May,5
2023-06-01,2023-07-01,-0.00024094764376059175,0.0005243039922788739,0.00014382801145304173,0.00013072596639432206,65536,33760,NUTS_SL_01m_2024.shp,SI,2023,June,6
2023-07-01,2023-08-01,-0.0004123173130210489,0.0005974090308882296,6.171135869585613e-05,0.00012567700223350872,65536,46943,NUTS_SL_01m_2024.shp,SI,2023,July,7
2023-08-01,2023-09-01,-0.00024399480025749654,0.0004544468247331679,5.1246339688385415e-05,0.0001164327962852951,65536,48205,NUTS_SL_01m_2024.shp,SI,2023,August,8
2023-09-01,2023-10-01,-0.0003371672355569899,0.0005396261694841087,0.00013810366795324747,0.00015158665509549794,65536,53329,NUTS_SL_01m_2024.shp,SI,2023,September,9
2023-10-01,2023-11-01,-0.00038542388938367367,0.0007062139920890331,4.9891235620808076e-05,0.00017968845818348405,65536,55703,NUTS_SL_01m_2024.shp,SI,2023,October,10
2023-12-01,2024-01-01,-0.00027089816285297275,0.0005230653332546353,0.00010359955105084708,0.00025109975023587897,65536,64284,NUTS_SL_01m_2024.shp,SI,2023,December,12
2024-01-01,2024-02-01,-0.0005944140139035881,0.0006162170902825892,2.5614877751070177e-05,0.00021355320220510285,65536,53981,NUTS_SL_01m_2024.shp,SI,2024,January,1
2024-02-01,2024-03-01,-0.0003680406662169844,0.0003433933015912771,5.244906596994875e-05,0.00013768337877908586,65536,63572,NUTS_SL_01m_2024.shp,SI,2024,February,2
2024-03-01,2024-04-01,-0.0002982146106660366,0.00028199885855428874,-3.183980552398122e-06,0.00011087665749268473,65536,63975,NUTS_SL_01m_2024.shp,SI,2024,March,3
2024-04-01,2024-05-01,-0.0004504317475948483,0.0005688544479198754,8.12848668525223e-05,0.00014390105840037722,65536,32151,NUTS_SL_01m_2024.shp,SI,2024,April,4
2024-05-01,2024-06-01,-0.0002658585144672543,0.0006942590698599815,7.340412396669577e-05,0.00011991292549204463,65536,59127,NUTS_SL_01m_2024.shp,SI,2024,May,5
2024-06-01,2024-07-01,-0.00023293525737244636,0.00045670708641409874,0.00011713830126292246,0.00011304388453524484,65536,44025,NUTS_SL_01m_2024.shp,SI,2024,June,6
2024-07-01,2024-08-01,-0.0003031336236745119,0.0005693003186024725,0.0001236038698946265,0.00013213404394062068,65536,31731,NUTS_SL_01m_2024.shp,SI,2024,July,7
2024-08-01,2024-09-01,-0.0003209393471479416,0.0006752462941221893,0.00016124901676997002,0.00014979074866612268,65536,33797,NUTS_SL_01m_2024.shp,SI,2024,August,8
2024-09-01,2024-10-01,-0.000791431637480855,0.0007158081862144172,5.458848205111845e-05,0.00019002138358164194,65536,32430,NUTS_SL_01m_2024.shp,SI,2024,September,9
2024-10-01,2024-11-01,-0.0005540477577596903,0.0007031976711004972,8.351463236843567e-05,0.00018944723966801065,65536,35985,NUTS_SL_01m_2024.shp,SI,2024,October,10
2024-11-01,2024-12-01,-0.0004545924311969429,0.0010147414868697524,0.00011173268808749671,0.00023665930766104482,65536,39496,NUTS_SL_01m_2024.shp,SI,2024,November,11
2024-12-01,2025-01-01,-0.0004746151971630752,0.0008133951341733336,0.00011980139332972213,0.00022655630338511685,65536,52135,NUTS_SL_01m_2024.shp,SI,2024,December,12
2018-04-01,2018-05-01,6.158432370284572e-05,0.0006105898064561188,0.0003643130585649471,0.00016418702886038185,65536,64321,NUTS_SL_01m_2024.shp,SI0,2018,April,4
2018-05-01,2018-06-01,-0.00017997188842855394,0.0008560881833545864,0.00012552946451085847,0.00011760498220702727,65536,44131,NUTS_SL_01m_2024.shp,SI0,2018,May,5
2018-06-01,2018-07-01,-0.00025429893867112696,0.0004002113710157573,0.00011033059730347218,0.00010596393784271548,65536,49011,NUTS_SL_01m_2024.shp,SI0,2018,June,6
2018-07-01,2018-08-01,-0.00011874909250764176,0.0003843159938696772,0.00011916799773900168,8.146437045015801e-05,65536,33304,NUTS_SL_01m_2024.shp,SI0,2018,July,7
2018-08-01,2018-09-01,1.1473720405774657e-05,0.00028297604876570404,0.0001516596658164879,0.00011687334995692998,65536,65268,NUTS_SL_01m_2024.shp,SI0,2018,August,8
2018-09-01,2018-10-01,-0.0004755530972033739,0.0006814042571932077,9.132824743393188e-05,0.0001621507810163805,65536,31731,NUTS_SL_01m_2024.shp,SI0,2018,September,9
2018-10-01,2018-11-01,-0.0003320404211990535,0.0005071419873274863,2.896274468185627e-05,0.00011991272399691457,65536,39689,NUTS_SL_01m_2024.shp,SI0,2018,October,10
2018-12-01,2019-01-01,-0.0003777001693379134,0.0005887903389520943,4.945095502529385e-05,0.00014612872880915686,65536,42085,NUTS_SL_01m_2024.shp,SI0,2018,December,12
2019-01-01,2019-02-01,-0.00021091991220600903,0.00039036822272464633,2.5341888588108923e-05,9.978760735901795e-05,65536,63902,NUTS_SL_01m_2024.shp,SI0,2019,January,1
2019-02-01,2019-03-01,-0.00013584468979388475,0.0002850384043995291,6.239237982018367e-05,0.0001036931794606651,65536,64141,NUTS_SL_01m_2024.shp,SI0,2019,February,2
2019-03-01,2019-04-01,-0.00034798961132764816,0.0005444272537715733,8.877624432047705e-05,0.00014672098964830035,65536,32911,NUTS_SL_01m_2024.shp,SI0,2019,March,3
2019-05-01,2019-06-01,-0.00015002459986135364,0.0002539126144256443,2.623401176472689e-05,7.597614384125493e-05,65536,60925,NUTS_SL_01m_2024.shp,SI0,2019,May,5
2019-06-01,2019-07-01,-0.000357461569365114,0.00047648063628003,0.00012298928416203762,0.00013531779090661088,65536,31731,NUTS_SL_01m_2024.shp,SI0,2019,June,6
2019-07-01,2019-08-01,-0.0001983911934075877,0.0012040024157613516,0.00013153860005765935,0.00013954421053037177,65536,48072,NUTS_SL_01m_2024.shp,SI0,2019,July,7
2019-08-01,2019-09-01,-0.00018338728114031255,0.0006088882219046354,0.00013923338532062323,0.00011919659795991951,65536,36757,NUTS_SL_01m_2024.shp,SI0,2019,August,8
2019-09-01,2019-10-01,-0.0003356069209985435,0.0004255786188878119,0.00010372396397493955,0.0001437490567425605,65536,45993,NUTS_SL_01m_2024.shp,SI0,2019,September,9
2019-10-01,2019-11-01,-0.0001949908910319209,0.00041562854312360287,3.611829002046492e-05,0.00012136384472261228,65536,62416,NUTS_SL_01m_2024.shp,SI0,2019,October,10
2019-11-01,2019-12-01,-0.00043809431372210383,0.0005800406215712428,6.902554619438522e-05,0.0001809536407280056,65536,48682,NUTS_SL_01m_2024.shp,SI0,2019,November,11
2019-12-01,2020-01-01,-0.0003321630647405982,0.0005512714851647615,5.442859364513395e-05,0.00013313609140699374,65536,35137,NUTS_SL_01m_2024.shp,SI0,2019,December,12
2020-01-01,2020-02-01,-0.00023137482639867812,0.0005626145866699517,7.392385022883555e-05,0.00016291854077861746,65536,58132,NUTS_SL_01m_2024.shp,SI0,2020,January,1
2020-02-01,2020-03-01,-0.00033925138995982707,0.0004119370714761317,3.449636268589842e-05,0.00012584308463653798,65536,52767,NUTS_SL_01m_2024.shp,SI0,2020,February,2
2020-03-01,2020-04-01,-0.0002806666889227927,0.00024774982011877,1.733896283142266e-06,8.710646618738236e-05,65536,47071,NUTS_SL_01m_2024.shp,SI0,2020,March,3
2020-04-01,2020-05-01,-0.0008101931889541447,0.00044145554420538247,9.534972139152278e-06,0.0001619356739135525,65536,60709,NUTS_SL_01m_2024.shp,SI0,2020,April,4
2020-05-01,2020-06-01,-0.0001240838464582339,0.0002899195533245802,5.0385429482438586e-05,7.663045807543033e-05,65536,63167,NUTS_SL_01m_2024.shp,SI0,2020,May,5
2020-06-01,2020-07-01,-0.0003113990242127329,0.00045825535198673606,9.931075258686702e-05,0.00011599406228184628,65536,45120,NUTS_SL_01m_2024.shp,SI0,2020,June,6
2020-07-01,2020-08-01,-0.00026536639779806137,0.0007842776249162853,0.00011946674814497205,0.00012623883022428307,65536,50739,NUTS_SL_01m_2024.shp,SI0,2020,July,7
2020-09-01,2020-10-01,-0.00045253560529090464,0.0006795692024752498,9.555881513702888e-05,0.00018505452327690242,65536,37362,NUTS_SL_01m_2024.shp,SI0,2020,September,9
2020-10-01,2020-11-01,-0.0004555745399557054,0.0007594921626150608,7.614207348463502e-05,0.00019119779564953957,65536,31731,NUTS_SL_01m_2024.shp,SI0,2020,October,10
2020-11-01,2020-12-01,-0.0002665261854417622,0.000464046053821221,6.721362931039069e-05,0.0001340187168008277,65536,58273,NUTS_SL_01m_2024.shp,SI0,2020,November,11
2021-02-01,2021-03-01,-0.0003329675819259137,0.000444215489551425,-6.054607217079957e-06,0.0001517222665491508,65536,43910,NUTS_SL_01m_2024.shp,SI0,2021,February,2
2021-03-01,2021-04-01,-0.00031709164613857865,0.0006459638825617731,0.00012990875888734752,0.0001537889756751399,65536,33749,NUTS_SL_01m_2024.shp,SI0,2021,March,3
2021-04-01,2021-05-01,-0.00032326907967217267,0.0003912999527528882,1.912431077841409e-05,0.00011298368886314782,65536,57394,NUTS_SL_01m_2024.shp,SI0,2021,April,4
2021-05-01,2021-06-01,-0.0002675122523214668,0.00030099463765509427,2.2944730393167723e-05,7.938870596255818e-05,65536,56546,NUTS_SL_01m_2024.shp,SI0,2021,May,5
2021-06-01,2021-07-01,-0.0003676421765703708,0.0006195532041601837,0.00010053409418669516,0.00014134676207378283,65536,35129,NUTS_SL_01m_2024.shp,SI0,2021,June,6
2021-07-01,2021-08-01,-0.0003601056814659387,0.0008202622411772609,0.0001711664838523221,0.00015651506396694237,65536,40072,NUTS_SL_01m_2024.shp,SI0,2021,July,7
2021-08-01,2021-09-01,-0.00030623990460298955,0.0004901354550383985,7.127168927162028e-05,0.00013315559886224005,65536,43231,NUTS_SL_01m_2024.shp,SI0,2021,August,8
2021-09-01,2021-10-01,-0.0002770625869743526,0.0002829208970069885,4.339409677378215e-05,8.846947573617549e-05,65536,56199,NUTS_SL_01m_2024.shp,SI0,2021,September,9
2021-10-01,2021-11-01,-0.00032593042124062777,0.0006030782824382186,6.119352477931678e-05,0.00020527093987328124,65536,63914,NUTS_SL_01m_2024.shp,SI0,2021,October,10
2021-11-01,2021-12-01,-0.0005982427392154932,0.000706176389940083,3.338841024110302e-05,0.00026592935470489646,65536,60167,NUTS_SL_01m_2024.shp,SI0,2021,November,11
2021-12-01,2022-01-01,-0.0005207241629250348,0.0007408665842376649,1.798198197092402e-05,0.00017213803959440155,65536,40167,NUTS_SL_01m_2024.shp,SI0,2021,December,12
2022-01-01,2022-02-01,-0.00028585747350007296,0.0003036122943740338,5.2638411112117974e-05,0.00024091045647213716,65536,65337,NUTS_SL_01m_2024.shp,SI0,2022,January,1
2022-02-01,2022-03-01,-0.0003367094905115664,0.000513928011059761,3.824124956546059e-05,0.0001373102038469187,65536,49001,NUTS_SL_01m_2024.shp,SI0,2022,February,2
2022-04-01,2022-05-01,-0.0003079109010286629,0.00044561695540323853,6.684641410450115e-05,0.00013188414820249997,65536,33267,NUTS_SL_01m_2024.shp,SI0,2022,April,4
2022-05-01,2022-06-01,-0.0003123439382761717,0.0005561931757256389,6.807712033732133e-05,0.00011648326240950689,65536,46093,NUTS_SL_01m_2024.shp,SI0,2022,May,5
2022-06-01,2022-07-01,-0.00014401579392142594,0.0003961478651035577,8.489020776341442e-05,8.429963496629695e-05,65536,44177,NUTS_SL_01m_2024.shp,SI0,2022,June,6
2022-07-01,2022-08-01,-0.00017986854072660208,0.00033688757685013115,5.2561924877955885e-05,9.578371459404712e-05,65536,54231,NUTS_SL_01m_2024.shp,SI0,2022,July,7
2022-08-01,2022-09-01,-0.00018611007544677705,0.0006235650507733226,0.00015331585723609985,0.0001459530836848677,65536,60235,NUTS_SL_01m_2024.shp,SI0,2022,August,8
2022-09-01,2022-10-01,-0.0002374681062065065,0.0004125599516555667,6.509710980368434e-05,0.00013291993516453422,65536,59525,NUTS_SL_01m_2024.shp,SI0,2022,September,9
2022-10-01,2022-11-01,-0.0004462014767341316,0.0005944620352238417,4.070369706232239e-05,0.00016649265383750114,65536,35135,NUTS_SL_01m_2024.shp,SI0,2022,October,10
2022-12-01,2023-01-01,-0.000564084853976965,0.0006251985323615372,3.8896508437465397e-05,0.00019576451655137065,65536,42151,NUTS_SL_01m_2024.shp,SI0,2022,December,12
2023-01-01,2023-02-01,-0.0003797114477492869,0.00045253781718201935,2.3352500344524953e-05,0.00014784423874739905,65536,55689,NUTS_SL_01m_2024.shp,SI0,2023,January,1
2023-02-01,2023-03-01,-0.0002954931405838579,0.0003723176778294146,5.294843494122406e-05,0.00013543209425623194,65536,62009,NUTS_SL_01m_2024.shp,SI0,2023,February,2
2023-03-01,2023-04-01,-0.00025654907221905887,0.00023501126270275563,-3.912704748463778e-05,0.00015385590353715094,65536,65227,NUTS_SL_01m_2024.shp,SI0,2023,March,3
2023-04-01,2023-05-01,-0.00017281682812608778,0.00019801026792265475,2.1160819721617106e-05,6.2847260531581e-05,65536,58286,NUTS_SL_01m_2024.shp,SI0,2023,April,4
2023-05-01,2023-06-01,-4.3462758185341954e-05,0.00017416093032807112,4.6005564744216246e-05,4.4611431833380615e-05,65536,63525,NUTS_SL_01m_2024.shp,SI0,2023,May,5
2023-06-01,2023-07-01,-0.00024094764376059175,0.0005243039922788739,0.00014382801145304173,0.00013072596639432206,65536,33760,NUTS_SL_01m_2024.shp,SI0,2023,June,6
2023-07-01,2023-08-01,-0.0004123173130210489,0.0005974090308882296,6.171135869585613e-05,0.00012567700223350872,65536,46943,NUTS_SL_01m_2024.shp,SI0,2023,July,7
2023-08-01,2023-09-01,-0.00024399480025749654,0.0004544468247331679,5.1246339688385415e-05,0.0001164327962852951,65536,48205,NUTS_SL_01m_2024.shp,SI0,2023,August,8
2023-09-01,2023-10-01,-0.0003371672355569899,0.0005396261694841087,0.00013810366795324747,0.00015158665509549794,65536,53329,NUTS_SL_01m_2024.shp,SI0,2023,September,9
2023-10-01,2023-11-01,-0.00038542388938367367,0.0007062139920890331,4.9891235620808076e-05,0.00017968845818348405,65536,55703,NUTS_SL_01m_2024.shp,SI0,2023,October,10
2023-12-01,2024-01-01,-0.00027089816285297275,0.0005230653332546353,0.00010359955105084708,0.00025109975023587897,65536,64284,NUTS_SL_01m_2024.shp,SI0,2023,December,12
2024-01-01,2024-02-01,-0.0005944140139035881,0.0006162170902825892,2.5614877751070177e-05,0.00021355320220510285,65536,53981,NUTS_SL_01m_2024.shp,SI0,2024,January,1
2024-02-01,2024-03-01,-0.0003680406662169844,0.0003433933015912771,5.244906596994875e-05,0.00013768337877908586,65536,63572,NUTS_SL_01m_2024.shp,SI0,2024,February,2
2024-03-01,2024-04-01,-0.0002982146106660366,0.00028199885855428874,-3.183980552398122e-06,0.00011087665749268473,65536,63975,NUTS_SL_01m_2024.shp,SI0,2024,March,3
2024-04-01,2024-05-01,-0.0004504317475948483,0.0005688544479198754,8.12848668525223e-05,0.00014390105840037722,65536,32151,NUTS_SL_01m_2024.shp,SI0,2024,April,4
2024-05-01,2024-06-01,-0.0002658585144672543,0.0006942590698599815,7.340412396669577e-05,0.00011991292549204463,65536,59127,NUTS_SL_01m_2024.shp,SI0,2024,May,5
2024-06-01,2024-07-01,-0.00023293525737244636,0.00045670708641409874,0.00011713830126292246,0.00011304388453524484,65536,44025,NUTS_SL_01m_2024.shp,SI0,2024,June,6
2024-07-01,2024-08-01,-0.0003031336236745119,0.0005693003186024725,0.0001236038698946265,0.00013213404394062068,65536,31731,NUTS_SL_01m_2024.shp,SI0,2024,July,7
2024-08-01,2024-09-01,-0.0003209393471479416,0.0006752462941221893,0.00016124901676997002,0.00014979074866612268,65536,33797,NUTS_SL_01m_2024.shp,SI0,2024,August,8
2024-09-01,2024-10-01,-0.000791431637480855,0.0007158081862144172,5.458848205111845e-05,0.00019002138358164194,65536,32430,NUTS_SL_01m_2024.shp,SI0,2024,September,9
2024-10-01,2024-11-01,-0.0005540477577596903,0.0007031976711004972,8.351463236843567e-05,0.00018944723966801065,65536,35985,NUTS_SL_01m_2024.shp,SI0,2024,October,10
2024-11-01,2024-12-01,-0.0004545924311969429,0.0010147414868697524,0.00011173268808749671,0.00023665930766104482,65536,39496,NUTS_SL_01m_2024.shp,SI0,2024,November,11
2024-12-01,2025-01-01,-0.0004746151971630752,0.0008133951341733336,0.00011980139332972213,0.00022655630338511685,65536,52135,NUTS_SL_01m_2024.shp,SI0,2024,December,12
2018-04-01,2018-05-01,9.745383431436494e-05,0.0011386455735191703,0.0004762964296653308,0.00020217812768209064,65536,47361,NUTS_SL_01m_2024.shp,SI03,2018,April,4
2018-05-01,2018-06-01,-0.00017997188842855394,0.0008560881833545864,0.00012818400258080416,0.00011234365431776081,65536,47952,NUTS_SL_01m_2024.shp,SI03,2018,May,5
2018-06-01,2018-07-01,-0.00025429893867112696,0.0004002113710157573,0.00010567592798933602,0.00010371299087189378,65536,52333,NUTS_SL_01m_2024.shp,SI03,2018,June,6
2018-07-01,2018-08-01,-0.00011874909250764176,0.0003843159938696772,0.00011873293590029119,7.808563389790396e-05,65536,39501,NUTS_SL_01m_2024.shp,SI03,2018,July,7
2018-08-01,2018-09-01,1.1473720405774657e-05,0.00028297604876570404,0.00014767533508033712,0.00011757678004839374,65536,65200,NUTS_SL_01m_2024.shp,SI03,2018,August,8
2018-09-01,2018-10-01,-0.00047263153828680515,0.0006814042571932077,9.339156601417969e-05,0.00015198308772044718,65536,39184,NUTS_SL_01m_2024.shp,SI03,2018,September,9
2018-10-01,2018-11-01,-0.0003320404211990535,0.0005071419873274863,2.958999265352026e-05,0.0001292860138297541,65536,41914,NUTS_SL_01m_2024.shp,SI03,2018,October,10
2018-12-01,2019-01-01,-0.0003777001693379134,0.0004462309298105538,4.6173604142748876e-05,0.00014908445596553894,65536,46647,NUTS_SL_01m_2024.shp,SI03,2018,December,12
2019-01-01,2019-02-01,2.4716804546187632e-05,2.4716804546187632e-05,2.4716804546187632e-05,0.0,65536,65529,NUTS_SL_01m_2024.shp,SI03,2019,January,1
2019-02-01,2019-03-01,-0.00023122201673686504,0.0005059349932707846,7.852188435700018e-05,0.00012041862684455518,65536,39283,NUTS_SL_01m_2024.shp,SI03,2019,February,2
2019-03-01,2019-04-01,-0.00034798961132764816,0.0005444272537715733,8.203766218617733e-05,0.00014898719267060007,65536,39184,NUTS_SL_01m_2024.shp,SI03,2019,March,3
2019-05-01,2019-06-01,-0.00013864960055798292,0.00015055645781103522,2.1727882318290638e-05,6.91593856949272e-05,65536,63886,NUTS_SL_01m_2024.shp,SI03,2019,May,5
2019-06-01,2019-07-01,-0.000357461569365114,0.00047648063628003,0.00012447925038368662,0.00013723875570245843,65536,39184,NUTS_SL_01m_2024.shp,SI03,2019,June,6
2019-07-01,2019-08-01,-0.0001983911934075877,0.0012040024157613516,0.00013960392844803956,0.00014216707451193849,65536,53142,NUTS_SL_01m_2024.shp,SI03,2019,July,7
2019-08-01,2019-09-01,-0.00018338728114031255,0.0005183472530916333,0.00014449774974044678,0.00011688736154591531,65536,41252,NUTS_SL_01m_2024.shp,SI03,2019,August,8
2019-09-01,2019-10-01,-0.0003356069209985435,0.0004255786188878119,0.00011370998355389453,0.0001470065959882198,65536,46883,NUTS_SL_01m_2024.shp,SI03,2019,September,9
2019-10-01,2019-11-01,-9.507143113296479e-05,0.00010579653462627903,-4.738321703547591e-06,5.201523177415702e-05,65536,65139,NUTS_SL_01m_2024.shp,SI03,2019,October,10
2019-11-01,2019-12-01,-0.00043809431372210383,0.0005800406215712428,6.722722548968835e-05,0.00018648102297186872,65536,48638,NUTS_SL_01m_2024.shp,SI03,2019,November,11
2019-12-01,2020-01-01,-0.0003321630647405982,0.0004482682852540165,5.6724612337840116e-05,0.00013554324947234302,65536,40788,NUTS_SL_01m_2024.shp,SI03,2019,December,12
2020-01-01,2020-02-01,-0.00023137482639867812,0.00039244384970515966,6.856005680246995e-05,0.00014259168289811324,65536,58308,NUTS_SL_01m_2024.shp,SI03,2020,January,1
2020-02-01,2020-03-01,-0.00033925138995982707,0.00040278234519064426,3.280652646151492e-05,0.00013823728196738026,65536,60139,NUTS_SL_01m_2024.shp,SI03,2020,February,2
2020-03-01,2020-04-01,-0.0002111133944708854,0.00023952873016241938,3.3398820944604688e-06,7.962163085428475e-05,65536,50707,NUTS_SL_01m_2024.shp,SI03,2020,March,3
2020-04-01,2020-05-01,-0.0001876625610748306,0.00020787713583558798,1.6328862153028619e-06,0.00010146119482428778,65536,62254,NUTS_SL_01m_2024.shp,SI03,2020,April,4
2020-05-01,2020-06-01,-0.00010592058242764324,0.0001688503398327157,4.327307780142813e-05,6.664229986177722e-05,65536,64388,NUTS_SL_01m_2024.shp,SI03,2020,May,5
2020-06-01,2020-07-01,-0.0003113990242127329,0.00045825535198673606,0.00010241059472351274,0.00011467526315124278,65536,48545,NUTS_SL_01m_2024.shp,SI03,2020,June,6
2020-07-01,2020-08-01,-0.00016055373998824507,0.0007842776249162853,0.00011915435098126771,0.00011962683955487775,65536,53138,NUTS_SL_01m_2024.shp,SI03,2020,July,7
2020-09-01,2020-10-01,-0.00045253560529090464,0.0006795692024752498,9.716118256282402e-05,0.0001830874463183305,65536,45782,NUTS_SL_01m_2024.shp,SI03,2020,September,9
2020-10-01,2020-11-01,-0.0004460486234165728,0.0007594921626150608,7.241149492589169e-05,0.00019026230629067247,65536,39184,NUTS_SL_01m_2024.shp,SI03,2020,October,10
2020-11-01,2020-12-01,-0.00021784016280435026,0.00022495834855362773,5.2968988953890105e-05,0.00010583611877421795,65536,63440,NUTS_SL_01m_2024.shp,SI03,2020,November,11
2020-12-01,2021-01-01,-0.000376703217625618,0.0005258353194221854,8.325015766664832e-05,0.00018727464627731587,65536,60465,NUTS_SL_01m_2024.shp,SI03,2020,December,12
2021-02-01,2021-03-01,-0.00030988422804512084,0.000444215489551425,-1.3857624948805763e-05,0.0001504290301272002,65536,50669,NUTS_SL_01m_2024.shp,SI03,2021,February,2
2021-03-01,2021-04-01,-0.00031709164613857865,0.0006459638825617731,0.00012835369744868403,0.0001521409682946489,65536,39184,NUTS_SL_01m_2024.shp,SI03,2021,March,3
2021-04-01,2021-05-01,-0.00019226739823352545,0.0003912999527528882,2.3056451741159332e-05,9.870385780882828e-05,65536,57831,NUTS_SL_01m_2024.shp,SI03,2021,April,4
2021-05-01,2021-06-01,-0.00012534963025245816,0.000156443624291569,-1.5554115246972242e-06,6.177922257051056e-05,65536,61763,NUTS_SL_01m_2024.shp,SI03,2021,May,5
2021-06-01,2021-07-01,-0.0003057200519833714,0.0006195532041601837,0.00010639065057524753,0.00014458825326421474,65536,42597,NUTS_SL_01m_2024.shp,SI03,2021,June,6
2021-07-01,2021-08-01,-0.00027143105398863554,0.0008202622411772609,0.0001833191368527764,0.0001577485314166414,65536,45672,NUTS_SL_01m_2024.shp,SI03,2021,July,7
2021-08-01,2021-09-01,-0.00030623990460298955,0.0004519945941865444,7.022332786982181e-05,0.00013188524251188377,65536,44949,NUTS_SL_01m_2024.shp,SI03,2021,August,8
2021-09-01,2021-10-01,-0.00012040902220178396,0.0002827748248819262,3.536989603371478e-05,8.304401709930916e-05,65536,62509,NUTS_SL_01m_2024.shp,SI03,2021,September,9
2021-11-01,2021-12-01,-0.00047161339898593724,0.000706176389940083,3.883814972277278e-05,0.00027404616232075846,65536,61493,NUTS_SL_01m_2024.shp,SI03,2021,November,11
2021-12-01,2022-01-01,-0.0005207241629250348,0.0007408665842376649,2.0845303471369824e-05,0.00018054601158841915,65536,43663,NUTS_SL_01m_2024.shp,SI03,2021,December,12
2022-01-01,2022-02-01,-0.00028585747350007296,0.0003036122943740338,6.16727205734576e-05,0.00024093972084078663,65536,65288,NUTS_SL_01m_2024.shp,SI03,2022,January,1
2022-02-01,2022-03-01,-0.0003367094905115664,0.00042214390123263,2.0281794324706082e-05,0.0001272928271637457,65536,55484,NUTS_SL_01m_2024.shp,SI03,2022,February,2
2022-04-01,2022-05-01,-0.0003079109010286629,0.00044561695540323853,6.979666166614876e-05,0.00012881771068266353,65536,39705,NUTS_SL_01m_2024.shp,SI03,2022,April,4
2022-05-01,2022-06-01,-0.0003120861074421555,0.0005561931757256389,6.537626896349586e-05,0.00011263378787599042,65536,49423,NUTS_SL_01m_2024.shp,SI03,2022,May,5
2022-06-01,2022-07-01,-0.00014401579392142594,0.00034601468360051513,9.235804069776195e-05,8.12751976517744e-05,65536,49288,NUTS_SL_01m_2024.shp,SI03,2022,June,6
2022-07-01,2022-08-01,-0.00017986854072660208,0.00030027772299945354,4.5311553564350954e-05,8.821413882393841e-05,65536,52764,NUTS_SL_01m_2024.shp,SI03,2022,July,7
2022-08-01,2022-09-01,-0.00018611007544677705,0.0006235650507733226,0.00016101603484251913,0.00015194778607872112,65536,60236,NUTS_SL_01m_2024.shp,SI03,2022,August,8
2022-09-01,2022-10-01,-0.0002374681062065065,0.0004125599516555667,6.481029576223377e-05,0.0001327797912979032,65536,57982,NUTS_SL_01m_2024.shp,SI03,2022,September,9
2022-10-01,2022-11-01,-0.0004462014767341316,0.0005944620352238417,4.747403799154616e-05,0.000168254913923636,65536,43450,NUTS_SL_01m_2024.shp,SI03,2022,October,10
2022-12-01,2023-01-01,-0.000564084853976965,0.0006251985323615372,3.2397160622708014e-05,0.00019807897289525727,65536,42939,NUTS_SL_01m_2024.shp,SI03,2022,December,12
2023-01-01,2023-02-01,-0.0003797114477492869,0.0003762132255360484,1.677741619984493e-05,0.0001391500992448576,65536,57328,NUTS_SL_01m_2024.shp,SI03,2023,January,1
2023-02-01,2023-03-01,-0.00016594541375525296,0.0002165255427826196,3.99655125945429e-05,9.74290226906809e-05,65536,64999,NUTS_SL_01m_2024.shp,SI03,2023,February,2
2023-03-01,2023-04-01,-0.00025654907221905887,0.00023501126270275563,-4.0101366712124874e-05,0.00015187567268906745,65536,65148,NUTS_SL_01m_2024.shp,SI03,2023,March,3
2023-04-01,2023-05-01,-0.00014557818940375,0.00019801026792265475,1.710483054416628e-05,6.41886276457711e-05,65536,59594,NUTS_SL_01m_2024.shp,SI03,2023,April,4
2023-05-01,2023-06-01,-4.3462758185341954e-05,0.00017416093032807112,4.5158987114394026e-05,4.444267964955845e-05,65536,63050,NUTS_SL_01m_2024.shp,SI03,2023,May,5
2023-06-01,2023-07-01,-0.00024094764376059175,0.0005243039922788739,0.00014260297758537753,0.00013510915041373264,65536,39330,NUTS_SL_01m_2024.shp,SI03,2023,June,6
2023-07-01,2023-08-01,-0.0004123173130210489,0.0005974090308882296,6.018967811631381e-05,0.0001320824422210343,65536,48981,NUTS_SL_01m_2024.shp,SI03,2023,July,7
2023-08-01,2023-09-01,-0.00024399480025749654,0.0004544468247331679,5.1996799568169644e-05,0.00011654802047038054,65536,47011,NUTS_SL_01m_2024.shp,SI03,2023,August,8
2023-09-01,2023-10-01,-0.0003371672355569899,0.000525455572642386,0.00012751709328882337,0.00016647024583405485,65536,60971,NUTS_SL_01m_2024.shp,SI03,2023,September,9
2023-10-01,2023-11-01,-0.00038542388938367367,0.0005422867252491415,4.548771384985179e-05,0.00018073320357776392,65536,55529,NUTS_SL_01m_2024.shp,SI03,2023,October,10
2023-12-01,2024-01-01,-0.00027089816285297275,0.0005230653332546353,0.00010160282616992136,0.00025008207961777276,65536,63974,NUTS_SL_01m_2024.shp,SI03,2023,December,12
2024-01-01,2024-02-01,-0.0005944140139035881,0.0006162170902825892,2.0049828541651707e-05,0.00022596150489290046,65536,53382,NUTS_SL_01m_2024.shp,SI03,2024,January,1
2024-02-01,2024-03-01,-0.0003680406662169844,0.0003433933015912771,5.86820466309297e-05,0.00013627365424935035,65536,63145,NUTS_SL_01m_2024.shp,SI03,2024,February,2
2024-03-01,2024-04-01,-0.0002982146106660366,0.00028199885855428874,-1.8164656495008323e-06,0.00011318854947061366,65536,63654,NUTS_SL_01m_2024.shp,SI03,2024,March,3
2024-04-01,2024-05-01,-0.0004504317475948483,0.0005688544479198754,8.466553115796309e-05,0.0001464735990869504,65536,39184,NUTS_SL_01m_2024.shp,SI03,2024,April,4
2024-05-01,2024-06-01,-0.0002658585144672543,0.0006942590698599815,6.827080677879737e-05,0.00011600135398380279,65536,58657,NUTS_SL_01m_2024.shp,SI03,2024,May,5
2024-06-01,2024-07-01,-0.00023293525737244636,0.00042488682083785534,0.00012171742300681115,0.00011431326761547203,65536,44559,NUTS_SL_01m_2024.shp,SI03,2024,June,6
2024-07-01,2024-08-01,-0.0003031336236745119,0.0005693003186024725,0.00010439434784542829,0.0001316481373174365,65536,39184,NUTS_SL_01m_2024.shp,SI03,2024,July,7
2024-08-01,2024-09-01,-0.00023530474572908133,0.0006752462941221893,0.0001664371333398959,0.00014914000558148016,65536,39360,NUTS_SL_01m_2024.shp,SI03,2024,August,8
2024-09-01,2024-10-01,-0.000791431637480855,0.0005592714878730476,5.9266521861355946e-05,0.00018420053565876626,65536,39344,NUTS_SL_01m_2024.shp,SI03,2024,September,9
2024-10-01,2024-11-01,-0.0005540477577596903,0.0005456735379993916,7.26043144543237e-05,0.0001828497329811187,65536,44524,NUTS_SL_01m_2024.shp,SI03,2024,October,10
2024-11-01,2024-12-01,-0.0004545924311969429,0.0010147414868697524,0.00011788868838270515,0.0002622942909069356,65536,45056,NUTS_SL_01m_2024.shp,SI03,2024,November,11
2024-12-01,2025-01-01,-0.00046704753185622394,0.0008133951341733336,0.00011772656315626625,0.00023396809263034153,65536,54061,NUTS_SL_01m_2024.shp,SI03,2024,December,12
2018-04-01,2018-05-01,0.00018733134493231773,0.0009271454182453454,0.0006170415474920163,0.00015580611683094583,65536,37419,NUTS_SL_01m_2024.shp,SI031,2018,April,4
2018-05-01,2018-06-01,-8.269510726677254e-05,0.00046956288861110806,0.00011772660254111358,8.43250385194017e-05,65536,33747,NUTS_SL_01m_2024.shp,SI031,2018,May,5
2018-06-01,2018-07-01,-3.355083390488289e-05,0.000361709448043257,0.00015743881466671238,9.407119687707602e-05,65536,43305,NUTS_SL_01m_2024.shp,SI031,2018,June,6
2018-07-01,2018-08-01,2.2394428015104495e-05,0.0003843159938696772,0.00015614436604094822,8.68808668496969e-05,65536,33747,NUTS_SL_01m_2024.shp,SI031,2018,July,7
2018-08-01,2018-09-01,-0.00019643940322566777,0.00040577436448074877,0.00016142995832998404,0.00010918409669112011,65536,39068,NUTS_SL_01m_2024.shp,SI031,2018,August,8
2018-09-01,2018-10-01,-0.00027065869653597474,0.000481574097648263,9.355845287080752e-05,0.0001377721541508109,65536,33747,NUTS_SL_01m_2024.shp,SI031,2018,September,9
2018-10-01,2018-11-01,-0.0003286949940957129,0.00041062902892008424,3.6237477222601584e-05,0.00012669933397714816,65536,33747,NUTS_SL_01m_2024.shp,SI031,2018,October,10
2018-12-01,2019-01-01,-0.0003771646006498486,0.00042105064494535327,7.365078173818322e-05,0.00019297448944677976,65536,43877,NUTS_SL_01m_2024.shp,SI031,2018,December,12
2019-02-01,2019-03-01,-0.00017798082262743264,0.00040443817852064967,8.994475412533625e-05,0.0001202127816845351,65536,33747,NUTS_SL_01m_2024.shp,SI031,2019,February,2
2019-03-01,2019-04-01,-0.0002253890415886417,0.0005444272537715733,0.00010849252712502381,0.00015960226594329398,65536,33747,NUTS_SL_01m_2024.shp,SI031,2019,March,3
2019-05-01,2019-06-01,-5.471503027365543e-05,0.00015055645781103522,4.439606150511792e-05,5.5688557862035625e-05,65536,56502,NUTS_SL_01m_2024.shp,SI031,2019,May,5
2019-06-01,2019-07-01,-0.0001897025213111192,0.0003833375230897218,0.00010314716689331814,0.00011677751453724973,65536,33747,NUTS_SL_01m_2024.shp,SI031,2019,June,6
2019-07-01,2019-08-01,-0.0001983911934075877,0.0004193214699625969,0.0001650489820075926,9.939582459702893e-05,65536,33747,NUTS_SL_01m_2024.shp,SI031,2019,July,7
2019-08-01,2019-09-01,-6.805689918110147e-05,0.0004911523428745568,0.0001498279497544199,0.00012175231747296724,65536,33747,NUTS_SL_01m_2024.shp,SI031,2019,August,8
2019-09-01,2019-10-01,-0.0001986486604437232,0.0004255786188878119,9.234561702885757e-05,0.0001290260161117054,65536,34831,NUTS_SL_01m_2024.shp,SI031,2019,September,9
2019-11-01,2019-12-01,-0.0004043324734084308,0.0005800406215712428,3.59175052767986e-05,0.00019240649111874837,65536,34211,NUTS_SL_01m_2024.shp,SI031,2019,November,11
2019-12-01,2020-01-01,-0.0003321630647405982,0.0004482682852540165,8.328659079171763e-05,0.00016090997621394124,65536,33747,NUTS_SL_01m_2024.shp,SI031,2019,December,12
2020-02-01,2020-03-01,-0.00033925138995982707,0.00031265991856344044,5.276138699721148e-05,0.00014406216468009977,65536,49902,NUTS_SL_01m_2024.shp,SI031,2020,February,2
2020-03-01,2020-04-01,-0.00011729345715139061,0.00021880892745684832,2.174903868387191e-05,6.985173164480852e-05,65536,33747,NUTS_SL_01m_2024.shp,SI031,2020,March,3
2020-04-01,2020-05-01,-0.0001837512681959197,0.00038732317625544965,5.588273463880726e-05,0.00011226472714251128,65536,33747,NUTS_SL_01m_2024.shp,SI031,2020,April,4
2020-06-01,2020-07-01,-4.1823612264124677e-05,0.0003217996854800731,9.191181604460695e-05,6.93476856789648e-05,65536,55431,NUTS_SL_01m_2024.shp,SI031,2020,June,6
2020-07-01,2020-08-01,-0.00012152112321928144,0.0003628389968071133,0.0001202462955772414,9.539180271875144e-05,65536,33747,NUTS_SL_01m_2024.shp,SI031,2020,July,7
2020-09-01,2020-10-01,-0.00045253560529090464,0.0005018654046580195,8.690226034599108e-05,0.00015951801449200678,65536,36417,NUTS_SL_01m_2024.shp,SI031,2020,September,9
2020-10-01,2020-11-01,-0.0003483862092252821,0.00046288646990433335,2.1641278468562955e-05,0.00015284483702370424,65536,33747,NUTS_SL_01m_2024.shp,SI031,2020,October,10
2020-12-01,2021-01-01,-0.000372138136299327,0.0004563026304822415,0.00012144909028187386,0.00021027407772712363,65536,54553,NUTS_SL_01m_2024.shp,SI031,2020,December,12
2021-02-01,2021-03-01,-0.0003240937367081642,0.0004796364810317755,6.820390685800806e-05,0.0001726747815111869,65536,33747,NUTS_SL_01m_2024.shp,SI031,2021,February,2
2021-03-01,2021-04-01,-0.0002767077530734241,0.0004009963304270059,0.00011114114817977892,0.00012731855573639998,65536,33747,NUTS_SL_01m_2024.shp,SI031,2021,March,3
2021-04-01,2021-05-01,-0.00016599400260020047,0.00020222827151883394,1.8535941073934055e-05,8.219797562096002e-05,65536,48396,NUTS_SL_01m_2024.shp,SI031,2021,April,4
2021-05-01,2021-06-01,-9.48059605434537e-05,0.00012981767940800637,-1.8782441298100665e-06,8.603842578599455e-05,65536,64135,NUTS_SL_01m_2024.shp,SI031,2021,May,5
2021-06-01,2021-07-01,-0.00020368142577353865,0.0006195532041601837,0.000142141109984832,0.00012637634406000123,65536,37670,NUTS_SL_01m_2024.shp,SI031,2021,June,6
2021-08-01,2021-09-01,-0.00020318517636042088,0.0003641037328634411,6.349440155362084e-05,0.00011605322519086819,65536,33747,NUTS_SL_01m_2024.shp,SI031,2021,August,8
2021-09-01,2021-10-01,-0.00012040902220178396,0.0002827748248819262,4.4896628769760086e-05,0.00011728016453786931,65536,54981,NUTS_SL_01m_2024.shp,SI031,2021,September,9
2021-10-01,2021-11-01,-0.0002775116590783,0.0005330165149644017,0.00013542733041909581,0.00016312762114703967,65536,40360,NUTS_SL_01m_2024.shp,SI031,2021,October,10
2021-12-01,2022-01-01,-0.0003211345465388149,0.00040416500996798277,1.2041615736152768e-05,0.00016666941668124532,65536,33747,NUTS_SL_01m_2024.shp,SI031,2021,December,12
2022-02-01,2022-03-01,-0.00017281049804296345,0.00029152256320230663,1.687502208391799e-05,0.00010315840873010452,65536,61449,NUTS_SL_01m_2024.shp,SI031,2022,February,2
2022-04-01,2022-05-01,-0.0003079109010286629,0.0003968706587329507,6.453907537839909e-05,0.00014233811383743345,65536,35366,NUTS_SL_01m_2024.shp,SI031,2022,April,4
2022-05-01,2022-06-01,-0.0001382524787914008,0.00036092157824896276,7.096603854256637e-05,0.00010147092280797502,65536,43249,NUTS_SL_01m_2024.shp,SI031,2022,May,5
2022-06-01,2022-07-01,-8.575592073611915e-05,0.00034601468360051513,0.00013792871489892678,9.049515630767913e-05,65536,33747,NUTS_SL_01m_2024.shp,SI031,2022,June,6
2022-07-01,2022-08-01,-0.00016308385238517076,0.00021617549646180123,3.562632500851444e-05,9.23074313419498e-05,65536,33747,NUTS_SL_01m_2024.shp,SI031,2022,July,7
2022-08-01,2022-09-01,-0.00018611007544677705,0.0005130022764205933,0.00014845980310896942,0.00014894602174842945,65536,33747,NUTS_SL_01m_2024.shp,SI031,2022,August,8
2022-09-01,2022-10-01,-0.0002374681062065065,0.0003421001310925931,6.073420869955933e-05,0.00012199330397062669,65536,50945,NUTS_SL_01m_2024.shp,SI031,2022,September,9
2022-10-01,2022-11-01,1.5074141629156657e-05,4.48166138085071e-05,4.206689027758591e-05,5.4067253545551705e-06,65536,64445,NUTS_SL_01m_2024.shp,SI031,2022,October,10
2022-12-01,2023-01-01,-0.0004793090047314763,0.0005834607873111963,6.08918186354327e-06,0.00019653609587453298,65536,39086,NUTS_SL_01m_2024.shp,SI031,2022,December,12
2023-01-01,2023-02-01,-0.0003797114477492869,0.0003762132255360484,1.432543099412522e-05,0.00015043930395059897,65536,35524,NUTS_SL_01m_2024.shp,SI031,2023,January,1
2023-02-01,2023-03-01,-0.00016594541375525296,7.550667942268774e-05,-1.1871675522217118e-05,8.896453846486613e-05,65536,62880,NUTS_SL_01m_2024.shp,SI031,2023,February,2
2023-03-01,2023-04-01,-0.00025654907221905887,0.00023501126270275563,-4.134014330536271e-05,0.00015084430240169862,65536,61345,NUTS_SL_01m_2024.shp,SI031,2023,March,3
2023-04-01,2023-05-01,-7.877530151745304e-05,0.00010733401722973213,2.4350414648549853e-05,4.5640406288941994e-05,65536,55681,NUTS_SL_01m_2024.shp,SI031,2023,April,4
2023-05-01,2023-06-01,-4.3462758185341954e-05,0.00017416093032807112,5.003231208546518e-05,4.930762042110003e-05,65536,47168,NUTS_SL_01m_2024.shp,SI031,2023,May,5
2023-06-01,2023-07-01,-0.00019117323972750455,0.0004862700297962874,0.00013681407177792106,0.00013676829076107145,65536,33747,NUTS_SL_01m_2024.shp,SI031,2023,June,6
2023-07-01,2023-08-01,-0.00022553966846317053,0.0003675893531180918,4.0913073463986724e-05,0.00011376266394691053,65536,33747,NUTS_SL_01m_2024.shp,SI031,2023,July,7
2023-08-01,2023-09-01,-0.00014668997027911246,0.00036957068368792534,5.458976040427651e-05,0.0001065144304070578,65536,33747,NUTS_SL_01m_2024.shp,SI031,2023,August,8
2023-12-01,2024-01-01,-0.0002446046855766326,0.00043064088094979525,0.00022784147149650336,0.0002040263534570805,65536,60806,NUTS_SL_01m_2024.shp,SI031,2023,December,12
2024-01-01,2024-02-01,-0.00047272889059968293,0.0006042350432835519,4.308956713330354e-05,0.0002480007383572667,65536,33747,NUTS_SL_01m_2024.shp,SI031,2024,January,1
2024-02-01,2024-03-01,-0.0003680406662169844,0.0001945605326909572,9.74132354346472e-06,0.00014206589924123145,65536,55733,NUTS_SL_01m_2024.shp,SI031,2024,February,2
2024-03-01,2024-04-01,-0.0002982146106660366,0.00028199885855428874,-6.8210073658614375e-06,0.00011830689374651925,65536,51607,NUTS_SL_01m_2024.shp,SI031,2024,March,3
2024-04-01,2024-05-01,-0.0002684488135855645,0.00043027798528783023,9.648244679565503e-05,0.00014275410414998365,65536,33747,NUTS_SL_01m_2024.shp,SI031,2024,April,4
2024-06-01,2024-07-01,-8.545264427084476e-05,0.0003365839074831456,0.0001396504515112585,0.00010540378307740414,65536,33747,NUTS_SL_01m_2024.shp,SI031,2024,June,6
2024-07-01,2024-08-01,-0.0003031336236745119,0.00032136935624293983,7.126559198022077e-05,0.00012587337682139172,65536,33747,NUTS_SL_01m_2024.shp,SI031,2024,July,7
2024-08-01,2024-09-01,-0.0001782375038601458,0.00045401291572488844,0.00020067285008737757,0.00012596866825765208,65536,33750,NUTS_SL_01m_2024.shp,SI031,2024,August,8
2024-09-01,2024-10-01,-0.00033165758941322565,0.0005173434619791806,9.673216795146802e-05,0.00014650719415601682,65536,34409,NUTS_SL_01m_2024.shp,SI031,2024,September,9
2024-10-01,2024-11-01,-9.089250670513138e-05,0.00023585338203702122,4.012400373652233e-05,6.037793680308154e-05,65536,63818,NUTS_SL_01m_2024.shp,SI031,2024,October,10
2024-11-01,2024-12-01,-0.00035141274565830827,0.0010147414868697524,0.00012316625412376426,0.0002663837835616888,65536,35788,NUTS_SL_01m_2024.shp,SI031,2024,November,11
2024-12-01,2025-01-01,-0.0003690743469633162,0.000624682754278183,0.00013985002337524487,0.00021601925078056766,65536,62708,NUTS_SL_01m_2024.shp,SI031,2024,December,12
2018-04-01,2018-05-01,9.745383431436494e-05,0.0009140212787315249,0.0005044003043904833,0.0002154231166563377,65536,33764,NUTS_SL_01m_2024.shp,SI032,2018,April,4
2018-05-01,2018-06-01,-6.978333840379491e-05,0.0008560881833545864,0.00011071417797593078,0.00011946906574284983,65536,32740,NUTS_SL_01m_2024.shp,SI032,2018,May,5
2018-06-01,2018-07-01,-6.73819231451489e-05,0.00028041208861395717,6.639539791008198e-05,9.640714521184494e-05,65536,53215,NUTS_SL_01m_2024.shp,SI032,2018,June,6
2018-07-01,2018-08-01,-3.153513171127997e-05,0.0003268849977757782,0.00013024990236884106,8.173662722084516e-05,65536,27923,NUTS_SL_01m_2024.shp,SI032,2018,July,7
2018-09-01,2018-10-01,-0.00016500067431479692,0.0004259762354195118,8.30041227691405e-05,0.00011642854019668567,65536,27923,NUTS_SL_01m_2024.shp,SI032,2018,September,9
2018-10-01,2018-11-01,-0.0001609653845662251,0.0005071419873274863,6.775278572334308e-05,0.00013716151573637275,65536,27923,NUTS_SL_01m_2024.shp,SI032,2018,October,10
2018-12-01,2019-01-01,-0.0003777001693379134,0.0004462309298105538,4.042214639277443e-05,0.00016289083844034223,65536,34392,NUTS_SL_01m_2024.shp,SI032,2018,December,12
2019-02-01,2019-03-01,-0.00018497231940273196,0.0005059349932707846,7.849679088025026e-05,0.00012372600817184303,65536,27923,NUTS_SL_01m_2024.shp,SI032,2019,February,2
2019-03-01,2019-04-01,-0.00027522112941369414,0.0003551229019649327,8.479286966679618e-05,0.00014205645728719473,65536,27923,NUTS_SL_01m_2024.shp,SI032,2019,March,3
2019-05-01,2019-06-01,1.1206073395442218e-05,0.00015055645781103522,6.44794715441188e-05,6.197312864035088e-05,65536,62948,NUTS_SL_01m_2024.shp,SI032,2019,May,5
2019-06-01,2019-07-01,-0.00012839189730584621,0.0003799936093855649,0.00012781626634257917,0.00013093426689193363,65536,27923,NUTS_SL_01m_2024.shp,SI032,2019,June,6
2019-07-01,2019-08-01,-0.00012573083222378045,0.0012040024157613516,0.000155391393257661,0.00017823704620605066,65536,38030,NUTS_SL_01m_2024.shp,SI032,2019,July,7
2019-08-01,2019-09-01,-0.00015232095029205084,0.00047823713975958526,0.0001508613880975871,0.00011849598770862167,65536,27997,NUTS_SL_01m_2024.shp,SI032,2019,August,8
2019-09-01,2019-10-01,-0.00032008258858695626,0.00034060660982504487,0.00013308956383640966,0.00013706641386615598,65536,27923,NUTS_SL_01m_2024.shp,SI032,2019,September,9
2019-11-01,2019-12-01,-0.0003949961392208934,0.0005800406215712428,0.00010143176425980433,0.00018580595402710866,65536,28091,NUTS_SL_01m_2024.shp,SI032,2019,November,11
2019-12-01,2020-01-01,-0.00026843423256650567,0.00036401208490133286,2.6817479535304417e-05,0.00014126412311378126,65536,27923,NUTS_SL_01m_2024.shp,SI032,2019,December,12
2020-02-01,2020-03-01,-0.00022685472504235804,0.0003093282866757363,1.2312437105459853e-06,0.00015462690853422872,65536,60322,NUTS_SL_01m_2024.shp,SI032,2020,February,2
2020-03-01,2020-04-01,-0.0001261825964320451,0.00021880892745684832,2.1891717631979707e-05,7.43413157533683e-05,65536,37715,NUTS_SL_01m_2024.shp,SI032,2020,March,3
2020-04-01,2020-05-01,-0.00032057505450211465,0.00025136771728284657,4.3055156466219904e-05,0.00011743887441204383,65536,31175,NUTS_SL_01m_2024.shp,SI032,2020,April,4
2020-06-01,2020-07-01,-0.00016260876145679504,0.0004209779726807028,0.00010565053754076588,0.00010888529127731577,65536,46505,NUTS_SL_01m_2024.shp,SI032,2020,June,6
2020-07-01,2020-08-01,-7.771018135827035e-05,0.0003150294360239059,0.00012371404983351972,9.800255897066092e-05,65536,47235,NUTS_SL_01m_2024.shp,SI032,2020,July,7
2020-09-01,2020-10-01,-0.00045253560529090464,0.0005763054359704256,8.507174907966211e-05,0.00018864509126656807,65536,55044,NUTS_SL_01m_2024.shp,SI032,2020,September,9
2020-10-01,2020-11-01,-0.0002936407981906086,0.0004826204676646739,5.739625946210823e-05,0.0001719023722496207,65536,27923,NUTS_SL_01m_2024.shp,SI032,2020,October,10
2020-12-01,2021-01-01,-0.000376703217625618,0.0004563026304822415,7.348942912170256e-05,0.00020194420295100205,65536,46581,NUTS_SL_01m_2024.shp,SI032,2020,December,12
2021-02-01,2021-03-01,-0.00030988422804512084,-0.0001024653174681589,-0.00021560290505559269,0.00010328001470558994,65536,65525,NUTS_SL_01m_2024.shp,SI032,2021,February,2
2021-03-01,2021-04-01,-0.00017851387383416295,0.00045011789188720286,0.00012904344240744297,0.0001339369545778131,65536,27923,NUTS_SL_01m_2024.shp,SI032,2021,March,3
2021-04-01,2021-05-01,-0.00016599400260020047,0.00023532978957518935,9.263484628882788e-06,0.00010321676242008285,65536,53420,NUTS_SL_01m_2024.shp,SI032,2021,April,4
2021-05-01,2021-06-01,-6.402816507034004e-05,1.8538567019277252e-05,-1.338129781919522e-05,3.951704088658158e-05,65536,64066,NUTS_SL_01m_2024.shp,SI032,2021,May,5
2021-06-01,2021-07-01,-0.00028994804597459733,0.00038476608460769057,0.00012139761357827569,0.0001351740913237219,65536,36063,NUTS_SL_01m_2024.shp,SI032,2021,June,6
2021-07-01,2021-08-01,-0.00014990732597652823,0.0007059781346470118,0.0001481197302790669,0.0001720762659549387,65536,47142,NUTS_SL_01m_2024.shp,SI032,2021,July,7
2021-08-01,2021-09-01,-0.00030623990460298955,0.0003168263647239655,4.0791984584062686e-05,0.00010670012420518129,65536,28800,NUTS_SL_01m_2024.shp,SI032,2021,August,8
2021-09-01,2021-10-01,-1.772575342329219e-05,0.0001445423549739644,4.5540599911576984e-06,5.212175851735635e-05,65536,63214,NUTS_SL_01m_2024.shp,SI032,2021,September,9
2021-10-01,2021-11-01,-0.0003059864975512028,0.0006481179152615368,0.00013904927966322512,0.00019130599311024444,65536,31036,NUTS_SL_01m_2024.shp,SI032,2021,October,10
2021-12-01,2022-01-01,-0.00044208180042915046,0.000387233478249982,3.5521104335119716e-06,0.00016862958887674273,65536,32552,NUTS_SL_01m_2024.shp,SI032,2021,December,12
2022-01-01,2022-02-01,-0.00028585747350007296,0.0003036122943740338,7.060608300771384e-05,0.00023963518376059922,65536,63553,NUTS_SL_01m_2024.shp,SI032,2022,January,1
2022-02-01,2022-03-01,-0.0003178372571710497,0.00029152256320230663,7.2349914275694125e-06,0.0001279251025973883,65536,42410,NUTS_SL_01m_2024.shp,SI032,2022,February,2
2022-04-01,2022-05-01,-0.00024146826763171703,0.0003394350642338395,7.493140881947954e-05,0.00011631499004317942,65536,27923,NUTS_SL_01m_2024.shp,SI032,2022,April,4
2022-05-01,2022-06-01,-0.00027848512399941683,0.00040940960752777755,7.281077848341333e-05,0.00010501695952840982,65536,33290,NUTS_SL_01m_2024.shp,SI032,2022,May,5
2022-06-01,2022-07-01,-0.00011561775318114087,0.0003239450743421912,8.382678778811871e-05,7.801975364481057e-05,65536,35468,NUTS_SL_01m_2024.shp,SI032,2022,June,6
2022-07-01,2022-08-01,-0.00012473473907448351,0.000152251886902377,3.1701664996514804e-05,7.00371173565616e-05,65536,42868,NUTS_SL_01m_2024.shp,SI032,2022,July,7
2022-08-01,2022-09-01,-7.463202928192914e-05,0.0006235650507733226,0.00019797964004003202,0.00015368340500878663,65536,49455,NUTS_SL_01m_2024.shp,SI032,2022,August,8
2022-09-01,2022-10-01,-0.0002374681062065065,0.00035261031007394195,5.4812658101183266e-05,0.00011505081616557652,65536,44697,NUTS_SL_01m_2024.shp,SI032,2022,September,9
2022-10-01,2022-11-01,-0.00016939309716690332,0.0004359650774858892,0.00011292613309111134,0.0001437046439039234,65536,39887,NUTS_SL_01m_2024.shp,SI032,2022,October,10
2022-12-01,2023-01-01,-0.0004793090047314763,0.0005834607873111963,4.873754145142445e-05,0.0002084797767239412,65536,31048,NUTS_SL_01m_2024.shp,SI032,2022,December,12
2023-01-01,2023-02-01,-0.0002890688192564994,0.0003682011447381228,2.007198631686965e-05,0.00012875560527883463,65536,42044,NUTS_SL_01m_2024.shp,SI032,2023,January,1
2023-04-01,2023-05-01,-8.711052214493975e-05,0.000129961030324921,-1.3140242428830626e-05,4.6981314296847055e-05,65536,55958,NUTS_SL_01m_2024.shp,SI032,2023,April,4
2023-05-01,2023-06-01,-1.7287360378759331e-06,7.725263276370242e-05,3.1412527983556354e-05,3.084844175228099e-05,65536,61057,NUTS_SL_01m_2024.shp,SI032,2023,May,5
2023-06-01,2023-07-01,-0.00019223432173021138,0.00044771056855097413,0.00015725926787736673,0.00013128059316802292,65536,27923,NUTS_SL_01m_2024.shp,SI032,2023,June,6
2023-07-01,2023-08-01,-0.00017199509602505714,0.000447503145551309,7.16471345387046e-05,0.00012572050484176657,65536,29050,NUTS_SL_01m_2024.shp,SI032,2023,July,7
2023-08-01,2023-09-01,-0.0002223015617346391,0.0004544468247331679,9.891676684827868e-05,0.00011995060434289798,65536,34349,NUTS_SL_01m_2024.shp,SI032,2023,August,8
2023-09-01,2023-10-01,-0.0003371672355569899,0.000525455572642386,0.00012933465316673263,0.0002268691618708269,65536,58228,NUTS_SL_01m_2024.shp,SI032,2023,September,9
2023-10-01,2023-11-01,-0.00025817067944444716,0.0003589245316106826,4.321501132525016e-05,0.0001499447233154836,65536,56929,NUTS_SL_01m_2024.shp,SI032,2023,October,10
2023-12-01,2024-01-01,-0.00027089816285297275,0.0005230653332546353,5.836734794588177e-05,0.00025565468417575665,65536,56534,NUTS_SL_01m_2024.shp,SI032,2023,December,12
2024-01-01,2024-02-01,-0.00037699530366808176,0.0004887718823738396,6.156968718535749e-05,0.00021999122708646693,65536,33980,NUTS_SL_01m_2024.shp,SI032,2024,January,1
2024-02-01,2024-03-01,0.000322354375384748,0.000322354375384748,0.000322354375384748,0.0,65536,65387,NUTS_SL_01m_2024.shp,SI032,2024,February,2
2024-04-01,2024-05-01,-0.0004504317475948483,0.00043027798528783023,4.551142359701533e-05,0.00014193225359639274,65536,27923,NUTS_SL_01m_2024.shp,SI032,2024,April,4
2024-05-01,2024-06-01,-0.00010270150232827291,0.0001840829208958894,7.4166362965784e-05,6.788970329272625e-05,65536,62324,NUTS_SL_01m_2024.shp,SI032,2024,May,5
2024-06-01,2024-07-01,-0.00023293525737244636,0.00042488682083785534,0.00013548109255891814,0.00011429185501955325,65536,28533,NUTS_SL_01m_2024.shp,SI032,2024,June,6
2024-07-01,2024-08-01,-0.00016690393385943025,0.0003730208845809102,0.0001231724854478467,0.00012747943765562675,65536,27923,NUTS_SL_01m_2024.shp,SI032,2024,July,7
2024-08-01,2024-09-01,-0.0001800307654775679,0.000460399518487975,0.0001575562841695579,0.00013799753445032303,65536,28248,NUTS_SL_01m_2024.shp,SI032,2024,August,8
2024-09-01,2024-10-01,-0.0003845318278763443,0.0005482141277752817,7.428514300254268e-05,0.00017583577751469718,65536,27923,NUTS_SL_01m_2024.shp,SI032,2024,September,9
2024-10-01,2024-11-01,-0.0003583099169190973,0.0005456735379993916,0.00010379113239372692,0.0002022028199439103,65536,47797,NUTS_SL_01m_2024.shp,SI032,2024,October,10
2024-11-01,2024-12-01,-0.00034509191755205393,0.0007753170211799443,0.0001559676361090736,0.0002463463137065475,65536,37221,NUTS_SL_01m_2024.shp,SI032,2024,November,11
2024-12-01,2025-01-01,-0.0003544628561940044,0.0006062137545086443,0.000111699610571947,0.00022500905567099906,65536,41870,NUTS_SL_01m_2024.shp,SI032,2024,December,12
2018-04-01,2018-05-01,0.00017783565272111446,0.0011386455735191703,0.00041961183376254074,0.00015548158633966414,65536,33574,NUTS_SL_01m_2024.shp,SI033,2018,April,4
2018-05-01,2018-06-01,-2.9209570129751228e-05,0.00042285738163627684,0.00012694804118367061,0.00010457981817012494,65536,37570,NUTS_SL_01m_2024.shp,SI033,2018,May,5
2018-06-01,2018-07-01,-0.00025429893867112696,0.0002528966870158911,8.344986255105157e-05,0.00011426359133639443,65536,51907,NUTS_SL_01m_2024.shp,SI033,2018,June,6
2018-07-01,2018-08-01,-1.394980790792033e-05,0.00020440990920178592,7.555852505276763e-05,5.921645107764405e-05,65536,27680,NUTS_SL_01m_2024.shp,SI033,2018,July,7
2018-09-01,2018-10-01,-0.0002738394250627607,0.00048254357534460723,9.526154622109924e-05,0.0001824811895379086,65536,26791,NUTS_SL_01m_2024.shp,SI033,2018,September,9
2018-10-01,2018-11-01,-0.0003320404211990535,0.00019609014270827174,-3.200754481771511e-05,0.00012094858018614073,65536,26791,NUTS_SL_01m_2024.shp,SI033,2018,October,10
2018-12-01,2019-01-01,6.43180392216891e-05,6.43180392216891e-05,6.43180392216891e-05,0.0,65536,64370,NUTS_SL_01m_2024.shp,SI033,2018,December,12
2019-02-01,2019-03-01,-0.00013839926396030933,0.00036672738497145474,7.321452711374323e-05,0.00011505443094990575,65536,26802,NUTS_SL_01m_2024.shp,SI033,2019,February,2
2019-03-01,2019-04-01,-0.00034798961132764816,0.00039788923459127545,7.201320330368926e-05,0.0001354989848263181,65536,26791,NUTS_SL_01m_2024.shp,SI033,2019,March,3
2019-06-01,2019-07-01,-0.000357461569365114,0.00041918165516108274,7.931365888724203e-05,0.00015765972184244537,65536,26791,NUTS_SL_01m_2024.shp,SI033,2019,June,6
2019-07-01,2019-08-01,-0.00010346386989112943,0.0003181298088748008,3.8718192648825235e-05,0.0001029318402818504,65536,53945,NUTS_SL_01m_2024.shp,SI033,2019,July,7
2019-08-01,2019-09-01,-8.063713175943121e-05,0.0003519898746162653,8.860995524250271e-05,0.00011188327800049961,65536,36587,NUTS_SL_01m_2024.shp,SI033,2019,August,8
2019-09-01,2019-10-01,-0.000325010041706264,0.00041138235246762633,9.360257423383277e-05,0.00016780256017706496,65536,26791,NUTS_SL_01m_2024.shp,SI033,2019,September,9
2019-11-01,2019-12-01,-0.0004115232441108674,0.0004773337277583778,5.010724391910563e-05,0.00020481378980276817,65536,30426,NUTS_SL_01m_2024.shp,SI033,2019,November,11
2019-12-01,2020-01-01,-0.00023650648654438555,0.00038972668698988855,5.659922258125218e-05,0.0001610508374844581,65536,27204,NUTS_SL_01m_2024.shp,SI033,2019,December,12
2020-02-01,2020-03-01,-0.00020741102343890816,0.00034611200680956244,4.905802160282016e-05,0.0001448981444756534,65536,51801,NUTS_SL_01m_2024.shp,SI033,2020,February,2
2020-03-01,2020-04-01,-0.00011338778131175786,0.00010889769328059629,-1.6560278104239772e-05,6.491071402857292e-05,65536,45413,NUTS_SL_01m_2024.shp,SI033,2020,March,3
2020-04-01,2020-05-01,-8.079859981080517e-05,0.00010159627709072083,4.1041282267663394e-05,5.1433477292516484e-05,65536,61682,NUTS_SL_01m_2024.shp,SI033,2020,April,4
2020-06-01,2020-07-01,-0.00026061435346491635,0.0003113269340246916,7.087596328893737e-05,9.945638656391676e-05,65536,37526,NUTS_SL_01m_2024.shp,SI033,2020,June,6
2020-07-01,2020-08-01,-7.771018135827035e-05,0.00040711770998314023,8.2775700557099e-05,8.715339201720144e-05,65536,33088,NUTS_SL_01m_2024.shp,SI033,2020,July,7
2020-09-01,2020-10-01,-0.0003304317651782185,0.0004957336350344121,0.00011286255625803154,0.00017769020682383056,65536,42178,NUTS_SL_01m_2024.shp,SI033,2020,September,9
2020-10-01,2020-11-01,-0.0003907512582372874,0.0006019361899234354,7.080323430836772e-05,0.00019850567143796143,65536,26791,NUTS_SL_01m_2024.shp,SI033,2020,October,10
2021-02-01,2021-03-01,-0.00030988422804512084,0.00017783937801141292,-7.54774517690501e-05,0.00013511017072887648,65536,31508,NUTS_SL_01m_2024.shp,SI033,2021,February,2
2021-03-01,2021-04-01,-0.00028194382321089506,0.00041723885806277394,6.170815420353154e-05,0.00013806054631461596,65536,26791,NUTS_SL_01m_2024.shp,SI033,2021,March,3
2021-04-01,2021-05-01,-0.00012384768342599273,0.00013463254435919225,3.515935037921788e-05,6.634065391563905e-05,65536,55009,NUTS_SL_01m_2024.shp,SI033,2021,April,4
2021-06-01,2021-07-01,-0.0002099507546517998,0.000347023451467976,4.679045042260687e-05,0.00014243807699172844,65536,39085,NUTS_SL_01m_2024.shp,SI033,2021,June,6
2021-07-01,2021-08-01,-0.00019779852300416678,0.0005475924117490649,0.00016980130539975474,0.00014631411850009484,65536,26791,NUTS_SL_01m_2024.shp,SI033,2021,July,7
2021-08-01,2021-09-01,-0.0002007398143177852,0.0002553841331973672,3.131880841013202e-05,0.00010448062327539975,65536,36392,NUTS_SL_01m_2024.shp,SI033,2021,August,8
2021-10-01,2021-11-01,-0.00034250077442266047,0.0006320404936559498,0.00013096631775253993,0.0001884137458827849,65536,26791,NUTS_SL_01m_2024.shp,SI033,2021,October,10
2022-01-01,2022-02-01,-0.00028585747350007296,-0.00028585747350007296,-0.00028585747350007296,0.0,65536,65523,NUTS_SL_01m_2024.shp,SI033,2022,January,1
2022-04-01,2022-05-01,-0.00015858870756346732,0.00044561695540323853,7.600459891655424e-05,0.00012658083855229523,65536,28590,NUTS_SL_01m_2024.shp,SI033,2022,April,4
2022-05-01,2022-06-01,-0.0003120861074421555,0.00032319966703653336,6.194493866861392e-05,0.00012809086597384737,65536,34252,NUTS_SL_01m_2024.shp,SI033,2022,May,5
2022-06-01,2022-07-01,-0.00010570140148047358,0.00021342550462577492,5.9087872764628084e-05,7.961095064471028e-05,65536,44422,NUTS_SL_01m_2024.shp,SI033,2022,June,6
2022-07-01,2022-08-01,2.1606803784379736e-05,2.5530696802888997e-05,2.3620634487913558e-05,1.9612603436465136e-06,65536,62284,NUTS_SL_01m_2024.shp,SI033,2022,July,7
2022-10-01,2022-11-01,-0.00020465312991291285,0.00034016885911114514,2.1721418571711408e-05,0.00014544909005651354,65536,26791,NUTS_SL_01m_2024.shp,SI033,2022,October,10
2022-12-01,2023-01-01,-0.0003804996085818857,0.00040281942347064614,-5.535982340702806e-06,0.00016228994265036413,65536,33293,NUTS_SL_01m_2024.shp,SI033,2022,December,12
2023-01-01,2023-02-01,0.000163268341566436,0.000163268341566436,0.000163268341566436,0.0,65536,65390,NUTS_SL_01m_2024.shp,SI033,2023,January,1
2023-04-01,2023-05-01,-8.33574595162645e-05,0.00015358778182417154,5.914493623158995e-05,6.476254248965109e-05,65536,58725,NUTS_SL_01m_2024.shp,SI033,2023,April,4
2023-06-01,2023-07-01,-9.742948896018788e-05,0.00038968020817264915,0.0001472278092463253,0.00011922929285157405,65536,26791,NUTS_SL_01m_2024.shp,SI033,2023,June,6
2023-07-01,2023-08-01,-0.0002149469655705616,0.0002975964453071356,2.769672141261469e-05,0.00011896260652774794,65536,29504,NUTS_SL_01m_2024.shp,SI033,2023,July,7
2023-08-01,2023-09-01,-0.00015367606829386204,0.000287434522761032,5.056103009612866e-05,9.524605490484176e-05,65536,44219,NUTS_SL_01m_2024.shp,SI033,2023,August,8
2023-10-01,2023-11-01,-0.0002734483568929136,-1.3853909877070691e-05,-0.0001138674872290123,6.559323541474183e-05,65536,62206,NUTS_SL_01m_2024.shp,SI033,2023,October,10
2024-01-01,2024-02-01,2.7453605071059428e-05,0.0001259911514353007,3.649587403154269e-05,2.8447150454445246e-05,65536,65111,NUTS_SL_01m_2024.shp,SI033,2024,January,1
2024-04-01,2024-05-01,-0.0001359547459287569,0.0005165793700143695,0.00010641205763260226,0.00013616593169920959,65536,26791,NUTS_SL_01m_2024.shp,SI033,2024,April,4
2024-05-01,2024-06-01,-8.79767831065692e-05,1.4669115444121417e-05,-2.1913750426678366e-05,4.764422616040448e-05,65536,63289,NUTS_SL_01m_2024.shp,SI033,2024,May,5
2024-06-01,2024-07-01,-0.00023293525737244636,0.0002654361887834966,6.896456784712941e-05,9.731761456155408e-05,65536,48504,NUTS_SL_01m_2024.shp,SI033,2024,June,6
2024-07-01,2024-08-01,-0.00014461851969826967,0.0005693003186024725,9.478803444372672e-05,0.00013766598516255814,65536,26791,NUTS_SL_01m_2024.shp,SI033,2024,July,7
2024-08-01,2024-09-01,-0.00017456123896408826,0.000460399518487975,0.00017765912395919825,0.00017519331718040515,65536,26791,NUTS_SL_01m_2024.shp,SI033,2024,August,8
2024-09-01,2024-10-01,-0.000507328484673053,0.0005592714878730476,5.421075577841665e-05,0.00021399653383022735,65536,26791,NUTS_SL_01m_2024.shp,SI033,2024,September,9
2024-10-01,2024-11-01,-0.0005540477577596903,0.00040857979911379516,7.988707479560321e-05,0.00022073892698802548,65536,29930,NUTS_SL_01m_2024.shp,SI033,2024,October,10
2024-11-01,2024-12-01,-0.00036043330328539014,0.0005420397501438856,5.279362166135154e-05,0.00025712901067666987,65536,38755,NUTS_SL_01m_2024.shp,SI033,2024,November,11
2024-12-01,2025-01-01,-0.00022961606737226248,0.0004609266179613769,0.0001327362869843418,0.00018156490252190438,65536,52437,NUTS_SL_01m_2024.shp,SI033,2024,December,12
2018-04-01,2018-05-01,9.745383431436494e-05,0.0011386455735191703,0.0003846013469582397,0.00019116198492763364,65536,47051,NUTS_SL_01m_2024.shp,SI034,2018,April,4
2018-05-01,2018-06-01,-0.00017997188842855394,0.0003820902784354985,0.00013019900877658347,0.00010044996979808709,65536,39373,NUTS_SL_01m_2024.shp,SI034,2018,May,5
2018-06-01,2018-07-01,-0.00025429893867112696,0.0004002113710157573,9.24263361884952e-05,0.00012266018551587121,65536,52757,NUTS_SL_01m_2024.shp,SI034,2018,June,6
2018-07-01,2018-08-01,-3.5901612136512995e-05,0.00026630639331415296,0.00012612131614417842,6.279411232915929e-05,65536,36222,NUTS_SL_01m_2024.shp,SI034,2018,July,7
2018-09-01,2018-10-01,-0.0003390379133634269,0.00048254357534460723,0.00011016347818974631,0.00016500598235624282,65536,35309,NUTS_SL_01m_2024.shp,SI034,2018,September,9
2018-10-01,2018-11-01,-0.0002976014220621437,0.00038094050250947475,2.4442536226989628e-05,0.00013095710667579804,65536,35464,NUTS_SL_01m_2024.shp,SI034,2018,October,10
2018-12-01,2019-01-01,-0.00020187027985230088,0.00037848681677132845,4.3380459476934786e-05,0.00012788644260932263,65536,53674,NUTS_SL_01m_2024.shp,SI034,2018,December,12
2019-02-01,2019-03-01,-0.00021848038886673748,0.0003938181034754962,8.932299971074295e-05,0.00011391199922446325,65536,35884,NUTS_SL_01m_2024.shp,SI034,2019,February,2
2019-03-01,2019-04-01,-0.00034252385376021266,0.0004400800389703363,4.2411515667412265e-05,0.00015075230746556227,65536,35309,NUTS_SL_01m_2024.shp,SI034,2019,March,3
2019-06-01,2019-07-01,-0.0002553535159677267,0.00047648063628003,0.00012404713634898415,0.00014606197739718436,65536,35309,NUTS_SL_01m_2024.shp,SI034,2019,June,6
2019-07-01,2019-08-01,-0.00017992920766118914,0.00033961169538088143,0.00010641064518229431,0.00010726217286157338,65536,54274,NUTS_SL_01m_2024.shp,SI034,2019,July,7
2019-08-01,2019-09-01,-9.546513319946826e-05,0.00047823713975958526,0.00012077438837835536,0.00010470828674342913,65536,37820,NUTS_SL_01m_2024.shp,SI034,2019,August,8
2019-09-01,2019-10-01,-0.0003356069209985435,0.0004218282410874963,0.00011028055436195321,0.00014614725434103782,65536,35731,NUTS_SL_01m_2024.shp,SI034,2019,September,9
2019-11-01,2019-12-01,-0.00043809431372210383,0.0004926652181893587,7.531978821633603e-05,0.00018935658233201131,65536,50035,NUTS_SL_01m_2024.shp,SI034,2019,November,11
2019-12-01,2020-01-01,-0.00015131272084545344,0.000297315331408754,7.53410717927912e-05,0.00011561546923068418,65536,36303,NUTS_SL_01m_2024.shp,SI034,2019,December,12
2020-01-01,2020-02-01,-0.00023137482639867812,0.00039244384970515966,-2.953174002828131e-05,0.00018332059287007256,65536,61172,NUTS_SL_01m_2024.shp,SI034,2020,January,1
2020-02-01,2020-03-01,-0.00028564766398631036,0.0002979492419399321,-4.3057058264492127e-07,0.00017238815791658732,65536,63642,NUTS_SL_01m_2024.shp,SI034,2020,February,2
2020-03-01,2020-04-01,-0.00016714102821424603,0.00019785507174674422,-3.349535181228351e-06,9.365991862531787e-05,65536,52654,NUTS_SL_01m_2024.shp,SI034,2020,March,3
2020-04-01,2020-05-01,-0.00012314772175159305,0.00020787713583558798,4.6263176834951685e-05,0.00011720470482899236,65536,60563,NUTS_SL_01m_2024.shp,SI034,2020,April,4
2020-06-01,2020-07-01,-8.983969019027427e-05,0.0003471747040748596,8.514845104703225e-05,9.502463497457676e-05,65536,52194,NUTS_SL_01m_2024.shp,SI034,2020,June,6
2020-07-01,2020-08-01,-4.971719317836687e-05,0.00040711770998314023,9.402413104550726e-05,0.00012296378192944756,65536,59343,NUTS_SL_01m_2024.shp,SI034,2020,July,7
2020-09-01,2020-10-01,-0.00038173835491761565,0.0006795692024752498,0.00010019695623589567,0.00017699360424921104,65536,44330,NUTS_SL_01m_2024.shp,SI034,2020,September,9
2020-10-01,2020-11-01,-0.00042570705409161747,0.0007213680073618889,7.414301250522992e-05,0.00020154116865601958,65536,35309,NUTS_SL_01m_2024.shp,SI034,2020,October,10
2020-12-01,2021-01-01,-0.00025209481827914715,0.0005258353194221854,8.803294187419971e-05,0.00018264072342619013,65536,59995,NUTS_SL_01m_2024.shp,SI034,2020,December,12
2021-02-01,2021-03-01,-0.00030988422804512084,0.00015312973118852824,-5.3204334389536576e-05,0.00011016109388658796,65536,48880,NUTS_SL_01m_2024.shp,SI034,2021,February,2
2021-03-01,2021-04-01,-0.00023855654580984265,0.00048491195775568485,0.00015551970659115482,0.00014725588922639548,65536,35309,NUTS_SL_01m_2024.shp,SI034,2021,March,3
2021-04-01,2021-05-01,-0.00013047635729890317,0.00019410355889704078,2.7204452878004367e-05,8.070191006074566e-05,65536,58280,NUTS_SL_01m_2024.shp,SI034,2021,April,4
2021-05-01,2021-06-01,-5.961231636320008e-06,1.770914786902722e-05,5.861520960385484e-06,1.0234604058854356e-05,65536,64013,NUTS_SL_01m_2024.shp,SI034,2021,May,5
2021-06-01,2021-07-01,-0.00023718757438473403,0.0005872501060366631,9.93798675179548e-05,0.0001530747121109687,65536,39939,NUTS_SL_01m_2024.shp,SI034,2021,June,6
2021-07-01,2021-08-01,-0.00020895803754683584,0.0005562829901464283,0.0001808727131588383,0.00013566178533756766,65536,35754,NUTS_SL_01m_2024.shp,SI034,2021,July,7
2021-08-01,2021-09-01,-0.00025028560776263475,0.00044907498522661626,8.155618270231003e-05,0.00014170214822424875,65536,38999,NUTS_SL_01m_2024.shp,SI034,2021,August,8
2021-10-01,2021-11-01,-0.0003346027806401253,0.0006807560566812754,0.00017909115947907002,0.00020486092245888625,65536,35714,NUTS_SL_01m_2024.shp,SI034,2021,October,10
2021-12-01,2022-01-01,-0.00030506172333844006,0.0005473880446515977,3.9937456677144757e-05,0.00016296775036622193,65536,43724,NUTS_SL_01m_2024.shp,SI034,2021,December,12
2022-02-01,2022-03-01,-0.00017072785703931004,0.00018636835739016533,-5.389651381007552e-06,0.00011063537990189887,65536,60032,NUTS_SL_01m_2024.shp,SI034,2022,February,2
2022-04-01,2022-05-01,-0.0002975276147481054,0.0003929327940568328,6.667595006285241e-05,0.00012456820615735733,65536,35954,NUTS_SL_01m_2024.shp,SI034,2022,April,4
2022-05-01,2022-06-01,-0.00022847559012006968,0.00033283859374932945,7.148952618234666e-05,0.00012301019224155466,65536,41323,NUTS_SL_01m_2024.shp,SI034,2022,May,5
2022-06-01,2022-07-01,-1.3018328900216147e-05,0.0002283500216435641,9.38956542103104e-05,6.336778721609758e-05,65536,51755,NUTS_SL_01m_2024.shp,SI034,2022,June,6
2022-07-01,2022-08-01,-6.345363362925127e-05,0.00015827575407456607,4.7717995762664155e-05,5.6936465510472114e-05,65536,57929,NUTS_SL_01m_2024.shp,SI034,2022,July,7
2022-08-01,2022-09-01,2.042218329734169e-05,0.0003204694658052176,0.0002682749063549431,5.8010106215655536e-05,65536,65176,NUTS_SL_01m_2024.shp,SI034,2022,August,8
2022-09-01,2022-10-01,-0.00022518887999467552,0.00033792349859140813,3.3576059588674075e-05,0.00012973330589435017,65536,53391,NUTS_SL_01m_2024.shp,SI034,2022,September,9
2022-10-01,2022-11-01,-0.0003308356099296361,0.00039888612809590995,3.2912842876169386e-05,0.00015457367512386274,65536,35309,NUTS_SL_01m_2024.shp,SI034,2022,October,10
2022-12-01,2023-01-01,-0.000564084853976965,0.00040977151365950704,2.773176226117624e-05,0.00019153319578303846,65536,37578,NUTS_SL_01m_2024.shp,SI034,2022,December,12
2023-01-01,2023-02-01,-0.00025415935670025647,0.0002777836052700877,3.064909403273948e-05,0.00011916026314472012,65536,59866,NUTS_SL_01m_2024.shp,SI034,2023,January,1
2023-04-01,2023-05-01,-0.00014557818940375,0.00011609123612288386,2.4249639446209966e-05,6.8629526269469e-05,65536,61275,NUTS_SL_01m_2024.shp,SI034,2023,April,4
2023-05-01,2023-06-01,1.7047552319127135e-05,6.715544441249222e-05,4.2360258068801e-05,2.3878779816962927e-05,65536,63928,NUTS_SL_01m_2024.shp,SI034,2023,May,5
2023-06-01,2023-07-01,-0.00014821298827882856,0.0004959785146638751,0.00013047767520563952,0.00012376194685525507,65536,35309,NUTS_SL_01m_2024.shp,SI034,2023,June,6
2023-07-01,2023-08-01,-0.0002149469655705616,0.00044196067028678954,2.5927740337611302e-05,0.00014721947882316962,65536,58692,NUTS_SL_01m_2024.shp,SI034,2023,July,7
2023-08-01,2023-09-01,-0.0002223015617346391,0.0003650538856163621,1.5969076969652856e-05,0.00011144417956961631,65536,48595,NUTS_SL_01m_2024.shp,SI034,2023,August,8
2023-09-01,2023-10-01,-3.0157363653415814e-05,0.00039061877760104835,0.00011036773434259689,0.00014389548177188958,65536,64677,NUTS_SL_01m_2024.shp,SI034,2023,September,9
2023-10-01,2023-11-01,-0.0002734483568929136,0.0005422867252491415,7.052476319940851e-05,0.00018852636251263705,65536,53336,NUTS_SL_01m_2024.shp,SI034,2023,October,10
2023-12-01,2024-01-01,-3.813054718193598e-05,8.827838610159233e-05,7.45595871405892e-05,3.931886694271791e-05,65536,65149,NUTS_SL_01m_2024.shp,SI034,2023,December,12
2024-01-01,2024-02-01,-0.0005944140139035881,0.0003937632136512548,-5.027801286188791e-05,0.0002196351624463511,65536,56782,NUTS_SL_01m_2024.shp,SI034,2024,January,1
2024-02-01,2024-03-01,-0.0001207327950396575,0.0003433933015912771,7.904490226089012e-05,0.00013590137063882688,65536,62469,NUTS_SL_01m_2024.shp,SI034,2024,February,2
2024-04-01,2024-05-01,-0.0004504317475948483,0.000403527490561828,7.835586076166333e-05,0.0001411943624009924,65536,35309,NUTS_SL_01m_2024.shp,SI034,2024,April,4
2024-05-01,2024-06-01,-0.000125801598187536,0.0001765647466527298,3.506976815743496e-05,6.954744094147579e-05,65536,60018,NUTS_SL_01m_2024.shp,SI034,2024,May,5
2024-06-01,2024-07-01,-0.00012433348456397653,0.00034543004585430026,8.918316574464533e-05,0.00010351655499071882,65536,45642,NUTS_SL_01m_2024.shp,SI034,2024,June,6
2024-07-01,2024-08-01,-0.0001908453123178333,0.0003133237187284976,0.00010118213930325107,0.00011251640832992148,65536,35309,NUTS_SL_01m_2024.shp,SI034,2024,July,7
2024-08-01,2024-09-01,-0.00023530474572908133,0.0006752462941221893,0.00013658401139288634,0.000157119710579177,65536,35653,NUTS_SL_01m_2024.shp,SI034,2024,August,8
2024-09-01,2024-10-01,-0.0006014244863763452,0.0005482141277752817,5.6707020776089045e-05,0.00018512360676542483,65536,35309,NUTS_SL_01m_2024.shp,SI034,2024,September,9
2024-10-01,2024-11-01,-0.00044437512406148016,0.0004360973834991455,5.0620466726630346e-05,0.00018064633776428767,65536,35374,NUTS_SL_01m_2024.shp,SI034,2024,October,10
2024-11-01,2024-12-01,-0.00044319129665382206,0.0008573874947614968,0.00016124541058147932,0.0002994997513635868,65536,42966,NUTS_SL_01m_2024.shp,SI034,2024,November,11
2024-12-01,2025-01-01,-0.00046704753185622394,0.0006818787078373134,0.00013639737531695575,0.0002609835054388333,65536,51006,NUTS_SL_01m_2024.shp,SI034,2024,December,12
2018-04-01,2018-05-01,0.00023026384587865323,0.0008729227702133358,0.0004910455443237011,0.00021052671742267535,65536,38083,NUTS_SL_01m_2024.shp,SI035,2018,April,4
2018-05-01,2018-06-01,-0.00016950118879321963,0.000367296626791358,0.0001291155377628829,0.00012063199758230037,65536,33086,NUTS_SL_01m_2024.shp,SI035,2018,May,5
2018-06-01,2018-07-01,3.766267400351353e-05,0.0001988414442166686,0.00011026016909084678,1.5397229441965876e-05,65536,60125,NUTS_SL_01m_2024.shp,SI035,2018,June,6
2018-07-01,2018-08-01,2.410519118711818e-05,0.0001598198723513633,9.57213848528111e-05,3.757855013469945e-05,65536,36499,NUTS_SL_01m_2024.shp,SI035,2018,July,7
2018-09-01,2018-10-01,-0.0002742462093010545,0.00038566760485991836,0.0001055255350522797,0.00012887912326122738,65536,33086,NUTS_SL_01m_2024.shp,SI035,2018,September,9
2018-10-01,2018-11-01,-0.00018146088405046612,0.00034241704270243645,9.537005535981034e-05,0.00010835728619303186,65536,38403,NUTS_SL_01m_2024.shp,SI035,2018,October,10
2018-12-01,2019-01-01,-0.00013301313447300345,0.0003274016489740461,-1.5687674911602195e-05,8.850578445348507e-05,65536,45010,NUTS_SL_01m_2024.shp,SI035,2018,December,12
2019-02-01,2019-03-01,-0.0001569461455801502,0.00031702793785370886,7.201179615788887e-05,0.00013575828886847987,65536,33086,NUTS_SL_01m_2024.shp,SI035,2019,February,2
2019-03-01,2019-04-01,-7.957125490065664e-05,0.0004771198146045208,0.00010159929997431583,0.0001067422246179503,65536,33086,NUTS_SL_01m_2024.shp,SI035,2019,March,3
2019-06-01,2019-07-01,-2.238298657175619e-05,0.0004066317342221737,0.00018220826124502092,0.0001059653198154759,65536,33086,NUTS_SL_01m_2024.shp,SI035,2019,June,6
2019-07-01,2019-08-01,-1.7638485587667674e-05,0.00036801124224439263,8.706921892308782e-05,6.799544196394865e-05,65536,45184,NUTS_SL_01m_2024.shp,SI035,2019,July,7
2019-08-01,2019-09-01,-1.1420944247220177e-05,0.0003783685097005218,0.00012593719169646896,0.00010765807633415806,65536,33086,NUTS_SL_01m_2024.shp,SI035,2019,August,8
2019-09-01,2019-10-01,-0.0003356069209985435,0.0004112242895644158,7.002352270762324e-05,0.00017930321484126155,65536,33094,NUTS_SL_01m_2024.shp,SI035,2019,September,9
2019-11-01,2019-12-01,-0.00011859351070597768,0.00030092685483396053,-5.244478954239448e-06,0.0001445263326380065,65536,62116,NUTS_SL_01m_2024.shp,SI035,2019,November,11
2019-12-01,2020-01-01,-0.00018003654258791357,0.0002274846629006788,8.477583478236407e-05,9.334614288469478e-05,65536,33086,NUTS_SL_01m_2024.shp,SI035,2019,December,12
2020-01-01,2020-02-01,-0.00010711650975281373,0.0002750551502685994,2.2992833041209825e-05,0.00017109849582720263,65536,64407,NUTS_SL_01m_2024.shp,SI035,2020,January,1
2020-02-01,2020-03-01,-0.00012087882350897416,0.00023063900880515575,5.623290173251632e-05,9.090588526224483e-05,65536,56892,NUTS_SL_01m_2024.shp,SI035,2020,February,2
2020-03-01,2020-04-01,-0.00016714102821424603,0.00023952873016241938,1.384202596493701e-05,8.303695291602276e-05,65536,51434,NUTS_SL_01m_2024.shp,SI035,2020,March,3
2020-04-01,2020-05-01,-0.00015663275553379208,0.00019934559531975538,-5.8244801910677286e-05,7.883838415580228e-05,65536,40932,NUTS_SL_01m_2024.shp,SI035,2020,April,4
2020-06-01,2020-07-01,-0.00010901824134634808,0.00020205516193527728,4.294823852706971e-05,7.223120575011494e-05,65536,39077,NUTS_SL_01m_2024.shp,SI035,2020,June,6
2020-09-01,2020-10-01,-0.0002930084883701056,0.0004473661829251796,7.619235916489973e-05,0.00017821563803992345,65536,36476,NUTS_SL_01m_2024.shp,SI035,2020,September,9
2020-10-01,2020-11-01,-0.00034712202614173293,0.0004986388375982642,2.6273632338528003e-05,0.00019874457360371606,65536,33086,NUTS_SL_01m_2024.shp,SI035,2020,October,10
2021-02-01,2021-03-01,-0.0002666304644662887,0.00011529123003128916,-6.999612750198413e-05,9.270260076369439e-05,65536,33086,NUTS_SL_01m_2024.shp,SI035,2021,February,2
2021-03-01,2021-04-01,-0.000224321658606641,0.00042795046465471387,0.00012060341907590321,0.00017489065399596833,65536,33086,NUTS_SL_01m_2024.shp,SI035,2021,March,3
2021-04-01,2021-05-01,-5.949636488367105e-06,5.7725803344510496e-05,5.627392035157848e-05,9.504805307614578e-06,65536,64922,NUTS_SL_01m_2024.shp,SI035,2021,April,4
2021-05-01,2021-06-01,-2.899188439187128e-05,5.303610669216141e-05,1.0080809190605576e-05,2.7785595972609488e-05,65536,63034,NUTS_SL_01m_2024.shp,SI035,2021,May,5
2021-06-01,2021-07-01,-0.0002277425373904407,0.00037138789775781333,0.00013739674000360686,0.00013874624196941835,65536,33086,NUTS_SL_01m_2024.shp,SI035,2021,June,6
2021-07-01,2021-08-01,-3.0266892281360924e-05,0.0006892067613080144,0.00019417474832255876,0.00016765201410621372,65536,33795,NUTS_SL_01m_2024.shp,SI035,2021,July,7
2021-08-01,2021-09-01,-0.00020193352247588336,0.00040551283746026456,0.00011854381318710113,0.00013349757379843696,65536,33086,NUTS_SL_01m_2024.shp,SI035,2021,August,8
2021-09-01,2021-10-01,3.534074858180247e-05,3.534074858180247e-05,3.534074858180247e-05,0.0,65536,64210,NUTS_SL_01m_2024.shp,SI035,2021,September,9
2021-10-01,2021-11-01,-0.00011444406118243933,0.0006807560566812754,0.00016068214573501644,0.00019764426017340855,65536,33086,NUTS_SL_01m_2024.shp,SI035,2021,October,10
2021-12-01,2022-01-01,-0.000344975822372362,0.0004673256480600685,6.181668066180156e-05,0.00014448029846746645,65536,33086,NUTS_SL_01m_2024.shp,SI035,2021,December,12
2022-02-01,2022-03-01,-6.193949957378209e-05,0.00015259688370861113,6.340580914577417e-05,5.857971195636364e-05,65536,55209,NUTS_SL_01m_2024.shp,SI035,2022,February,2
2022-04-01,2022-05-01,-0.0001373046252410859,0.00041982330731116235,8.349733734023962e-05,0.00012472773769031868,65536,33086,NUTS_SL_01m_2024.shp,SI035,2022,April,4
2022-05-01,2022-06-01,-0.00020533880160655826,0.0005561931757256389,7.521260812440134e-05,0.0001529844830481485,65536,39033,NUTS_SL_01m_2024.shp,SI035,2022,May,5
2022-06-01,2022-07-01,-7.024526712484658e-05,0.00022383712348528206,8.152736927551878e-05,6.993259734792824e-05,65536,38203,NUTS_SL_01m_2024.shp,SI035,2022,June,6
2022-09-01,2022-10-01,-0.00022366808843798935,6.309473974397406e-05,-3.973246280024011e-05,0.00011239813012249186,65536,61833,NUTS_SL_01m_2024.shp,SI035,2022,September,9
2022-10-01,2022-11-01,-0.0003541940823197365,0.00032760287285782397,4.211284388690981e-05,0.00019150384827932313,65536,33086,NUTS_SL_01m_2024.shp,SI035,2022,October,10
2022-12-01,2023-01-01,-0.00032294043921865523,0.0005459231906570494,6.657331832976057e-05,0.00018782724309335028,65536,33086,NUTS_SL_01m_2024.shp,SI035,2022,December,12
2023-04-01,2023-05-01,-9.601070632925257e-05,8.08605836937204e-05,1.903542977388739e-05,6.129433582994191e-05,65536,60548,NUTS_SL_01m_2024.shp,SI035,2023,April,4
2023-06-01,2023-07-01,-0.0001047076002578251,0.0005243039922788739,0.0001512330557893331,0.00014592297563083777,65536,33086,NUTS_SL_01m_2024.shp,SI035,2023,June,6
2023-07-01,2023-08-01,-4.4395215809345245e-05,0.0004055677563883364,0.00016577987664289804,0.00015154374737722797,65536,59279,NUTS_SL_01m_2024.shp,SI035,2023,July,7
2023-08-01,2023-09-01,-0.00012519877054728568,0.00013384752674028277,-1.1373133105834065e-05,5.66103228551324e-05,65536,50730,NUTS_SL_01m_2024.shp,SI035,2023,August,8
2023-09-01,2023-10-01,-5.2706225687870756e-05,-9.563153071212582e-06,-3.123769852707042e-05,2.1571290360501993e-05,65536,59463,NUTS_SL_01m_2024.shp,SI035,2023,September,9
2023-10-01,2023-11-01,-0.00024274061433970928,0.0003911412204615772,3.65604121988702e-05,0.00018073331494993254,65536,45917,NUTS_SL_01m_2024.shp,SI035,2023,October,10
2024-04-01,2024-05-01,-0.00013978315109852701,0.0002574253885541111,7.902676565386736e-05,0.00011691557985141804,65536,33086,NUTS_SL_01m_2024.shp,SI035,2024,April,4
2024-05-01,2024-06-01,-0.0002658585144672543,0.0006942590698599815,0.00010627080801528279,0.000182905494914507,65536,40884,NUTS_SL_01m_2024.shp,SI035,2024,May,5
2024-06-01,2024-07-01,-0.00014042650582268834,0.0001523912069387734,3.9006796894505617e-05,6.057376141486281e-05,65536,52661,NUTS_SL_01m_2024.shp,SI035,2024,June,6
2024-07-01,2024-08-01,-8.278540190076455e-05,0.00047037878539413214,0.00012214044071015096,0.00011147716314304991,65536,33086,NUTS_SL_01m_2024.shp,SI035,2024,July,7
2024-08-01,2024-09-01,-0.00011581920989556238,0.0006531030521728098,0.00018888534418192622,0.0001825296698047056,65536,33086,NUTS_SL_01m_2024.shp,SI035,2024,August,8
2024-09-01,2024-10-01,-0.00023754575522616506,0.0005278202588669956,6.427493813800355e-05,0.00016659548907074228,65536,33086,NUTS_SL_01m_2024.shp,SI035,2024,September,9
2024-10-01,2024-11-01,-0.00026285595959052444,0.0005106553435325623,0.00010712240772401462,0.0001969530476786468,65536,33086,NUTS_SL_01m_2024.shp,SI035,2024,October,10
2024-11-01,2024-12-01,-0.00033467571483924985,0.000979241100139916,0.00010587777072447101,0.00033343166564880206,65536,34284,NUTS_SL_01m_2024.shp,SI035,2024,November,11
2024-12-01,2025-01-01,-0.00046704753185622394,0.00032715912675485015,-5.7067326391942785e-05,0.00017368902125969267,65536,59215,NUTS_SL_01m_2024.shp,SI035,2024,December,12
2018-04-01,2018-05-01,0.00018704620015341789,0.0008202916942536831,0.0004212971898831621,0.00020071241250095624,65536,54605,NUTS_SL_01m_2024.shp,SI036,2018,April,4
2018-05-01,2018-06-01,-0.00017997188842855394,0.000360108504537493,0.00013037241208221445,9.957365766389843e-05,65536,38523,NUTS_SL_01m_2024.shp,SI036,2018,May,5
2018-06-01,2018-07-01,-2.1196410671109334e-05,0.00028165371622890234,3.471858622352953e-05,5.599218375245624e-05,65536,60102,NUTS_SL_01m_2024.shp,SI036,2018,June,6
2018-07-01,2018-08-01,1.9011908079846762e-05,0.00024316608323715627,0.00010135968056446449,4.934191450645504e-05,65536,27908,NUTS_SL_01m_2024.shp,SI036,2018,July,7
2018-08-01,2018-09-01,1.1473720405774657e-05,0.00028297604876570404,0.0001654046609522015,0.00013437312419955954,65536,61379,NUTS_SL_01m_2024.shp,SI036,2018,August,8
2018-09-01,2018-10-01,-0.00020880645024590194,0.00039331670268438756,0.000122153337152581,0.00014069617639192222,65536,27908,NUTS_SL_01m_2024.shp,SI036,2018,September,9
2018-10-01,2018-11-01,-0.00020683185721281916,0.000312318850774318,2.057867700014787e-05,0.00010253827187436616,65536,36640,NUTS_SL_01m_2024.shp,SI036,2018,October,10
2018-12-01,2019-01-01,-0.00024062795273493975,0.00037848681677132845,5.4046221364286836e-05,0.00013634518949751895,65536,27908,NUTS_SL_01m_2024.shp,SI036,2018,December,12
2019-02-01,2019-03-01,-0.00023122201673686504,0.0003822339931502938,8.3488780584381e-05,0.00014880055119360737,65536,27908,NUTS_SL_01m_2024.shp,SI036,2019,February,2
2019-03-01,2019-04-01,-0.0002510320919100195,0.0003168351831845939,3.64242884441828e-05,0.00014758174417049406,65536,27908,NUTS_SL_01m_2024.shp,SI036,2019,March,3
2019-06-01,2019-07-01,-0.00015778944361954927,0.0004565835406538099,0.00015532494849711145,0.00013905191277167084,65536,27908,NUTS_SL_01m_2024.shp,SI036,2019,June,6
2019-07-01,2019-08-01,-0.00017992920766118914,0.0004954197793267667,0.0001311334668297608,0.00015782458294452312,65536,39735,NUTS_SL_01m_2024.shp,SI036,2019,July,7
2019-08-01,2019-09-01,-1.1146426004415844e-05,0.00040953877032734454,0.0001471263983165328,0.00010686088265214292,65536,27908,NUTS_SL_01m_2024.shp,SI036,2019,August,8
2019-09-01,2019-10-01,-0.00024163100169971585,0.0004112242895644158,0.0001201912587371122,0.00015828027262000853,65536,27908,NUTS_SL_01m_2024.shp,SI036,2019,September,9
2019-11-01,2019-12-01,-6.029069845681079e-05,0.0004981404636055231,0.00020622055828767495,0.0002492091552247156,65536,64993,NUTS_SL_01m_2024.shp,SI036,2019,November,11
2019-12-01,2020-01-01,-0.00028963279328309,0.00042059257975779474,7.302890475149254e-05,0.00015745861616858935,65536,27908,NUTS_SL_01m_2024.shp,SI036,2019,December,12
2020-01-01,2020-02-01,-0.00023137482639867812,0.00039244384970515966,8.643854302087143e-05,0.0001303405825250086,65536,30405,NUTS_SL_01m_2024.shp,SI036,2020,January,1
2020-02-01,2020-03-01,-0.00012087882350897416,2.8827364076278172e-05,-6.11453098555551e-05,7.331018992433314e-05,65536,64531,NUTS_SL_01m_2024.shp,SI036,2020,February,2
2020-03-01,2020-04-01,-0.0002111133944708854,0.00022168867872096598,-5.580684412519189e-05,8.013223440772444e-05,65536,46874,NUTS_SL_01m_2024.shp,SI036,2020,March,3
2020-04-01,2020-05-01,-0.0001876625610748306,0.00019934559531975538,3.198784887411343e-05,0.00013194944682109246,65536,56584,NUTS_SL_01m_2024.shp,SI036,2020,April,4
2020-06-01,2020-07-01,-0.00024006197054404765,0.00036230013938620687,0.00012919891477658355,0.00011335729850332786,65536,28763,NUTS_SL_01m_2024.shp,SI036,2020,June,6
2020-07-01,2020-08-01,-0.00011848424765048549,0.0002706541563384235,0.00011380601736819227,7.370251935626529e-05,65536,41106,NUTS_SL_01m_2024.shp,SI036,2020,July,7
2020-09-01,2020-10-01,-0.00038173835491761565,0.0006795692024752498,0.00010151213705171146,0.0001887967662101185,65536,30129,NUTS_SL_01m_2024.shp,SI036,2020,September,9
2020-10-01,2020-11-01,-0.0004460486234165728,0.00046813470544293523,6.610204237086316e-06,0.00019154829888119303,65536,27908,NUTS_SL_01m_2024.shp,SI036,2020,October,10
2020-12-01,2021-01-01,-0.00020047168072778732,0.00028283847495913506,7.117231080390644e-05,0.00010641043319733459,65536,52771,NUTS_SL_01m_2024.shp,SI036,2020,December,12
2021-02-01,2021-03-01,-0.0002674227289389819,0.000221573980525136,6.33721206720688e-07,0.00012821489945278165,65536,54821,NUTS_SL_01m_2024.shp,SI036,2021,February,2
2021-03-01,2021-04-01,-0.00014695333084091544,0.0004897963372059166,0.0001253906044482476,0.00014546270779723118,65536,27908,NUTS_SL_01m_2024.shp,SI036,2021,March,3
2021-04-01,2021-05-01,-0.00016614307241979986,0.0002300008200109005,2.6634751787331467e-05,7.720052507624021e-05,65536,51605,NUTS_SL_01m_2024.shp,SI036,2021,April,4
2021-05-01,2021-06-01,-7.282252045115456e-05,1.0849969839910045e-05,-2.156566438460128e-05,2.7194052293912003e-05,65536,62537,NUTS_SL_01m_2024.shp,SI036,2021,May,5
2021-06-01,2021-07-01,-0.00010610601748339832,0.0004055240424349904,9.302638040789404e-05,0.00010666847573431434,65536,27908,NUTS_SL_01m_2024.shp,SI036,2021,June,6
2021-07-01,2021-08-01,-0.00011038625962100923,0.0007946095429360867,0.00021738542441582348,0.00016148903043900712,65536,29866,NUTS_SL_01m_2024.shp,SI036,2021,July,7
2021-08-01,2021-09-01,-0.00017253155237995088,0.00039760879008099437,7.528718923958521e-05,0.00014273080653791985,65536,27908,NUTS_SL_01m_2024.shp,SI036,2021,August,8
2021-10-01,2021-11-01,-0.0002140247233910486,0.0006627979455515742,0.00011935117943246455,0.0001641631897032366,65536,30511,NUTS_SL_01m_2024.shp,SI036,2021,October,10
2021-11-01,2021-12-01,-0.00038613774813711643,0.000158435563207604,-1.200898251523264e-05,0.00017930512139458334,65536,58204,NUTS_SL_01m_2024.shp,SI036,2021,November,11
2021-12-01,2022-01-01,-0.00036259228363633156,0.00041520173544995487,5.498781830233719e-05,0.0001738541769548997,65536,27908,NUTS_SL_01m_2024.shp,SI036,2021,December,12
2022-02-01,2022-03-01,-0.00020693856640718877,0.0003371722996234894,1.0515682067546016e-05,0.00011683504631667702,65536,40599,NUTS_SL_01m_2024.shp,SI036,2022,February,2
2022-04-01,2022-05-01,-0.0001810602843761444,0.00033612310653552413,5.467092897974239e-05,0.000105878870483487,65536,27908,NUTS_SL_01m_2024.shp,SI036,2022,April,4
2022-05-01,2022-06-01,-0.00013193536142352968,0.0002936349774245173,5.783826805771509e-05,9.34092647312036e-05,65536,53647,NUTS_SL_01m_2024.shp,SI036,2022,May,5
2022-06-01,2022-07-01,2.1009574993513525e-05,0.00025083034415729344,0.0001167896282989536,5.031812953827512e-05,65536,32307,NUTS_SL_01m_2024.shp,SI036,2022,June,6
2022-07-01,2022-08-01,-0.00010719480633269995,0.00019066527602262795,3.8010002853694905e-05,6.008346097371032e-05,65536,37008,NUTS_SL_01m_2024.shp,SI036,2022,July,7
2022-08-01,2022-09-01,2.3789836632204242e-05,3.8786576624261215e-05,3.336309805179125e-05,7.205579655918266e-06,65536,64076,NUTS_SL_01m_2024.shp,SI036,2022,August,8
2022-09-01,2022-10-01,-0.0001355578424409032,0.0004125599516555667,0.0001515512006683424,0.00014411430380072092,65536,46985,NUTS_SL_01m_2024.shp,SI036,2022,September,9
2022-10-01,2022-11-01,-0.0004462014767341316,0.0005360306822694838,4.575575245786016e-05,0.0002130883613064614,65536,27908,NUTS_SL_01m_2024.shp,SI036,2022,October,10
2022-12-01,2023-01-01,-0.000564084853976965,0.00047397863818332553,6.27329318435222e-05,0.0001946745663351602,65536,27908,NUTS_SL_01m_2024.shp,SI036,2022,December,12
2023-01-01,2023-02-01,-0.0001317909045610577,0.00018805911531671882,-7.737364894230892e-06,8.394817772429725e-05,65536,60685,NUTS_SL_01m_2024.shp,SI036,2023,January,1
2023-04-01,2023-05-01,-8.538067049812526e-05,0.00012902833987027407,4.021004080357669e-05,6.092449168225042e-05,65536,51093,NUTS_SL_01m_2024.shp,SI036,2023,April,4
2023-06-01,2023-07-01,-0.00023798286565579474,0.0004801553441211581,0.00016179991103203569,0.00012779790280269433,65536,27908,NUTS_SL_01m_2024.shp,SI036,2023,June,6
2023-07-01,2023-08-01,-0.0001835011935327202,0.00022949489357415587,4.359569685013104e-05,0.0001135783477687377,65536,52525,NUTS_SL_01m_2024.shp,SI036,2023,July,7
2023-08-01,2023-09-01,-0.00020601236610673368,0.0002590852091088891,8.582030688123851e-06,0.00012666898355949354,65536,28975,NUTS_SL_01m_2024.shp,SI036,2023,August,8
2023-09-01,2023-10-01,-0.00010270218626828864,0.00020001574011985213,0.00012361450317125285,6.580613524055892e-05,65536,62304,NUTS_SL_01m_2024.shp,SI036,2023,September,9
2023-10-01,2023-11-01,-0.00038542388938367367,0.0005422867252491415,2.7544523673470238e-05,0.0001703263415457034,65536,37402,NUTS_SL_01m_2024.shp,SI036,2023,October,10
2024-01-01,2024-02-01,-0.000432304892456159,0.0006162170902825892,-3.0085477632900364e-05,0.00024484652877903765,65536,42369,NUTS_SL_01m_2024.shp,SI036,2024,January,1
2024-02-01,2024-03-01,-0.00018495722906664014,0.0003433933015912771,9.98696569588815e-05,0.00011794738386240593,65536,51650,NUTS_SL_01m_2024.shp,SI036,2024,February,2
2024-04-01,2024-05-01,-0.0002635248238220811,0.00036114282556809485,4.682045726556034e-05,0.00013997181327093057,65536,27908,NUTS_SL_01m_2024.shp,SI036,2024,April,4
2024-05-01,2024-06-01,-0.000125801598187536,0.00036035245284438133,7.616302618966542e-05,0.0001073651057183072,65536,35374,NUTS_SL_01m_2024.shp,SI036,2024,May,5
2024-06-01,2024-07-01,-0.00012433348456397653,0.000376416981453076,0.00013976503013642062,0.00012077500711050542,65536,27908,NUTS_SL_01m_2024.shp,SI036,2024,June,6
2024-07-01,2024-08-01,-0.0002055004588328302,0.00032605070737190545,0.0001085007729369749,0.00014552073524783817,65536,27908,NUTS_SL_01m_2024.shp,SI036,2024,July,7
2024-08-01,2024-09-01,-9.476715786149725e-05,0.0006531030521728098,0.0002039148534252094,0.00014214458778417384,65536,28911,NUTS_SL_01m_2024.shp,SI036,2024,August,8
2024-09-01,2024-10-01,-0.0006014244863763452,0.0004424703074619174,8.327845728118526e-05,0.00017759916143524548,65536,27908,NUTS_SL_01m_2024.shp,SI036,2024,September,9
2024-10-01,2024-11-01,-0.00033378650550730526,0.0004874449805356562,6.420964072370708e-05,0.0001775520298792096,65536,27908,NUTS_SL_01m_2024.shp,SI036,2024,October,10
2024-11-01,2024-12-01,-0.0004545924311969429,0.000935124815441668,7.112393165391553e-05,0.0003629218861363477,65536,34471,NUTS_SL_01m_2024.shp,SI036,2024,November,11
2024-12-01,2025-01-01,-0.0004213644133415073,0.0006446977495215833,0.00013398262280355265,0.00022807852536696547,65536,34764,NUTS_SL_01m_2024.shp,SI036,2024,December,12
2018-04-01,2018-05-01,0.00016249349573627114,0.0008912391494959593,0.00044611980582232405,0.00018378619259114615,65536,35823,NUTS_SL_01m_2024.shp,SI037,2018,April,4
2018-05-01,2018-06-01,-6.263898831093684e-05,0.0004494496970437467,0.00015208533796546558,0.00012043630572164538,65536,50822,NUTS_SL_01m_2024.shp,SI037,2018,May,5
2018-06-01,2018-07-01,-0.00011365832324372604,0.00031903316266834736,0.00010968020012658717,0.00010361915125595114,65536,41944,NUTS_SL_01m_2024.shp,SI037,2018,June,6
2018-07-01,2018-08-01,-0.00011874909250764176,0.0003254998882766813,0.00013211619740703234,8.356109292398033e-05,65536,25929,NUTS_SL_01m_2024.shp,SI037,2018,July,7
2018-08-01,2018-09-01,1.1473720405774657e-05,0.000216547297895886,0.00012812666297486554,6.184956580918935e-05,65536,64865,NUTS_SL_01m_2024.shp,SI037,2018,August,8
2018-09-01,2018-10-01,-0.00019904600048903376,0.0006814042571932077,9.390794365203289e-05,0.00013908029306045956,65536,25929,NUTS_SL_01m_2024.shp,SI037,2018,September,9
2018-10-01,2018-11-01,-0.00020522902195807546,0.0003476249403320253,3.266307266767634e-05,0.0001283113391533339,65536,32171,NUTS_SL_01m_2024.shp,SI037,2018,October,10
2018-12-01,2019-01-01,-0.0003613170119933784,0.00042489502811804414,4.6290227781440186e-05,0.00014722611929818093,65536,27882,NUTS_SL_01m_2024.shp,SI037,2018,December,12
2019-02-01,2019-03-01,-0.00018436659593135118,0.0003822339931502938,7.670742152226644e-05,0.0001130231874031741,65536,25929,NUTS_SL_01m_2024.shp,SI037,2019,February,2
2019-03-01,2019-04-01,-0.0002868971787393093,0.0004038352344650775,8.650582389744323e-05,0.00014588720376378697,65536,25929,NUTS_SL_01m_2024.shp,SI037,2019,March,3
2019-05-01,2019-06-01,-0.00013864960055798292,1.3925632629252505e-05,-3.248508400990268e-05,6.40954912892463e-05,65536,63407,NUTS_SL_01m_2024.shp,SI037,2019,May,5
2019-06-01,2019-07-01,-0.00027252535801380873,0.00044224876910448074,0.00013550065352264655,0.0001260375808039525,65536,25929,NUTS_SL_01m_2024.shp,SI037,2019,June,6
2019-07-01,2019-08-01,-9.832828072831035e-05,0.0007675203960388899,0.00016580620676920807,0.00014543679767797804,65536,54719,NUTS_SL_01m_2024.shp,SI037,2019,July,7
2019-08-01,2019-09-01,-0.00018338728114031255,0.0005183472530916333,0.0001776868952497193,0.00012251146125771186,65536,28322,NUTS_SL_01m_2024.shp,SI037,2019,August,8
2019-09-01,2019-10-01,-6.843241135356948e-05,0.0003523908380884677,0.00016413949614403847,0.00010991771202095732,65536,56570,NUTS_SL_01m_2024.shp,SI037,2019,September,9
2019-11-01,2019-12-01,-0.00025745187303982675,0.00046956745791248977,7.85014551606032e-05,0.00017098390052883102,65536,46192,NUTS_SL_01m_2024.shp,SI037,2019,November,11
2019-12-01,2020-01-01,-0.00021606522204820067,0.00041517490171827376,2.7925308888344452e-05,0.00013488765896009343,65536,35803,NUTS_SL_01m_2024.shp,SI037,2019,December,12
2020-01-01,2020-02-01,-0.00021397350064944476,0.0003899441217072308,7.666079543576542e-05,0.00013752917156202116,65536,35055,NUTS_SL_01m_2024.shp,SI037,2020,January,1
2020-02-01,2020-03-01,-0.0002845925046131015,0.00040278234519064426,4.483866849624594e-05,0.00019576640266299206,65536,63075,NUTS_SL_01m_2024.shp,SI037,2020,February,2
2020-03-01,2020-04-01,-0.00011306408850941807,0.0001292415545322001,4.9935120224365814e-06,6.244502875689586e-05,65536,55305,NUTS_SL_01m_2024.shp,SI037,2020,March,3
2020-04-01,2020-05-01,-8.882518159225583e-05,0.00019934559531975538,1.0755358017668294e-06,6.562117427585544e-05,65536,59476,NUTS_SL_01m_2024.shp,SI037,2020,April,4
2020-05-01,2020-06-01,-3.421771543798968e-05,0.00013102128286845982,7.621890952479072e-05,4.998679408327537e-05,65536,63141,NUTS_SL_01m_2024.shp,SI037,2020,May,5
2020-06-01,2020-07-01,-0.0003113990242127329,0.00045825535198673606,0.00013163850012956992,0.00013253410636639883,65536,27139,NUTS_SL_01m_2024.shp,SI037,2020,June,6
2020-07-01,2020-08-01,-0.00016055373998824507,0.0004705820756498724,0.00011423387712093872,0.00012677949692328853,65536,47427,NUTS_SL_01m_2024.shp,SI037,2020,July,7
2020-09-01,2020-10-01,-0.0004377748700790107,0.0005858598160557449,9.454239681510289e-05,0.00018580248541601106,65536,29684,NUTS_SL_01m_2024.shp,SI037,2020,September,9
2020-10-01,2020-11-01,-0.0004460486234165728,0.0007594921626150608,0.00010827378331975173,0.00019907604452943644,65536,25929,NUTS_SL_01m_2024.shp,SI037,2020,October,10
2021-02-01,2021-03-01,-0.0003028642386198044,0.000444215489551425,3.6715583671378885e-05,0.00016859393438639362,65536,26460,NUTS_SL_01m_2024.shp,SI037,2021,February,2
2021-03-01,2021-04-01,-0.00024834671057760715,0.0006459638825617731,0.0001431740581750146,0.00016149604798728105,65536,25929,NUTS_SL_01m_2024.shp,SI037,2021,March,3
2021-04-01,2021-05-01,-0.00019226739823352545,0.0003912999527528882,3.2649586657951444e-05,0.00012525085388203207,65536,50963,NUTS_SL_01m_2024.shp,SI037,2021,April,4
2021-05-01,2021-06-01,-8.899984823074192e-05,5.475724901771173e-05,-1.362284051368038e-05,5.057020001230523e-05,65536,52758,NUTS_SL_01m_2024.shp,SI037,2021,May,5
2021-06-01,2021-07-01,-0.0003057200519833714,0.0005192973185330629,0.00012038672341280429,0.00015755542966218347,65536,29903,NUTS_SL_01m_2024.shp,SI037,2021,June,6
2021-07-01,2021-08-01,-0.00027143105398863554,0.0008202622411772609,0.00019155221726384195,0.00016635926583435644,65536,28397,NUTS_SL_01m_2024.shp,SI037,2021,July,7
2021-08-01,2021-09-01,-0.00022127425472717732,0.0004519945941865444,0.00010703473271063006,0.00014369516831456248,65536,40900,NUTS_SL_01m_2024.shp,SI037,2021,August,8
2021-10-01,2021-11-01,-0.00027351625612936914,0.0005850762245245278,0.00011300477558589469,0.0001687713571225746,65536,25929,NUTS_SL_01m_2024.shp,SI037,2021,October,10
2021-11-01,2021-12-01,-0.00047161339898593724,0.000706176389940083,3.648064966283671e-05,0.00029479768740908296,65536,44486,NUTS_SL_01m_2024.shp,SI037,2021,November,11
2021-12-01,2022-01-01,-0.0005207241629250348,0.0007408665842376649,2.6569087402341098e-05,0.0002105441032644156,65536,27595,NUTS_SL_01m_2024.shp,SI037,2021,December,12
2022-02-01,2022-03-01,-0.0001651450147619471,0.0003007305786013603,4.153683955457848e-06,9.884702438679911e-05,65536,53857,NUTS_SL_01m_2024.shp,SI037,2022,February,2
2022-04-01,2022-05-01,-0.0002254088904010132,0.0004088938294444233,7.96998611143547e-05,0.00013267837609165392,65536,27048,NUTS_SL_01m_2024.shp,SI037,2022,April,4
2022-05-01,2022-06-01,-0.000163500415510498,0.00026385599630884826,4.5840900019821333e-05,8.770523872044254e-05,65536,45415,NUTS_SL_01m_2024.shp,SI037,2022,May,5
2022-06-01,2022-07-01,-0.00014401579392142594,0.00019956599862780422,6.234563010156378e-05,8.046255676029155e-05,65536,47136,NUTS_SL_01m_2024.shp,SI037,2022,June,6
2022-07-01,2022-08-01,-0.00017986854072660208,0.00030027772299945354,6.399078037214328e-05,0.00010922384127423439,65536,37354,NUTS_SL_01m_2024.shp,SI037,2022,July,7
2022-08-01,2022-09-01,-0.00011556086246855557,0.000289788848021999,3.976554140975635e-05,8.744194975680591e-05,65536,63716,NUTS_SL_01m_2024.shp,SI037,2022,August,8
2022-09-01,2022-10-01,-0.00016561319353058934,0.0003817085234913975,8.394238319437741e-05,0.0001446080596931483,65536,61372,NUTS_SL_01m_2024.shp,SI037,2022,September,9
2022-10-01,2022-11-01,-0.0004462014767341316,0.0005944620352238417,3.260397748382889e-05,0.000173192176756469,65536,25929,NUTS_SL_01m_2024.shp,SI037,2022,October,10
2022-12-01,2023-01-01,-0.0005281505873426795,0.0006251985323615372,3.519344404467248e-05,0.00021708710526924488,65536,25929,NUTS_SL_01m_2024.shp,SI037,2022,December,12
2023-01-01,2023-02-01,-0.0003708075964823365,0.00017778226174414158,2.950523332151051e-07,0.000144205742701561,65536,61911,NUTS_SL_01m_2024.shp,SI037,2023,January,1
2023-04-01,2023-05-01,-8.175048424163833e-05,0.00012038912245770916,-1.6846554808191526e-05,3.742935351049885e-05,65536,59340,NUTS_SL_01m_2024.shp,SI037,2023,April,4
2023-06-01,2023-07-01,-0.00024094764376059175,0.0004983724211342633,0.00013790560623161278,0.00014978179714741514,65536,26727,NUTS_SL_01m_2024.shp,SI037,2023,June,6
2023-07-01,2023-08-01,-0.0004123173130210489,0.0004807055520359427,8.158141562290624e-05,0.0001461831810117741,65536,41466,NUTS_SL_01m_2024.shp,SI037,2023,July,7
2023-08-01,2023-09-01,-0.00024399480025749654,0.0004514405445661396,5.726421716502955e-05,0.0001132429855384357,65536,27680,NUTS_SL_01m_2024.shp,SI037,2023,August,8
2023-09-01,2023-10-01,-0.0002091547939926386,0.00045472171041183174,0.00014349547698633066,0.00017220484776819692,65536,57083,NUTS_SL_01m_2024.shp,SI037,2023,September,9
2023-10-01,2023-11-01,-0.00038542388938367367,0.0004361800674814731,4.540436131980556e-05,0.00019002065210990142,65536,34050,NUTS_SL_01m_2024.shp,SI037,2023,October,10
2024-01-01,2024-02-01,-0.0003633057640399784,0.0003382253344170749,-6.19905125290762e-05,0.00017323797124325216,65536,54849,NUTS_SL_01m_2024.shp,SI037,2024,January,1
2024-02-01,2024-03-01,-1.4806028048042208e-05,0.0001986701536225155,7.222173643490813e-05,6.620655985601728e-05,65536,64162,NUTS_SL_01m_2024.shp,SI037,2024,February,2
2024-03-01,2024-04-01,-0.00011781176726799458,0.0001591264590388164,2.6592709571656852e-05,9.345325354529782e-05,65536,63476,NUTS_SL_01m_2024.shp,SI037,2024,March,3
2024-04-01,2024-05-01,-0.00037872212124057114,0.0005688544479198754,0.0001130368334693285,0.00014903506336481367,65536,25929,NUTS_SL_01m_2024.shp,SI037,2024,April,4
2024-05-01,2024-06-01,-0.00022329720377456397,0.00043459428707137704,6.521578149900177e-05,0.00010802979398013817,65536,43988,NUTS_SL_01m_2024.shp,SI037,2024,May,5
2024-06-01,2024-07-01,-0.00016740891442168504,0.0004215617955196649,0.000143749299745106,0.00011841400222189114,65536,25929,NUTS_SL_01m_2024.shp,SI037,2024,June,6
2024-07-01,2024-08-01,-0.0002886597940232605,0.0003854323585983366,8.627281988958585e-05,0.00014490710769355346,65536,25929,NUTS_SL_01m_2024.shp,SI037,2024,July,7
2024-08-01,2024-09-01,-0.00013167742872610688,0.0006531030521728098,0.00017280394762300843,0.00014675650245651547,65536,25929,NUTS_SL_01m_2024.shp,SI037,2024,August,8
2024-09-01,2024-10-01,-0.0005798438214696944,0.0004647606401704252,3.659597178278646e-05,0.00018840819021098462,65536,25929,NUTS_SL_01m_2024.shp,SI037,2024,September,9
2024-10-01,2024-11-01,-0.0004945640102960169,0.0004661933926399797,4.947779734233942e-05,0.0001693673810082505,65536,25929,NUTS_SL_01m_2024.shp,SI037,2024,October,10
2024-11-01,2024-12-01,-0.00034803192829713225,0.000935124815441668,8.524160212656343e-05,0.000217754622957744,65536,41214,NUTS_SL_01m_2024.shp,SI037,2024,November,11
2024-12-01,2025-01-01,-0.0004189327883068472,0.0008133951341733336,0.0001309477344689502,0.0002437737506517683,65536,47834,NUTS_SL_01m_2024.shp,SI037,2024,December,12
2018-04-01,2018-05-01,0.00016266370948869735,0.0010143545223399997,0.0005179378060552169,0.00020651504983546098,65536,46264,NUTS_SL_01m_2024.shp,SI038,2018,April,4
2018-05-01,2018-06-01,-7.740998262306675e-05,0.000606965331826359,0.0002415060309057828,0.00021077529010832003,65536,60597,NUTS_SL_01m_2024.shp,SI038,2018,May,5
2018-06-01,2018-07-01,-0.00011365832324372604,0.0003200072969775647,0.00010522169111921469,8.652086105944744e-05,65536,16372,NUTS_SL_01m_2024.shp,SI038,2018,June,6
2018-07-01,2018-08-01,-8.28137417556718e-05,0.00026747569791041315,8.064247311135572e-05,7.596538186138963e-05,65536,16372,NUTS_SL_01m_2024.shp,SI038,2018,July,7
2018-09-01,2018-10-01,-0.00047263153828680515,0.0004275023238733411,6.026858054062452e-05,0.0001884673734641554,65536,16372,NUTS_SL_01m_2024.shp,SI038,2018,September,9
2018-10-01,2018-11-01,-0.00021323279361240566,0.0002452137414366007,-2.0660296764878122e-05,9.608558361314902e-05,65536,35083,NUTS_SL_01m_2024.shp,SI038,2018,October,10
2018-12-01,2019-01-01,-0.0002754274755716324,0.0002799769281409681,4.208197981832647e-05,0.0001283289939580666,65536,16372,NUTS_SL_01m_2024.shp,SI038,2018,December,12
2019-01-01,2019-02-01,2.4716804546187632e-05,2.4716804546187632e-05,2.4716804546187632e-05,0.0,65536,65466,NUTS_SL_01m_2024.shp,SI038,2019,January,1
2019-02-01,2019-03-01,-0.00021684943931177258,0.0002719946496654302,5.5639253326753916e-05,0.00011417208163681137,65536,16372,NUTS_SL_01m_2024.shp,SI038,2019,February,2
2019-03-01,2019-04-01,-0.0003106340591330081,0.0005044026765972376,0.00013899986864241942,0.00014865439567871415,65536,16372,NUTS_SL_01m_2024.shp,SI038,2019,March,3
2019-05-01,2019-06-01,-5.683220661012456e-05,6.793607462896034e-05,-4.009845060294823e-05,2.2490626056120306e-05,65536,62803,NUTS_SL_01m_2024.shp,SI038,2019,May,5
2019-06-01,2019-07-01,-0.00019328523194417357,0.0003645684337243438,0.00011491680750084337,0.00014553994817310834,65536,16372,NUTS_SL_01m_2024.shp,SI038,2019,June,6
2019-07-01,2019-08-01,0.00014828222629148513,0.00014828222629148513,0.00014828222629148513,0.0,65536,64669,NUTS_SL_01m_2024.shp,SI038,2019,July,7
2019-08-01,2019-09-01,-7.090975850587711e-05,0.00035724538611248136,0.000143137957475481,0.00010521341675434085,65536,27844,NUTS_SL_01m_2024.shp,SI038,2019,August,8
2019-10-01,2019-11-01,-9.507143113296479e-05,0.00010579653462627903,-3.839191929499403e-06,5.058982588817826e-05,65536,59527,NUTS_SL_01m_2024.shp,SI038,2019,October,10
2019-11-01,2019-12-01,-0.0002968233311548829,0.0005415893974713981,2.9031641811952936e-05,0.00016189448393092413,65536,32394,NUTS_SL_01m_2024.shp,SI038,2019,November,11
2019-12-01,2020-01-01,-0.000192112653166987,0.00030965733458288014,6.415972842582223e-05,8.642225077534468e-05,65536,16372,NUTS_SL_01m_2024.shp,SI038,2019,December,12
2020-01-01,2020-02-01,6.16954275756143e-05,9.896160190692171e-05,7.610014680974803e-05,1.4910902695692688e-05,65536,61451,NUTS_SL_01m_2024.shp,SI038,2020,January,1
2020-02-01,2020-03-01,-0.00022708691540174186,0.00029382642242126167,1.7791520204732958e-05,9.343418484137474e-05,65536,41126,NUTS_SL_01m_2024.shp,SI038,2020,February,2
2020-03-01,2020-04-01,-0.00020698027219623327,0.00017383103840984404,-8.106931652282768e-06,8.18507724618237e-05,65536,26903,NUTS_SL_01m_2024.shp,SI038,2020,March,3
2020-04-01,2020-05-01,-0.00011323203216306865,-1.33195835587685e-05,-4.383454981479226e-05,3.931035837138512e-05,65536,63210,NUTS_SL_01m_2024.shp,SI038,2020,April,4
2020-05-01,2020-06-01,-0.00010592058242764324,0.0001688503398327157,2.9401685979706407e-05,6.853165480402753e-05,65536,53102,NUTS_SL_01m_2024.shp,SI038,2020,May,5
2020-06-01,2020-07-01,-0.00015656620962545276,0.00023210712242871523,6.189171180389532e-05,9.589320218497693e-05,65536,38468,NUTS_SL_01m_2024.shp,SI038,2020,June,6
2020-07-01,2020-08-01,8.497438830090687e-05,0.0007842776249162853,0.00035422008304976,0.0002437550015749509,65536,58602,NUTS_SL_01m_2024.shp,SI038,2020,July,7
2020-09-01,2020-10-01,-0.0003780182159971446,0.0005792236188426614,0.00010886832608180887,0.00020154930373319555,65536,16661,NUTS_SL_01m_2024.shp,SI038,2020,September,9
2020-10-01,2020-11-01,-0.00020663440227508545,0.0005076035740785301,0.0001332712073084136,0.0001702448730554673,65536,16372,NUTS_SL_01m_2024.shp,SI038,2020,October,10
2020-11-01,2020-12-01,-0.00021784016280435026,0.00022495834855362773,5.3675653899457236e-05,0.00010625540248902901,65536,32314,NUTS_SL_01m_2024.shp,SI038,2020,November,11
2020-12-01,2021-01-01,-8.933547360356897e-05,0.0001301428856095299,4.867374877677773e-05,0.00010103149622459211,65536,62518,NUTS_SL_01m_2024.shp,SI038,2020,December,12
2021-02-01,2021-03-01,-0.0002983558806590736,0.00041219202103093266,-2.011092487822437e-05,0.00014551010454517371,65536,16372,NUTS_SL_01m_2024.shp,SI038,2021,February,2
2021-03-01,2021-04-01,-0.00031709164613857865,0.00040345147135667503,0.00012525287770555647,0.00017432660709586816,65536,16372,NUTS_SL_01m_2024.shp,SI038,2021,March,3
2021-04-01,2021-05-01,-8.475276263197884e-05,-3.790682239923626e-05,-6.60351287918459e-05,1.469680006800059e-05,65536,63988,NUTS_SL_01m_2024.shp,SI038,2021,April,4
2021-05-01,2021-06-01,-0.00012534963025245816,0.000156443624291569,2.0308632497966873e-05,7.985613656558779e-05,65536,47363,NUTS_SL_01m_2024.shp,SI038,2021,May,5
2021-06-01,2021-07-01,-0.00029431824805215,0.00035544089041650295,7.043027022609981e-05,0.0001401884067370091,65536,16419,NUTS_SL_01m_2024.shp,SI038,2021,June,6
2021-07-01,2021-08-01,-0.00015524937771260738,0.0005282057099975646,0.00018262321432781865,0.0001593201036776593,65536,26096,NUTS_SL_01m_2024.shp,SI038,2021,July,7
2021-08-01,2021-09-01,-0.00021942525927443057,0.0003083236515522003,3.170648387566855e-05,0.00014802025179295957,65536,53687,NUTS_SL_01m_2024.shp,SI038,2021,August,8
2021-09-01,2021-10-01,-5.798878919449635e-05,0.00021521790768019855,3.354795463225671e-05,6.0009062309455204e-05,65536,39288,NUTS_SL_01m_2024.shp,SI038,2021,September,9
2021-11-01,2021-12-01,-0.0003143823705613613,0.0004928308189846575,7.421456223938343e-05,0.00020647357118827,65536,55463,NUTS_SL_01m_2024.shp,SI038,2021,November,11
2021-12-01,2022-01-01,-0.0004440409247763455,0.0002675902214832604,-1.6547960508898003e-05,0.0001775273514348169,65536,18194,NUTS_SL_01m_2024.shp,SI038,2021,December,12
2022-02-01,2022-03-01,-0.0003367094905115664,0.00042214390123263,5.163091469448992e-05,0.0001518199341040234,65536,24197,NUTS_SL_01m_2024.shp,SI038,2022,February,2
2022-04-01,2022-05-01,-0.0002568423224147409,0.00036234641447663307,5.2527549791768e-05,0.0001452869570119262,65536,16372,NUTS_SL_01m_2024.shp,SI038,2022,April,4
2022-05-01,2022-06-01,-2.678652344911825e-05,4.3636970076477155e-05,-6.8580421933954165e-06,2.099243503966725e-05,65536,64000,NUTS_SL_01m_2024.shp,SI038,2022,May,5
2022-06-01,2022-07-01,-7.5061536335852e-05,0.00020385060633998364,6.74005861558846e-05,8.014589650041039e-05,65536,51021,NUTS_SL_01m_2024.shp,SI038,2022,June,6
2022-07-01,2022-08-01,-1.0222855053143576e-05,0.00025722934515215456,5.6222733868101736e-05,7.965825045617494e-05,65536,64336,NUTS_SL_01m_2024.shp,SI038,2022,July,7
2022-10-01,2022-11-01,-0.00037753250217065215,0.000531837169546634,4.9053559978659125e-05,0.0001592921937759595,65536,16372,NUTS_SL_01m_2024.shp,SI038,2022,October,10
2022-12-01,2023-01-01,-0.00024804420536383986,0.00020116163068450987,7.644732616905494e-06,0.00010647517531572468,65536,50462,NUTS_SL_01m_2024.shp,SI038,2022,December,12
2023-01-01,2023-02-01,-0.00028122213552705944,0.0002892047632485628,9.418723031905044e-06,0.00016126724355400667,65536,51951,NUTS_SL_01m_2024.shp,SI038,2023,January,1
2023-02-01,2023-03-01,-5.3946532716508955e-05,0.0002165255427826196,9.100775609508207e-05,7.638655123044581e-05,65536,61195,NUTS_SL_01m_2024.shp,SI038,2023,February,2
2023-04-01,2023-05-01,-5.777024125563912e-05,0.00019801026792265475,3.439561874258779e-05,8.363055911125686e-05,65536,50353,NUTS_SL_01m_2024.shp,SI038,2023,April,4
2023-06-01,2023-07-01,-0.00021673757873941213,0.0004789982922375202,0.00013303992750988096,0.0001369844711303655,65536,16789,NUTS_SL_01m_2024.shp,SI038,2023,June,6
2023-07-01,2023-08-01,-0.00033179824822582304,0.0005974090308882296,7.552676196798182e-05,0.00013552984116471696,65536,39091,NUTS_SL_01m_2024.shp,SI038,2023,July,7
2023-08-01,2023-09-01,2.8024417133565294e-06,2.8024417133565294e-06,2.8024417133565294e-06,0.0,65536,64946,NUTS_SL_01m_2024.shp,SI038,2023,August,8
2023-09-01,2023-10-01,-0.000200878523173742,0.00040372658986598253,0.00013534789840511565,0.0001317096676590145,65536,35056,NUTS_SL_01m_2024.shp,SI038,2023,September,9
2023-10-01,2023-11-01,-0.00014007130812387913,0.0002702214114833623,0.00011676008401886752,8.101187870258158e-05,65536,62550,NUTS_SL_01m_2024.shp,SI038,2023,October,10
2024-01-01,2024-02-01,-0.00019047602836508304,0.0003546018560882658,5.296928162860784e-05,0.00017276657164171883,65536,46998,NUTS_SL_01m_2024.shp,SI038,2024,January,1
2024-03-01,2024-04-01,-0.0001664886367507279,9.928207146003842e-05,-1.7415645595478348e-05,0.00011032568713165234,65536,60602,NUTS_SL_01m_2024.shp,SI038,2024,March,3
2024-04-01,2024-05-01,-0.00021135504357516766,0.0004331656964495778,9.878957810963977e-05,0.00016103830214470141,65536,16372,NUTS_SL_01m_2024.shp,SI038,2024,April,4
2024-06-01,2024-07-01,-7.745883340248838e-05,0.00021733013272751123,5.574492543415987e-05,8.96275380468882e-05,65536,43864,NUTS_SL_01m_2024.shp,SI038,2024,June,6
2024-07-01,2024-08-01,-7.365093915723264e-05,0.0005342885851860046,0.0001429130420375375,0.00012082845604611107,65536,16372,NUTS_SL_01m_2024.shp,SI038,2024,July,7
2024-08-01,2024-09-01,-0.0001403345086146146,0.0005344636738300323,0.0001375750956856174,0.000133310349809744,65536,16636,NUTS_SL_01m_2024.shp,SI038,2024,August,8
2024-09-01,2024-10-01,-0.000791431637480855,0.00044351842370815575,3.186877870831594e-05,0.00019576757664188828,65536,17645,NUTS_SL_01m_2024.shp,SI038,2024,September,9
2024-10-01,2024-11-01,-0.0004015113227069378,0.000545108166988939,0.00011525951786980265,0.0001544914085127833,65536,16372,NUTS_SL_01m_2024.shp,SI038,2024,October,10
2024-11-01,2024-12-01,-0.0001557149807922542,0.0006382564315572381,0.00011635097914657793,0.00013514753549707869,65536,17129,NUTS_SL_01m_2024.shp,SI038,2024,November,11
2024-12-01,2025-01-01,-0.00025556283071637154,0.0004034725425299257,3.880666504443826e-05,0.0001801789959767203,65536,52208,NUTS_SL_01m_2024.shp,SI038,2024,December,12
2018-04-01,2018-05-01,6.158432370284572e-05,0.0006105898064561188,0.0003652051642755751,0.00016612251355671898,65536,62329,NUTS_SL_01m_2024.shp,SI04,2018,April,4
2018-05-01,2018-06-01,-0.00016391355893574655,0.000606965331826359,0.00012298581094184318,0.00012964032664562213,65536,45040,NUTS_SL_01m_2024.shp,SI04,2018,May,5
2018-06-01,2018-07-01,-9.926463098963723e-05,0.0003755293437279761,0.00011770131125493043,0.00010973917264470132,65536,48889,NUTS_SL_01m_2024.shp,SI04,2018,June,6
2018-07-01,2018-08-01,-8.684406202519313e-05,0.00034291530027985573,0.00011947661919257634,8.690980782570066e-05,65536,33721,NUTS_SL_01m_2024.shp,SI04,2018,July,7
2018-09-01,2018-10-01,-0.0004755530972033739,0.0006814042571932077,8.681731660211443e-05,0.00017818103260097183,65536,30118,NUTS_SL_01m_2024.shp,SI04,2018,September,9
2018-10-01,2018-11-01,-0.00022676947992295027,0.0003408628690522164,2.636783977869349e-05,9.025453363691967e-05,65536,45930,NUTS_SL_01m_2024.shp,SI04,2018,October,10
2018-12-01,2019-01-01,-0.0003613170119933784,0.0005887903389520943,5.4703942936021285e-05,0.00013994043265787957,65536,42242,NUTS_SL_01m_2024.shp,SI04,2018,December,12
2019-01-01,2019-02-01,-0.00021091991220600903,0.00039036822272464633,2.558714918905866e-05,9.934069031714293e-05,65536,61214,NUTS_SL_01m_2024.shp,SI04,2019,January,1
2019-02-01,2019-03-01,-0.00013584468979388475,0.0002850384043995291,6.109380591934442e-05,0.00010294792082099252,65536,61866,NUTS_SL_01m_2024.shp,SI04,2019,February,2
2019-03-01,2019-04-01,-0.00032917928183451295,0.0005049368483014405,0.00010029004309372148,0.00014142861952034456,65536,33307,NUTS_SL_01m_2024.shp,SI04,2019,March,3
2019-05-01,2019-06-01,-0.00015002459986135364,0.0002539126144256443,2.7712430265740068e-05,7.782604138791959e-05,65536,56751,NUTS_SL_01m_2024.shp,SI04,2019,May,5
2019-06-01,2019-07-01,-0.0003318960661999881,0.0004690572968684137,0.00012093685177638371,0.0001324206891625273,65536,30118,NUTS_SL_01m_2024.shp,SI04,2019,June,6
2019-07-01,2019-08-01,-0.00018766814901027828,0.0004479184572119266,0.00012088312729534272,0.0001357854475959721,65536,44932,NUTS_SL_01m_2024.shp,SI04,2019,July,7
2019-08-01,2019-09-01,-0.00013616397336591035,0.0006088882219046354,0.00012873774448368024,0.00012365998513475147,65536,39269,NUTS_SL_01m_2024.shp,SI04,2019,August,8
2019-09-01,2019-10-01,-0.0001784346386557445,0.00034706518636085093,7.543544829978611e-05,0.0001259347544474537,65536,52573,NUTS_SL_01m_2024.shp,SI04,2019,September,9
2019-10-01,2019-11-01,-0.0001949908910319209,0.00041562854312360287,3.915188646367717e-05,0.00012429238219824774,65536,57993,NUTS_SL_01m_2024.shp,SI04,2019,October,10
2019-11-01,2019-12-01,-0.0002737512404564768,0.0005372910527512431,7.528060148879381e-05,0.00015679661610848545,65536,56189,NUTS_SL_01m_2024.shp,SI04,2019,November,11
2019-12-01,2020-01-01,-0.0003076970751862973,0.0005512714851647615,5.13766910653148e-05,0.00012768071958353764,65536,35901,NUTS_SL_01m_2024.shp,SI04,2019,December,12
2020-01-01,2020-02-01,-0.00022824123152531683,0.0005626145866699517,9.108414690360297e-05,0.00021534066075981035,65536,60835,NUTS_SL_01m_2024.shp,SI04,2020,January,1
2020-02-01,2020-03-01,-0.00028080743504688144,0.0004119370714761317,3.4826628521438185e-05,0.00011937660326341333,65536,42361,NUTS_SL_01m_2024.shp,SI04,2020,February,2
2020-03-01,2020-04-01,-0.0002806666889227927,0.00024774982011877,-9.733781189291967e-07,9.858021034709946e-05,65536,47094,NUTS_SL_01m_2024.shp,SI04,2020,March,3
2020-04-01,2020-05-01,-0.0007934716995805502,0.00044145554420538247,1.4217200327778622e-05,0.00020952440983508524,65536,59374,NUTS_SL_01m_2024.shp,SI04,2020,April,4
2020-05-01,2020-06-01,-0.0001240838464582339,0.0002899195533245802,5.383148070134921e-05,8.105801344879023e-05,65536,61426,NUTS_SL_01m_2024.shp,SI04,2020,May,5
2020-06-01,2020-07-01,-0.00023252148821484298,0.0004259533016011119,9.21426664457434e-05,0.00011785387390176245,65536,46414,NUTS_SL_01m_2024.shp,SI04,2020,June,6
2020-07-01,2020-08-01,-0.00026536639779806137,0.0006093675037845969,0.00011947691947084951,0.00013620320000828185,65536,52103,NUTS_SL_01m_2024.shp,SI04,2020,July,7
2020-09-01,2020-10-01,-0.0003813409130088985,0.0006309632444754243,9.32506519687344e-05,0.00018672841204238675,65536,31232,NUTS_SL_01m_2024.shp,SI04,2020,September,9
2020-10-01,2020-11-01,-0.0004555745399557054,0.0007213680073618889,8.391651559185144e-05,0.00019277639936367573,65536,30118,NUTS_SL_01m_2024.shp,SI04,2020,October,10
2020-11-01,2020-12-01,-0.0002665261854417622,0.000464046053821221,7.060818919738387e-05,0.00014067046126542087,65536,50302,NUTS_SL_01m_2024.shp,SI04,2020,November,11
2021-02-01,2021-03-01,-0.0003329675819259137,0.0004210112674627453,3.2244385258469303e-06,0.00015288526483614424,65536,38343,NUTS_SL_01m_2024.shp,SI04,2021,February,2
2021-03-01,2021-04-01,-0.00029816728783771396,0.0005595802213065326,0.00013375732857354242,0.00015699064994335876,65536,35570,NUTS_SL_01m_2024.shp,SI04,2021,March,3
2021-04-01,2021-05-01,-0.00032326907967217267,0.0003784512518905103,4.522984622535649e-06,0.00014721110558961416,65536,60166,NUTS_SL_01m_2024.shp,SI04,2021,April,4
2021-05-01,2021-06-01,-0.0002675122523214668,0.00030099463765509427,3.504128808554498e-05,8.370290013548117e-05,65536,49313,NUTS_SL_01m_2024.shp,SI04,2021,May,5
2021-06-01,2021-07-01,-0.0003676421765703708,0.0005070261540822685,9.295794508824722e-05,0.0001358438826310398,65536,31990,NUTS_SL_01m_2024.shp,SI04,2021,June,6
2021-07-01,2021-08-01,-0.0003601056814659387,0.0005330220446921885,0.0001522725773104273,0.0001528017163737881,65536,38793,NUTS_SL_01m_2024.shp,SI04,2021,July,7
2021-08-01,2021-09-01,-0.0001929575955728069,0.0004901354550383985,7.398153047980168e-05,0.00013689138431709105,65536,49046,NUTS_SL_01m_2024.shp,SI04,2021,August,8
2021-09-01,2021-10-01,-0.0002770625869743526,0.0002829208970069885,4.60882949984241e-05,8.929109933987436e-05,65536,46584,NUTS_SL_01m_2024.shp,SI04,2021,September,9
2021-10-01,2021-11-01,-0.00032593042124062777,0.0006030782824382186,5.669992933395681e-05,0.000202593568484907,65536,61211,NUTS_SL_01m_2024.shp,SI04,2021,October,10
2021-11-01,2021-12-01,-0.0005982427392154932,0.0006569218239746988,2.5846188975798747e-05,0.0002511269001363545,65536,59762,NUTS_SL_01m_2024.shp,SI04,2021,November,11
2021-12-01,2022-01-01,-0.000344975822372362,0.0004673256480600685,1.2471191795545959e-05,0.00015259826905472668,65536,43357,NUTS_SL_01m_2024.shp,SI04,2021,December,12
2022-02-01,2022-03-01,-0.00032723104231990874,0.000513928011059761,5.637037763143395e-05,0.00014453997571953775,65536,42172,NUTS_SL_01m_2024.shp,SI04,2022,February,2
2022-04-01,2022-05-01,-0.0002936417586170137,0.00041982330731116235,6.219373081079672e-05,0.0001369083742207359,65536,33144,NUTS_SL_01m_2024.shp,SI04,2022,April,4
2022-05-01,2022-06-01,-0.0003123439382761717,0.0005561931757256389,7.248186397225183e-05,0.00012382265056481843,65536,47236,NUTS_SL_01m_2024.shp,SI04,2022,May,5
2022-06-01,2022-07-01,-0.00011687001824611798,0.0003961478651035577,7.380932289612082e-05,8.703814993555211e-05,65536,42344,NUTS_SL_01m_2024.shp,SI04,2022,June,6
2022-07-01,2022-08-01,-0.00017297620070166886,0.0003236657939851284,0.00011385680529808533,0.00012958728854758024,65536,62458,NUTS_SL_01m_2024.shp,SI04,2022,July,7
2022-08-01,2022-09-01,-9.089873492484912e-05,0.00034100000630132854,0.0001236441473495314,0.00011643301380599288,65536,62749,NUTS_SL_01m_2024.shp,SI04,2022,August,8
2022-10-01,2022-11-01,-0.0004194758948870003,0.0005049794563092291,3.271467435318268e-05,0.00016349296716524774,65536,30118,NUTS_SL_01m_2024.shp,SI04,2022,October,10
2022-12-01,2023-01-01,-0.0005211031530052423,0.0005509676411747932,5.6764699322144424e-05,0.0001876543566826736,65536,50347,NUTS_SL_01m_2024.shp,SI04,2022,December,12
2023-01-01,2023-02-01,-0.0003124300274066627,0.000392395188100636,3.413418851400985e-05,0.0001629977307548045,65536,56629,NUTS_SL_01m_2024.shp,SI04,2023,January,1
2023-02-01,2023-03-01,-0.0002954931405838579,0.0003723176778294146,5.441677407002529e-05,0.0001400419949495219,65536,57291,NUTS_SL_01m_2024.shp,SI04,2023,February,2
2023-04-01,2023-05-01,-0.00017281682812608778,0.00019801026792265475,3.0389658767396292e-05,5.9829048425618075e-05,65536,58627,NUTS_SL_01m_2024.shp,SI04,2023,April,4
2023-05-01,2023-06-01,-3.492568112051231e-06,0.00013001580373384058,0.00012763172566516396,1.7680796166037646e-05,65536,65480,NUTS_SL_01m_2024.shp,SI04,2023,May,5
2023-06-01,2023-07-01,-0.00018700766668189317,0.0004959785146638751,0.0001465839585261877,0.00012201279140531616,65536,35260,NUTS_SL_01m_2024.shp,SI04,2023,June,6
2023-07-01,2023-08-01,-0.0002122356672771275,0.0004466411774046719,6.599218250239648e-05,0.0001086278588605021,65536,50676,NUTS_SL_01m_2024.shp,SI04,2023,July,7
2023-08-01,2023-09-01,-0.00015914688992779702,0.0003015178663190454,4.5027984661960435e-05,0.00011334071645622057,65536,58263,NUTS_SL_01m_2024.shp,SI04,2023,August,8
2023-09-01,2023-10-01,-0.00022347761841956526,0.0005396261694841087,0.00014185004034925427,0.00014571488301574445,65536,42293,NUTS_SL_01m_2024.shp,SI04,2023,September,9
2023-10-01,2023-11-01,-0.0002760577481240034,0.0007062139920890331,6.722397979052748e-05,0.0001719006173672318,65536,60198,NUTS_SL_01m_2024.shp,SI04,2023,October,10
2024-01-01,2024-02-01,-0.00031572231091558933,0.0003546018560882658,5.658871747295152e-05,0.00012547200493292774,65536,60440,NUTS_SL_01m_2024.shp,SI04,2024,January,1
2024-02-01,2024-03-01,-0.00020537173259072006,-0.00010283479059580714,-0.00014332708616067723,5.012314995551613e-05,65536,65379,NUTS_SL_01m_2024.shp,SI04,2024,February,2
2024-03-01,2024-04-01,-0.00011781176726799458,6.490471150755184e-06,-3.582239028733999e-05,5.7930472872929726e-05,65536,65324,NUTS_SL_01m_2024.shp,SI04,2024,March,3
2024-04-01,2024-05-01,-0.00029890102450735867,0.0005444961716420949,7.577961711364866e-05,0.0001398033133173802,65536,31270,NUTS_SL_01m_2024.shp,SI04,2024,April,4
2024-05-01,2024-06-01,-0.0002658585144672543,0.0006942590698599815,0.00010545896110988426,0.00014708534986016843,65536,62769,NUTS_SL_01m_2024.shp,SI04,2024,May,5
2024-06-01,2024-07-01,-0.00014042650582268834,0.00045670708641409874,0.00010110053483310607,0.00010648591186555303,65536,52096,NUTS_SL_01m_2024.shp,SI04,2024,June,6
2024-07-01,2024-08-01,-0.0002176769485231489,0.00047037878539413214,0.00015513599221263222,0.00012640682127260049,65536,30118,NUTS_SL_01m_2024.shp,SI04,2024,July,7
2024-08-01,2024-09-01,-0.0003209393471479416,0.0005466522416099906,0.0001528565649325796,0.00015017995081084755,65536,35341,NUTS_SL_01m_2024.shp,SI04,2024,August,8
2024-09-01,2024-10-01,-0.000791431637480855,0.0007158081862144172,4.6348523631793224e-05,0.00019971155480653357,65536,31685,NUTS_SL_01m_2024.shp,SI04,2024,September,9
2024-10-01,2024-11-01,-0.00044437512406148016,0.0007031976711004972,9.666146208217827e-05,0.0001965600877175779,65536,30118,NUTS_SL_01m_2024.shp,SI04,2024,October,10
2024-11-01,2024-12-01,-0.0004367280926089734,0.0006576625746674836,0.00010142424470171613,0.0001862670337996918,65536,38565,NUTS_SL_01m_2024.shp,SI04,2024,November,11
2024-12-01,2025-01-01,-0.0004746151971630752,0.0006243648822419345,0.00012342340660297153,0.00021031536326690533,65536,53838,NUTS_SL_01m_2024.shp,SI04,2024,December,12
2018-04-01,2018-05-01,9.783971472643316e-05,0.0007981184753589332,0.00040736817778706867,0.00018891071522164832,65536,38900,NUTS_SL_01m_2024.shp,SI041,2018,April,4
2018-05-01,2018-06-01,-0.00016391355893574655,0.00048485028673894703,0.00015435837198074894,0.00013054232427402342,65536,37539,NUTS_SL_01m_2024.shp,SI041,2018,May,5
2018-06-01,2018-07-01,-6.215686880750582e-05,0.00023342057829722762,7.061915367641466e-05,8.154508559266308e-05,65536,54316,NUTS_SL_01m_2024.shp,SI041,2018,June,6
2018-07-01,2018-08-01,-3.513210322125815e-05,0.00034291530027985573,0.0001607315646621302,8.964101069800642e-05,65536,33302,NUTS_SL_01m_2024.shp,SI041,2018,July,7
2018-09-01,2018-10-01,-0.0004755530972033739,0.0006814042571932077,7.991303203551476e-05,0.0002043822720167002,65536,32125,NUTS_SL_01m_2024.shp,SI041,2018,September,9
2018-10-01,2018-11-01,-0.00022676947992295027,0.0002452137414366007,3.236262104351843e-05,0.0001041565683996198,65536,39470,NUTS_SL_01m_2024.shp,SI041,2018,October,10
2018-12-01,2019-01-01,-0.0003613170119933784,0.00042489502811804414,6.503253215101716e-05,0.00012385265159249018,65536,43535,NUTS_SL_01m_2024.shp,SI041,2018,December,12
2019-02-01,2019-03-01,-0.00017513260536361486,0.00038432463770732284,7.698035972865998e-05,9.897369932863209e-05,65536,32126,NUTS_SL_01m_2024.shp,SI041,2019,February,2
2019-03-01,2019-04-01,-0.00031273954664357007,0.0005049368483014405,0.00012085034967220742,0.0001381273643571335,65536,32125,NUTS_SL_01m_2024.shp,SI041,2019,March,3
2019-05-01,2019-06-01,-4.473751687328331e-05,6.793607462896034e-05,1.8351763228869903e-05,3.47687661330728e-05,65536,62188,NUTS_SL_01m_2024.shp,SI041,2019,May,5
2019-06-01,2019-07-01,-0.0003318960661999881,0.0004690572968684137,0.00013117889479336145,0.00014010632346462052,65536,32125,NUTS_SL_01m_2024.shp,SI041,2019,June,6
2019-07-01,2019-08-01,-0.00018766814901027828,0.0004479184572119266,0.0001763605747666867,0.00013297969995494711,65536,44462,NUTS_SL_01m_2024.shp,SI041,2019,July,7
2019-08-01,2019-09-01,-0.00013616397336591035,0.0004868872056249529,0.00014148039419196814,0.00011832891194368228,65536,33374,NUTS_SL_01m_2024.shp,SI041,2019,August,8
2019-09-01,2019-10-01,-0.0001384481874993071,0.0003205078246537596,8.339447881135612e-05,0.00012962767705261506,65536,52139,NUTS_SL_01m_2024.shp,SI041,2019,September,9
2019-10-01,2019-11-01,-5.937198147876188e-05,0.00012774088827427477,6.585899875405351e-06,8.551496456675693e-05,65536,64421,NUTS_SL_01m_2024.shp,SI041,2019,October,10
2019-11-01,2019-12-01,-0.00025745187303982675,0.0005130650824867189,8.747552799827425e-05,0.00017616444638003325,65536,61357,NUTS_SL_01m_2024.shp,SI041,2019,November,11
2019-12-01,2020-01-01,-0.0003076970751862973,0.00041517490171827376,5.680740922911119e-05,0.00014363088354174447,65536,32612,NUTS_SL_01m_2024.shp,SI041,2019,December,12
2020-01-01,2020-02-01,-0.00020534585928544402,0.0005626145866699517,0.00015525666487249115,0.00021206187103187167,65536,57789,NUTS_SL_01m_2024.shp,SI041,2020,January,1
2020-02-01,2020-03-01,-0.00020640864386223257,0.00040278234519064426,3.933315643758233e-05,0.00011475886696891471,65536,44589,NUTS_SL_01m_2024.shp,SI041,2020,February,2
2020-03-01,2020-04-01,-0.0002337326150154695,0.00023952873016241938,-1.423930064517005e-05,9.649844124376556e-05,65536,42180,NUTS_SL_01m_2024.shp,SI041,2020,March,3
2020-04-01,2020-05-01,-0.00014257009024731815,0.00010902070789597929,-1.1287931947451784e-05,8.490760404327167e-05,65536,60161,NUTS_SL_01m_2024.shp,SI041,2020,April,4
2020-05-01,2020-06-01,-8.955025259638205e-05,0.00012507049541454762,3.196628486958932e-05,5.131575731154267e-05,65536,59351,NUTS_SL_01m_2024.shp,SI041,2020,May,5
2020-06-01,2020-07-01,-0.00023252148821484298,0.0003846038889605552,7.851632530922211e-05,0.00011292626453003522,65536,42490,NUTS_SL_01m_2024.shp,SI041,2020,June,6
2020-07-01,2020-08-01,-8.981499559013173e-05,0.00036395216011442244,0.00010693278435737374,8.919844494916568e-05,65536,46440,NUTS_SL_01m_2024.shp,SI041,2020,July,7
2020-09-01,2020-10-01,-0.0003813409130088985,0.0005792236188426614,4.770170657189425e-05,0.0001996912628857201,65536,33009,NUTS_SL_01m_2024.shp,SI041,2020,September,9
2020-10-01,2020-11-01,-0.00034712202614173293,0.0007213680073618889,0.0001013251862241921,0.00017282831469221609,65536,32125,NUTS_SL_01m_2024.shp,SI041,2020,October,10
2020-11-01,2020-12-01,-0.0002665261854417622,0.00022832905233372003,1.4225840853597969e-05,0.00014962260212543198,65536,60264,NUTS_SL_01m_2024.shp,SI041,2020,November,11
2020-12-01,2021-01-01,0.00011343478399794549,0.00011343478399794549,0.00011343478399794549,0.0,65536,65463,NUTS_SL_01m_2024.shp,SI041,2020,December,12
2021-02-01,2021-03-01,-0.00027249037520959973,0.000389653054298833,1.772877324132685e-05,0.00016329168151146248,65536,33576,NUTS_SL_01m_2024.shp,SI041,2021,February,2
2021-03-01,2021-04-01,-0.00029816728783771396,0.0005595802213065326,0.00015653982353431466,0.00016002925329777426,65536,32125,NUTS_SL_01m_2024.shp,SI041,2021,March,3
2021-04-01,2021-05-01,-0.00023651085211895406,5.7725803344510496e-05,-7.113872188680432e-05,0.00011631453316459776,65536,64046,NUTS_SL_01m_2024.shp,SI041,2021,April,4
2021-05-01,2021-06-01,-0.00021684386592824012,0.00018982407345902175,2.9356973619734613e-05,8.910153232599948e-05,65536,51049,NUTS_SL_01m_2024.shp,SI041,2021,May,5
2021-06-01,2021-07-01,-0.0002257551095681265,0.00037138789775781333,0.00010976611280833001,0.00012596409803283603,65536,32127,NUTS_SL_01m_2024.shp,SI041,2021,June,6
2021-07-01,2021-08-01,-0.00029553144122473896,0.0005330220446921885,0.0001732866335382413,0.00016562913855346407,65536,33631,NUTS_SL_01m_2024.shp,SI041,2021,July,7
2021-08-01,2021-09-01,-0.00016347698692698032,0.0004901354550383985,9.197658294136434e-05,0.00014332106296516785,65536,40370,NUTS_SL_01m_2024.shp,SI041,2021,August,8
2021-09-01,2021-10-01,-0.00017046586435753852,0.00011544777225935832,1.9390424208973415e-05,6.491457655197727e-05,65536,51145,NUTS_SL_01m_2024.shp,SI041,2021,September,9
2021-10-01,2021-11-01,-0.0002931170165538788,0.0004517182242125273,0.00013778871027301024,0.00015659548009028118,65536,32125,NUTS_SL_01m_2024.shp,SI041,2021,October,10
2021-11-01,2021-12-01,-0.0003160676860716194,9.079827577807009e-05,-0.0001669287800307323,0.00016271518833504294,65536,63925,NUTS_SL_01m_2024.shp,SI041,2021,November,11
2021-12-01,2022-01-01,-0.000344975822372362,0.0004673256480600685,2.0314128672064833e-05,0.0001460745939962073,65536,39063,NUTS_SL_01m_2024.shp,SI041,2021,December,12
2022-02-01,2022-03-01,-0.00032723104231990874,0.0003665523254312575,2.5879537231323214e-05,0.00013540624386446117,65536,43302,NUTS_SL_01m_2024.shp,SI041,2022,February,2
2022-04-01,2022-05-01,-0.0002762256481219083,0.00041982330731116235,7.622898112053988e-05,0.00013337371735511904,65536,32321,NUTS_SL_01m_2024.shp,SI041,2022,April,4
2022-05-01,2022-06-01,-0.0003123439382761717,0.0005561931757256389,8.90689700284365e-05,0.00012474032445829202,65536,38071,NUTS_SL_01m_2024.shp,SI041,2022,May,5
2022-06-01,2022-07-01,-0.00010252529318677261,0.0002910203184001148,7.571752214567238e-05,8.090936849463102e-05,65536,36577,NUTS_SL_01m_2024.shp,SI041,2022,June,6
2022-07-01,2022-08-01,-8.214654371840879e-05,-8.214654371840879e-05,-8.214654371840879e-05,0.0,65536,65419,NUTS_SL_01m_2024.shp,SI041,2022,July,7
2022-10-01,2022-11-01,-0.0003541940823197365,0.0005049794563092291,6.14561361906845e-05,0.00017691807112973893,65536,32125,NUTS_SL_01m_2024.shp,SI041,2022,October,10
2022-12-01,2023-01-01,-0.0005211031530052423,0.0005509676411747932,5.376554720349717e-05,0.00020530460791223266,65536,36878,NUTS_SL_01m_2024.shp,SI041,2022,December,12
2023-01-01,2023-02-01,-0.00016595642955508083,2.490794940968044e-05,-1.6278134124200728e-05,4.5685398536040426e-05,65536,64893,NUTS_SL_01m_2024.shp,SI041,2023,January,1
2023-04-01,2023-05-01,-9.601070632925257e-05,0.00019801026792265475,3.1581455283183375e-05,5.275559794417852e-05,65536,56474,NUTS_SL_01m_2024.shp,SI041,2023,April,4
2023-06-01,2023-07-01,-0.00018700766668189317,0.0004959785146638751,0.0001801514155522309,0.00012500747873714878,65536,32288,NUTS_SL_01m_2024.shp,SI041,2023,June,6
2023-07-01,2023-08-01,-0.00018620866467244923,0.0004466411774046719,8.865470694526606e-05,0.00011146169615927779,65536,45502,NUTS_SL_01m_2024.shp,SI041,2023,July,7
2023-08-01,2023-09-01,-0.00015914688992779702,0.00020955681975465268,9.60162576021451e-06,9.131705358691054e-05,65536,55583,NUTS_SL_01m_2024.shp,SI041,2023,August,8
2023-09-01,2023-10-01,-0.00022347761841956526,0.00040372658986598253,0.00016257325735805693,0.00015218054882274362,65536,46610,NUTS_SL_01m_2024.shp,SI041,2023,September,9
2023-10-01,2023-11-01,-0.0002760577481240034,0.0007062139920890331,7.917591370793818e-05,0.00018546652597310566,65536,52808,NUTS_SL_01m_2024.shp,SI041,2023,October,10
2024-03-01,2024-04-01,-0.00011781176726799458,6.490471150755184e-06,-3.4063828159694924e-05,5.747781336672931e-05,65536,64888,NUTS_SL_01m_2024.shp,SI041,2024,March,3
2024-04-01,2024-05-01,-0.00029890102450735867,0.0004199720860924572,0.00010504923626358242,0.0001343451517791418,65536,32125,NUTS_SL_01m_2024.shp,SI041,2024,April,4
2024-05-01,2024-06-01,-0.0002658585144672543,0.0006942590698599815,0.00010276826971207466,0.00015796331552493832,65536,59979,NUTS_SL_01m_2024.shp,SI041,2024,May,5
2024-06-01,2024-07-01,-0.00014042650582268834,0.00045670708641409874,0.00010867302397686218,0.00011816164361893977,65536,41865,NUTS_SL_01m_2024.shp,SI041,2024,June,6
2024-07-01,2024-08-01,-0.00012165572843514383,0.00047037878539413214,0.00018930145972646093,0.00012733175976345422,65536,32125,NUTS_SL_01m_2024.shp,SI041,2024,July,7
2024-08-01,2024-09-01,-0.000186434670467861,0.0004783068143296987,0.0001830903645266047,0.00013869816629539247,65536,32125,NUTS_SL_01m_2024.shp,SI041,2024,August,8
2024-09-01,2024-10-01,-0.000791431637480855,0.0004747968923766166,2.203685145481123e-05,0.00021027587515976278,65536,32125,NUTS_SL_01m_2024.shp,SI041,2024,September,9
2024-10-01,2024-11-01,-0.00044437512406148016,0.0005125723546370864,6.738398934102222e-05,0.00018358785156040848,65536,32125,NUTS_SL_01m_2024.shp,SI041,2024,October,10
2024-11-01,2024-12-01,-0.0004367280926089734,0.0006576625746674836,0.00013028273927566476,0.0002081947106306285,65536,34259,NUTS_SL_01m_2024.shp,SI041,2024,November,11
2024-12-01,2025-01-01,-0.0004746151971630752,0.0006243648822419345,0.0001639541136135824,0.00024145939792585787,65536,52168,NUTS_SL_01m_2024.shp,SI041,2024,December,12
2018-04-01,2018-05-01,0.00028560071950778365,0.0004378031881060451,0.00040177295770778434,6.469708268714808e-05,65536,65084,NUTS_SL_01m_2024.shp,SI042,2018,April,4
2018-05-01,2018-06-01,-9.638461051508784e-05,0.0003586257225833833,6.536532968588112e-05,9.521564415100551e-05,65536,50950,NUTS_SL_01m_2024.shp,SI042,2018,May,5
2018-06-01,2018-07-01,-4.4843462092103437e-05,0.000303866108879447,7.940507149988382e-05,9.541894936399967e-05,65536,59830,NUTS_SL_01m_2024.shp,SI042,2018,June,6
2018-07-01,2018-08-01,-8.684406202519313e-05,0.00033025871380232275,8.503666129155905e-05,7.15074900491202e-05,65536,34754,NUTS_SL_01m_2024.shp,SI042,2018,July,7
2018-09-01,2018-10-01,-0.00025010734680108726,0.0004863554786425084,7.788215071949743e-05,0.0001656699786504898,65536,29563,NUTS_SL_01m_2024.shp,SI042,2018,September,9
2018-10-01,2018-11-01,-0.00013992063759360462,0.0001882516371551901,1.3868335087887855e-05,6.663910516083717e-05,65536,44680,NUTS_SL_01m_2024.shp,SI042,2018,October,10
2018-12-01,2019-01-01,-0.0002903318090829998,0.00032494100742042065,6.498991004925809e-05,0.00012870831657384806,65536,48655,NUTS_SL_01m_2024.shp,SI042,2018,December,12
2019-03-01,2019-04-01,-0.00032917928183451295,0.00048282858915627003,9.481646257724654e-05,0.00014236877849300024,65536,35291,NUTS_SL_01m_2024.shp,SI042,2019,March,3
2019-05-01,2019-06-01,-6.305894930846989e-05,1.662265458435286e-05,-7.127155890800873e-08,3.1127039542984306e-05,65536,65265,NUTS_SL_01m_2024.shp,SI042,2019,May,5
2019-06-01,2019-07-01,-0.00015882321167737246,0.0003327772719785571,9.818073219908112e-05,0.0001117436244543435,65536,29563,NUTS_SL_01m_2024.shp,SI042,2019,June,6
2019-07-01,2019-08-01,-0.0001290694926865399,0.00038249962381087244,7.915036390831384e-05,0.00011446191985555159,65536,43919,NUTS_SL_01m_2024.shp,SI042,2019,July,7
2019-08-01,2019-09-01,-8.94425465958193e-05,0.0003580043266993016,9.721445283239175e-05,0.00010028959293110554,65536,41547,NUTS_SL_01m_2024.shp,SI042,2019,August,8
2019-09-01,2019-10-01,-0.00015522862668149173,0.00034706518636085093,5.3802996311541925e-05,0.00012347362549902337,65536,38102,NUTS_SL_01m_2024.shp,SI042,2019,September,9
2019-11-01,2019-12-01,-0.0001236831594724208,0.0004926652181893587,0.00011828222037258782,0.00017395496215415093,65536,64856,NUTS_SL_01m_2024.shp,SI042,2019,November,11
2019-12-01,2020-01-01,-0.00024958120775409043,0.0003019233117811382,4.248736420644085e-05,0.0001272419826193888,65536,45534,NUTS_SL_01m_2024.shp,SI042,2019,December,12
2020-01-01,2020-02-01,-0.00022824123152531683,0.00023869182041380554,-0.00015755039904351273,0.00015345369123924795,65536,63226,NUTS_SL_01m_2024.shp,SI042,2020,January,1
2020-02-01,2020-03-01,-0.00021927982743363827,0.0004119370714761317,4.2828186347686966e-05,0.0001156802319464092,65536,47008,NUTS_SL_01m_2024.shp,SI042,2020,February,2
2020-03-01,2020-04-01,-0.0002337326150154695,0.00020675637642852962,-1.7539932658510165e-05,0.00012895268776130537,65536,61626,NUTS_SL_01m_2024.shp,SI042,2020,March,3
2020-04-01,2020-05-01,8.207594510167837e-05,8.207594510167837e-05,8.207594510167837e-05,0.0,65536,65460,NUTS_SL_01m_2024.shp,SI042,2020,April,4
2020-06-01,2020-07-01,-0.00018314203771296889,0.0003684367402456701,5.936953136529215e-05,0.00012292571886760462,65536,55557,NUTS_SL_01m_2024.shp,SI042,2020,June,6
2020-07-01,2020-08-01,-0.00026536639779806137,0.00023617719125468284,3.5361170219040126e-05,0.00010599006954022825,65536,54502,NUTS_SL_01m_2024.shp,SI042,2020,July,7
2020-09-01,2020-10-01,-0.00035817077150568366,0.0005473648197948933,0.00012170088617974649,0.00016737756272083618,65536,31930,NUTS_SL_01m_2024.shp,SI042,2020,September,9
2020-10-01,2020-11-01,-0.0003769992326851934,0.000555933453142643,8.691149799160937e-05,0.00021149502471407724,65536,29563,NUTS_SL_01m_2024.shp,SI042,2020,October,10
2020-11-01,2020-12-01,-0.00021436007227748632,3.3163552870973945e-05,-5.227202097059135e-05,0.0001176778894961396,65536,65226,NUTS_SL_01m_2024.shp,SI042,2020,November,11
2021-02-01,2021-03-01,-0.0003329675819259137,0.0003116024599876255,-5.91352331055111e-05,0.00014730121001830629,65536,50583,NUTS_SL_01m_2024.shp,SI042,2021,February,2
2021-03-01,2021-04-01,-0.00027528443024493754,0.0005451548495329916,0.00013543336126333686,0.0001771824138482698,65536,42070,NUTS_SL_01m_2024.shp,SI042,2021,March,3
2021-04-01,2021-05-01,-0.00023651085211895406,1.1434171938162763e-06,-8.311514187712694e-05,6.559408678627838e-05,65536,62666,NUTS_SL_01m_2024.shp,SI042,2021,April,4
2021-05-01,2021-06-01,-0.00021684386592824012,0.00013151053281035274,2.3890770378274414e-05,7.179854652709136e-05,65536,48061,NUTS_SL_01m_2024.shp,SI042,2021,May,5
2021-06-01,2021-07-01,-0.0003676421765703708,0.0003900355368386954,3.6613024049583224e-05,0.0001325802360600275,65536,33679,NUTS_SL_01m_2024.shp,SI042,2021,June,6
2021-07-01,2021-08-01,-0.0003601056814659387,0.0004870504199061543,0.00012430752593308385,0.00015659984926740225,65536,36233,NUTS_SL_01m_2024.shp,SI042,2021,July,7
2021-08-01,2021-09-01,-0.0001929575955728069,0.00044907498522661626,4.4899605565041754e-05,0.00012556278914538184,65536,51948,NUTS_SL_01m_2024.shp,SI042,2021,August,8
2021-09-01,2021-10-01,-9.634536399971694e-05,0.00024003820726647973,2.9122686574682537e-05,8.976537287742016e-05,65536,58468,NUTS_SL_01m_2024.shp,SI042,2021,September,9
2021-10-01,2021-11-01,-0.00032593042124062777,0.00039634545100852847,5.944591762997255e-06,0.00019759989742603636,65536,57449,NUTS_SL_01m_2024.shp,SI042,2021,October,10
2021-11-01,2021-12-01,-0.0003160676860716194,0.00021587531955447048,4.721976070192708e-05,0.00015500554957284142,65536,64524,NUTS_SL_01m_2024.shp,SI042,2021,November,11
2021-12-01,2022-01-01,-0.0002869862364605069,0.0002598996215965599,1.4036494065668235e-05,0.0001467655227612194,65536,57304,NUTS_SL_01m_2024.shp,SI042,2021,December,12
2022-02-01,2022-03-01,-0.000192584193428047,0.0004903329536318779,4.050490430188621e-05,0.00014510175413062564,65536,52171,NUTS_SL_01m_2024.shp,SI042,2022,February,2
2022-04-01,2022-05-01,-0.0002912257914431393,0.00032381326309405267,3.803977202695832e-05,0.00013835730118816244,65536,36972,NUTS_SL_01m_2024.shp,SI042,2022,April,4
2022-05-01,2022-06-01,-0.00021844820003025234,0.00026125923614017665,3.497040967961717e-05,0.00011513628207626048,65536,48961,NUTS_SL_01m_2024.shp,SI042,2022,May,5
2022-06-01,2022-07-01,-0.00013877676974516362,0.0002513944054953754,4.783259021228065e-05,8.577568963900414e-05,65536,46805,NUTS_SL_01m_2024.shp,SI042,2022,June,6
2022-10-01,2022-11-01,-0.0004194758948870003,0.0004773822147399187,5.0187273267957325e-06,0.00016861903042603268,65536,29563,NUTS_SL_01m_2024.shp,SI042,2022,October,10
2022-12-01,2023-01-01,-0.00047666547470726073,0.0004500171053223312,6.793192479241106e-05,0.00016337982110513794,65536,44704,NUTS_SL_01m_2024.shp,SI042,2022,December,12
2023-01-01,2023-02-01,-0.00016595642955508083,0.00016482517821714282,1.280431778703217e-05,0.0001356950624510391,65536,64579,NUTS_SL_01m_2024.shp,SI042,2023,January,1
2023-04-01,2023-05-01,-6.619268970098346e-05,7.561299571534619e-05,2.751258161208024e-05,4.243015488284383e-05,65536,61499,NUTS_SL_01m_2024.shp,SI042,2023,April,4
2023-06-01,2023-07-01,-0.00010161268437514082,0.00045217786100693047,0.00012507494649017075,0.00012350493546971723,65536,34025,NUTS_SL_01m_2024.shp,SI042,2023,June,6
2023-07-01,2023-08-01,-4.922542575513944e-05,0.00011278015881543979,2.3461380334315936e-05,3.923403906288756e-05,65536,57667,NUTS_SL_01m_2024.shp,SI042,2023,July,7
2023-08-01,2023-09-01,-0.00015801913104951382,0.00018853865913115442,-1.8473614811943632e-05,0.00012311674191045122,65536,63193,NUTS_SL_01m_2024.shp,SI042,2023,August,8
2023-09-01,2023-10-01,-0.0001900113420560956,0.0004341808962635696,0.0001176787041829292,0.00015996248829877312,65536,50780,NUTS_SL_01m_2024.shp,SI042,2023,September,9
2023-10-01,2023-11-01,-0.00020556029630824924,0.00010091179137816653,-2.819651511713746e-05,0.00011653526941345534,65536,63733,NUTS_SL_01m_2024.shp,SI042,2023,October,10
2024-04-01,2024-05-01,-0.00029890102450735867,0.0005444961716420949,5.968518294225441e-05,0.00015691326757640416,65536,32299,NUTS_SL_01m_2024.shp,SI042,2024,April,4
2024-05-01,2024-06-01,-0.0001112144163926132,0.0003188126429449767,0.0001229242378629842,0.00012235130231461072,65536,62092,NUTS_SL_01m_2024.shp,SI042,2024,May,5
2024-06-01,2024-07-01,-9.152504208032042e-05,0.00028125441167503595,8.622056331220967e-05,9.670249679549784e-05,65536,58180,NUTS_SL_01m_2024.shp,SI042,2024,June,6
2024-07-01,2024-08-01,-0.00010812797700054944,0.00043930026004090905,0.00014645915433480642,0.00012305149556286944,65536,29563,NUTS_SL_01m_2024.shp,SI042,2024,July,7
2024-08-01,2024-09-01,-0.0003209393471479416,0.0004783068143296987,9.207509955362733e-05,0.00015200442271045972,65536,38665,NUTS_SL_01m_2024.shp,SI042,2024,August,8
2024-09-01,2024-10-01,-0.00061256461776793,0.0005576411494985223,4.821887541289244e-05,0.00020487364456198354,65536,29563,NUTS_SL_01m_2024.shp,SI042,2024,September,9
2024-10-01,2024-11-01,-0.0004233315121382475,0.0007031976711004972,0.00012188038498409149,0.00021797301018875419,65536,29563,NUTS_SL_01m_2024.shp,SI042,2024,October,10
2024-11-01,2024-12-01,-0.00016575661720708013,0.000292572018224746,9.774253350612783e-05,0.0001167582945292044,65536,47307,NUTS_SL_01m_2024.shp,SI042,2024,November,11
2024-12-01,2025-01-01,5.230316673987545e-05,0.0004018410400021821,0.00019399899689169286,6.332022275761098e-05,65536,63148,NUTS_SL_01m_2024.shp,SI042,2024,December,12
2018-04-01,2018-05-01,6.158432370284572e-05,0.0006105898064561188,0.00038544316582388323,0.00017310246275459697,65536,59418,NUTS_SL_01m_2024.shp,SI043,2018,April,4
2018-05-01,2018-06-01,-0.00016340517322532833,0.000606965331826359,0.00011397974469472662,0.00012945686267333884,65536,42721,NUTS_SL_01m_2024.shp,SI043,2018,May,5
2018-06-01,2018-07-01,-9.926463098963723e-05,0.00030510313808918,0.00010276022583980442,0.00011108623484651475,65536,43373,NUTS_SL_01m_2024.shp,SI043,2018,June,6
2018-07-01,2018-08-01,-4.899966370430775e-05,0.0002879773383028805,9.198378940931009e-05,7.48030109421721e-05,65536,37366,NUTS_SL_01m_2024.shp,SI043,2018,July,7
2018-09-01,2018-10-01,-0.0004755530972033739,0.0004863554786425084,0.00010707877070541953,0.0001684236005485253,65536,30979,NUTS_SL_01m_2024.shp,SI043,2018,September,9
2018-10-01,2018-11-01,-0.000203010713448748,0.0001882516371551901,1.8896775572452584e-05,8.757515953269341e-05,65536,53630,NUTS_SL_01m_2024.shp,SI043,2018,October,10
2018-12-01,2019-01-01,-0.0002903318090829998,0.00043457833817228675,2.455186250844466e-05,0.0001464524103786467,65536,42124,NUTS_SL_01m_2024.shp,SI043,2018,December,12
2019-01-01,2019-02-01,-7.92548235040158e-05,0.00039036822272464633,7.282780572670762e-05,0.0001056374713559814,65536,62152,NUTS_SL_01m_2024.shp,SI043,2019,January,1
2019-02-01,2019-03-01,-0.00013584468979388475,0.00024450841010548174,5.471369861959165e-05,0.00010846862631457165,65536,56494,NUTS_SL_01m_2024.shp,SI043,2019,February,2
2019-03-01,2019-04-01,-0.0002827730786520988,0.00034201572998426855,7.819866255739462e-05,0.00013311397759632735,65536,36533,NUTS_SL_01m_2024.shp,SI043,2019,March,3
2019-05-01,2019-06-01,-0.00015002459986135364,0.0002539126144256443,1.1043710525224981e-05,7.382494445969324e-05,65536,47280,NUTS_SL_01m_2024.shp,SI043,2019,May,5
2019-06-01,2019-07-01,-0.00016586596029810607,0.0004507287230808288,0.0001224217150817839,0.00013169215045654483,65536,30979,NUTS_SL_01m_2024.shp,SI043,2019,June,6
2019-07-01,2019-08-01,-0.00018766814901027828,0.0004470661224331707,8.423377038544621e-05,0.00012552625930414756,65536,45614,NUTS_SL_01m_2024.shp,SI043,2019,July,7
2019-08-01,2019-09-01,-0.00013494401355274022,0.0006088882219046354,0.00012900838938811556,0.00014330442600764176,65536,43509,NUTS_SL_01m_2024.shp,SI043,2019,August,8
2019-09-01,2019-10-01,-4.2278465116396546e-05,0.00026262065512128174,0.00015228155369446993,6.690889827132359e-05,65536,61801,NUTS_SL_01m_2024.shp,SI043,2019,September,9
2019-10-01,2019-11-01,-0.0001949908910319209,0.00041562854312360287,4.192499057204401e-05,0.00012548165331074,65536,48672,NUTS_SL_01m_2024.shp,SI043,2019,October,10
2019-11-01,2019-12-01,-0.0002737512404564768,0.0005372910527512431,7.479557037760449e-05,0.00016721571527828725,65536,52589,NUTS_SL_01m_2024.shp,SI043,2019,November,11
2019-12-01,2020-01-01,-0.00026827247347682714,0.0005512714851647615,3.913515570858434e-05,0.00011344845620911969,65536,35344,NUTS_SL_01m_2024.shp,SI043,2019,December,12
2020-01-01,2020-02-01,-0.00011003790859831497,0.00031774817034602165,0.00014072474544547705,0.00015508497877937701,65536,61641,NUTS_SL_01m_2024.shp,SI043,2020,January,1
2020-02-01,2020-03-01,-0.00028080743504688144,0.0003309507737867534,1.2139923939024659e-05,0.0001310527275813908,65536,42018,NUTS_SL_01m_2024.shp,SI043,2020,February,2
2020-03-01,2020-04-01,-0.000182344185304828,0.00021259205823298544,-3.1418679197451553e-06,8.250983728731079e-05,65536,48142,NUTS_SL_01m_2024.shp,SI043,2020,March,3
2020-04-01,2020-05-01,-0.00011323203216306865,0.00044145554420538247,2.357778415768282e-05,0.00014056425906410874,65536,62191,NUTS_SL_01m_2024.shp,SI043,2020,April,4
2020-05-01,2020-06-01,3.7369914025475737e-06,0.00010882987407967448,4.879062193819616e-05,2.5631712127575376e-05,65536,64390,NUTS_SL_01m_2024.shp,SI043,2020,May,5
2020-06-01,2020-07-01,-0.00014665795606561005,0.0003961213806178421,9.941432195913441e-05,0.0001240643051333723,65536,47682,NUTS_SL_01m_2024.shp,SI043,2020,June,6
2020-07-01,2020-08-01,-0.0001939289504662156,0.00045076452079229057,0.00014516672489122047,0.0001087876604117745,65536,58072,NUTS_SL_01m_2024.shp,SI043,2020,July,7
2020-09-01,2020-10-01,-0.00034716055961325765,0.0006309632444754243,0.00010423482359532973,0.00018533104513988302,65536,31766,NUTS_SL_01m_2024.shp,SI043,2020,September,9
2020-10-01,2020-11-01,-0.0004555745399557054,0.0004858081811107695,7.243183427338537e-05,0.0001955775738533652,65536,30979,NUTS_SL_01m_2024.shp,SI043,2020,October,10
2020-11-01,2020-12-01,-0.00021436007227748632,0.000464046053821221,7.07971733187183e-05,0.0001422155237354105,65536,37014,NUTS_SL_01m_2024.shp,SI043,2020,November,11
2021-02-01,2021-03-01,-0.0003329675819259137,0.00032848669798113406,1.1568976147241e-05,0.00013921825178925138,65536,38014,NUTS_SL_01m_2024.shp,SI043,2021,February,2
2021-03-01,2021-04-01,-0.00024730287259444594,0.0005451548495329916,0.0001182250464392712,0.00013810842955148996,65536,37947,NUTS_SL_01m_2024.shp,SI043,2021,March,3
2021-04-01,2021-05-01,-0.00024862884311005473,0.0002785386168397963,1.2493369307490156e-05,0.00011715103344891,65536,60440,NUTS_SL_01m_2024.shp,SI043,2021,April,4
2021-05-01,2021-06-01,-8.040018292376772e-05,0.00030099463765509427,4.549791919644927e-05,6.354971478024358e-05,65536,54922,NUTS_SL_01m_2024.shp,SI043,2021,May,5
2021-06-01,2021-07-01,-0.00027114106342196465,0.0004458019102457911,0.00010512597413886705,0.00013505088857140876,65536,32738,NUTS_SL_01m_2024.shp,SI043,2021,June,6
2021-07-01,2021-08-01,-0.00018891968647949398,0.0005134494858793914,0.00011988783314116916,0.00011466721149648617,65536,46702,NUTS_SL_01m_2024.shp,SI043,2021,July,7
2021-08-01,2021-09-01,-0.0001367260847473517,0.0003615899768192321,5.04219563754339e-05,0.00011646901259213244,65536,57827,NUTS_SL_01m_2024.shp,SI043,2021,August,8
2021-09-01,2021-10-01,-0.0001607292506378144,0.0002829208970069885,5.9564873975937215e-05,9.60075219524616e-05,65536,40005,NUTS_SL_01m_2024.shp,SI043,2021,September,9
2021-10-01,2021-11-01,-0.00019290238560643047,0.0006030782824382186,9.515647942038633e-05,0.00018989270258747417,65536,58809,NUTS_SL_01m_2024.shp,SI043,2021,October,10
2021-11-01,2021-12-01,-0.0005982427392154932,0.0005310559063218534,1.6352733717624816e-05,0.0002490185649028826,65536,55703,NUTS_SL_01m_2024.shp,SI043,2021,November,11
2021-12-01,2022-01-01,-0.00032209535129368305,0.0002870373718906194,3.4276646500894498e-06,0.00015611367999704916,65536,41535,NUTS_SL_01m_2024.shp,SI043,2021,December,12
2022-02-01,2022-03-01,-0.00020077810040675104,0.00045842595864087343,5.0010196940860725e-05,0.00012928161345344746,65536,39061,NUTS_SL_01m_2024.shp,SI043,2022,February,2
2022-04-01,2022-05-01,-0.0002936417586170137,0.00037028559017926455,5.2516444270368144e-05,0.000141341388444653,65536,34256,NUTS_SL_01m_2024.shp,SI043,2022,April,4
2022-05-01,2022-06-01,-0.00018795175128616393,0.0002810006553772837,3.0700926505328656e-05,0.00011083092911790132,65536,57484,NUTS_SL_01m_2024.shp,SI043,2022,May,5
2022-06-01,2022-07-01,-0.00010683485015761107,0.00028144026873633265,6.848021860083385e-05,8.160398150959633e-05,65536,46479,NUTS_SL_01m_2024.shp,SI043,2022,June,6
2022-07-01,2022-08-01,6.794428190914914e-05,0.0001695190294412896,0.00012708883730891036,3.4751587056519106e-05,65536,65274,NUTS_SL_01m_2024.shp,SI043,2022,July,7
2022-08-01,2022-09-01,5.823831997986417e-06,0.0003064147022087127,0.0001409856277967247,8.086126410877438e-05,65536,63595,NUTS_SL_01m_2024.shp,SI043,2022,August,8
2022-10-01,2022-11-01,-0.0004194758948870003,0.0004211489576846361,1.1689949196122875e-05,0.00015453133488577361,65536,30979,NUTS_SL_01m_2024.shp,SI043,2022,October,10
2022-12-01,2023-01-01,-9.378395770909265e-05,0.00016003521159291267,1.9962036093213257e-05,6.151835829286416e-05,65536,63575,NUTS_SL_01m_2024.shp,SI043,2022,December,12
2023-01-01,2023-02-01,-0.00025757341063581407,0.000392395188100636,3.631810132512334e-05,0.00015624598871039966,65536,53578,NUTS_SL_01m_2024.shp,SI043,2023,January,1
2023-02-01,2023-03-01,-0.0002954931405838579,0.0003723176778294146,3.0840382869588914e-05,0.00015249477555899778,65536,52184,NUTS_SL_01m_2024.shp,SI043,2023,February,2
2023-04-01,2023-05-01,-0.00011689631355693564,0.00019801026792265475,3.283858638268584e-05,6.779917550075875e-05,65536,55653,NUTS_SL_01m_2024.shp,SI043,2023,April,4
2023-06-01,2023-07-01,-0.00010036383173428476,0.00044246282777749,0.00011064619480967829,0.00010330658901871803,65536,43280,NUTS_SL_01m_2024.shp,SI043,2023,June,6
2023-07-01,2023-08-01,-0.0001916414184961468,0.00027486009639687836,5.1744722961359064e-05,0.00010603855954823803,65536,52228,NUTS_SL_01m_2024.shp,SI043,2023,July,7
2023-08-01,2023-09-01,-0.00015608803369104862,0.0002628070651553571,6.256820828604436e-05,0.00011149409830821149,65536,57610,NUTS_SL_01m_2024.shp,SI043,2023,August,8
2023-09-01,2023-10-01,-0.00011497707600938156,0.0003928724327124655,0.0001294260355165591,0.00011995047218500864,65536,34839,NUTS_SL_01m_2024.shp,SI043,2023,September,9
2023-10-01,2023-11-01,0.00010091179137816653,0.00010091179137816653,0.00010091179137816653,0.0,65536,65511,NUTS_SL_01m_2024.shp,SI043,2023,October,10
2024-01-01,2024-02-01,-0.00027580501046031713,0.0003546018560882658,0.00019671662379973736,9.970287953142019e-05,65536,64228,NUTS_SL_01m_2024.shp,SI043,2024,January,1
2024-02-01,2024-03-01,-0.00020537173259072006,-0.00010283479059580714,-0.00014113416221050792,4.960099373618675e-05,65536,65030,NUTS_SL_01m_2024.shp,SI043,2024,February,2
2024-04-01,2024-05-01,-0.00017091142944991589,0.0005029322346672416,4.7690481340107454e-05,0.00011817014691031778,65536,32490,NUTS_SL_01m_2024.shp,SI043,2024,April,4
2024-06-01,2024-07-01,-4.960886872140691e-05,0.0003263209364376962,0.00010106279286159494,9.959102638235358e-05,65536,57724,NUTS_SL_01m_2024.shp,SI043,2024,June,6
2024-07-01,2024-08-01,-0.00016359673463739455,0.0004112878523301333,0.0001535921101878222,0.0001217448292156672,65536,30979,NUTS_SL_01m_2024.shp,SI043,2024,July,7
2024-08-01,2024-09-01,-0.00015840215201023966,0.0005466522416099906,0.0001580695637725942,0.0001522241577158011,65536,40269,NUTS_SL_01m_2024.shp,SI043,2024,August,8
2024-09-01,2024-10-01,-0.00037593042361550033,0.0007158081862144172,6.70234360907797e-05,0.00018885554709271193,65536,35351,NUTS_SL_01m_2024.shp,SI043,2024,September,9
2024-10-01,2024-11-01,-0.0004015113227069378,0.0005116151296533644,0.00010631759838332295,0.00018414324567572824,65536,30979,NUTS_SL_01m_2024.shp,SI043,2024,October,10
2024-11-01,2024-12-01,-0.00029236619593575597,0.0004717585979960859,5.9303580232022813e-05,0.00017504909449089174,65536,40991,NUTS_SL_01m_2024.shp,SI043,2024,November,11
2024-12-01,2025-01-01,-0.0001328954822383821,0.0005389282014220953,0.00014955355267062617,0.00018879894995306307,65536,58499,NUTS_SL_01m_2024.shp,SI043,2024,December,12
2018-04-01,2018-05-01,0.00010748438216978684,0.0005532184732146561,0.00033205233400090283,0.00015671571608818702,65536,57374,NUTS_SL_01m_2024.shp,SI044,2018,April,4
2018-05-01,2018-06-01,-0.00016340517322532833,0.0005110386409796774,0.0001243007943112021,0.0001486356085172107,65536,59294,NUTS_SL_01m_2024.shp,SI044,2018,May,5
2018-06-01,2018-07-01,-2.4554183255531825e-06,0.0003755293437279761,0.00018574152887702638,9.745078365665817e-05,65536,32691,NUTS_SL_01m_2024.shp,SI044,2018,June,6
2018-07-01,2018-08-01,-9.508290531812236e-06,0.0003097607404924929,0.00014072948537522783,8.124758252651734e-05,65536,32691,NUTS_SL_01m_2024.shp,SI044,2018,July,7
2018-09-01,2018-10-01,-0.00047263153828680515,0.0004049290146213025,7.676094116440751e-05,0.0001583589468184693,65536,32691,NUTS_SL_01m_2024.shp,SI044,2018,September,9
2018-10-01,2018-11-01,-0.000203010713448748,0.0003408628690522164,4.789332753395807e-05,8.53327873903017e-05,65536,50601,NUTS_SL_01m_2024.shp,SI044,2018,October,10
2018-12-01,2019-01-01,-0.00023523237905465066,0.0005887903389520943,7.522574277300222e-05,0.00015282447955032675,65536,32857,NUTS_SL_01m_2024.shp,SI044,2018,December,12
2019-01-01,2019-02-01,-0.00021091991220600903,0.00017532342462800443,9.890934413548883e-06,9.069460746154618e-05,65536,42907,NUTS_SL_01m_2024.shp,SI044,2019,January,1
2019-02-01,2019-03-01,-5.165269612916745e-05,0.0002850384043995291,8.148342198906925e-05,7.664705390828062e-05,65536,59579,NUTS_SL_01m_2024.shp,SI044,2019,February,2
2019-03-01,2019-04-01,-0.0003106340591330081,0.0004366509383544326,0.00010809205082568041,0.0001547392294661337,65536,32691,NUTS_SL_01m_2024.shp,SI044,2019,March,3
2019-05-01,2019-06-01,-7.805538916727528e-05,0.0002539126144256443,7.561026035365159e-05,8.261363181955446e-05,65536,50961,NUTS_SL_01m_2024.shp,SI044,2019,May,5
2019-06-01,2019-07-01,-0.0002185667835874483,0.0004242032300680876,0.0001426673620023931,0.00014759955555394475,65536,32691,NUTS_SL_01m_2024.shp,SI044,2019,June,6
2019-07-01,2019-08-01,-0.00015888740017544478,0.0004470661224331707,0.00016140355091998624,0.0001499166720177979,65536,50422,NUTS_SL_01m_2024.shp,SI044,2019,July,7
2019-08-01,2019-09-01,-6.489847874036059e-05,0.0005529842455871403,0.0001517956625747517,0.00012250408713136493,65536,44662,NUTS_SL_01m_2024.shp,SI044,2019,August,8
2019-09-01,2019-10-01,4.6374480007216334e-05,0.0003389211487956345,0.0002000729949305398,0.00010855990284332288,65536,63888,NUTS_SL_01m_2024.shp,SI044,2019,September,9
2019-10-01,2019-11-01,-0.00016104028327390552,0.0004001759516540915,3.733130384328717e-05,0.00012534013252463522,65536,51451,NUTS_SL_01m_2024.shp,SI044,2019,October,10
2019-11-01,2019-12-01,-0.00024486458278261125,0.00033738085767254233,6.822663418073048e-05,0.0001334325804540925,65536,39549,NUTS_SL_01m_2024.shp,SI044,2019,November,11
2019-12-01,2020-01-01,-0.00015153114509303123,0.0005512714851647615,7.152295730569135e-05,0.00011166734480923166,65536,32691,NUTS_SL_01m_2024.shp,SI044,2019,December,12
2020-01-01,2020-02-01,-0.00016034494910854846,0.00021436242968775332,-4.916021161846679e-05,0.00011202362469733459,65536,62728,NUTS_SL_01m_2024.shp,SI044,2020,January,1
2020-02-01,2020-03-01,-0.00019718660041689873,0.00030653970316052437,5.6408416460191026e-05,0.00010283416749373816,65536,34679,NUTS_SL_01m_2024.shp,SI044,2020,February,2
2020-03-01,2020-04-01,-0.0002806666889227927,0.00024774982011877,2.5311921044504746e-05,0.00010634956992570669,65536,32691,NUTS_SL_01m_2024.shp,SI044,2020,March,3
2020-04-01,2020-05-01,-0.0008101931889541447,0.00044145554420538247,2.6054770177726053e-05,0.000264529312033375,65536,41785,NUTS_SL_01m_2024.shp,SI044,2020,April,4
2020-05-01,2020-06-01,-0.0001240838464582339,0.0002899195533245802,8.045327542208277e-05,0.00010539128829640515,65536,53564,NUTS_SL_01m_2024.shp,SI044,2020,May,5
2020-06-01,2020-07-01,-0.00011544502922333777,0.0004259533016011119,0.00013036604650104963,0.00010165568925578553,65536,39626,NUTS_SL_01m_2024.shp,SI044,2020,June,6
2020-07-01,2020-08-01,-0.0001939289504662156,0.0006093675037845969,0.00023694077957061037,0.00020113695709932493,65536,50609,NUTS_SL_01m_2024.shp,SI044,2020,July,7
2020-09-01,2020-10-01,-0.00023424734536092728,0.0005695541622117162,0.00011241981469190039,0.00017590079497193054,65536,32691,NUTS_SL_01m_2024.shp,SI044,2020,September,9
2020-10-01,2020-11-01,-0.0004555745399557054,0.00048134734970517457,6.363451008254419e-05,0.0001853116656677472,65536,32691,NUTS_SL_01m_2024.shp,SI044,2020,October,10
2020-11-01,2020-12-01,-0.0001836057344917208,0.00035850683343596756,9.08209637999677e-05,0.00012820911688923498,65536,32691,NUTS_SL_01m_2024.shp,SI044,2020,November,11
2021-02-01,2021-03-01,-0.00023183603479992598,0.0004210112674627453,8.860802060554347e-06,0.00014565403089025707,65536,32691,NUTS_SL_01m_2024.shp,SI044,2021,February,2
2021-03-01,2021-04-01,-0.00025204670964740217,0.000506270385812968,0.00010888859685424549,0.00014693669488071568,65536,32691,NUTS_SL_01m_2024.shp,SI044,2021,March,3
2021-04-01,2021-05-01,-0.00032326907967217267,0.0003784512518905103,3.572773259928399e-05,0.00016923721168606351,65536,47545,NUTS_SL_01m_2024.shp,SI044,2021,April,4
2021-05-01,2021-06-01,-0.0002675122523214668,0.0002894194039981812,4.3018473641219155e-05,0.00010241669160999798,65536,39672,NUTS_SL_01m_2024.shp,SI044,2021,May,5
2021-06-01,2021-07-01,-0.00027114106342196465,0.0005070261540822685,0.00013304133258663968,0.0001329203144260547,65536,34380,NUTS_SL_01m_2024.shp,SI044,2021,June,6
2021-07-01,2021-08-01,-4.636898302123882e-05,0.0004445705271791667,0.0002125129108136284,0.00013044525795303266,65536,44122,NUTS_SL_01m_2024.shp,SI044,2021,July,7
2021-08-01,2021-09-01,-0.0001911814761115238,0.0004470489511732012,8.016151094434202e-05,0.0001395035742076764,65536,47867,NUTS_SL_01m_2024.shp,SI044,2021,August,8
2021-09-01,2021-10-01,-0.0002770625869743526,0.0002801417140290141,5.575459068729369e-05,9.159650776091656e-05,65536,32691,NUTS_SL_01m_2024.shp,SI044,2021,September,9
2021-10-01,2021-11-01,0.0002597389102447778,0.00042542978189885616,0.00034504766888983514,8.280880555874665e-05,65536,64897,NUTS_SL_01m_2024.shp,SI044,2021,October,10
2021-11-01,2021-12-01,-0.0005982427392154932,0.0005310559063218534,8.816871703806332e-05,0.00025784722792776977,65536,51745,NUTS_SL_01m_2024.shp,SI044,2021,November,11
2021-12-01,2022-01-01,-0.00034296291414648294,0.00030499041895382106,1.2217769207899279e-05,0.00016036381972696638,65536,35615,NUTS_SL_01m_2024.shp,SI044,2021,December,12
2022-02-01,2022-03-01,-0.00020480780221987516,0.000513928011059761,0.00012477029778992687,0.00016096016438967714,65536,32691,NUTS_SL_01m_2024.shp,SI044,2022,February,2
2022-04-01,2022-05-01,-0.00024144175404217094,0.0003668039571493864,8.921098063873257e-05,0.00012613610433390564,65536,32691,NUTS_SL_01m_2024.shp,SI044,2022,April,4
2022-05-01,2022-06-01,-0.0001199324251501821,0.00039767485577613115,0.0001152790175562061,0.00011911337153912395,65536,46624,NUTS_SL_01m_2024.shp,SI044,2022,May,5
2022-06-01,2022-07-01,-0.00010683485015761107,0.0003961478651035577,0.0001186978319442221,9.858334907906264e-05,65536,43163,NUTS_SL_01m_2024.shp,SI044,2022,June,6
2022-07-01,2022-08-01,-0.00017297620070166886,0.0003236657939851284,0.00011511498717484204,0.00013012182094056035,65536,45497,NUTS_SL_01m_2024.shp,SI044,2022,July,7
2022-08-01,2022-09-01,-9.089873492484912e-05,0.00034100000630132854,0.00011871602112758649,0.00012491728009797473,65536,50797,NUTS_SL_01m_2024.shp,SI044,2022,August,8
2022-10-01,2022-11-01,-0.00023084382701199502,0.0003868271014653146,6.7640382310763e-05,0.00011842397475185133,65536,32691,NUTS_SL_01m_2024.shp,SI044,2022,October,10
2023-01-01,2023-02-01,-0.0003124300274066627,0.0003828284970950335,3.611489916531539e-05,0.00017262546869410928,65536,32691,NUTS_SL_01m_2024.shp,SI044,2023,January,1
2023-02-01,2023-03-01,-0.00021137346629984677,0.00033614193671382964,7.681039518766611e-05,0.000124529731534863,65536,37051,NUTS_SL_01m_2024.shp,SI044,2023,February,2
2023-04-01,2023-05-01,-0.00017281682812608778,-0.00017281682812608778,-0.00017281682812608778,0.0,65536,65400,NUTS_SL_01m_2024.shp,SI044,2023,April,4
2023-05-01,2023-06-01,-3.492568112051231e-06,0.00013001580373384058,0.0001296480120758629,6.997713535964514e-06,65536,65173,NUTS_SL_01m_2024.shp,SI044,2023,May,5
2023-06-01,2023-07-01,-0.00012093621626263484,0.0004533897736109793,0.0001632018870354504,0.00011450480354144817,65536,33372,NUTS_SL_01m_2024.shp,SI044,2023,June,6
2023-07-01,2023-08-01,-0.0002122356672771275,0.0004378821176942438,6.341159320994325e-05,0.00012868936629875608,65536,49310,NUTS_SL_01m_2024.shp,SI044,2023,July,7
2023-08-01,2023-09-01,-0.00015608803369104862,0.0003015178663190454,0.00014239656079330988,9.69709214121366e-05,65536,58089,NUTS_SL_01m_2024.shp,SI044,2023,August,8
2023-09-01,2023-10-01,-0.000200878523173742,0.0005396261694841087,0.00016065558410243295,0.00016757317078648434,65536,37571,NUTS_SL_01m_2024.shp,SI044,2023,September,9
2023-10-01,2023-11-01,-0.00012178290489828214,0.0001963129616342485,5.971364074171077e-05,9.504346472439684e-05,65536,60114,NUTS_SL_01m_2024.shp,SI044,2023,October,10
2024-01-01,2024-02-01,-0.00031572231091558933,0.0003546018560882658,4.61016242706402e-05,0.00011885490533817885,65536,33323,NUTS_SL_01m_2024.shp,SI044,2024,January,1
2024-04-01,2024-05-01,-0.00015388242900371552,0.0005029322346672416,0.00010000493363326635,0.00014295854470711125,65536,32691,NUTS_SL_01m_2024.shp,SI044,2024,April,4
2024-05-01,2024-06-01,-2.6824338419828564e-05,-2.6824338419828564e-05,-2.6824338419828564e-05,0.0,65536,64909,NUTS_SL_01m_2024.shp,SI044,2024,May,5
2024-06-01,2024-07-01,-5.8214143791701645e-05,0.0003263209364376962,8.809249040329504e-05,5.6310405916128477e-05,65536,54005,NUTS_SL_01m_2024.shp,SI044,2024,June,6
2024-07-01,2024-08-01,-0.0002176769485231489,0.0004112878523301333,9.932290691505061e-05,0.00011532460230496451,65536,32691,NUTS_SL_01m_2024.shp,SI044,2024,July,7
2024-08-01,2024-09-01,-8.61599764903076e-05,0.0005344636738300323,0.00017242098468813345,0.00014350591977444158,65536,32691,NUTS_SL_01m_2024.shp,SI044,2024,August,8
2024-09-01,2024-10-01,-0.0003094744752161205,0.0003942300099879503,5.633230553854315e-05,0.00017396827840002817,65536,34247,NUTS_SL_01m_2024.shp,SI044,2024,September,9
2024-10-01,2024-11-01,-0.0004015113227069378,0.0005361598450690508,9.135398799165953e-05,0.00019377965486359417,65536,32691,NUTS_SL_01m_2024.shp,SI044,2024,October,10
2024-11-01,2024-12-01,-0.00022197520593181252,0.0006121769547462463,0.00011003842644341508,0.00019955358692324703,65536,32691,NUTS_SL_01m_2024.shp,SI044,2024,November,11
2024-12-01,2025-01-01,-0.0003709121374413371,0.00046824224409647286,6.616243971775898e-05,0.00018743244595160945,65536,33399,NUTS_SL_01m_2024.shp,SI044,2024,December,12
