interval_from,interval_to,no2_B0_min,no2_B0_max,no2_B0_mean,no2_B0_stDev,no2_B0_sampleCount,no2_B0_noDataCount,shapefile,NUTS_ID,year,month,month_num
2018-04-01,2018-05-01,1.2166790838818997e-05,3.524143903632648e-05,2.302982091555708e-05,7.2299153178317554e-06,65536,64347,NUTS_SL_01m_2024.shp,SI,2018,April,4
2018-05-01,2018-06-01,7.084099138410238e-07,5.896808215766214e-05,2.2156967459971902e-05,8.888418447060522e-06,65536,48694,NUTS_SL_01m_2024.shp,SI,2018,May,5
2018-06-01,2018-07-01,-7.313522587537591e-07,5.544632949749939e-05,2.5957360037549286e-05,9.387778101028264e-06,65536,51692,NUTS_SL_01m_2024.shp,SI,2018,June,6
2018-07-01,2018-08-01,3.82196640202892e-06,5.518964462680742e-05,2.8039988150333352e-05,6.670872296067839e-06,65536,36664,NUTS_SL_01m_2024.shp,SI,2018,July,7
2018-09-01,2018-10-01,-1.4307333913166076e-05,4.990354136680253e-05,1.997463729675409e-05,1.0329655740435917e-05,65536,31777,NUTS_SL_01m_2024.shp,SI,2018,September,9
2018-10-01,2018-11-01,-3.964540610468248e-06,7.960617949720472e-05,2.860526009480371e-05,1.2249070124951895e-05,65536,43523,NUTS_SL_01m_2024.shp,SI,2018,October,10
2018-12-01,2019-01-01,-1.8156852092943154e-05,0.00010284154996043071,4.3887768222782306e-05,2.382502246193797e-05,65536,49207,NUTS_SL_01m_2024.shp,SI,2018,December,12
2019-01-01,2019-02-01,9.577950550010428e-06,8.960538252722472e-05,2.9324711411691867e-05,1.4485426691178973e-05,65536,63607,NUTS_SL_01m_2024.shp,SI,2019,January,1
2019-02-01,2019-03-01,1.6714784578653052e-05,7.180608372436836e-05,4.433259351799285e-05,1.3148804062498575e-05,65536,63712,NUTS_SL_01m_2024.shp,SI,2019,February,2
2019-03-01,2019-04-01,-1.1570649803616107e-05,0.00012869392230641097,2.7102147535607313e-05,1.4868266879806719e-05,65536,31739,NUTS_SL_01m_2024.shp,SI,2019,March,3
2019-04-01,2019-05-01,2.4912682420108467e-05,2.4912682420108467e-05,2.4912682420108467e-05,0.0,65536,65474,NUTS_SL_01m_2024.shp,SI,2019,April,4
2019-05-01,2019-06-01,1.9132776287733577e-05,4.9327456508763134e-05,3.3812575829164307e-05,6.55727539535229e-06,65536,63745,NUTS_SL_01m_2024.shp,SI,2019,May,5
2019-06-01,2019-07-01,-1.4301393775895122e-06,6.853285594843328e-05,2.303337928007266e-05,8.530910570490977e-06,65536,31731,NUTS_SL_01m_2024.shp,SI,2019,June,6
2019-07-01,2019-08-01,-1.3431940715236124e-05,5.02732909808401e-05,1.817736004825e-05,1.1059115942100212e-05,65536,50709,NUTS_SL_01m_2024.shp,SI,2019,July,7
2019-08-01,2019-09-01,-3.571226443455089e-06,6.277732609305531e-05,2.5560335539540874e-05,8.098720051540228e-06,65536,38649,NUTS_SL_01m_2024.shp,SI,2019,August,8
2019-09-01,2019-10-01,-1.527223162156588e-06,6.919854786247015e-05,3.470128516891765e-05,1.170315463809029e-05,65536,47427,NUTS_SL_01m_2024.shp,SI,2019,September,9
2019-10-01,2019-11-01,3.7809227251273114e-06,4.990083471057005e-05,2.5233468065848342e-05,1.0525838135762269e-05,65536,62800,NUTS_SL_01m_2024.shp,SI,2019,October,10
2019-11-01,2019-12-01,2.597868842713069e-06,0.0001229796325787902,5.921350012529598e-05,1.8700826587646878e-05,65536,50413,NUTS_SL_01m_2024.shp,SI,2019,November,11
2019-12-01,2020-01-01,-8.246971447078977e-06,0.00015529413940384984,4.6666909087594025e-05,2.1969444041509087e-05,65536,35016,NUTS_SL_01m_2024.shp,SI,2019,December,12
2020-01-01,2020-02-01,1.270208213099977e-05,0.00019506448006723076,4.3943338903210714e-05,1.8532967858372753e-05,65536,58990,NUTS_SL_01m_2024.shp,SI,2020,January,1
2020-02-01,2020-03-01,-2.2271649413596606e-06,8.206882193917409e-05,3.6945534565682e-05,1.6618935475815557e-05,65536,58026,NUTS_SL_01m_2024.shp,SI,2020,February,2
2020-03-01,2020-04-01,8.688776915732888e-07,6.277143256738782e-05,2.4610455453243415e-05,9.34843309081385e-06,65536,51161,NUTS_SL_01m_2024.shp,SI,2020,March,3
2020-04-01,2020-05-01,1.0949912393698469e-05,6.367424066411331e-05,2.915656511797295e-05,8.342215445189918e-06,65536,62728,NUTS_SL_01m_2024.shp,SI,2020,April,4
2020-05-01,2020-06-01,5.106764092488447e-06,5.106764092488447e-06,5.106764092488447e-06,0.0,65536,65497,NUTS_SL_01m_2024.shp,SI,2020,May,5
2020-06-01,2020-07-01,-6.798175604671997e-07,4.819199239136651e-05,2.129052959796408e-05,8.95949447533092e-06,65536,47571,NUTS_SL_01m_2024.shp,SI,2020,June,6
2020-07-01,2020-08-01,-1.6573743550907238e-06,5.499513281392865e-05,2.5011259615909315e-05,1.051053166605278e-05,65536,53265,NUTS_SL_01m_2024.shp,SI,2020,July,7
2020-09-01,2020-10-01,-1.1538714716152754e-05,0.00014052350888960063,3.73144365545227e-05,1.6637444995617933e-05,65536,39196,NUTS_SL_01m_2024.shp,SI,2020,September,9
2020-10-01,2020-11-01,-2.5344081223011017e-05,0.0001072465893230401,2.1024438126435634e-05,1.4406837725055173e-05,65536,32209,NUTS_SL_01m_2024.shp,SI,2020,October,10
2020-11-01,2020-12-01,3.5974333059130004e-06,8.841648377710953e-05,4.158140345212937e-05,1.7795978204834295e-05,65536,46611,NUTS_SL_01m_2024.shp,SI,2020,November,11
2020-12-01,2021-01-01,3.24349821312353e-05,7.929580169729888e-05,5.6231862038267426e-05,1.5451789016163137e-05,65536,65007,NUTS_SL_01m_2024.shp,SI,2020,December,12
2021-02-01,2021-03-01,1.4153541769701405e-06,6.08079026278574e-05,3.064832625806858e-05,1.0968192861460753e-05,65536,41911,NUTS_SL_01m_2024.shp,SI,2021,February,2
2021-03-01,2021-04-01,-1.280989181395853e-05,0.00011279536556685343,2.8831637384819057e-05,1.59151721440673e-05,65536,32142,NUTS_SL_01m_2024.shp,SI,2021,March,3
2021-04-01,2021-05-01,-9.257123565475922e-06,7.391483813989908e-05,1.7508799897455668e-05,1.2576528952574756e-05,65536,59031,NUTS_SL_01m_2024.shp,SI,2021,April,4
2021-05-01,2021-06-01,2.569151547504589e-06,4.857711246586405e-05,2.4428179765442916e-05,1.0330260195612002e-05,65536,59740,NUTS_SL_01m_2024.shp,SI,2021,May,5
2021-06-01,2021-07-01,-1.9976623661932535e-05,6.27098124823533e-05,1.7998383746188102e-05,1.219229526066977e-05,65536,40949,NUTS_SL_01m_2024.shp,SI,2021,June,6
2021-07-01,2021-08-01,-1.2337917723925784e-05,5.844624320161529e-05,2.252856947233634e-05,1.17421835676416e-05,65536,42427,NUTS_SL_01m_2024.shp,SI,2021,July,7
2021-08-01,2021-09-01,-8.432669346802868e-06,9.438611596124247e-05,2.763233963801892e-05,1.3419156544339584e-05,65536,47117,NUTS_SL_01m_2024.shp,SI,2021,August,8
2021-09-01,2021-10-01,-9.047763342096005e-06,3.703905167640187e-05,2.018759979122055e-05,8.653841000190568e-06,65536,57353,NUTS_SL_01m_2024.shp,SI,2021,September,9
2021-10-01,2021-11-01,6.9484040068346076e-06,7.501980871893466e-05,3.447227610354137e-05,1.3249335452023768e-05,65536,61927,NUTS_SL_01m_2024.shp,SI,2021,October,10
2021-11-01,2021-12-01,1.4796049754295382e-06,0.00014888662553858012,4.1989815381792054e-05,3.097526890408809e-05,65536,60882,NUTS_SL_01m_2024.shp,SI,2021,November,11
2021-12-01,2022-01-01,-2.2002637706464157e-05,0.0001942707458510995,4.580417192145607e-05,2.2349177457274592e-05,65536,33828,NUTS_SL_01m_2024.shp,SI,2021,December,12
2022-01-01,2022-02-01,2.3468828658224083e-05,5.9717123804148287e-05,4.3527289158213445e-05,1.492769543792863e-05,65536,65327,NUTS_SL_01m_2024.shp,SI,2022,January,1
2022-02-01,2022-03-01,5.229823727859184e-06,0.0001160697138402611,4.714276709586367e-05,1.9706862931527752e-05,65536,48095,NUTS_SL_01m_2024.shp,SI,2022,February,2
2022-04-01,2022-05-01,-9.41641610552324e-06,5.126400719746016e-05,2.0754766112559603e-05,9.924669821228583e-06,65536,36095,NUTS_SL_01m_2024.shp,SI,2022,April,4
2022-05-01,2022-06-01,-1.05642111520865e-05,7.248984911711887e-05,2.2032674433655487e-05,1.1603864918973952e-05,65536,51193,NUTS_SL_01m_2024.shp,SI,2022,May,5
2022-06-01,2022-07-01,5.068795303486695e-07,5.574895840254612e-05,2.2238572343730392e-05,9.23583868037629e-06,65536,48380,NUTS_SL_01m_2024.shp,SI,2022,June,6
2022-07-01,2022-08-01,2.9260954761411995e-06,5.520452032214962e-05,2.429431408624003e-05,9.808567067682443e-06,65536,56291,NUTS_SL_01m_2024.shp,SI,2022,July,7
2022-08-01,2022-09-01,1.0879058208956849e-05,5.925346340518445e-05,3.648533536728721e-05,1.0583990208421046e-05,65536,61214,NUTS_SL_01m_2024.shp,SI,2022,August,8
2022-09-01,2022-10-01,-7.468253443221329e-06,5.454173151520081e-05,2.2082699102517304e-05,1.1508852955676862e-05,65536,61015,NUTS_SL_01m_2024.shp,SI,2022,September,9
2022-10-01,2022-11-01,-4.837062874685216e-07,0.0001270412321900949,3.584061806085896e-05,1.5414279349418867e-05,65536,35326,NUTS_SL_01m_2024.shp,SI,2022,October,10
2022-12-01,2023-01-01,-4.1328308725496754e-05,8.094216900644824e-05,2.0057866425878222e-05,2.0507954551530594e-05,65536,44603,NUTS_SL_01m_2024.shp,SI,2022,December,12
2023-01-01,2023-02-01,-4.844838713324862e-06,0.000180135975824669,4.2411463492442896e-05,2.4229322841037965e-05,65536,48554,NUTS_SL_01m_2024.shp,SI,2023,January,1
2023-02-01,2023-03-01,-1.9387678548810072e-05,5.17407497682143e-05,1.9928799107363773e-05,1.4271793809474512e-05,65536,62383,NUTS_SL_01m_2024.shp,SI,2023,February,2
2023-03-01,2023-04-01,1.4784897757635918e-05,2.5283916329499334e-05,1.9767887408211695e-05,3.3085190222910815e-06,65536,65019,NUTS_SL_01m_2024.shp,SI,2023,March,3
2023-04-01,2023-05-01,3.095762224347709e-07,3.739239036804065e-05,1.7046986114527392e-05,7.829649905665357e-06,65536,59731,NUTS_SL_01m_2024.shp,SI,2023,April,4
2023-05-01,2023-06-01,2.5617540813982487e-05,3.528332308633253e-05,2.9999477722812567e-05,3.1001704154792105e-06,65536,64751,NUTS_SL_01m_2024.shp,SI,2023,May,5
2023-06-01,2023-07-01,4.7433563850063365e-06,0.00010031888814410195,3.6847930657265995e-05,1.0742748866122926e-05,65536,35287,NUTS_SL_01m_2024.shp,SI,2023,June,6
2023-07-01,2023-08-01,-1.4002067473484203e-05,5.1214563427492976e-05,1.5150450143031054e-05,1.089450649623392e-05,65536,51377,NUTS_SL_01m_2024.shp,SI,2023,July,7
2023-08-01,2023-09-01,-1.1858594007208012e-05,4.539616929832846e-05,1.1164985981432923e-05,8.719741356184594e-06,65536,50226,NUTS_SL_01m_2024.shp,SI,2023,August,8
2023-09-01,2023-10-01,-4.280069788364926e-06,5.462398621602915e-05,2.30482690393382e-05,1.094120400806931e-05,65536,55486,NUTS_SL_01m_2024.shp,SI,2023,September,9
2023-10-01,2023-11-01,-2.1819003450218588e-05,7.138415821827948e-05,2.6765086696609292e-05,1.5810563806537413e-05,65536,58726,NUTS_SL_01m_2024.shp,SI,2023,October,10
2023-12-01,2024-01-01,-2.861012262656004e-06,5.925823643337935e-05,2.3820242388917798e-05,1.4159521948176023e-05,65536,62588,NUTS_SL_01m_2024.shp,SI,2023,December,12
2024-01-01,2024-02-01,1.1666357750073075e-05,0.00014531463966704905,6.810808846523934e-05,2.3331863044689816e-05,65536,52159,NUTS_SL_01m_2024.shp,SI,2024,January,1
2024-02-01,2024-03-01,1.5400581105495803e-05,9.032418165588751e-05,4.65558703763453e-05,2.2566966516279524e-05,65536,64697,NUTS_SL_01m_2024.shp,SI,2024,February,2
2024-03-01,2024-04-01,5.390612386690918e-06,3.510378155624494e-05,2.0281180341107968e-05,7.309591395486324e-06,65536,64682,NUTS_SL_01m_2024.shp,SI,2024,March,3
2024-04-01,2024-05-01,-1.0329023098165635e-05,6.847999611636624e-05,2.976103912768152e-05,1.070223526900427e-05,65536,32404,NUTS_SL_01m_2024.shp,SI,2024,April,4
2024-05-01,2024-06-01,-5.349205821403302e-06,6.714335904689506e-05,2.6599188263409657e-05,1.0967709900599068e-05,65536,61410,NUTS_SL_01m_2024.shp,SI,2024,May,5
2024-06-01,2024-07-01,-9.471219527767971e-06,3.4318920370424166e-05,1.409514887253879e-05,8.337929731652799e-06,65536,46319,NUTS_SL_01m_2024.shp,SI,2024,June,6
2024-07-01,2024-08-01,-6.110182312113466e-06,3.898073919117451e-05,1.8489700409533227e-05,6.586697284643916e-06,65536,31734,NUTS_SL_01m_2024.shp,SI,2024,July,7
2024-08-01,2024-09-01,-6.964451131352689e-06,5.339652125257999e-05,2.464193369858924e-05,9.115233608345846e-06,65536,35431,NUTS_SL_01m_2024.shp,SI,2024,August,8
2024-09-01,2024-10-01,-1.7086704247049056e-05,8.750812412472442e-05,2.0890859154287768e-05,1.17462801897854e-05,65536,33745,NUTS_SL_01m_2024.shp,SI,2024,September,9
2024-10-01,2024-11-01,-4.488912964006886e-06,9.393133950652555e-05,3.724411726581605e-05,1.636243579160547e-05,65536,36559,NUTS_SL_01m_2024.shp,SI,2024,October,10
2024-11-01,2024-12-01,1.3091588698443957e-05,9.120635513681918e-05,5.070146199218931e-05,1.5478923938775633e-05,65536,35654,NUTS_SL_01m_2024.shp,SI,2024,November,11
2024-12-01,2025-01-01,3.9094688872864936e-06,0.00017608933558221906,5.2397179704413324e-05,2.6853600849132647e-05,65536,36464,NUTS_SL_01m_2024.shp,SI,2024,December,12
2018-04-01,2018-05-01,1.2166790838818997e-05,3.524143903632648e-05,2.302982091555708e-05,7.2299153178317554e-06,65536,64347,NUTS_SL_01m_2024.shp,SI0,2018,April,4
2018-05-01,2018-06-01,7.084099138410238e-07,5.896808215766214e-05,2.2156967459971902e-05,8.888418447060522e-06,65536,48694,NUTS_SL_01m_2024.shp,SI0,2018,May,5
2018-06-01,2018-07-01,-7.313522587537591e-07,5.544632949749939e-05,2.5957360037549286e-05,9.387778101028264e-06,65536,51692,NUTS_SL_01m_2024.shp,SI0,2018,June,6
2018-07-01,2018-08-01,3.82196640202892e-06,5.518964462680742e-05,2.8039988150333352e-05,6.670872296067839e-06,65536,36664,NUTS_SL_01m_2024.shp,SI0,2018,July,7
2018-09-01,2018-10-01,-1.4307333913166076e-05,4.990354136680253e-05,1.997463729675409e-05,1.0329655740435917e-05,65536,31777,NUTS_SL_01m_2024.shp,SI0,2018,September,9
2018-10-01,2018-11-01,-3.964540610468248e-06,7.960617949720472e-05,2.860526009480371e-05,1.2249070124951895e-05,65536,43523,NUTS_SL_01m_2024.shp,SI0,2018,October,10
2018-12-01,2019-01-01,-1.8156852092943154e-05,0.00010284154996043071,4.3887768222782306e-05,2.382502246193797e-05,65536,49207,NUTS_SL_01m_2024.shp,SI0,2018,December,12
2019-01-01,2019-02-01,9.577950550010428e-06,8.960538252722472e-05,2.9324711411691867e-05,1.4485426691178973e-05,65536,63607,NUTS_SL_01m_2024.shp,SI0,2019,January,1
2019-02-01,2019-03-01,1.6714784578653052e-05,7.180608372436836e-05,4.433259351799285e-05,1.3148804062498575e-05,65536,63712,NUTS_SL_01m_2024.shp,SI0,2019,February,2
2019-03-01,2019-04-01,-1.1570649803616107e-05,0.00012869392230641097,2.7102147535607313e-05,1.4868266879806719e-05,65536,31739,NUTS_SL_01m_2024.shp,SI0,2019,March,3
2019-04-01,2019-05-01,2.4912682420108467e-05,2.4912682420108467e-05,2.4912682420108467e-05,0.0,65536,65474,NUTS_SL_01m_2024.shp,SI0,2019,April,4
2019-05-01,2019-06-01,1.9132776287733577e-05,4.9327456508763134e-05,3.3812575829164307e-05,6.55727539535229e-06,65536,63745,NUTS_SL_01m_2024.shp,SI0,2019,May,5
2019-06-01,2019-07-01,-1.4301393775895122e-06,6.853285594843328e-05,2.303337928007266e-05,8.530910570490977e-06,65536,31731,NUTS_SL_01m_2024.shp,SI0,2019,June,6
2019-07-01,2019-08-01,-1.3431940715236124e-05,5.02732909808401e-05,1.817736004825e-05,1.1059115942100212e-05,65536,50709,NUTS_SL_01m_2024.shp,SI0,2019,July,7
2019-08-01,2019-09-01,-3.571226443455089e-06,6.277732609305531e-05,2.5560335539540874e-05,8.098720051540228e-06,65536,38649,NUTS_SL_01m_2024.shp,SI0,2019,August,8
2019-09-01,2019-10-01,-1.527223162156588e-06,6.919854786247015e-05,3.470128516891765e-05,1.170315463809029e-05,65536,47427,NUTS_SL_01m_2024.shp,SI0,2019,September,9
2019-10-01,2019-11-01,3.7809227251273114e-06,4.990083471057005e-05,2.5233468065848342e-05,1.0525838135762269e-05,65536,62800,NUTS_SL_01m_2024.shp,SI0,2019,October,10
2019-11-01,2019-12-01,2.597868842713069e-06,0.0001229796325787902,5.921350012529598e-05,1.8700826587646878e-05,65536,50413,NUTS_SL_01m_2024.shp,SI0,2019,November,11
2019-12-01,2020-01-01,-8.246971447078977e-06,0.00015529413940384984,4.6666909087594025e-05,2.1969444041509087e-05,65536,35016,NUTS_SL_01m_2024.shp,SI0,2019,December,12
2020-01-01,2020-02-01,1.270208213099977e-05,0.00019506448006723076,4.3943338903210714e-05,1.8532967858372753e-05,65536,58990,NUTS_SL_01m_2024.shp,SI0,2020,January,1
2020-02-01,2020-03-01,-2.2271649413596606e-06,8.206882193917409e-05,3.6945534565682e-05,1.6618935475815557e-05,65536,58026,NUTS_SL_01m_2024.shp,SI0,2020,February,2
2020-03-01,2020-04-01,8.688776915732888e-07,6.277143256738782e-05,2.4610455453243415e-05,9.34843309081385e-06,65536,51161,NUTS_SL_01m_2024.shp,SI0,2020,March,3
2020-04-01,2020-05-01,1.0949912393698469e-05,6.367424066411331e-05,2.915656511797295e-05,8.342215445189918e-06,65536,62728,NUTS_SL_01m_2024.shp,SI0,2020,April,4
2020-05-01,2020-06-01,5.106764092488447e-06,5.106764092488447e-06,5.106764092488447e-06,0.0,65536,65497,NUTS_SL_01m_2024.shp,SI0,2020,May,5
2020-06-01,2020-07-01,-6.798175604671997e-07,4.819199239136651e-05,2.129052959796408e-05,8.95949447533092e-06,65536,47571,NUTS_SL_01m_2024.shp,SI0,2020,June,6
2020-07-01,2020-08-01,-1.6573743550907238e-06,5.499513281392865e-05,2.5011259615909315e-05,1.051053166605278e-05,65536,53265,NUTS_SL_01m_2024.shp,SI0,2020,July,7
2020-09-01,2020-10-01,-1.1538714716152754e-05,0.00014052350888960063,3.73144365545227e-05,1.6637444995617933e-05,65536,39196,NUTS_SL_01m_2024.shp,SI0,2020,September,9
2020-10-01,2020-11-01,-2.5344081223011017e-05,0.0001072465893230401,2.1024438126435634e-05,1.4406837725055173e-05,65536,32209,NUTS_SL_01m_2024.shp,SI0,2020,October,10
2020-11-01,2020-12-01,3.5974333059130004e-06,8.841648377710953e-05,4.158140345212937e-05,1.7795978204834295e-05,65536,46611,NUTS_SL_01m_2024.shp,SI0,2020,November,11
2020-12-01,2021-01-01,3.24349821312353e-05,7.929580169729888e-05,5.6231862038267426e-05,1.5451789016163137e-05,65536,65007,NUTS_SL_01m_2024.shp,SI0,2020,December,12
2021-02-01,2021-03-01,1.4153541769701405e-06,6.08079026278574e-05,3.064832625806858e-05,1.0968192861460753e-05,65536,41911,NUTS_SL_01m_2024.shp,SI0,2021,February,2
2021-03-01,2021-04-01,-1.280989181395853e-05,0.00011279536556685343,2.8831637384819057e-05,1.59151721440673e-05,65536,32142,NUTS_SL_01m_2024.shp,SI0,2021,March,3
2021-04-01,2021-05-01,-9.257123565475922e-06,7.391483813989908e-05,1.7508799897455668e-05,1.2576528952574756e-05,65536,59031,NUTS_SL_01m_2024.shp,SI0,2021,April,4
2021-05-01,2021-06-01,2.569151547504589e-06,4.857711246586405e-05,2.4428179765442916e-05,1.0330260195612002e-05,65536,59740,NUTS_SL_01m_2024.shp,SI0,2021,May,5
2021-06-01,2021-07-01,-1.9976623661932535e-05,6.27098124823533e-05,1.7998383746188102e-05,1.219229526066977e-05,65536,40949,NUTS_SL_01m_2024.shp,SI0,2021,June,6
2021-07-01,2021-08-01,-1.2337917723925784e-05,5.844624320161529e-05,2.252856947233634e-05,1.17421835676416e-05,65536,42427,NUTS_SL_01m_2024.shp,SI0,2021,July,7
2021-08-01,2021-09-01,-8.432669346802868e-06,9.438611596124247e-05,2.763233963801892e-05,1.3419156544339584e-05,65536,47117,NUTS_SL_01m_2024.shp,SI0,2021,August,8
2021-09-01,2021-10-01,-9.047763342096005e-06,3.703905167640187e-05,2.018759979122055e-05,8.653841000190568e-06,65536,57353,NUTS_SL_01m_2024.shp,SI0,2021,September,9
2021-10-01,2021-11-01,6.9484040068346076e-06,7.501980871893466e-05,3.447227610354137e-05,1.3249335452023768e-05,65536,61927,NUTS_SL_01m_2024.shp,SI0,2021,October,10
2021-11-01,2021-12-01,1.4796049754295382e-06,0.00014888662553858012,4.1989815381792054e-05,3.097526890408809e-05,65536,60882,NUTS_SL_01m_2024.shp,SI0,2021,November,11
2021-12-01,2022-01-01,-2.2002637706464157e-05,0.0001942707458510995,4.580417192145607e-05,2.2349177457274592e-05,65536,33828,NUTS_SL_01m_2024.shp,SI0,2021,December,12
2022-01-01,2022-02-01,2.3468828658224083e-05,5.9717123804148287e-05,4.3527289158213445e-05,1.492769543792863e-05,65536,65327,NUTS_SL_01m_2024.shp,SI0,2022,January,1
2022-02-01,2022-03-01,5.229823727859184e-06,0.0001160697138402611,4.714276709586367e-05,1.9706862931527752e-05,65536,48095,NUTS_SL_01m_2024.shp,SI0,2022,February,2
2022-04-01,2022-05-01,-9.41641610552324e-06,5.126400719746016e-05,2.0754766112559603e-05,9.924669821228583e-06,65536,36095,NUTS_SL_01m_2024.shp,SI0,2022,April,4
2022-05-01,2022-06-01,-1.05642111520865e-05,7.248984911711887e-05,2.2032674433655487e-05,1.1603864918973952e-05,65536,51193,NUTS_SL_01m_2024.shp,SI0,2022,May,5
2022-06-01,2022-07-01,5.068795303486695e-07,5.574895840254612e-05,2.2238572343730392e-05,9.23583868037629e-06,65536,48380,NUTS_SL_01m_2024.shp,SI0,2022,June,6
2022-07-01,2022-08-01,2.9260954761411995e-06,5.520452032214962e-05,2.429431408624003e-05,9.808567067682443e-06,65536,56291,NUTS_SL_01m_2024.shp,SI0,2022,July,7
2022-08-01,2022-09-01,1.0879058208956849e-05,5.925346340518445e-05,3.648533536728721e-05,1.0583990208421046e-05,65536,61214,NUTS_SL_01m_2024.shp,SI0,2022,August,8
2022-09-01,2022-10-01,-7.468253443221329e-06,5.454173151520081e-05,2.2082699102517304e-05,1.1508852955676862e-05,65536,61015,NUTS_SL_01m_2024.shp,SI0,2022,September,9
2022-10-01,2022-11-01,-4.837062874685216e-07,0.0001270412321900949,3.584061806085896e-05,1.5414279349418867e-05,65536,35326,NUTS_SL_01m_2024.shp,SI0,2022,October,10
2022-12-01,2023-01-01,-4.1328308725496754e-05,8.094216900644824e-05,2.0057866425878222e-05,2.0507954551530594e-05,65536,44603,NUTS_SL_01m_2024.shp,SI0,2022,December,12
2023-01-01,2023-02-01,-4.844838713324862e-06,0.000180135975824669,4.2411463492442896e-05,2.4229322841037965e-05,65536,48554,NUTS_SL_01m_2024.shp,SI0,2023,January,1
2023-02-01,2023-03-01,-1.9387678548810072e-05,5.17407497682143e-05,1.9928799107363773e-05,1.4271793809474512e-05,65536,62383,NUTS_SL_01m_2024.shp,SI0,2023,February,2
2023-03-01,2023-04-01,1.4784897757635918e-05,2.5283916329499334e-05,1.9767887408211695e-05,3.3085190222910815e-06,65536,65019,NUTS_SL_01m_2024.shp,SI0,2023,March,3
2023-04-01,2023-05-01,3.095762224347709e-07,3.739239036804065e-05,1.7046986114527392e-05,7.829649905665357e-06,65536,59731,NUTS_SL_01m_2024.shp,SI0,2023,April,4
2023-05-01,2023-06-01,2.5617540813982487e-05,3.528332308633253e-05,2.9999477722812567e-05,3.1001704154792105e-06,65536,64751,NUTS_SL_01m_2024.shp,SI0,2023,May,5
2023-06-01,2023-07-01,4.7433563850063365e-06,0.00010031888814410195,3.6847930657265995e-05,1.0742748866122926e-05,65536,35287,NUTS_SL_01m_2024.shp,SI0,2023,June,6
2023-07-01,2023-08-01,-1.4002067473484203e-05,5.1214563427492976e-05,1.5150450143031054e-05,1.089450649623392e-05,65536,51377,NUTS_SL_01m_2024.shp,SI0,2023,July,7
2023-08-01,2023-09-01,-1.1858594007208012e-05,4.539616929832846e-05,1.1164985981432923e-05,8.719741356184594e-06,65536,50226,NUTS_SL_01m_2024.shp,SI0,2023,August,8
2023-09-01,2023-10-01,-4.280069788364926e-06,5.462398621602915e-05,2.30482690393382e-05,1.094120400806931e-05,65536,55486,NUTS_SL_01m_2024.shp,SI0,2023,September,9
2023-10-01,2023-11-01,-2.1819003450218588e-05,7.138415821827948e-05,2.6765086696609292e-05,1.5810563806537413e-05,65536,58726,NUTS_SL_01m_2024.shp,SI0,2023,October,10
2023-12-01,2024-01-01,-2.861012262656004e-06,5.925823643337935e-05,2.3820242388917798e-05,1.4159521948176023e-05,65536,62588,NUTS_SL_01m_2024.shp,SI0,2023,December,12
2024-01-01,2024-02-01,1.1666357750073075e-05,0.00014531463966704905,6.810808846523934e-05,2.3331863044689816e-05,65536,52159,NUTS_SL_01m_2024.shp,SI0,2024,January,1
2024-02-01,2024-03-01,1.5400581105495803e-05,9.032418165588751e-05,4.65558703763453e-05,2.2566966516279524e-05,65536,64697,NUTS_SL_01m_2024.shp,SI0,2024,February,2
2024-03-01,2024-04-01,5.390612386690918e-06,3.510378155624494e-05,2.0281180341107968e-05,7.309591395486324e-06,65536,64682,NUTS_SL_01m_2024.shp,SI0,2024,March,3
2024-04-01,2024-05-01,-1.0329023098165635e-05,6.847999611636624e-05,2.976103912768152e-05,1.070223526900427e-05,65536,32404,NUTS_SL_01m_2024.shp,SI0,2024,April,4
2024-05-01,2024-06-01,-5.349205821403302e-06,6.714335904689506e-05,2.6599188263409657e-05,1.0967709900599068e-05,65536,61410,NUTS_SL_01m_2024.shp,SI0,2024,May,5
2024-06-01,2024-07-01,-9.471219527767971e-06,3.4318920370424166e-05,1.409514887253879e-05,8.337929731652799e-06,65536,46319,NUTS_SL_01m_2024.shp,SI0,2024,June,6
2024-07-01,2024-08-01,-6.110182312113466e-06,3.898073919117451e-05,1.8489700409533227e-05,6.586697284643916e-06,65536,31734,NUTS_SL_01m_2024.shp,SI0,2024,July,7
2024-08-01,2024-09-01,-6.964451131352689e-06,5.339652125257999e-05,2.464193369858924e-05,9.115233608345846e-06,65536,35431,NUTS_SL_01m_2024.shp,SI0,2024,August,8
2024-09-01,2024-10-01,-1.7086704247049056e-05,8.750812412472442e-05,2.0890859154287768e-05,1.17462801897854e-05,65536,33745,NUTS_SL_01m_2024.shp,SI0,2024,September,9
2024-10-01,2024-11-01,-4.488912964006886e-06,9.393133950652555e-05,3.724411726581605e-05,1.636243579160547e-05,65536,36559,NUTS_SL_01m_2024.shp,SI0,2024,October,10
2024-11-01,2024-12-01,1.3091588698443957e-05,9.120635513681918e-05,5.070146199218931e-05,1.5478923938775633e-05,65536,35654,NUTS_SL_01m_2024.shp,SI0,2024,November,11
2024-12-01,2025-01-01,3.9094688872864936e-06,0.00017608933558221906,5.2397179704413324e-05,2.6853600849132647e-05,65536,36464,NUTS_SL_01m_2024.shp,SI0,2024,December,12
2018-04-01,2018-05-01,-9.38757602853002e-06,5.4907901358092204e-05,1.7417243967699087e-05,1.0565871377781132e-05,65536,54798,NUTS_SL_01m_2024.shp,SI03,2018,April,4
2018-05-01,2018-06-01,7.084099138410238e-07,4.3039952288381755e-05,2.1475593634376377e-05,7.834924601633702e-06,65536,50965,NUTS_SL_01m_2024.shp,SI03,2018,May,5
2018-06-01,2018-07-01,6.368284743984987e-07,5.544632949749939e-05,2.677165073995031e-05,9.110391780964513e-06,65536,54991,NUTS_SL_01m_2024.shp,SI03,2018,June,6
2018-07-01,2018-08-01,3.82196640202892e-06,4.662451465264894e-05,2.7627836189302863e-05,5.976218791772936e-06,65536,40972,NUTS_SL_01m_2024.shp,SI03,2018,July,7
2018-09-01,2018-10-01,-1.4307333913166076e-05,4.729440115625039e-05,1.9630784902752853e-05,1.00440993982785e-05,65536,39241,NUTS_SL_01m_2024.shp,SI03,2018,September,9
2018-10-01,2018-11-01,1.8320450863029691e-06,7.960617949720472e-05,2.8944213798823103e-05,1.2042316010763295e-05,65536,44660,NUTS_SL_01m_2024.shp,SI03,2018,October,10
2018-12-01,2019-01-01,-1.0079383173433598e-05,0.00010284154996043071,5.0430580380819653e-05,2.194941054764686e-05,65536,51571,NUTS_SL_01m_2024.shp,SI03,2018,December,12
2019-02-01,2019-03-01,3.459702384134289e-06,9.451867663301528e-05,4.4883320997312136e-05,1.6349296153418492e-05,65536,39184,NUTS_SL_01m_2024.shp,SI03,2019,February,2
2019-03-01,2019-04-01,-1.1570649803616107e-05,9.590238914825022e-05,2.5547957577585528e-05,1.09933074464138e-05,65536,39184,NUTS_SL_01m_2024.shp,SI03,2019,March,3
2019-05-01,2019-06-01,2.6284786144969985e-05,4.21391123381909e-05,3.7063005441984415e-05,4.004723926235369e-06,65536,65198,NUTS_SL_01m_2024.shp,SI03,2019,May,5
2019-06-01,2019-07-01,-1.4301393775895122e-06,4.791999526787549e-05,2.2195462839601748e-05,7.57406992143713e-06,65536,39184,NUTS_SL_01m_2024.shp,SI03,2019,June,6
2019-07-01,2019-08-01,-1.3431940715236124e-05,4.7636123781558126e-05,2.0420362251286745e-05,1.045148778238398e-05,65536,55050,NUTS_SL_01m_2024.shp,SI03,2019,July,7
2019-08-01,2019-09-01,-3.571226443455089e-06,5.5861837608972564e-05,2.568558576070287e-05,7.587903891626435e-06,65536,42724,NUTS_SL_01m_2024.shp,SI03,2019,August,8
2019-09-01,2019-10-01,-1.527223162156588e-06,6.227289122762159e-05,3.3813080650752864e-05,1.1618704204365823e-05,65536,47243,NUTS_SL_01m_2024.shp,SI03,2019,September,9
2019-10-01,2019-11-01,2.1537738575716503e-05,3.750473842956126e-05,2.433512035120083e-05,2.7943443593967597e-06,65536,65460,NUTS_SL_01m_2024.shp,SI03,2019,October,10
2019-11-01,2019-12-01,2.597868842713069e-06,0.0001229796325787902,6.142137029227572e-05,1.8383207638909847e-05,65536,50298,NUTS_SL_01m_2024.shp,SI03,2019,November,11
2019-12-01,2020-01-01,-8.246971447078977e-06,9.991890692617744e-05,4.312846858558706e-05,1.7855903901869787e-05,65536,40774,NUTS_SL_01m_2024.shp,SI03,2019,December,12
2020-01-01,2020-02-01,1.270208213099977e-05,7.163621921790764e-05,3.963697827998582e-05,1.3035349994299943e-05,65536,58564,NUTS_SL_01m_2024.shp,SI03,2020,January,1
2020-02-01,2020-03-01,1.0958993698295671e-05,8.206882193917409e-05,4.225462056440721e-05,1.5613549686887595e-05,65536,63178,NUTS_SL_01m_2024.shp,SI03,2020,February,2
2020-03-01,2020-04-01,2.8028209726471687e-06,5.548033368540928e-05,2.4934361071249087e-05,9.467181436493428e-06,65536,55289,NUTS_SL_01m_2024.shp,SI03,2020,March,3
2020-04-01,2020-05-01,1.3173780644137878e-05,4.477077891351655e-05,2.7333436394849172e-05,6.727411111783005e-06,65536,63525,NUTS_SL_01m_2024.shp,SI03,2020,April,4
2020-05-01,2020-06-01,5.106764092488447e-06,5.106764092488447e-06,5.106764092488447e-06,0.0,65536,65485,NUTS_SL_01m_2024.shp,SI03,2020,May,5
2020-06-01,2020-07-01,-6.515821837638214e-07,4.815127977053635e-05,2.1373468440353127e-05,8.761407604807835e-06,65536,50933,NUTS_SL_01m_2024.shp,SI03,2020,June,6
2020-07-01,2020-08-01,-1.6573743550907238e-06,5.499513281392865e-05,2.696081616870493e-05,1.005122232138703e-05,65536,55289,NUTS_SL_01m_2024.shp,SI03,2020,July,7
2020-09-01,2020-10-01,-4.6249833758338355e-06,9.255653276341036e-05,3.767911461216594e-05,1.5224425679850305e-05,65536,47348,NUTS_SL_01m_2024.shp,SI03,2020,September,9
2020-10-01,2020-11-01,-2.5344081223011017e-05,7.044889207463712e-05,2.141160408249774e-05,1.2869953059604979e-05,65536,39658,NUTS_SL_01m_2024.shp,SI03,2020,October,10
2020-11-01,2020-12-01,7.308425210794667e-06,8.841648377710953e-05,4.827716851160656e-05,1.8051983986068665e-05,65536,51232,NUTS_SL_01m_2024.shp,SI03,2020,November,11
2020-12-01,2021-01-01,2.5183042453136295e-05,7.26585349184461e-05,4.7917053507708906e-05,1.0852897981222854e-05,65536,63498,NUTS_SL_01m_2024.shp,SI03,2020,December,12
2021-02-01,2021-03-01,2.7802611839433666e-06,5.755749953095801e-05,3.1874456428013264e-05,1.0688128900448617e-05,65536,50550,NUTS_SL_01m_2024.shp,SI03,2021,February,2
2021-03-01,2021-04-01,-1.280989181395853e-05,0.00010984435357386246,2.7735613961008818e-05,1.4313841292898576e-05,65536,39333,NUTS_SL_01m_2024.shp,SI03,2021,March,3
2021-04-01,2021-05-01,-6.1761588767694775e-06,7.391483813989908e-05,1.9361966616595112e-05,1.3150038297432404e-05,65536,59552,NUTS_SL_01m_2024.shp,SI03,2021,April,4
2021-05-01,2021-06-01,3.2074506179924356e-06,4.157186413067393e-05,2.118151295554537e-05,9.399616087279784e-06,65536,63952,NUTS_SL_01m_2024.shp,SI03,2021,May,5
2021-06-01,2021-07-01,-1.9976623661932535e-05,6.27098124823533e-05,1.7484001255792312e-05,1.2790763724336893e-05,65536,48032,NUTS_SL_01m_2024.shp,SI03,2021,June,6
2021-07-01,2021-08-01,-1.2337917723925784e-05,5.844624320161529e-05,2.424560721479465e-05,1.2148376447978826e-05,65536,46889,NUTS_SL_01m_2024.shp,SI03,2021,July,7
2021-08-01,2021-09-01,-6.1626528804481495e-06,7.094199099810794e-05,2.7629039081907072e-05,1.1788855229935972e-05,65536,48198,NUTS_SL_01m_2024.shp,SI03,2021,August,8
2021-09-01,2021-10-01,-2.5997934471888584e-07,3.703905167640187e-05,1.643336739478243e-05,9.285813077411187e-06,65536,63282,NUTS_SL_01m_2024.shp,SI03,2021,September,9
2021-10-01,2021-11-01,-8.261777111329138e-06,9.868726192507893e-05,3.7231840916121475e-05,1.4912406171990083e-05,65536,42984,NUTS_SL_01m_2024.shp,SI03,2021,October,10
2021-11-01,2021-12-01,2.610351884868578e-06,0.00012531463289633393,4.739127900826026e-05,2.897782190932612e-05,65536,64603,NUTS_SL_01m_2024.shp,SI03,2021,November,11
2021-12-01,2022-01-01,-2.2002637706464157e-05,9.907136700348929e-05,4.604456462926788e-05,1.9271123429635178e-05,65536,40329,NUTS_SL_01m_2024.shp,SI03,2021,December,12
2022-01-01,2022-02-01,3.1267059966921806e-05,5.9717123804148287e-05,4.590872461955301e-05,1.4218929293393022e-05,65536,65297,NUTS_SL_01m_2024.shp,SI03,2022,January,1
2022-02-01,2022-03-01,7.23179118722328e-06,9.716094064060599e-05,4.178424790402194e-05,1.2197209457638122e-05,65536,57581,NUTS_SL_01m_2024.shp,SI03,2022,February,2
2022-04-01,2022-05-01,-6.622376531595364e-06,5.126400719746016e-05,2.203221985636411e-05,9.666931330809546e-06,65536,42374,NUTS_SL_01m_2024.shp,SI03,2022,April,4
2022-05-01,2022-06-01,-1.05642111520865e-05,5.1917835662607104e-05,2.089507962963274e-05,1.0490667759892702e-05,65536,53756,NUTS_SL_01m_2024.shp,SI03,2022,May,5
2022-06-01,2022-07-01,5.068795303486695e-07,4.7862002247711644e-05,2.2511798720906412e-05,8.7627937924841e-06,65536,52670,NUTS_SL_01m_2024.shp,SI03,2022,June,6
2022-07-01,2022-08-01,2.9260954761411995e-06,5.520452032214962e-05,2.3644281914815876e-05,1.0049769922126155e-05,65536,55315,NUTS_SL_01m_2024.shp,SI03,2022,July,7
2022-08-01,2022-09-01,1.7521088011562824e-05,5.925346340518445e-05,3.909334767359135e-05,9.806045176222127e-06,65536,61218,NUTS_SL_01m_2024.shp,SI03,2022,August,8
2022-09-01,2022-10-01,-7.468253443221329e-06,5.454173151520081e-05,2.205729083525995e-05,1.1539961305323147e-05,65536,59857,NUTS_SL_01m_2024.shp,SI03,2022,September,9
2022-10-01,2022-11-01,-4.837062874685216e-07,9.36025899136439e-05,3.589337731536906e-05,1.4961562191654637e-05,65536,43689,NUTS_SL_01m_2024.shp,SI03,2022,October,10
2022-12-01,2023-01-01,-3.574031143216416e-05,8.094216900644824e-05,1.9240506677554424e-05,2.0657434468846593e-05,65536,44737,NUTS_SL_01m_2024.shp,SI03,2022,December,12
2023-01-01,2023-02-01,2.410142542430549e-06,0.00011059433018090203,4.188819099945799e-05,1.8503000903261084e-05,65536,56492,NUTS_SL_01m_2024.shp,SI03,2023,January,1
2023-02-01,2023-03-01,5.786748261016328e-06,9.65599792834837e-06,8.888291811596602e-06,8.370635789412589e-07,65536,65440,NUTS_SL_01m_2024.shp,SI03,2023,February,2
2023-03-01,2023-04-01,1.4784897757635918e-05,2.478997157595586e-05,1.9407661200507156e-05,4.2343825896620095e-06,65536,65441,NUTS_SL_01m_2024.shp,SI03,2023,March,3
2023-04-01,2023-05-01,3.095762224347709e-07,3.3763921237550676e-05,1.6267219904533793e-05,7.79852439053311e-06,65536,60898,NUTS_SL_01m_2024.shp,SI03,2023,April,4
2023-05-01,2023-06-01,2.5617540813982487e-05,3.528332308633253e-05,2.9972540279382048e-05,3.1018542487004767e-06,65536,64549,NUTS_SL_01m_2024.shp,SI03,2023,May,5
2023-06-01,2023-07-01,4.7433563850063365e-06,6.782505079172552e-05,3.582495957436445e-05,1.0056358355152122e-05,65536,40077,NUTS_SL_01m_2024.shp,SI03,2023,June,6
2023-07-01,2023-08-01,-1.4002067473484203e-05,4.573407204588875e-05,1.4856907014163678e-05,1.070316572014204e-05,65536,53040,NUTS_SL_01m_2024.shp,SI03,2023,July,7
2023-08-01,2023-09-01,-1.1858594007208012e-05,4.539616929832846e-05,1.1565049311371166e-05,8.580584289103888e-06,65536,48351,NUTS_SL_01m_2024.shp,SI03,2023,August,8
2023-09-01,2023-10-01,-4.280069788364926e-06,5.462398621602915e-05,2.377469351670379e-05,1.0717304465452418e-05,65536,62252,NUTS_SL_01m_2024.shp,SI03,2023,September,9
2023-10-01,2023-11-01,-2.1819003450218588e-05,7.138415821827948e-05,2.5910113473212053e-05,1.6032220641657026e-05,65536,58436,NUTS_SL_01m_2024.shp,SI03,2023,October,10
2023-12-01,2024-01-01,-2.861012262656004e-06,5.925823643337935e-05,2.3816873225086305e-05,1.4141744997562853e-05,65536,61841,NUTS_SL_01m_2024.shp,SI03,2023,December,12
2024-01-01,2024-02-01,1.1666357750073075e-05,0.00014531463966704905,6.709145121543928e-05,2.3032424638709828e-05,65536,51281,NUTS_SL_01m_2024.shp,SI03,2024,January,1
2024-02-01,2024-03-01,1.85538792720763e-05,9.032418165588751e-05,5.486527392905916e-05,1.8764427780315486e-05,65536,64725,NUTS_SL_01m_2024.shp,SI03,2024,February,2
2024-03-01,2024-04-01,5.390612386690918e-06,3.510378155624494e-05,2.070488524796102e-05,7.3287819782965976e-06,65536,64547,NUTS_SL_01m_2024.shp,SI03,2024,March,3
2024-04-01,2024-05-01,-5.8479990912019275e-06,6.847999611636624e-05,3.0909280588432526e-05,1.0405341034428791e-05,65536,39186,NUTS_SL_01m_2024.shp,SI03,2024,April,4
2024-05-01,2024-06-01,-5.349205821403302e-06,5.378857895266265e-05,2.6413408639712735e-05,1.0035955663364194e-05,65536,61172,NUTS_SL_01m_2024.shp,SI03,2024,May,5
2024-06-01,2024-07-01,-9.471219527767971e-06,3.4318920370424166e-05,1.4373267462405106e-05,8.543942112825942e-06,65536,46475,NUTS_SL_01m_2024.shp,SI03,2024,June,6
2024-07-01,2024-08-01,-6.110182312113466e-06,3.898073919117451e-05,1.8887728038054973e-05,6.757050499322739e-06,65536,39187,NUTS_SL_01m_2024.shp,SI03,2024,July,7
2024-08-01,2024-09-01,4.015709578197857e-07,5.2519753808155656e-05,2.544645166928263e-05,8.334115443153416e-06,65536,40904,NUTS_SL_01m_2024.shp,SI03,2024,August,8
2024-09-01,2024-10-01,-1.7086704247049056e-05,6.459616270149127e-05,2.1648709840625563e-05,1.1120073111934084e-05,65536,39579,NUTS_SL_01m_2024.shp,SI03,2024,September,9
2024-10-01,2024-11-01,1.5392566865557455e-06,9.393133950652555e-05,3.950916659418318e-05,1.6457565269279926e-05,65536,45249,NUTS_SL_01m_2024.shp,SI03,2024,October,10
2024-11-01,2024-12-01,1.4814889254921582e-05,9.120635513681918e-05,5.5844386654587995e-05,1.5312511239529994e-05,65536,43325,NUTS_SL_01m_2024.shp,SI03,2024,November,11
2024-12-01,2025-01-01,4.194177108729491e-06,0.00017608933558221906,5.684577883777403e-05,2.8069926267946216e-05,65536,44632,NUTS_SL_01m_2024.shp,SI03,2024,December,12
2018-04-01,2018-05-01,2.2094268388173077e-06,4.090001675649546e-05,2.4031570832190735e-05,7.9558500108299e-06,65536,34963,NUTS_SL_01m_2024.shp,SI031,2018,April,4
2018-05-01,2018-06-01,7.3484552558511496e-06,3.052011379622854e-05,2.0656362246191905e-05,4.924344545976264e-06,65536,37437,NUTS_SL_01m_2024.shp,SI031,2018,May,5
2018-06-01,2018-07-01,7.701258255110588e-06,3.984305294579826e-05,2.6544144442819456e-05,6.102836842588094e-06,65536,45049,NUTS_SL_01m_2024.shp,SI031,2018,June,6
2018-07-01,2018-08-01,1.706617695163004e-05,4.517899651546031e-05,2.849642002989502e-05,5.823951113791847e-06,65536,33747,NUTS_SL_01m_2024.shp,SI031,2018,July,7
2018-08-01,2018-09-01,1.3360388038563542e-05,3.985591320088133e-05,2.11420956564309e-05,7.014854833300951e-06,65536,47165,NUTS_SL_01m_2024.shp,SI031,2018,August,8
2018-09-01,2018-10-01,3.891113465215312e-06,3.800119156949222e-05,2.263811268036046e-05,8.374903005037022e-06,65536,33802,NUTS_SL_01m_2024.shp,SI031,2018,September,9
2018-10-01,2018-11-01,3.887539151037345e-06,7.541592640336603e-05,3.282821534728331e-05,1.2914271511057527e-05,65536,33747,NUTS_SL_01m_2024.shp,SI031,2018,October,10
2018-12-01,2019-01-01,-9.26208304008469e-06,7.228036702144891e-05,3.623441480926722e-05,1.676863246680969e-05,65536,48420,NUTS_SL_01m_2024.shp,SI031,2018,December,12
2019-02-01,2019-03-01,3.996506711700931e-05,8.466170402243733e-05,6.024359439805571e-05,1.0224850630177848e-05,65536,33747,NUTS_SL_01m_2024.shp,SI031,2019,February,2
2019-03-01,2019-04-01,2.1387459128163755e-06,5.221082756179385e-05,3.065557960413615e-05,8.646896137654026e-06,65536,33747,NUTS_SL_01m_2024.shp,SI031,2019,March,3
2019-05-01,2019-06-01,3.6322704545455053e-05,4.138734220759943e-05,4.050774334488693e-05,1.9186337243955132e-06,65536,64989,NUTS_SL_01m_2024.shp,SI031,2019,May,5
2019-06-01,2019-07-01,6.095418484619586e-06,3.7025107303634286e-05,2.3476061217914767e-05,6.739180129141634e-06,65536,33747,NUTS_SL_01m_2024.shp,SI031,2019,June,6
2019-07-01,2019-08-01,9.97890492726583e-06,4.6671131713083014e-05,2.454529503275635e-05,6.434044108234509e-06,65536,35060,NUTS_SL_01m_2024.shp,SI031,2019,July,7
2019-08-01,2019-09-01,1.201473151013488e-05,4.974145122105256e-05,2.4106790069162206e-05,5.058900179914263e-06,65536,33747,NUTS_SL_01m_2024.shp,SI031,2019,August,8
2019-09-01,2019-10-01,1.347759462078102e-05,6.227289122762159e-05,3.807315068792423e-05,1.325330123824181e-05,65536,36236,NUTS_SL_01m_2024.shp,SI031,2019,September,9
2019-11-01,2019-12-01,1.582889490236994e-05,8.848706056596711e-05,5.7644281278204076e-05,1.1255928860338351e-05,65536,34211,NUTS_SL_01m_2024.shp,SI031,2019,November,11
2019-12-01,2020-01-01,2.264393879158888e-05,8.944768342189491e-05,5.3955953211073944e-05,1.3516640492382556e-05,65536,33747,NUTS_SL_01m_2024.shp,SI031,2019,December,12
2020-02-01,2020-03-01,1.9056533346883953e-05,6.669623689958826e-05,4.3276077841209414e-05,1.058151590310751e-05,65536,55548,NUTS_SL_01m_2024.shp,SI031,2020,February,2
2020-03-01,2020-04-01,1.3191451216698624e-05,4.119370714761317e-05,2.5425813760154254e-05,6.539728689448329e-06,65536,36666,NUTS_SL_01m_2024.shp,SI031,2020,March,3
2020-04-01,2020-05-01,9.97373354039155e-06,4.650171831599437e-05,2.9234753244191398e-05,8.302131988089665e-06,65536,33747,NUTS_SL_01m_2024.shp,SI031,2020,April,4
2020-06-01,2020-07-01,1.4768595065106638e-05,4.344724220572971e-05,2.5863485533835413e-05,8.586440389507908e-06,65536,57336,NUTS_SL_01m_2024.shp,SI031,2020,June,6
2020-07-01,2020-08-01,1.4136508980300277e-05,4.942166560795158e-05,3.227549277045626e-05,6.104870128558658e-06,65536,34952,NUTS_SL_01m_2024.shp,SI031,2020,July,7
2020-09-01,2020-10-01,9.176866115012672e-06,7.318025745917112e-05,4.648518320388991e-05,1.2342443672058417e-05,65536,36999,NUTS_SL_01m_2024.shp,SI031,2020,September,9
2020-10-01,2020-11-01,5.670452907224899e-08,7.044889207463712e-05,2.8565477026726566e-05,1.5523071429785376e-05,65536,36837,NUTS_SL_01m_2024.shp,SI031,2020,October,10
2020-11-01,2020-12-01,3.02140924759442e-05,8.413933392148465e-05,6.018705571186977e-05,8.0823352302672e-06,65536,41890,NUTS_SL_01m_2024.shp,SI031,2020,November,11
2020-12-01,2021-01-01,2.5183042453136295e-05,6.152492278488353e-05,4.8587161847998126e-05,1.1824669337432602e-05,65536,61107,NUTS_SL_01m_2024.shp,SI031,2020,December,12
2021-02-01,2021-03-01,7.589561391796451e-06,5.565409082919359e-05,3.325017637961805e-05,1.04618432854388e-05,65536,33932,NUTS_SL_01m_2024.shp,SI031,2021,February,2
2021-03-01,2021-04-01,1.0534560715314e-05,5.017549483454786e-05,2.939374743275484e-05,8.438076468988949e-06,65536,33747,NUTS_SL_01m_2024.shp,SI031,2021,March,3
2021-04-01,2021-05-01,6.451508852478582e-06,7.391483813989908e-05,2.6249963451015357e-05,9.832607708582924e-06,65536,49893,NUTS_SL_01m_2024.shp,SI031,2021,April,4
2021-06-01,2021-07-01,3.067431180170388e-06,5.35199542355258e-05,2.5176358833259585e-05,1.1148869885795404e-05,65536,41459,NUTS_SL_01m_2024.shp,SI031,2021,June,6
2021-08-01,2021-09-01,-2.694952627280145e-06,5.532190334633924e-05,2.6539506348328075e-05,1.1610215202768514e-05,65536,34885,NUTS_SL_01m_2024.shp,SI031,2021,August,8
2021-09-01,2021-10-01,1.1843853826576378e-06,3.144697620882653e-05,1.3020659044857937e-05,9.214781675740627e-06,65536,60022,NUTS_SL_01m_2024.shp,SI031,2021,September,9
2021-10-01,2021-11-01,1.9777227862505242e-05,7.030425331322476e-05,4.75190797909925e-05,1.168305553572156e-05,65536,43247,NUTS_SL_01m_2024.shp,SI031,2021,October,10
2021-12-01,2022-01-01,2.860670065274462e-06,8.49406496854499e-05,4.6089624573631656e-05,1.8972549758995723e-05,65536,33747,NUTS_SL_01m_2024.shp,SI031,2021,December,12
2022-02-01,2022-03-01,2.895274337788578e-05,6.472450331784785e-05,4.055559841635492e-05,4.963358387861858e-06,65536,61562,NUTS_SL_01m_2024.shp,SI031,2022,February,2
2022-04-01,2022-05-01,8.539433338228264e-07,4.5398439397104084e-05,2.350218342620313e-05,9.265787782880838e-06,65536,38629,NUTS_SL_01m_2024.shp,SI031,2022,April,4
2022-05-01,2022-06-01,1.5513705875491723e-06,4.334914046921767e-05,2.3117373771270166e-05,6.828769354613376e-06,65536,48331,NUTS_SL_01m_2024.shp,SI031,2022,May,5
2022-06-01,2022-07-01,1.3803432921122294e-05,3.842017031274736e-05,2.4678930619312114e-05,4.6478560806017465e-06,65536,33747,NUTS_SL_01m_2024.shp,SI031,2022,June,6
2022-07-01,2022-08-01,1.171129315480357e-05,4.461507705855183e-05,2.3808289992858733e-05,7.505656128602803e-06,65536,34663,NUTS_SL_01m_2024.shp,SI031,2022,July,7
2022-08-01,2022-09-01,1.7521088011562824e-05,5.925346340518445e-05,4.002599806054275e-05,9.235852570080881e-06,65536,34636,NUTS_SL_01m_2024.shp,SI031,2022,August,8
2022-09-01,2022-10-01,-2.542332367738709e-06,4.350128074293025e-05,2.1935147556858048e-05,1.0988759458756046e-05,65536,56388,NUTS_SL_01m_2024.shp,SI031,2022,September,9
2022-10-01,2022-11-01,1.872436587291304e-05,4.006426388514228e-05,2.3223892441841653e-05,3.639117839174374e-06,65536,64123,NUTS_SL_01m_2024.shp,SI031,2022,October,10
2022-12-01,2023-01-01,-3.525257488945499e-05,7.393262785626575e-05,2.3128784870195945e-05,2.2290556814895483e-05,65536,41575,NUTS_SL_01m_2024.shp,SI031,2022,December,12
2023-01-01,2023-02-01,1.2571031220431905e-05,0.00011059433018090203,6.312135571939664e-05,1.897904589537319e-05,65536,47923,NUTS_SL_01m_2024.shp,SI031,2023,January,1
2023-03-01,2023-04-01,1.4784897757635918e-05,2.478997157595586e-05,1.718737993833834e-05,4.273767768203288e-06,65536,64903,NUTS_SL_01m_2024.shp,SI031,2023,March,3
2023-04-01,2023-05-01,5.811713890579995e-06,3.2639185519656166e-05,1.7860000403817193e-05,6.994005294122295e-06,65536,60014,NUTS_SL_01m_2024.shp,SI031,2023,April,4
2023-05-01,2023-06-01,2.5617540813982487e-05,3.528332308633253e-05,3.0511493401509746e-05,3.155032067249877e-06,65536,57232,NUTS_SL_01m_2024.shp,SI031,2023,May,5
2023-06-01,2023-07-01,1.0540147741266992e-05,6.06462599535007e-05,3.895461165150194e-05,8.343986151659503e-06,65536,33747,NUTS_SL_01m_2024.shp,SI031,2023,June,6
2023-07-01,2023-08-01,1.9236870230088243e-06,3.7299982068361714e-05,1.811811736150663e-05,7.558083229976357e-06,65536,35540,NUTS_SL_01m_2024.shp,SI031,2023,July,7
2023-08-01,2023-09-01,-2.677246811799705e-06,4.1658608097350225e-05,1.6387265954642133e-05,8.603144044396986e-06,65536,33747,NUTS_SL_01m_2024.shp,SI031,2023,August,8
2023-12-01,2024-01-01,-2.861012262656004e-06,4.904811066808179e-05,2.143624052375913e-05,1.1194221081026338e-05,65536,41667,NUTS_SL_01m_2024.shp,SI031,2023,December,12
2024-01-01,2024-02-01,3.902706885128282e-05,0.00010881607158808038,6.878634986882388e-05,1.7364122332116898e-05,65536,33747,NUTS_SL_01m_2024.shp,SI031,2024,January,1
2024-02-01,2024-03-01,1.85538792720763e-05,6.781310366932303e-05,4.7562921552578575e-05,1.6902077772305663e-05,65536,60490,NUTS_SL_01m_2024.shp,SI031,2024,February,2
2024-03-01,2024-04-01,5.390612386690918e-06,3.510378155624494e-05,2.161964125494636e-05,7.279036768324489e-06,65536,58881,NUTS_SL_01m_2024.shp,SI031,2024,March,3
2024-04-01,2024-05-01,1.2116005564166699e-05,5.1339055062271655e-05,3.2873757823548247e-05,9.302097324368493e-06,65536,33747,NUTS_SL_01m_2024.shp,SI031,2024,April,4
2024-06-01,2024-07-01,1.030121165968012e-05,3.34728101734072e-05,2.0918592007559584e-05,5.7939376430544515e-06,65536,33747,NUTS_SL_01m_2024.shp,SI031,2024,June,6
2024-07-01,2024-08-01,1.3329155081009958e-05,3.56276796082966e-05,2.4786176959438774e-05,5.146643042302269e-06,65536,33747,NUTS_SL_01m_2024.shp,SI031,2024,July,7
2024-08-01,2024-09-01,6.611221579078119e-06,4.397554221213795e-05,2.8068869884595863e-05,8.790341177646418e-06,65536,39690,NUTS_SL_01m_2024.shp,SI031,2024,August,8
2024-09-01,2024-10-01,2.596133754195762e-06,5.482723645400256e-05,2.8427067288908113e-05,9.222348524502341e-06,65536,34409,NUTS_SL_01m_2024.shp,SI031,2024,September,9
2024-10-01,2024-11-01,5.4405536502599716e-05,5.4553856898564845e-05,5.454180060928979e-05,4.053195638088125e-08,65536,65007,NUTS_SL_01m_2024.shp,SI031,2024,October,10
2024-11-01,2024-12-01,4.794992855750024e-05,8.887067815521732e-05,7.201347752761972e-05,8.965656337086256e-06,65536,33747,NUTS_SL_01m_2024.shp,SI031,2024,November,11
2024-12-01,2025-01-01,0.00010438731987960637,0.0001446167443646118,0.00012558457581720973,1.4429615004972504e-05,65536,64061,NUTS_SL_01m_2024.shp,SI031,2024,December,12
2018-04-01,2018-05-01,2.2094268388173077e-06,4.08634623454418e-05,1.8920548188349815e-05,8.543881434706735e-06,65536,48976,NUTS_SL_01m_2024.shp,SI032,2018,April,4
2018-05-01,2018-06-01,7.084099138410238e-07,4.022744906251319e-05,2.208243609989144e-05,6.779889834828853e-06,65536,37515,NUTS_SL_01m_2024.shp,SI032,2018,May,5
2018-06-01,2018-07-01,4.701230864156969e-06,4.692807488027029e-05,2.616358824569651e-05,8.262730639797472e-06,65536,57320,NUTS_SL_01m_2024.shp,SI032,2018,June,6
2018-07-01,2018-08-01,1.706617695163004e-05,4.0744685975369066e-05,2.9380987051806846e-05,4.5160958158708935e-06,65536,27923,NUTS_SL_01m_2024.shp,SI032,2018,July,7
2018-09-01,2018-10-01,-4.942510713590309e-06,4.611265103449114e-05,2.031713983137028e-05,9.881460875569092e-06,65536,28370,NUTS_SL_01m_2024.shp,SI032,2018,September,9
2018-10-01,2018-11-01,3.887539151037345e-06,7.960617949720472e-05,3.122464802115688e-05,1.2317595224088623e-05,65536,27923,NUTS_SL_01m_2024.shp,SI032,2018,October,10
2018-12-01,2019-01-01,1.9169590814271942e-05,9.647988918004557e-05,5.182747603617347e-05,1.830626796149713e-05,65536,37724,NUTS_SL_01m_2024.shp,SI032,2018,December,12
2019-02-01,2019-03-01,1.5969228115864098e-05,9.451867663301528e-05,5.2349393728664075e-05,1.4120169187625107e-05,65536,27923,NUTS_SL_01m_2024.shp,SI032,2019,February,2
2019-03-01,2019-04-01,-9.040639383783855e-07,5.490748299052939e-05,2.9587979311719097e-05,9.573921106126642e-06,65536,27923,NUTS_SL_01m_2024.shp,SI032,2019,March,3
2019-05-01,2019-06-01,3.334875873406418e-05,3.334875873406418e-05,3.334875873406418e-05,0.0,65536,64210,NUTS_SL_01m_2024.shp,SI032,2019,May,5
2019-06-01,2019-07-01,4.035086476505967e-06,4.025476300739683e-05,2.399883370085184e-05,7.179694701196114e-06,65536,27923,NUTS_SL_01m_2024.shp,SI032,2019,June,6
2019-07-01,2019-08-01,-2.840904016920831e-06,4.7636123781558126e-05,2.4514086385871258e-05,1.0044539846547467e-05,65536,42194,NUTS_SL_01m_2024.shp,SI032,2019,July,7
2019-08-01,2019-09-01,5.417682586994488e-06,4.594827987602912e-05,2.761980055416842e-05,7.337281402515915e-06,65536,29399,NUTS_SL_01m_2024.shp,SI032,2019,August,8
2019-09-01,2019-10-01,1.347759462078102e-05,5.916754889767617e-05,3.523961167951369e-05,8.694723389780379e-06,65536,27923,NUTS_SL_01m_2024.shp,SI032,2019,September,9
2019-11-01,2019-12-01,1.1253570846747607e-05,0.00011570886272238567,6.532099629682285e-05,1.4311389885825613e-05,65536,28091,NUTS_SL_01m_2024.shp,SI032,2019,November,11
2019-12-01,2020-01-01,1.0678401849872898e-05,8.944768342189491e-05,4.3038547113312666e-05,1.5239409780260059e-05,65536,27923,NUTS_SL_01m_2024.shp,SI032,2019,December,12
2020-02-01,2020-03-01,1.9056533346883953e-05,6.430506618926302e-05,3.9675205181517896e-05,1.5263093919463623e-05,65536,61800,NUTS_SL_01m_2024.shp,SI032,2020,February,2
2020-03-01,2020-04-01,2.8028209726471687e-06,4.032424112665467e-05,2.419845624445311e-05,7.297854821113068e-06,65536,47425,NUTS_SL_01m_2024.shp,SI032,2020,March,3
2020-04-01,2020-05-01,3.9378113569910056e-07,7.277428085217252e-05,3.1606430843470637e-05,1.2711379943232255e-05,65536,38807,NUTS_SL_01m_2024.shp,SI032,2020,April,4
2020-06-01,2020-07-01,2.9172847462177742e-06,4.815127977053635e-05,2.1753934340302136e-05,9.367009424569644e-06,65536,49622,NUTS_SL_01m_2024.shp,SI032,2020,June,6
2020-07-01,2020-08-01,1.4439659935305826e-05,4.660832564695738e-05,3.0624956481050386e-05,7.843919618387465e-06,65536,51477,NUTS_SL_01m_2024.shp,SI032,2020,July,7
2020-09-01,2020-10-01,9.176866115012672e-06,9.197955660056323e-05,4.713256827430161e-05,1.6328087872939845e-05,65536,57194,NUTS_SL_01m_2024.shp,SI032,2020,September,9
2020-10-01,2020-11-01,2.058656036751927e-07,5.410128505900502e-05,2.2314737351318668e-05,1.1073187834955293e-05,65536,28295,NUTS_SL_01m_2024.shp,SI032,2020,October,10
2020-11-01,2020-12-01,4.0467748476658016e-05,8.841648377710953e-05,6.45149475498109e-05,1.2024695691860004e-05,65536,32974,NUTS_SL_01m_2024.shp,SI032,2020,November,11
2020-12-01,2021-01-01,2.5183042453136295e-05,6.464421312557533e-05,4.7138519551460666e-05,8.705232633846893e-06,65536,56709,NUTS_SL_01m_2024.shp,SI032,2020,December,12
2021-02-01,2021-03-01,3.6258945328881964e-05,4.256562897353433e-05,3.912561971281486e-05,3.1402844502045423e-06,65536,65525,NUTS_SL_01m_2024.shp,SI032,2021,February,2
2021-03-01,2021-04-01,1.8829967984856921e-06,7.189649477368221e-05,3.5056406273435654e-05,1.4126159265588693e-05,65536,27923,NUTS_SL_01m_2024.shp,SI032,2021,March,3
2021-04-01,2021-05-01,-6.1761588767694775e-06,7.391483813989908e-05,2.747694092869674e-05,1.5458022888283652e-05,65536,54346,NUTS_SL_01m_2024.shp,SI032,2021,April,4
2021-06-01,2021-07-01,-6.27592635282781e-06,6.27098124823533e-05,2.220194670094867e-05,1.3252570388042738e-05,65536,42120,NUTS_SL_01m_2024.shp,SI032,2021,June,6
2021-07-01,2021-08-01,6.663820840913104e-06,5.844624320161529e-05,3.455769644832457e-05,1.1149008501902788e-05,65536,48630,NUTS_SL_01m_2024.shp,SI032,2021,July,7
2021-08-01,2021-09-01,3.817815013462678e-06,7.094199099810794e-05,2.9924379330171776e-05,1.0747425040174959e-05,65536,35649,NUTS_SL_01m_2024.shp,SI032,2021,August,8
2021-09-01,2021-10-01,1.5467430785065517e-05,3.703905167640187e-05,2.0810301598285746e-05,5.918366497301816e-06,65536,63214,NUTS_SL_01m_2024.shp,SI032,2021,September,9
2021-10-01,2021-11-01,2.2153204554342665e-05,9.868726192507893e-05,4.493176800603203e-05,1.500660019973697e-05,65536,34539,NUTS_SL_01m_2024.shp,SI032,2021,October,10
2021-12-01,2022-01-01,1.0384508641436696e-05,8.229330705944449e-05,4.928931709866358e-05,1.4786463590575759e-05,65536,30871,NUTS_SL_01m_2024.shp,SI032,2021,December,12
2022-01-01,2022-02-01,3.1267059966921806e-05,5.9717123804148287e-05,4.616598629156628e-05,1.4209060469119145e-05,65536,63594,NUTS_SL_01m_2024.shp,SI032,2022,January,1
2022-02-01,2022-03-01,2.198858783231117e-05,6.472450331784785e-05,3.8253018600600445e-05,7.4127220868397705e-06,65536,46588,NUTS_SL_01m_2024.shp,SI032,2022,February,2
2022-04-01,2022-05-01,-2.2878500658407575e-06,4.8286554374499246e-05,2.408250109382314e-05,8.328431489070711e-06,65536,29110,NUTS_SL_01m_2024.shp,SI032,2022,April,4
2022-05-01,2022-06-01,4.041025931655895e-06,4.627328598871827e-05,2.4453449629011355e-05,9.221845394009337e-06,65536,41960,NUTS_SL_01m_2024.shp,SI032,2022,May,5
2022-06-01,2022-07-01,9.789754585654009e-06,4.7862002247711644e-05,2.4086862270996354e-05,6.642189992536013e-06,65536,39749,NUTS_SL_01m_2024.shp,SI032,2022,June,6
2022-07-01,2022-08-01,7.66105586080812e-06,4.966461347066797e-05,2.7331303829419434e-05,9.645112719808478e-06,65536,45474,NUTS_SL_01m_2024.shp,SI032,2022,July,7
2022-08-01,2022-09-01,2.1785539502161555e-05,5.925346340518445e-05,3.751614064613172e-05,1.0689854073977e-05,65536,53433,NUTS_SL_01m_2024.shp,SI032,2022,August,8
2022-09-01,2022-10-01,-9.109014172281604e-06,4.576209175866097e-05,2.2401804707655286e-05,1.0124077149362782e-05,65536,46923,NUTS_SL_01m_2024.shp,SI032,2022,September,9
2022-10-01,2022-11-01,1.9216244254494086e-05,9.36025899136439e-05,4.969105418172503e-05,1.7438603851865352e-05,65536,42040,NUTS_SL_01m_2024.shp,SI032,2022,October,10
2022-12-01,2023-01-01,-3.050587656616699e-05,8.094216900644824e-05,1.581292475325701e-05,1.897525622496799e-05,65536,32352,NUTS_SL_01m_2024.shp,SI032,2022,December,12
2023-01-01,2023-02-01,2.2713978978572413e-05,7.361991447396576e-05,4.2457384176052546e-05,1.624931778132911e-05,65536,60075,NUTS_SL_01m_2024.shp,SI032,2023,January,1
2023-04-01,2023-05-01,5.4819934121042024e-06,2.8713891879306175e-05,1.499308871052263e-05,7.586319723183638e-06,65536,56473,NUTS_SL_01m_2024.shp,SI032,2023,April,4
2023-05-01,2023-06-01,2.6838049961952493e-05,3.0050645364099182e-05,2.7858290214803313e-05,1.49556978167399e-06,65536,63738,NUTS_SL_01m_2024.shp,SI032,2023,May,5
2023-06-01,2023-07-01,1.3956834663986228e-05,5.5791322665754706e-05,3.601070015911739e-05,8.791687568126465e-06,65536,27923,NUTS_SL_01m_2024.shp,SI032,2023,June,6
2023-07-01,2023-08-01,-4.042979526275303e-06,3.8604946894338354e-05,1.631361154899988e-05,9.559781157333808e-06,65536,37746,NUTS_SL_01m_2024.shp,SI032,2023,July,7
2023-08-01,2023-09-01,-3.0116007110336795e-06,4.539616929832846e-05,1.289788977334789e-05,8.313354643818134e-06,65536,36198,NUTS_SL_01m_2024.shp,SI032,2023,August,8
2023-09-01,2023-10-01,2.8851491151726805e-05,4.0726848965277895e-05,3.48230996522553e-05,5.937581964287727e-06,65536,64486,NUTS_SL_01m_2024.shp,SI032,2023,September,9
2023-10-01,2023-11-01,-7.321925750147784e-06,4.986313797417097e-05,2.107005891620835e-05,1.4398681102048691e-05,65536,59404,NUTS_SL_01m_2024.shp,SI032,2023,October,10
2023-12-01,2024-01-01,-2.3778390811912686e-08,5.925823643337935e-05,2.79307743639094e-05,1.7052277206440435e-05,65536,53977,NUTS_SL_01m_2024.shp,SI032,2023,December,12
2024-01-01,2024-02-01,3.1739062251290306e-05,0.00010909873526543379,7.697959264872714e-05,1.415410004403753e-05,65536,32016,NUTS_SL_01m_2024.shp,SI032,2024,January,1
2024-04-01,2024-05-01,1.2366216651571449e-05,6.11937721259892e-05,3.564838012288505e-05,8.209509569171756e-06,65536,27923,NUTS_SL_01m_2024.shp,SI032,2024,April,4
2024-05-01,2024-06-01,1.9806202544714324e-05,5.378857895266265e-05,4.375116250093586e-05,1.5354437433927113e-05,65536,65004,NUTS_SL_01m_2024.shp,SI032,2024,May,5
2024-06-01,2024-07-01,3.3121261822088854e-06,3.4318920370424166e-05,1.738055031833497e-05,7.304349121081315e-06,65536,31722,NUTS_SL_01m_2024.shp,SI032,2024,June,6
2024-07-01,2024-08-01,5.018916453991551e-06,3.574331276468001e-05,2.2423316425624745e-05,6.569901394603559e-06,65536,27923,NUTS_SL_01m_2024.shp,SI032,2024,July,7
2024-08-01,2024-09-01,1.205141052196268e-05,5.053269342170097e-05,3.169755776696704e-05,7.814744074421111e-06,65536,32566,NUTS_SL_01m_2024.shp,SI032,2024,August,8
2024-09-01,2024-10-01,-3.582610361263505e-06,6.459616270149127e-05,2.7012990426233108e-05,1.1499732308598335e-05,65536,27923,NUTS_SL_01m_2024.shp,SI032,2024,September,9
2024-10-01,2024-11-01,1.788423105608672e-05,8.858249202603474e-05,5.4261082708918966e-05,1.676020671466106e-05,65536,51954,NUTS_SL_01m_2024.shp,SI032,2024,October,10
2024-11-01,2024-12-01,1.549059925309848e-05,9.120635513681918e-05,6.477656275105481e-05,1.370983630846685e-05,65536,32602,NUTS_SL_01m_2024.shp,SI032,2024,November,11
2024-12-01,2025-01-01,1.3805169146507978e-05,0.00017608933558221906,9.135066439188933e-05,3.233030399896839e-05,65536,41939,NUTS_SL_01m_2024.shp,SI032,2024,December,12
2018-04-01,2018-05-01,-2.3210964172903914e-06,5.4907901358092204e-05,1.7152851055689823e-05,1.6594583219664106e-05,65536,55217,NUTS_SL_01m_2024.shp,SI033,2018,April,4
2018-05-01,2018-06-01,6.712897175020771e-06,4.022744906251319e-05,2.2966447401679933e-05,9.87589507077768e-06,65536,51236,NUTS_SL_01m_2024.shp,SI033,2018,May,5
2018-06-01,2018-07-01,4.701230864156969e-06,3.308994200779125e-05,1.5773010482770908e-05,8.166793453227254e-06,65536,58733,NUTS_SL_01m_2024.shp,SI033,2018,June,6
2018-07-01,2018-08-01,3.82196640202892e-06,4.0744685975369066e-05,2.5866255758276444e-05,9.247140261654213e-06,65536,36991,NUTS_SL_01m_2024.shp,SI033,2018,July,7
2018-09-01,2018-10-01,-1.4307333913166076e-05,4.5731529098702595e-05,2.329926048494915e-05,1.1775518568920962e-05,65536,26791,NUTS_SL_01m_2024.shp,SI033,2018,September,9
2018-10-01,2018-11-01,2.7683731786964927e-06,4.7083052777452394e-05,2.875739969647844e-05,1.1084969490624556e-05,65536,30202,NUTS_SL_01m_2024.shp,SI033,2018,October,10
2019-02-01,2019-03-01,4.008090854767943e-06,6.153638969408348e-05,3.637632899579766e-05,1.3824681112328983e-05,65536,26791,NUTS_SL_01m_2024.shp,SI033,2019,February,2
2019-03-01,2019-04-01,-4.863802132604178e-06,4.264476228854619e-05,2.033908906613667e-05,9.50819748573799e-06,65536,26791,NUTS_SL_01m_2024.shp,SI033,2019,March,3
2019-06-01,2019-07-01,3.417514108150499e-06,4.791999526787549e-05,2.1353486129173266e-05,8.031748127627981e-06,65536,26791,NUTS_SL_01m_2024.shp,SI033,2019,June,6
2019-07-01,2019-08-01,-6.296339051914401e-06,2.9434069801936857e-05,9.008675065083639e-06,1.0137438109504314e-05,65536,56252,NUTS_SL_01m_2024.shp,SI033,2019,July,7
2019-08-01,2019-09-01,7.6127903412270825e-06,4.35678412031848e-05,2.647695680305235e-05,8.4489070827399e-06,65536,46536,NUTS_SL_01m_2024.shp,SI033,2019,August,8
2019-09-01,2019-10-01,1.553067886561621e-05,5.8586625527823344e-05,3.587418694675368e-05,1.1220826612094958e-05,65536,26791,NUTS_SL_01m_2024.shp,SI033,2019,September,9
2019-10-01,2019-11-01,2.264604154333938e-05,2.7034842787543312e-05,2.2745787026162194e-05,6.540748716874425e-07,65536,65404,NUTS_SL_01m_2024.shp,SI033,2019,October,10
2019-11-01,2019-12-01,1.1253570846747607e-05,9.11801980691962e-05,5.6696495467937065e-05,1.832487994330593e-05,65536,31109,NUTS_SL_01m_2024.shp,SI033,2019,November,11
2019-12-01,2020-01-01,-2.0126426534261554e-06,8.148385677486658e-05,3.459501907158324e-05,1.2516980800628702e-05,65536,27204,NUTS_SL_01m_2024.shp,SI033,2019,December,12
2020-02-01,2020-03-01,3.160786218359135e-05,7.254163938341662e-05,5.6234020810617346e-05,1.3627327165915944e-05,65536,61026,NUTS_SL_01m_2024.shp,SI033,2020,February,2
2020-03-01,2020-04-01,9.346807928523049e-06,3.799864134634845e-05,2.3480979393447363e-05,9.004835334321981e-06,65536,52882,NUTS_SL_01m_2024.shp,SI033,2020,March,3
2020-04-01,2020-05-01,1.8197131794295274e-05,2.696688170544803e-05,1.8890986395748644e-05,2.367170699694158e-06,65536,64310,NUTS_SL_01m_2024.shp,SI033,2020,April,4
2020-06-01,2020-07-01,2.9172847462177742e-06,4.815127977053635e-05,2.33065956715132e-05,1.1356655112376433e-05,65536,45725,NUTS_SL_01m_2024.shp,SI033,2020,June,6
2020-07-01,2020-08-01,7.1142403612611815e-06,3.475950870779343e-05,2.008834641491042e-05,7.088371049471639e-06,65536,40164,NUTS_SL_01m_2024.shp,SI033,2020,July,7
2020-09-01,2020-10-01,1.2661269465752412e-05,7.409685349557549e-05,3.755921793163376e-05,1.6514814002191313e-05,65536,47016,NUTS_SL_01m_2024.shp,SI033,2020,September,9
2020-10-01,2020-11-01,-7.572598406113684e-06,4.247164906701073e-05,2.2181134412835158e-05,1.1079099928271651e-05,65536,26791,NUTS_SL_01m_2024.shp,SI033,2020,October,10
2020-11-01,2020-12-01,1.2533108929346781e-05,6.62776583340019e-05,4.158896072641936e-05,1.0477709074531255e-05,65536,30296,NUTS_SL_01m_2024.shp,SI033,2020,November,11
2021-02-01,2021-03-01,9.318697266280651e-06,5.470016913022846e-05,3.249042231089092e-05,9.50071325408759e-06,65536,30775,NUTS_SL_01m_2024.shp,SI033,2021,February,2
2021-03-01,2021-04-01,-7.132183327485109e-06,7.001385529292747e-05,1.9468869643175022e-05,1.1234560578783687e-05,65536,26791,NUTS_SL_01m_2024.shp,SI033,2021,March,3
2021-04-01,2021-05-01,-9.72527232079301e-07,3.947986988350749e-05,1.298036735510063e-05,9.139261368038032e-06,65536,56043,NUTS_SL_01m_2024.shp,SI033,2021,April,4
2021-06-01,2021-07-01,-1.4076063052925747e-05,3.464385008555837e-05,1.1455515607146e-05,1.3045423085279721e-05,65536,46938,NUTS_SL_01m_2024.shp,SI033,2021,June,6
2021-07-01,2021-08-01,-2.610285037007998e-07,5.4276868468150496e-05,2.4772116880538382e-05,1.047370026007259e-05,65536,26791,NUTS_SL_01m_2024.shp,SI033,2021,July,7
2021-08-01,2021-09-01,2.976352334371768e-06,5.2105056965956464e-05,2.3191145535113636e-05,1.1590655026080232e-05,65536,48221,NUTS_SL_01m_2024.shp,SI033,2021,August,8
2021-10-01,2021-11-01,1.1228680705244187e-05,9.044622856890783e-05,4.7037554782749956e-05,1.704713708869064e-05,65536,26791,NUTS_SL_01m_2024.shp,SI033,2021,October,10
2021-11-01,2021-12-01,2.9273629479575902e-05,2.9273629479575902e-05,2.9273629479575902e-05,0.0,65536,65128,NUTS_SL_01m_2024.shp,SI033,2021,November,11
2021-12-01,2022-01-01,7.3430760494375136e-06,9.907136700348929e-05,4.929657437676213e-05,2.074793220383285e-05,65536,28355,NUTS_SL_01m_2024.shp,SI033,2021,December,12
2022-02-01,2022-03-01,2.96997186524095e-05,2.96997186524095e-05,2.96997186524095e-05,0.0,65536,65218,NUTS_SL_01m_2024.shp,SI033,2022,February,2
2022-04-01,2022-05-01,-6.622376531595364e-06,4.8286554374499246e-05,1.537568797135718e-05,1.2103844116069522e-05,65536,38018,NUTS_SL_01m_2024.shp,SI033,2022,April,4
2022-05-01,2022-06-01,2.352305500608054e-06,4.813609120901674e-05,2.5784953211413406e-05,1.1505229490235535e-05,65536,42252,NUTS_SL_01m_2024.shp,SI033,2022,May,5
2022-06-01,2022-07-01,5.068795303486695e-07,4.073301897733472e-05,1.8022181467122444e-05,1.1309318538300977e-05,65536,47949,NUTS_SL_01m_2024.shp,SI033,2022,June,6
2022-07-01,2022-08-01,2.9328413802431896e-05,2.9328413802431896e-05,2.9328413802431896e-05,0.0,65536,63952,NUTS_SL_01m_2024.shp,SI033,2022,July,7
2022-10-01,2022-11-01,6.012717221892672e-06,7.331114466069266e-05,4.061365097780138e-05,1.5729935084486297e-05,65536,26791,NUTS_SL_01m_2024.shp,SI033,2022,October,10
2022-12-01,2023-01-01,-3.574031143216416e-05,8.094216900644824e-05,1.628285038598037e-05,2.375052163922514e-05,65536,31480,NUTS_SL_01m_2024.shp,SI033,2022,December,12
2023-01-01,2023-02-01,2.410142542430549e-06,5.278566459310241e-05,3.056222631824984e-05,1.0353922759813637e-05,65536,30452,NUTS_SL_01m_2024.shp,SI033,2023,January,1
2023-03-01,2023-04-01,2.195964043494314e-05,2.394844159425702e-05,2.2072991796354823e-05,4.610691790300683e-07,65536,65150,NUTS_SL_01m_2024.shp,SI033,2023,March,3
2023-04-01,2023-05-01,7.2239822657138575e-06,2.72673241852317e-05,1.802282284580738e-05,8.209874474528987e-06,65536,59576,NUTS_SL_01m_2024.shp,SI033,2023,April,4
2023-06-01,2023-07-01,1.0796341484820005e-05,5.659484668285586e-05,3.065350747302362e-05,1.0065201239144082e-05,65536,27853,NUTS_SL_01m_2024.shp,SI033,2023,June,6
2023-07-01,2023-08-01,-9.606582352716941e-06,4.573407204588875e-05,1.9016647075361733e-05,1.2219531597277294e-05,65536,36203,NUTS_SL_01m_2024.shp,SI033,2023,July,7
2023-08-01,2023-09-01,-5.515174052561633e-06,3.8279675209196284e-05,9.244536706344498e-06,8.447471178189746e-06,65536,49854,NUTS_SL_01m_2024.shp,SI033,2023,August,8
2024-01-01,2024-02-01,1.1666357750073075e-05,7.368936348939314e-05,3.991447929230984e-05,1.7349588835740038e-05,65536,62430,NUTS_SL_01m_2024.shp,SI033,2024,January,1
2024-04-01,2024-05-01,-5.8479990912019275e-06,6.602502253372222e-05,3.0414362604799137e-05,1.2094494102790416e-05,65536,26791,NUTS_SL_01m_2024.shp,SI033,2024,April,4
2024-05-01,2024-06-01,3.5773005947703496e-05,3.5773005947703496e-05,3.5773005947703496e-05,0.0,65536,64768,NUTS_SL_01m_2024.shp,SI033,2024,May,5
2024-06-01,2024-07-01,-9.471219527767971e-06,2.370463334955275e-05,7.905714704017905e-06,9.953218019712299e-06,65536,54408,NUTS_SL_01m_2024.shp,SI033,2024,June,6
2024-07-01,2024-08-01,-1.7524867246265785e-07,2.7758005671785213e-05,1.528016571204816e-05,7.131629244643007e-06,65536,26791,NUTS_SL_01m_2024.shp,SI033,2024,July,7
2024-08-01,2024-09-01,1.0887151802307926e-05,5.2519753808155656e-05,2.8237035031816407e-05,9.060008063931177e-06,65536,26791,NUTS_SL_01m_2024.shp,SI033,2024,August,8
2024-09-01,2024-10-01,-8.938742212194484e-06,4.04904130846262e-05,2.0127684942174778e-05,1.0506101024521269e-05,65536,26803,NUTS_SL_01m_2024.shp,SI033,2024,September,9
2024-10-01,2024-11-01,1.786879511200823e-05,9.393133950652555e-05,4.654731802182709e-05,1.696133539103002e-05,65536,30938,NUTS_SL_01m_2024.shp,SI033,2024,October,10
2024-11-01,2024-12-01,1.536871786811389e-05,6.472079257946461e-05,4.370117039933994e-05,1.3711522357389097e-05,65536,30748,NUTS_SL_01m_2024.shp,SI033,2024,November,11
2024-12-01,2025-01-01,4.194177108729491e-06,0.00011358839401509613,5.0858183362725374e-05,2.4007817534966593e-05,65536,26840,NUTS_SL_01m_2024.shp,SI033,2024,December,12
2018-04-01,2018-05-01,-9.38757602853002e-06,2.9210777938715182e-05,1.1545023199794706e-05,1.045067265702935e-05,65536,57730,NUTS_SL_01m_2024.shp,SI034,2018,April,4
2018-05-01,2018-06-01,7.084099138410238e-07,3.999592809122987e-05,2.2688392633196677e-05,8.48313593191805e-06,65536,41337,NUTS_SL_01m_2024.shp,SI034,2018,May,5
2018-06-01,2018-07-01,1.324640015809564e-05,4.613298369804397e-05,2.944714641536154e-05,8.635836664189664e-06,65536,56683,NUTS_SL_01m_2024.shp,SI034,2018,June,6
2018-07-01,2018-08-01,1.7580150597495958e-05,4.662451465264894e-05,2.7145647501708807e-05,5.33955132796665e-06,65536,39195,NUTS_SL_01m_2024.shp,SI034,2018,July,7
2018-09-01,2018-10-01,-4.942510713590309e-06,4.729440115625039e-05,1.980856107316552e-05,1.0329234918286445e-05,65536,35309,NUTS_SL_01m_2024.shp,SI034,2018,September,9
2018-10-01,2018-11-01,2.7683731786964927e-06,5.789313945570029e-05,2.8615330574252755e-05,1.068107556998623e-05,65536,38316,NUTS_SL_01m_2024.shp,SI034,2018,October,10
2018-12-01,2019-01-01,-2.1987113996146945e-06,9.006368782138452e-05,4.5699419415437755e-05,2.225066563632037e-05,65536,56418,NUTS_SL_01m_2024.shp,SI034,2018,December,12
2019-02-01,2019-03-01,4.008090854767943e-06,8.607465133536607e-05,4.955797877181905e-05,1.5022504061242632e-05,65536,35309,NUTS_SL_01m_2024.shp,SI034,2019,February,2
2019-03-01,2019-04-01,-6.766152637283085e-06,5.490748299052939e-05,2.5529454614708816e-05,1.1568220656882538e-05,65536,35309,NUTS_SL_01m_2024.shp,SI034,2019,March,3
2019-06-01,2019-07-01,1.1771646768465871e-07,4.791999526787549e-05,2.2779572846786662e-05,8.003524045712364e-06,65536,35309,NUTS_SL_01m_2024.shp,SI034,2019,June,6
2019-07-01,2019-08-01,-1.5387136045319494e-06,3.35958793584723e-05,1.799957395093941e-05,8.89690140349283e-06,65536,57846,NUTS_SL_01m_2024.shp,SI034,2019,July,7
2019-08-01,2019-09-01,5.417682586994488e-06,4.172594708506949e-05,2.7247435571069286e-05,6.2440265288344184e-06,65536,39423,NUTS_SL_01m_2024.shp,SI034,2019,August,8
2019-09-01,2019-10-01,-1.527223162156588e-06,5.7197550631826743e-05,3.323525128406439e-05,1.2053331416128613e-05,65536,35731,NUTS_SL_01m_2024.shp,SI034,2019,September,9
2019-11-01,2019-12-01,4.204614742775448e-05,0.0001229796325787902,7.839056158820243e-05,1.883108822119901e-05,65536,50467,NUTS_SL_01m_2024.shp,SI034,2019,November,11
2019-12-01,2020-01-01,-8.246971447078977e-06,8.403482934227213e-05,4.307628689812251e-05,1.8609579229364377e-05,65536,35309,NUTS_SL_01m_2024.shp,SI034,2019,December,12
2020-01-01,2020-02-01,2.8847603971371427e-05,5.311983477440663e-05,3.948400758337095e-05,6.710507106033527e-06,65536,61989,NUTS_SL_01m_2024.shp,SI034,2020,January,1
2020-02-01,2020-03-01,1.4993382137618028e-05,1.4993382137618028e-05,1.4993382137618028e-05,0.0,65536,65445,NUTS_SL_01m_2024.shp,SI034,2020,February,2
2020-03-01,2020-04-01,1.202355542773148e-05,4.6915822167648e-05,2.5721512905452227e-05,9.793879485230996e-06,65536,58419,NUTS_SL_01m_2024.shp,SI034,2020,March,3
2020-04-01,2020-05-01,1.888350016088225e-05,3.8044956454541534e-05,2.3653318176923006e-05,4.923348550210231e-06,65536,62997,NUTS_SL_01m_2024.shp,SI034,2020,April,4
2020-06-01,2020-07-01,3.235576969018439e-06,3.94104172301013e-05,2.1319827289282168e-05,9.076837522545254e-06,65536,55524,NUTS_SL_01m_2024.shp,SI034,2020,June,6
2020-07-01,2020-08-01,8.75250952958595e-06,5.499513281392865e-05,2.8645461046835378e-05,1.2969417600511424e-05,65536,62036,NUTS_SL_01m_2024.shp,SI034,2020,July,7
2020-09-01,2020-10-01,1.3088677405903582e-05,9.255653276341036e-05,4.459033727661552e-05,1.4579113726087657e-05,65536,47625,NUTS_SL_01m_2024.shp,SI034,2020,September,9
2020-10-01,2020-11-01,-6.447125997510739e-06,6.914685218362138e-05,2.433684675387728e-05,1.1810080040746819e-05,65536,36252,NUTS_SL_01m_2024.shp,SI034,2020,October,10
2020-11-01,2020-12-01,2.0181025320198387e-05,6.783173739677295e-05,4.42751226741897e-05,1.2990586128146536e-05,65536,55808,NUTS_SL_01m_2024.shp,SI034,2020,November,11
2020-12-01,2021-01-01,2.5949235350708477e-05,7.26585349184461e-05,4.335367820736118e-05,1.1677873627094071e-05,65536,63366,NUTS_SL_01m_2024.shp,SI034,2020,December,12
2021-02-01,2021-03-01,6.690570899081649e-06,5.755749953095801e-05,3.296947006482633e-05,1.1228875470359368e-05,65536,48529,NUTS_SL_01m_2024.shp,SI034,2021,February,2
2021-03-01,2021-04-01,-1.2621956102520926e-06,7.68957834225148e-05,3.2574654456217664e-05,1.4342544345862088e-05,65536,35619,NUTS_SL_01m_2024.shp,SI034,2021,March,3
2021-04-01,2021-05-01,-9.72527232079301e-07,3.947986988350749e-05,1.5417268240566134e-05,9.912317873684947e-06,65536,59207,NUTS_SL_01m_2024.shp,SI034,2021,April,4
2021-05-01,2021-06-01,1.6743550077080727e-05,1.6743550077080727e-05,1.6743550077080727e-05,0.0,65536,64952,NUTS_SL_01m_2024.shp,SI034,2021,May,5
2021-06-01,2021-07-01,-2.9353068384807557e-06,4.3071013351436704e-05,1.688754478749995e-05,1.0597445712837237e-05,65536,47679,NUTS_SL_01m_2024.shp,SI034,2021,June,6
2021-07-01,2021-08-01,-2.610285037007998e-07,5.844624320161529e-05,2.792583044925626e-05,1.1116014245811831e-05,65536,36742,NUTS_SL_01m_2024.shp,SI034,2021,July,7
2021-08-01,2021-09-01,-3.488450374788954e-06,7.094199099810794e-05,3.054184006382663e-05,1.299108785596426e-05,65536,41968,NUTS_SL_01m_2024.shp,SI034,2021,August,8
2021-10-01,2021-11-01,1.0759673386928625e-05,8.167401392711326e-05,4.06430312772121e-05,1.0532402244434262e-05,65536,36430,NUTS_SL_01m_2024.shp,SI034,2021,October,10
2021-11-01,2021-12-01,2.610351884868578e-06,3.0446823075180873e-05,6.869376488952938e-06,7.609973328286623e-06,65536,65107,NUTS_SL_01m_2024.shp,SI034,2021,November,11
2021-12-01,2022-01-01,-2.2002637706464157e-05,9.101697651203722e-05,4.453485745450489e-05,2.2062768127070657e-05,65536,35859,NUTS_SL_01m_2024.shp,SI034,2021,December,12
2022-02-01,2022-03-01,1.973963480850216e-05,7.146866846596822e-05,4.362705859257572e-05,1.5137978027129162e-05,65536,62049,NUTS_SL_01m_2024.shp,SI034,2022,February,2
2022-04-01,2022-05-01,-6.622376531595364e-06,4.311891825636849e-05,2.115869649521007e-05,9.684961605247394e-06,65536,39843,NUTS_SL_01m_2024.shp,SI034,2022,April,4
2022-05-01,2022-06-01,-1.05642111520865e-05,5.1917835662607104e-05,1.8652289570521418e-05,1.1607565123293875e-05,65536,46241,NUTS_SL_01m_2024.shp,SI034,2022,May,5
2022-06-01,2022-07-01,1.2959877494722605e-05,4.5156713895266876e-05,2.3961249058321245e-05,9.689849188517722e-06,65536,56898,NUTS_SL_01m_2024.shp,SI034,2022,June,6
2022-07-01,2022-08-01,7.347259725065669e-06,3.506914072204381e-05,1.705613836206744e-05,7.002152073175986e-06,65536,57930,NUTS_SL_01m_2024.shp,SI034,2022,July,7
2022-08-01,2022-09-01,2.9565077056759037e-05,3.20970757456962e-05,3.077603295146812e-05,1.2648021817001465e-06,65536,65513,NUTS_SL_01m_2024.shp,SI034,2022,August,8
2022-09-01,2022-10-01,-7.468253443221329e-06,5.077034802525304e-05,2.03268631517918e-05,1.3507821125618307e-05,65536,56383,NUTS_SL_01m_2024.shp,SI034,2022,September,9
2022-10-01,2022-11-01,4.699226792581612e-06,9.224418317899108e-05,3.874046342702112e-05,1.3547739061402168e-05,65536,35309,NUTS_SL_01m_2024.shp,SI034,2022,October,10
2022-12-01,2023-01-01,-3.574031143216416e-05,6.125326763140038e-05,1.7000486449131806e-05,2.0402975514264344e-05,65536,40208,NUTS_SL_01m_2024.shp,SI034,2022,December,12
2023-01-01,2023-02-01,2.410142542430549e-06,8.65296897245571e-05,3.82257284993467e-05,1.609788835737429e-05,65536,49706,NUTS_SL_01m_2024.shp,SI034,2023,January,1
2023-02-01,2023-03-01,5.786748261016328e-06,9.65599792834837e-06,8.90124868313144e-06,7.279468600674879e-07,65536,64981,NUTS_SL_01m_2024.shp,SI034,2023,February,2
2023-03-01,2023-04-01,2.195964043494314e-05,2.195964043494314e-05,2.195964043494314e-05,0.0,65536,65489,NUTS_SL_01m_2024.shp,SI034,2023,March,3
2023-04-01,2023-05-01,1.032522413879633e-05,2.317535108886659e-05,1.5765120483975206e-05,4.909983541764937e-06,65536,62134,NUTS_SL_01m_2024.shp,SI034,2023,April,4
2023-06-01,2023-07-01,4.7433563850063365e-06,5.672038969350979e-05,3.4882878276427946e-05,9.497675499311107e-06,65536,35450,NUTS_SL_01m_2024.shp,SI034,2023,June,6
2023-07-01,2023-08-01,8.803738637652714e-06,4.573407204588875e-05,2.391131151430588e-05,1.1678531662986801e-05,65536,63287,NUTS_SL_01m_2024.shp,SI034,2023,July,7
2023-08-01,2023-09-01,-1.5507566786254756e-06,2.9600021662190557e-05,1.30567687213451e-05,7.078319401320326e-06,65536,48595,NUTS_SL_01m_2024.shp,SI034,2023,August,8
2023-09-01,2023-10-01,1.5487241398659535e-05,5.462398621602915e-05,1.9355408037585613e-05,1.1680100064306435e-05,65536,65192,NUTS_SL_01m_2024.shp,SI034,2023,September,9
2023-10-01,2023-11-01,-2.1819003450218588e-05,5.8281842939322814e-05,2.2226847017975337e-05,1.6883877630416885e-05,65536,56296,NUTS_SL_01m_2024.shp,SI034,2023,October,10
2023-12-01,2024-01-01,-2.3778390811912686e-08,3.3908276236616075e-05,2.336803650315743e-05,1.167299446004605e-05,65536,64888,NUTS_SL_01m_2024.shp,SI034,2023,December,12
2024-01-01,2024-02-01,1.1666357750073075e-05,0.00014531463966704905,7.993468970929593e-05,3.0177270099245083e-05,65536,49439,NUTS_SL_01m_2024.shp,SI034,2024,January,1
2024-02-01,2024-03-01,3.985629518865608e-05,9.032418165588751e-05,7.796671745354634e-05,1.9993718629433917e-05,65536,65069,NUTS_SL_01m_2024.shp,SI034,2024,February,2
2024-04-01,2024-05-01,-4.878918389294995e-06,5.396196138462983e-05,3.00570527617403e-05,1.0489658145283236e-05,65536,35315,NUTS_SL_01m_2024.shp,SI034,2024,April,4
2024-05-01,2024-06-01,9.558335477777291e-06,3.601732896640897e-05,2.2384251122509836e-05,6.966548024790578e-06,65536,63424,NUTS_SL_01m_2024.shp,SI034,2024,May,5
2024-06-01,2024-07-01,1.3937810763309244e-06,3.4318920370424166e-05,1.555511014841423e-05,7.60033472199714e-06,65536,48460,NUTS_SL_01m_2024.shp,SI034,2024,June,6
2024-07-01,2024-08-01,-4.045121841045329e-06,3.780920815188438e-05,1.8098823100365896e-05,6.202744269540309e-06,65536,35309,NUTS_SL_01m_2024.shp,SI034,2024,July,7
2024-08-01,2024-09-01,8.928078386816196e-06,5.053269342170097e-05,2.306222000042288e-05,6.892056397785357e-06,65536,36877,NUTS_SL_01m_2024.shp,SI034,2024,August,8
2024-09-01,2024-10-01,-1.7086704247049056e-05,4.707900734501891e-05,2.1177864078838443e-05,1.1347251977278976e-05,65536,35837,NUTS_SL_01m_2024.shp,SI034,2024,September,9
2024-10-01,2024-11-01,1.0221140655630734e-05,8.122427243506536e-05,4.685820980049442e-05,1.464089755496174e-05,65536,35608,NUTS_SL_01m_2024.shp,SI034,2024,October,10
2024-11-01,2024-12-01,1.4814889254921582e-05,9.120635513681918e-05,5.056427621437748e-05,1.716127718474048e-05,65536,37607,NUTS_SL_01m_2024.shp,SI034,2024,November,11
2024-12-01,2025-01-01,4.194177108729491e-06,0.00011757483298424631,5.587583240145194e-05,2.3490553801261428e-05,65536,35309,NUTS_SL_01m_2024.shp,SI034,2024,December,12
2018-04-01,2018-05-01,-7.239074875542428e-06,3.742576882359572e-05,1.304406298616003e-05,1.625886499449755e-05,65536,49903,NUTS_SL_01m_2024.shp,SI035,2018,April,4
2018-05-01,2018-06-01,1.9728809093066957e-06,4.3039952288381755e-05,2.3440546132093263e-05,8.213651989577249e-06,65536,34576,NUTS_SL_01m_2024.shp,SI035,2018,May,5
2018-06-01,2018-07-01,1.5640167475794442e-05,3.7668221921194345e-05,3.379210591998829e-05,4.794738350528707e-06,65536,60125,NUTS_SL_01m_2024.shp,SI035,2018,June,6
2018-07-01,2018-08-01,1.807763328542933e-05,4.662451465264894e-05,3.2910618571690385e-05,8.480109806937201e-06,65536,44869,NUTS_SL_01m_2024.shp,SI035,2018,July,7
2018-09-01,2018-10-01,-2.5038932562893024e-06,4.0139737393474206e-05,1.8459495741221413e-05,8.879873567548943e-06,65536,33086,NUTS_SL_01m_2024.shp,SI035,2018,September,9
2018-10-01,2018-11-01,1.988884378079092e-06,4.951343362336047e-05,3.576374188523854e-05,9.038132606177983e-06,65536,46525,NUTS_SL_01m_2024.shp,SI035,2018,October,10
2018-12-01,2019-01-01,3.7595120375044644e-05,8.279325265903026e-05,5.0648825341541056e-05,1.3114390746300364e-05,65536,59398,NUTS_SL_01m_2024.shp,SI035,2018,December,12
2019-02-01,2019-03-01,2.912197851401288e-05,7.986827404238284e-05,5.7240995262911474e-05,1.3854333254855142e-05,65536,33086,NUTS_SL_01m_2024.shp,SI035,2019,February,2
2019-03-01,2019-04-01,6.968180059629958e-06,5.294411676004529e-05,2.5579090619800628e-05,1.087184256398528e-05,65536,33086,NUTS_SL_01m_2024.shp,SI035,2019,March,3
2019-06-01,2019-07-01,1.1771646768465871e-07,3.37504425260704e-05,2.293852635308257e-05,7.99971752594471e-06,65536,33086,NUTS_SL_01m_2024.shp,SI035,2019,June,6
2019-07-01,2019-08-01,-1.3380128621065523e-05,2.5003999326145276e-05,8.054282117317977e-06,1.032300384016257e-05,65536,51388,NUTS_SL_01m_2024.shp,SI035,2019,July,7
2019-08-01,2019-09-01,6.985254913161043e-06,4.899567647953518e-05,2.6832881348213835e-05,9.406029713323654e-06,65536,33170,NUTS_SL_01m_2024.shp,SI035,2019,August,8
2019-09-01,2019-10-01,-1.527223162156588e-06,3.91213470720686e-05,2.9656418640763886e-05,5.012356158292468e-06,65536,34360,NUTS_SL_01m_2024.shp,SI035,2019,September,9
2019-11-01,2019-12-01,5.573909220402129e-05,9.715343185234815e-05,7.562078753634936e-05,1.169059539012535e-05,65536,62634,NUTS_SL_01m_2024.shp,SI035,2019,November,11
2019-12-01,2020-01-01,1.9481069102766924e-05,8.403482934227213e-05,4.879807833099988e-05,1.1933128702882654e-05,65536,33086,NUTS_SL_01m_2024.shp,SI035,2019,December,12
2020-01-01,2020-02-01,3.7989626434864476e-05,4.203305798000656e-05,4.0764764309504776e-05,1.876083633843678e-06,65536,64519,NUTS_SL_01m_2024.shp,SI035,2020,January,1
2020-02-01,2020-03-01,3.6099565477343276e-05,5.752472861786373e-05,5.679931699112921e-05,3.792725470752795e-06,65536,65104,NUTS_SL_01m_2024.shp,SI035,2020,February,2
2020-03-01,2020-04-01,1.8453714801580645e-05,4.892472134088166e-05,2.9926653297595947e-05,9.495859872510958e-06,65536,57874,NUTS_SL_01m_2024.shp,SI035,2020,March,3
2020-04-01,2020-05-01,2.4955201297416352e-05,3.8044956454541534e-05,3.057245477345446e-05,4.847332432108423e-06,65536,54594,NUTS_SL_01m_2024.shp,SI035,2020,April,4
2020-06-01,2020-07-01,-6.515821837638214e-07,2.4870514607755467e-05,1.3934521691390878e-05,6.621320121430885e-06,65536,47799,NUTS_SL_01m_2024.shp,SI035,2020,June,6
2020-09-01,2020-10-01,1.4458382793236524e-05,7.622283737873659e-05,3.961224306074885e-05,1.343611509369896e-05,65536,37862,NUTS_SL_01m_2024.shp,SI035,2020,September,9
2020-10-01,2020-11-01,2.115611323461053e-06,5.292653077049181e-05,2.0247618898707468e-05,1.2024866640378991e-05,65536,33086,NUTS_SL_01m_2024.shp,SI035,2020,October,10
2020-11-01,2020-12-01,5.2773411880480126e-05,5.2773411880480126e-05,5.2773411880480126e-05,0.0,65536,65483,NUTS_SL_01m_2024.shp,SI035,2020,November,11
2021-02-01,2021-03-01,1.5223286027321592e-05,4.8053701902972534e-05,3.2827972273425666e-05,1.0183535499299553e-05,65536,33086,NUTS_SL_01m_2024.shp,SI035,2021,February,2
2021-03-01,2021-04-01,6.897618277434958e-06,4.7504356189165264e-05,2.8748501926425e-05,9.912110794048983e-06,65536,33086,NUTS_SL_01m_2024.shp,SI035,2021,March,3
2021-04-01,2021-05-01,1.1491267287055962e-05,1.1491267287055962e-05,1.1491267287055962e-05,0.0,65536,65522,NUTS_SL_01m_2024.shp,SI035,2021,April,4
2021-06-01,2021-07-01,1.230703901455854e-06,4.3071013351436704e-05,1.7236254645066435e-05,1.0094243202933394e-05,65536,34835,NUTS_SL_01m_2024.shp,SI035,2021,June,6
2021-07-01,2021-08-01,8.801274816505611e-06,4.8726047680247575e-05,2.1037006039358753e-05,9.929474594377133e-06,65536,37880,NUTS_SL_01m_2024.shp,SI035,2021,July,7
2021-08-01,2021-09-01,-1.2460086509236135e-06,5.2805760788032785e-05,2.8907447739664368e-05,1.2485459700255323e-05,65536,36214,NUTS_SL_01m_2024.shp,SI035,2021,August,8
2021-10-01,2021-11-01,1.343086114502512e-05,5.402641181717627e-05,3.3954825253953695e-05,1.1791962320542342e-05,65536,33086,NUTS_SL_01m_2024.shp,SI035,2021,October,10
2021-12-01,2022-01-01,-2.2002637706464157e-05,8.570221689296886e-05,5.3500691731450595e-05,2.1150169947121164e-05,65536,33086,NUTS_SL_01m_2024.shp,SI035,2021,December,12
2022-02-01,2022-03-01,5.7016393839148805e-05,9.716094064060599e-05,6.692814710649104e-05,9.526074017975715e-06,65536,56607,NUTS_SL_01m_2024.shp,SI035,2022,February,2
2022-04-01,2022-05-01,5.842277346346236e-07,3.406055111554451e-05,1.541825216974983e-05,7.589110506822995e-06,65536,34254,NUTS_SL_01m_2024.shp,SI035,2022,April,4
2022-05-01,2022-06-01,-3.396033662284026e-06,3.3297059417236596e-05,1.222725526573993e-05,1.0454548800336954e-05,65536,48596,NUTS_SL_01m_2024.shp,SI035,2022,May,5
2022-06-01,2022-07-01,3.063916665269062e-06,4.12285553466063e-05,2.1374335088962497e-05,1.1975626692491322e-05,65536,46429,NUTS_SL_01m_2024.shp,SI035,2022,June,6
2022-10-01,2022-11-01,-4.837062874685216e-07,5.5817945394665e-05,3.2847534046084745e-05,1.0739049024979504e-05,65536,33086,NUTS_SL_01m_2024.shp,SI035,2022,October,10
2022-12-01,2023-01-01,-3.129605102003552e-05,6.70429362799041e-05,2.95613400476702e-05,1.784412145344887e-05,65536,33086,NUTS_SL_01m_2024.shp,SI035,2022,December,12
2023-01-01,2023-02-01,4.0863698814064264e-05,6.099398524384014e-05,4.9272564919535926e-05,5.998673126959367e-06,65536,57149,NUTS_SL_01m_2024.shp,SI035,2023,January,1
2023-04-01,2023-05-01,1.2962311302544549e-05,2.317535108886659e-05,1.6473590418645106e-05,4.447512049605988e-06,65536,60548,NUTS_SL_01m_2024.shp,SI035,2023,April,4
2023-06-01,2023-07-01,2.029317693086341e-05,5.1819839427480474e-05,3.497562375566682e-05,8.300275091091843e-06,65536,33086,NUTS_SL_01m_2024.shp,SI035,2023,June,6
2023-07-01,2023-08-01,1.579139097884763e-05,2.5770195861696266e-05,2.019877136031992e-05,3.803163209406583e-06,65536,62874,NUTS_SL_01m_2024.shp,SI035,2023,July,7
2023-08-01,2023-09-01,-5.315357157087419e-06,2.9600021662190557e-05,6.5216863385135476e-06,7.2289323957464014e-06,65536,52103,NUTS_SL_01m_2024.shp,SI035,2023,August,8
2023-09-01,2023-10-01,3.346302037243731e-05,3.7935740692773834e-05,3.571005967712162e-05,2.2363346623125173e-06,65536,59463,NUTS_SL_01m_2024.shp,SI035,2023,September,9
2023-10-01,2023-11-01,4.998465556127485e-06,5.631124440697022e-05,3.574951916273199e-05,1.5233190485253316e-05,65536,54693,NUTS_SL_01m_2024.shp,SI035,2023,October,10
2024-01-01,2024-02-01,4.550237281364389e-05,6.500217568827793e-05,5.6280041638940244e-05,9.695580035954678e-06,65536,64834,NUTS_SL_01m_2024.shp,SI035,2024,January,1
2024-04-01,2024-05-01,1.0865821423067246e-05,4.341890962678008e-05,2.7029833998674285e-05,9.633247016605844e-06,65536,33086,NUTS_SL_01m_2024.shp,SI035,2024,April,4
2024-05-01,2024-06-01,8.372890079044737e-06,5.308255640557036e-05,3.1761337308773974e-05,9.81670557825669e-06,65536,53585,NUTS_SL_01m_2024.shp,SI035,2024,May,5
2024-06-01,2024-07-01,2.8278157060412923e-06,2.9668888601008803e-05,1.102552104990538e-05,9.630965014704166e-06,65536,56494,NUTS_SL_01m_2024.shp,SI035,2024,June,6
2024-07-01,2024-08-01,7.430826826748671e-06,3.0403874916373752e-05,1.480902794420106e-05,5.292948840883337e-06,65536,33086,NUTS_SL_01m_2024.shp,SI035,2024,July,7
2024-08-01,2024-09-01,1.2504533515311778e-05,3.577963434509002e-05,2.026664955895508e-05,5.349045271508257e-06,65536,33086,NUTS_SL_01m_2024.shp,SI035,2024,August,8
2024-09-01,2024-10-01,-1.5950964780131471e-06,3.152406134176999e-05,1.879237338745945e-05,7.702691955572063e-06,65536,33086,NUTS_SL_01m_2024.shp,SI035,2024,September,9
2024-10-01,2024-11-01,1.0221140655630734e-05,6.184817175380886e-05,3.783857210870054e-05,1.2555008531246125e-05,65536,33086,NUTS_SL_01m_2024.shp,SI035,2024,October,10
2024-11-01,2024-12-01,3.3442203857703134e-05,6.753162597306073e-05,5.071504622171735e-05,9.224652135736984e-06,65536,33086,NUTS_SL_01m_2024.shp,SI035,2024,November,11
2024-12-01,2025-01-01,1.0038306754722726e-05,0.00010050631681224331,5.291565617710173e-05,2.020141780781201e-05,65536,33086,NUTS_SL_01m_2024.shp,SI035,2024,December,12
2018-04-01,2018-05-01,-2.978938340447712e-08,1.984104710572865e-05,1.1332496523054523e-05,4.9954489392184534e-06,65536,60207,NUTS_SL_01m_2024.shp,SI036,2018,April,4
2018-05-01,2018-06-01,1.9728809093066957e-06,4.140289092902094e-05,1.879191396416962e-05,7.420537983595148e-06,65536,41026,NUTS_SL_01m_2024.shp,SI036,2018,May,5
2018-06-01,2018-07-01,9.09405844140565e-06,2.4983752155094407e-05,1.3550760245374753e-05,4.283123419658038e-06,65536,60270,NUTS_SL_01m_2024.shp,SI036,2018,June,6
2018-07-01,2018-08-01,2.3189613784779795e-05,3.650952930911444e-05,2.8200621087590308e-05,3.543089748277602e-06,65536,28239,NUTS_SL_01m_2024.shp,SI036,2018,July,7
2018-09-01,2018-10-01,-1.133369096351089e-06,4.570247983792797e-05,2.039174184505688e-05,8.710323069161356e-06,65536,27908,NUTS_SL_01m_2024.shp,SI036,2018,September,9
2018-10-01,2018-11-01,1.988884378079092e-06,5.327169856172986e-05,2.740996335068766e-05,1.3043230018197084e-05,65536,39949,NUTS_SL_01m_2024.shp,SI036,2018,October,10
2018-12-01,2019-01-01,2.4791856048977934e-05,0.00010284154996043071,6.117167973281666e-05,1.664007733235944e-05,65536,31121,NUTS_SL_01m_2024.shp,SI036,2018,December,12
2019-02-01,2019-03-01,2.912197851401288e-05,7.597728836117312e-05,4.9737257059357905e-05,1.005891173927818e-05,65536,27908,NUTS_SL_01m_2024.shp,SI036,2019,February,2
2019-03-01,2019-04-01,4.3863306018465664e-06,9.590238914825022e-05,2.7985463939275506e-05,1.1319724608046257e-05,65536,27908,NUTS_SL_01m_2024.shp,SI036,2019,March,3
2019-06-01,2019-07-01,1.1771646768465871e-07,3.746955917449668e-05,2.1392059128834873e-05,7.388087264066649e-06,65536,27908,NUTS_SL_01m_2024.shp,SI036,2019,June,6
2019-07-01,2019-08-01,-1.5710380694144988e-06,3.669406214612536e-05,1.6901461346059126e-05,9.40011766615431e-06,65536,41491,NUTS_SL_01m_2024.shp,SI036,2019,July,7
2019-08-01,2019-09-01,1.520550995337544e-05,3.93146910937503e-05,2.557994019769577e-05,5.100095673318314e-06,65536,27908,NUTS_SL_01m_2024.shp,SI036,2019,August,8
2019-09-01,2019-10-01,-5.074464297649683e-07,5.366573896026239e-05,2.6981952883712373e-05,1.2065578913388915e-05,65536,27908,NUTS_SL_01m_2024.shp,SI036,2019,September,9
2019-11-01,2019-12-01,8.08034892543219e-05,0.00010339777509216219,8.872624794445744e-05,9.58673418909261e-06,65536,64993,NUTS_SL_01m_2024.shp,SI036,2019,November,11
2019-12-01,2020-01-01,5.134676939633209e-06,7.803568587405607e-05,4.181838915825967e-05,1.439824956924819e-05,65536,27908,NUTS_SL_01m_2024.shp,SI036,2019,December,12
2020-01-01,2020-02-01,1.270208213099977e-05,5.671902545145713e-05,3.712518096732586e-05,1.2169679116132942e-05,65536,30601,NUTS_SL_01m_2024.shp,SI036,2020,January,1
2020-03-01,2020-04-01,1.6789734218036756e-05,5.308779873303138e-05,3.0744289327166536e-05,9.808618660281712e-06,65536,53382,NUTS_SL_01m_2024.shp,SI036,2020,March,3
2020-04-01,2020-05-01,2.1593999917968176e-05,3.228214700357057e-05,2.6812481209295166e-05,4.241511452763015e-06,65536,59544,NUTS_SL_01m_2024.shp,SI036,2020,April,4
2020-06-01,2020-07-01,2.7879627850779798e-06,4.342483225627802e-05,2.3701559947190888e-05,7.916249420120166e-06,65536,32935,NUTS_SL_01m_2024.shp,SI036,2020,June,6
2020-07-01,2020-08-01,-1.6573743550907238e-06,3.9670288970228285e-05,2.523115359247369e-05,6.156486813929588e-06,65536,43472,NUTS_SL_01m_2024.shp,SI036,2020,July,7
2020-09-01,2020-10-01,1.3769833458354697e-05,6.201926589710638e-05,3.591580616883736e-05,1.0315326678638685e-05,65536,31512,NUTS_SL_01m_2024.shp,SI036,2020,September,9
2020-10-01,2020-11-01,-1.0539027243794408e-05,4.9624581151874736e-05,2.1857880689289058e-05,1.2067900955680381e-05,65536,27908,NUTS_SL_01m_2024.shp,SI036,2020,October,10
2020-11-01,2020-12-01,2.874543315556366e-05,6.5367050410714e-05,4.398310170817046e-05,1.168558865085897e-05,65536,45935,NUTS_SL_01m_2024.shp,SI036,2020,November,11
2020-12-01,2021-01-01,3.6513589293463156e-05,7.26585349184461e-05,5.810318826428382e-05,1.1187804704455936e-05,65536,61301,NUTS_SL_01m_2024.shp,SI036,2020,December,12
2021-02-01,2021-03-01,1.5223286027321592e-05,5.3200408729026094e-05,4.097758910969758e-05,9.478270712373421e-06,65536,54821,NUTS_SL_01m_2024.shp,SI036,2021,February,2
2021-03-01,2021-04-01,4.3881246369892324e-07,0.00010984435357386246,3.384993941995964e-05,1.8435702275750633e-05,65536,27908,NUTS_SL_01m_2024.shp,SI036,2021,March,3
2021-04-01,2021-05-01,2.949758027170901e-06,1.775950295268558e-05,8.888481944857e-06,4.5109588627661165e-06,65536,58555,NUTS_SL_01m_2024.shp,SI036,2021,April,4
2021-05-01,2021-06-01,5.321247044776101e-06,2.9135888325981796e-05,2.159928292464677e-05,4.266743041592021e-06,65536,64161,NUTS_SL_01m_2024.shp,SI036,2021,May,5
2021-06-01,2021-07-01,-1.0241536983812694e-05,4.82170216855593e-05,1.2993611735736427e-05,1.350279836359296e-05,65536,40617,NUTS_SL_01m_2024.shp,SI036,2021,June,6
2021-07-01,2021-08-01,7.476427072106162e-06,5.0708251364994794e-05,2.514552513508854e-05,9.063327743547187e-06,65536,30601,NUTS_SL_01m_2024.shp,SI036,2021,July,7
2021-08-01,2021-09-01,-1.5301310440918314e-06,4.7911737055983394e-05,2.6219651039000875e-05,8.565396886158555e-06,65536,29634,NUTS_SL_01m_2024.shp,SI036,2021,August,8
2021-10-01,2021-11-01,1.8080243080476066e-06,6.333555211313069e-05,3.428102970205293e-05,1.3018726478024711e-05,65536,39412,NUTS_SL_01m_2024.shp,SI036,2021,October,10
2021-12-01,2022-01-01,4.531433205556823e-06,8.766060636844486e-05,4.589387127810477e-05,1.7367969109421856e-05,65536,27908,NUTS_SL_01m_2024.shp,SI036,2021,December,12
2022-02-01,2022-03-01,2.4765462512732483e-05,7.647865277249366e-05,4.498209793665913e-05,1.0858529602811631e-05,65536,47319,NUTS_SL_01m_2024.shp,SI036,2022,February,2
2022-04-01,2022-05-01,4.422336587595055e-06,4.017512037535198e-05,2.312278534957765e-05,9.674225338347102e-06,65536,33273,NUTS_SL_01m_2024.shp,SI036,2022,April,4
2022-05-01,2022-06-01,1.0607325748424046e-05,3.714979175128974e-05,2.0548564001372048e-05,5.005392884964497e-06,65536,59175,NUTS_SL_01m_2024.shp,SI036,2022,May,5
2022-06-01,2022-07-01,4.321518645156175e-06,4.16105285694357e-05,1.865513679912251e-05,8.652531241794192e-06,65536,42286,NUTS_SL_01m_2024.shp,SI036,2022,June,6
2022-07-01,2022-08-01,2.9260954761411995e-06,3.775317236431874e-05,2.04237733794415e-05,7.5736756260698e-06,65536,40794,NUTS_SL_01m_2024.shp,SI036,2022,July,7
2022-09-01,2022-10-01,2.152732804461266e-06,5.454173151520081e-05,2.593764117181305e-05,1.1194659874362026e-05,65536,50549,NUTS_SL_01m_2024.shp,SI036,2022,September,9
2022-10-01,2022-11-01,1.6787071217549965e-05,7.158656808314845e-05,3.6575177213642715e-05,1.1822095214849293e-05,65536,27908,NUTS_SL_01m_2024.shp,SI036,2022,October,10
2022-12-01,2023-01-01,-2.516600397939328e-05,5.2805884479312226e-05,1.8128436768146505e-05,1.9232563235689538e-05,65536,31832,NUTS_SL_01m_2024.shp,SI036,2022,December,12
2023-01-01,2023-02-01,2.7176061848876998e-05,6.39088248135522e-05,4.189571082354647e-05,9.025223877481308e-06,65536,61202,NUTS_SL_01m_2024.shp,SI036,2023,January,1
2023-04-01,2023-05-01,4.519999038166134e-06,2.8189722797833383e-05,1.6944139812485956e-05,8.527825257883086e-06,65536,53568,NUTS_SL_01m_2024.shp,SI036,2023,April,4
2023-06-01,2023-07-01,8.079524377535563e-06,5.069504550192505e-05,3.453740908446981e-05,8.408401377025234e-06,65536,27908,NUTS_SL_01m_2024.shp,SI036,2023,June,6
2023-07-01,2023-08-01,-1.4002067473484203e-05,2.3116870579542592e-05,3.3341393869271783e-06,1.0290990302171382e-05,65536,54226,NUTS_SL_01m_2024.shp,SI036,2023,July,7
2023-08-01,2023-09-01,-1.956889974508158e-07,3.0384639103431255e-05,1.2491403814975725e-05,8.564025987989804e-06,65536,29070,NUTS_SL_01m_2024.shp,SI036,2023,August,8
2023-09-01,2023-10-01,1.954042454599403e-05,4.520524089457467e-05,2.5052393862011795e-05,7.603331732395574e-06,65536,63620,NUTS_SL_01m_2024.shp,SI036,2023,September,9
2023-10-01,2023-11-01,-2.1819003450218588e-05,4.536326014203951e-05,2.2220529134837407e-05,1.3808988280227827e-05,65536,40198,NUTS_SL_01m_2024.shp,SI036,2023,October,10
2024-01-01,2024-02-01,3.35448858095333e-05,0.00010045164526673034,5.9608175853650065e-05,1.4076838490019124e-05,65536,42369,NUTS_SL_01m_2024.shp,SI036,2024,January,1
2024-02-01,2024-03-01,3.985629518865608e-05,7.184580317698419e-05,6.09768591971028e-05,1.290394467029979e-05,65536,62065,NUTS_SL_01m_2024.shp,SI036,2024,February,2
2024-04-01,2024-05-01,4.568953499983763e-06,6.847999611636624e-05,3.327201973542432e-05,9.663783153478242e-06,65536,27908,NUTS_SL_01m_2024.shp,SI036,2024,April,4
2024-05-01,2024-06-01,8.372890079044737e-06,4.203814023640007e-05,2.4991983700985433e-05,6.781441158592799e-06,65536,43532,NUTS_SL_01m_2024.shp,SI036,2024,May,5
2024-06-01,2024-07-01,2.699226342883776e-06,3.0943054298404604e-05,1.510749178986817e-05,6.500349003050697e-06,65536,27908,NUTS_SL_01m_2024.shp,SI036,2024,June,6
2024-07-01,2024-08-01,7.693620318605099e-06,3.311863474664278e-05,1.8684261430160136e-05,5.442481544578223e-06,65536,27908,NUTS_SL_01m_2024.shp,SI036,2024,July,7
2024-08-01,2024-09-01,8.780761163507123e-06,4.805330536328256e-05,2.4521711575054967e-05,7.816916629797228e-06,65536,29097,NUTS_SL_01m_2024.shp,SI036,2024,August,8
2024-09-01,2024-10-01,1.1853027217512135e-06,4.610034011420794e-05,2.2656363415375532e-05,9.050053489465154e-06,65536,27908,NUTS_SL_01m_2024.shp,SI036,2024,September,9
2024-10-01,2024-11-01,3.3688813800836215e-06,8.64793109940365e-05,3.7213595362445796e-05,1.5741903918312383e-05,65536,27908,NUTS_SL_01m_2024.shp,SI036,2024,October,10
2024-11-01,2024-12-01,3.3442203857703134e-05,8.458866795990616e-05,5.9613615598455424e-05,1.070750546898163e-05,65536,31029,NUTS_SL_01m_2024.shp,SI036,2024,November,11
2024-12-01,2025-01-01,1.6467185560031794e-05,0.00012015533866360784,6.660170855373967e-05,2.128278687179021e-05,65536,27908,NUTS_SL_01m_2024.shp,SI036,2024,December,12
2018-04-01,2018-05-01,-6.419374585675541e-06,2.657144796103239e-05,1.4188608306505577e-05,8.118028967840922e-06,65536,44796,NUTS_SL_01m_2024.shp,SI037,2018,April,4
2018-05-01,2018-06-01,1.9728809093066957e-06,4.140289092902094e-05,1.8313938631840224e-05,9.047532461416714e-06,65536,55438,NUTS_SL_01m_2024.shp,SI037,2018,May,5
2018-06-01,2018-07-01,9.09405844140565e-06,5.544632949749939e-05,2.7544168982749146e-05,8.726376012344061e-06,65536,47729,NUTS_SL_01m_2024.shp,SI037,2018,June,6
2018-07-01,2018-08-01,1.0188175110670272e-05,3.827753971563652e-05,2.764673623879896e-05,5.416981700901e-06,65536,26027,NUTS_SL_01m_2024.shp,SI037,2018,July,7
2018-09-01,2018-10-01,-8.14693521533627e-06,4.2870655306614935e-05,1.7218013063963824e-05,9.649116204631026e-06,65536,25929,NUTS_SL_01m_2024.shp,SI037,2018,September,9
2018-10-01,2018-11-01,1.988884378079092e-06,6.947722431505099e-05,2.4751149372966975e-05,1.1754313820904186e-05,65536,39889,NUTS_SL_01m_2024.shp,SI037,2018,October,10
2018-12-01,2019-01-01,4.959317720931722e-06,0.00010079034109367058,5.837197694825518e-05,2.0675680175232016e-05,65536,34813,NUTS_SL_01m_2024.shp,SI037,2018,December,12
2019-02-01,2019-03-01,5.447193416330265e-06,7.597728836117312e-05,3.217049881080652e-05,1.1879880460662451e-05,65536,25929,NUTS_SL_01m_2024.shp,SI037,2019,February,2
2019-03-01,2019-04-01,-1.1570649803616107e-05,4.4497839553514495e-05,2.012973438223306e-05,1.0139848974731924e-05,65536,25929,NUTS_SL_01m_2024.shp,SI037,2019,March,3
2019-05-01,2019-06-01,2.935384509328287e-05,4.21391123381909e-05,4.1119386617632207e-05,1.3354424983942281e-06,65536,64811,NUTS_SL_01m_2024.shp,SI037,2019,May,5
2019-06-01,2019-07-01,5.131390480528353e-06,3.7505731597775593e-05,2.0025125824057782e-05,6.105295057488605e-06,65536,25929,NUTS_SL_01m_2024.shp,SI037,2019,June,6
2019-07-01,2019-08-01,-1.3431940715236124e-05,4.0275463106809184e-05,1.6994722513667717e-05,1.0918811715937178e-05,65536,56626,NUTS_SL_01m_2024.shp,SI037,2019,July,7
2019-08-01,2019-09-01,-2.9520942916860804e-06,4.174935747869313e-05,2.3999102826568195e-05,7.682172000021795e-06,65536,29616,NUTS_SL_01m_2024.shp,SI037,2019,August,8
2019-09-01,2019-10-01,-5.074464297649683e-07,4.951188020640984e-05,3.27153075144971e-05,1.3538853648098449e-05,65536,57829,NUTS_SL_01m_2024.shp,SI037,2019,September,9
2019-11-01,2019-12-01,1.8522017853683792e-05,7.454777369275689e-05,5.1232101058834356e-05,1.25223116368451e-05,65536,53002,NUTS_SL_01m_2024.shp,SI037,2019,November,11
2019-12-01,2020-01-01,-4.960313617630163e-06,9.316074283560738e-05,3.756442520608988e-05,2.1164300148895463e-05,65536,36207,NUTS_SL_01m_2024.shp,SI037,2019,December,12
2020-01-01,2020-02-01,1.6584664990659803e-05,7.163621921790764e-05,4.051815057435366e-05,1.3948822049465121e-05,65536,35281,NUTS_SL_01m_2024.shp,SI037,2020,January,1
2020-02-01,2020-03-01,1.0958993698295671e-05,7.250054477481171e-05,3.96014866678522e-05,2.0657723293665103e-05,65536,63989,NUTS_SL_01m_2024.shp,SI037,2020,February,2
2020-03-01,2020-04-01,7.069198090903228e-06,5.548033368540928e-05,3.080858125753182e-05,1.419783973438071e-05,65536,61273,NUTS_SL_01m_2024.shp,SI037,2020,March,3
2020-04-01,2020-05-01,1.3173780644137878e-05,3.628911144915037e-05,2.7190304837549008e-05,6.426321605163008e-06,65536,60160,NUTS_SL_01m_2024.shp,SI037,2020,April,4
2020-06-01,2020-07-01,2.7879627850779798e-06,3.597437171265483e-05,2.0291686927436865e-05,7.316750665528624e-06,65536,28409,NUTS_SL_01m_2024.shp,SI037,2020,June,6
2020-07-01,2020-08-01,-1.6573743550907238e-06,5.0900140195153654e-05,2.2717447017265224e-05,1.2465437472455087e-05,65536,50812,NUTS_SL_01m_2024.shp,SI037,2020,July,7
2020-09-01,2020-10-01,-4.6249833758338355e-06,7.243886648211628e-05,3.0792367582817584e-05,1.416767354418569e-05,65536,31211,NUTS_SL_01m_2024.shp,SI037,2020,September,9
2020-10-01,2020-11-01,-1.8206606910098344e-05,4.9624581151874736e-05,1.9351865461024727e-05,1.1583185521409196e-05,65536,25929,NUTS_SL_01m_2024.shp,SI037,2020,October,10
2020-11-01,2020-12-01,1.931021142809186e-05,6.170549750095233e-05,4.460724771142255e-05,1.257266715152089e-05,65536,59949,NUTS_SL_01m_2024.shp,SI037,2020,November,11
2021-02-01,2021-03-01,7.155312687245896e-06,5.6482109357602894e-05,3.221794925423642e-05,9.725526721479554e-06,65536,26460,NUTS_SL_01m_2024.shp,SI037,2021,February,2
2021-03-01,2021-04-01,-1.280989181395853e-05,4.874495425610803e-05,1.9694963238732796e-05,1.2143804410744945e-05,65536,26263,NUTS_SL_01m_2024.shp,SI037,2021,March,3
2021-04-01,2021-05-01,-2.387467475273297e-06,3.84192680940032e-05,1.270387559876783e-05,9.917510302981073e-06,65536,56738,NUTS_SL_01m_2024.shp,SI037,2021,April,4
2021-05-01,2021-06-01,3.2074506179924356e-06,2.5993469535023905e-05,1.4565333085629523e-05,7.662867832793982e-06,65536,60793,NUTS_SL_01m_2024.shp,SI037,2021,May,5
2021-06-01,2021-07-01,-1.9976623661932535e-05,4.82170216855593e-05,1.3528915240766179e-05,1.2497972241781238e-05,65536,38567,NUTS_SL_01m_2024.shp,SI037,2021,June,6
2021-07-01,2021-08-01,-1.2337917723925784e-05,5.0708251364994794e-05,2.0546884349529912e-05,1.0449511399055538e-05,65536,30727,NUTS_SL_01m_2024.shp,SI037,2021,July,7
2021-08-01,2021-09-01,-6.1626528804481495e-06,6.298909283941612e-05,2.4643908350490966e-05,1.0862560229686184e-05,65536,44818,NUTS_SL_01m_2024.shp,SI037,2021,August,8
2021-10-01,2021-11-01,2.5319579322058416e-07,5.29976787220221e-05,2.7149734871458635e-05,1.00531527712374e-05,65536,25929,NUTS_SL_01m_2024.shp,SI037,2021,October,10
2021-11-01,2021-12-01,7.805643690517172e-06,8.118625555653125e-05,4.659176600346551e-05,2.2732200138738483e-05,65536,60213,NUTS_SL_01m_2024.shp,SI037,2021,November,11
2021-12-01,2022-01-01,2.339361799386097e-06,7.61437913752161e-05,4.0019423562700156e-05,1.6993095496211794e-05,65536,27595,NUTS_SL_01m_2024.shp,SI037,2021,December,12
2022-02-01,2022-03-01,2.1872730940231122e-05,8.285228977911174e-05,4.377477351937428e-05,1.596249014101025e-05,65536,59505,NUTS_SL_01m_2024.shp,SI037,2022,February,2
2022-04-01,2022-05-01,2.0270390166388097e-07,5.126400719746016e-05,2.4534991849176242e-05,1.0046824688018738e-05,65536,31948,NUTS_SL_01m_2024.shp,SI037,2022,April,4
2022-05-01,2022-06-01,-5.96053894241777e-07,4.4229585910215974e-05,1.6857248984742483e-05,8.696136718248723e-06,65536,51990,NUTS_SL_01m_2024.shp,SI037,2022,May,5
2022-06-01,2022-07-01,3.063916665269062e-06,4.39173927588854e-05,2.2003672249806707e-05,1.0285437457771234e-05,65536,51624,NUTS_SL_01m_2024.shp,SI037,2022,June,6
2022-07-01,2022-08-01,2.9260954761411995e-06,5.520452032214962e-05,2.4229596319451068e-05,1.3309743308759145e-05,65536,49983,NUTS_SL_01m_2024.shp,SI037,2022,July,7
2022-09-01,2022-10-01,-7.908874408713018e-07,3.284647027612664e-05,1.8260402530338432e-05,1.0973419385161952e-05,65536,63658,NUTS_SL_01m_2024.shp,SI037,2022,September,9
2022-10-01,2022-11-01,4.89817330162623e-06,5.5817945394665e-05,2.6078636446165372e-05,9.89408912618421e-06,65536,25929,NUTS_SL_01m_2024.shp,SI037,2022,October,10
2022-12-01,2023-01-01,-3.3476189855718985e-05,6.593374564545229e-05,2.1057717271002127e-05,2.0048401948442417e-05,65536,26819,NUTS_SL_01m_2024.shp,SI037,2022,December,12
2023-01-01,2023-02-01,1.5638157492503524e-05,5.795394099550322e-05,3.1956146697121014e-05,1.3543693632305746e-05,65536,61978,NUTS_SL_01m_2024.shp,SI037,2023,January,1
2023-04-01,2023-05-01,4.519999038166134e-06,3.3763921237550676e-05,1.8530634432102807e-05,9.61641858645568e-06,65536,60565,NUTS_SL_01m_2024.shp,SI037,2023,April,4
2023-06-01,2023-07-01,7.352899501711363e-06,6.577300518983975e-05,3.405017067424082e-05,1.1310517445389322e-05,65536,29186,NUTS_SL_01m_2024.shp,SI037,2023,June,6
2023-07-01,2023-08-01,-9.191217941406649e-06,3.170925992890261e-05,7.613045599108e-06,8.196479394696594e-06,65536,48337,NUTS_SL_01m_2024.shp,SI037,2023,July,7
2023-08-01,2023-09-01,-1.1858594007208012e-05,2.679817953321617e-05,7.304150260948832e-06,7.351496615499195e-06,65536,32715,NUTS_SL_01m_2024.shp,SI037,2023,August,8
2023-09-01,2023-10-01,-4.280069788364926e-06,4.053895827382803e-05,2.290242830556626e-05,8.487606751095818e-06,65536,58876,NUTS_SL_01m_2024.shp,SI037,2023,September,9
2023-10-01,2023-11-01,-2.9679160888917977e-06,7.138415821827948e-05,2.9435101259713832e-05,1.5837112546180486e-05,65536,44101,NUTS_SL_01m_2024.shp,SI037,2023,October,10
2024-01-01,2024-02-01,1.6155463526956737e-05,9.437929111300036e-05,4.9005102012639e-05,1.9699996515482554e-05,65536,51510,NUTS_SL_01m_2024.shp,SI037,2024,January,1
2024-02-01,2024-03-01,5.959320697002113e-05,8.542330760974437e-05,6.43211530569835e-05,9.085876848013847e-06,65536,65112,NUTS_SL_01m_2024.shp,SI037,2024,February,2
2024-03-01,2024-04-01,1.303572571487166e-05,3.197851765435189e-05,2.107970879915204e-05,9.085730980416674e-06,65536,64263,NUTS_SL_01m_2024.shp,SI037,2024,March,3
2024-04-01,2024-05-01,3.569761474864208e-06,5.552935181185603e-05,2.8218190763463416e-05,1.0928694396076404e-05,65536,25929,NUTS_SL_01m_2024.shp,SI037,2024,April,4
2024-05-01,2024-06-01,-5.349205821403302e-06,5.123181836097501e-05,2.6056141466936746e-05,1.0641187540945996e-05,65536,49087,NUTS_SL_01m_2024.shp,SI037,2024,May,5
2024-06-01,2024-07-01,-5.816604243591428e-06,2.7843316274811514e-05,1.0127778496618683e-05,7.877600399432966e-06,65536,26740,NUTS_SL_01m_2024.shp,SI037,2024,June,6
2024-07-01,2024-08-01,2.937284534709761e-06,2.9878672648919746e-05,1.6659545030659406e-05,5.293581790744718e-06,65536,25942,NUTS_SL_01m_2024.shp,SI037,2024,July,7
2024-08-01,2024-09-01,4.015709578197857e-07,4.805330536328256e-05,2.2937182336157428e-05,7.328534099196435e-06,65536,25929,NUTS_SL_01m_2024.shp,SI037,2024,August,8
2024-09-01,2024-10-01,-1.0478150215931237e-05,4.94486084789969e-05,1.8230777202011492e-05,1.0097389560985595e-05,65536,25929,NUTS_SL_01m_2024.shp,SI037,2024,September,9
2024-10-01,2024-11-01,1.5392566865557455e-06,6.148436659714207e-05,3.1186324094698475e-05,1.1859415045210612e-05,65536,25929,NUTS_SL_01m_2024.shp,SI037,2024,October,10
2024-11-01,2024-12-01,3.716671926667914e-05,6.75090923323296e-05,5.481995944954802e-05,7.455712972055406e-06,65536,43677,NUTS_SL_01m_2024.shp,SI037,2024,November,11
2024-12-01,2025-01-01,1.0894429578911513e-05,9.178803884424269e-05,4.574255576373423e-05,1.8160883490684832e-05,65536,31700,NUTS_SL_01m_2024.shp,SI037,2024,December,12
2018-04-01,2018-05-01,7.014260063442634e-06,2.9356786399148405e-05,1.4332463452329803e-05,8.158070275968008e-06,65536,60958,NUTS_SL_01m_2024.shp,SI038,2018,April,4
2018-05-01,2018-06-01,1.1362948498572223e-05,3.929104786948301e-05,2.491400331527297e-05,1.130514382862826e-05,65536,63033,NUTS_SL_01m_2024.shp,SI038,2018,May,5
2018-06-01,2018-07-01,6.368284743984987e-07,4.826366784982383e-05,2.759396728158426e-05,9.979773555047648e-06,65536,18878,NUTS_SL_01m_2024.shp,SI038,2018,June,6
2018-07-01,2018-08-01,8.065821930358652e-06,4.140217060921714e-05,2.4210303733448647e-05,6.0752051569730566e-06,65536,19155,NUTS_SL_01m_2024.shp,SI038,2018,July,7
2018-09-01,2018-10-01,-1.1472977348603308e-05,4.5072014472680166e-05,1.701556750773625e-05,9.830354208260698e-06,65536,16372,NUTS_SL_01m_2024.shp,SI038,2018,September,9
2018-10-01,2018-11-01,1.8320450863029691e-06,4.088280547875911e-05,2.2918145210175376e-05,8.130429223978007e-06,65536,43892,NUTS_SL_01m_2024.shp,SI038,2018,October,10
2018-12-01,2019-01-01,-1.0079383173433598e-05,5.881122706341557e-05,2.4538325737463357e-05,1.793242826310957e-05,65536,47529,NUTS_SL_01m_2024.shp,SI038,2018,December,12
2019-02-01,2019-03-01,3.459702384134289e-06,6.381158891599625e-05,3.4087859787860246e-05,1.1588823595378806e-05,65536,16372,NUTS_SL_01m_2024.shp,SI038,2019,February,2
2019-03-01,2019-04-01,7.151070349209476e-06,5.459022577269934e-05,2.674780143200145e-05,1.0284716042950463e-05,65536,16372,NUTS_SL_01m_2024.shp,SI038,2019,March,3
2019-05-01,2019-06-01,2.6284786144969985e-05,3.209093483746983e-05,3.151031996821986e-05,1.741844607749957e-06,65536,65506,NUTS_SL_01m_2024.shp,SI038,2019,May,5
2019-06-01,2019-07-01,-1.4301393775895122e-06,4.356200588517822e-05,2.2067157509810588e-05,9.121214095618466e-06,65536,16372,NUTS_SL_01m_2024.shp,SI038,2019,June,6
2019-07-01,2019-08-01,2.7337078790878877e-05,2.7337078790878877e-05,2.7337078790878877e-05,0.0,65536,64669,NUTS_SL_01m_2024.shp,SI038,2019,July,7
2019-08-01,2019-09-01,-3.571226443455089e-06,5.5861837608972564e-05,2.4137207848013733e-05,1.1178964225398026e-05,65536,33007,NUTS_SL_01m_2024.shp,SI038,2019,August,8
2019-10-01,2019-11-01,2.1537738575716503e-05,2.6508449082029983e-05,2.442468230480705e-05,2.4526959514768584e-06,65536,64651,NUTS_SL_01m_2024.shp,SI038,2019,October,10
2019-11-01,2019-12-01,2.597868842713069e-06,0.00010709391062846407,4.6771527820288734e-05,2.03507344923825e-05,65536,41430,NUTS_SL_01m_2024.shp,SI038,2019,November,11
2019-12-01,2020-01-01,5.5632367548241746e-06,9.991890692617744e-05,4.6439876816244e-05,1.9276027016630405e-05,65536,17572,NUTS_SL_01m_2024.shp,SI038,2019,December,12
2020-01-01,2020-02-01,4.4242518924875185e-05,5.681135371560231e-05,4.741726528658626e-05,5.461121502183468e-06,65536,62832,NUTS_SL_01m_2024.shp,SI038,2020,January,1
2020-02-01,2020-03-01,1.532261012471281e-05,8.206882193917409e-05,3.537735750239243e-05,1.6512876522212383e-05,65536,58066,NUTS_SL_01m_2024.shp,SI038,2020,February,2
2020-03-01,2020-04-01,4.164500751357991e-06,5.548033368540928e-05,2.09301610901815e-05,1.0802906683117446e-05,65536,32830,NUTS_SL_01m_2024.shp,SI038,2020,March,3
2020-04-01,2020-05-01,1.7188373021781445e-05,4.477077891351655e-05,3.7647109715964084e-05,8.108389811320629e-06,65536,63660,NUTS_SL_01m_2024.shp,SI038,2020,April,4
2020-05-01,2020-06-01,5.106764092488447e-06,5.106764092488447e-06,5.106764092488447e-06,0.0,65536,64728,NUTS_SL_01m_2024.shp,SI038,2020,May,5
2020-06-01,2020-07-01,3.285203774794354e-06,4.587090734275989e-05,2.0885655811467463e-05,9.268579720394854e-06,65536,41515,NUTS_SL_01m_2024.shp,SI038,2020,June,6
2020-07-01,2020-08-01,8.46577859192621e-06,4.420819095685147e-05,2.4987217490997014e-05,1.367831773952441e-05,65536,60003,NUTS_SL_01m_2024.shp,SI038,2020,July,7
2020-09-01,2020-10-01,6.444671498684329e-07,7.365403871517628e-05,3.185886795297336e-05,1.3182654814413154e-05,65536,18350,NUTS_SL_01m_2024.shp,SI038,2020,September,9
2020-10-01,2020-11-01,-2.5344081223011017e-05,4.744833131553605e-05,1.3056698624939947e-05,1.3276907990609708e-05,65536,16372,NUTS_SL_01m_2024.shp,SI038,2020,October,10
2020-11-01,2020-12-01,7.308425210794667e-06,5.256088115856983e-05,2.5080074495347513e-05,9.323541781725957e-06,65536,22122,NUTS_SL_01m_2024.shp,SI038,2020,November,11
2021-02-01,2021-03-01,2.7802611839433666e-06,4.934593744110316e-05,2.8006410480947937e-05,1.1314936232080052e-05,65536,16372,NUTS_SL_01m_2024.shp,SI038,2021,February,2
2021-03-01,2021-04-01,-5.243414307187777e-06,4.9022972234524786e-05,2.35308195894138e-05,9.444406046350885e-06,65536,17034,NUTS_SL_01m_2024.shp,SI038,2021,March,3
2021-04-01,2021-05-01,6.192003070282226e-07,9.370140105602331e-06,6.757919270207072e-06,4.004458712267085e-06,65536,64866,NUTS_SL_01m_2024.shp,SI038,2021,April,4
2021-05-01,2021-06-01,1.0206427759840153e-05,4.157186413067393e-05,2.7618705811550074e-05,7.302712153541265e-06,65536,53879,NUTS_SL_01m_2024.shp,SI038,2021,May,5
2021-06-01,2021-07-01,-1.3523187590180896e-05,5.13606246386189e-05,1.7015707419210032e-05,1.19741691776336e-05,65536,28166,NUTS_SL_01m_2024.shp,SI038,2021,June,6
2021-07-01,2021-08-01,-1.0409829883428756e-05,5.221474202699028e-05,1.4702379999767424e-05,1.2802750828059533e-05,65536,31777,NUTS_SL_01m_2024.shp,SI038,2021,July,7
2021-08-01,2021-09-01,2.6401753530080896e-06,5.0613682105904445e-05,2.254311087016116e-05,1.6684237778585797e-05,65536,59926,NUTS_SL_01m_2024.shp,SI038,2021,August,8
2021-09-01,2021-10-01,-2.5997934471888584e-07,3.602455763029866e-05,1.6451819031455364e-05,9.38290727163172e-06,65536,43145,NUTS_SL_01m_2024.shp,SI038,2021,September,9
2021-10-01,2021-11-01,-8.261777111329138e-06,5.0163907872047275e-05,2.4187237629727657e-05,9.834947457557411e-06,65536,37121,NUTS_SL_01m_2024.shp,SI038,2021,October,10
2021-11-01,2021-12-01,7.095379987731576e-05,0.00012531463289633393,0.00010222476001461975,2.11377410949059e-05,65536,64404,NUTS_SL_01m_2024.shp,SI038,2021,November,11
2021-12-01,2022-01-01,-1.1191882549610455e-06,9.629357373341918e-05,5.0938719168329326e-05,2.0323609737791607e-05,65536,22124,NUTS_SL_01m_2024.shp,SI038,2021,December,12
2022-02-01,2022-03-01,7.23179118722328e-06,7.153640035539865e-05,4.002997976908005e-05,1.1080539608430095e-05,65536,25342,NUTS_SL_01m_2024.shp,SI038,2022,February,2
2022-04-01,2022-05-01,1.9467458969302243e-06,3.5662040318129584e-05,1.9744971714319885e-05,7.000373897468625e-06,65536,16372,NUTS_SL_01m_2024.shp,SI038,2022,April,4
2022-05-01,2022-06-01,8.782053555478342e-06,1.7017964637489058e-05,1.2038432827284602e-05,2.571730174706822e-06,65536,64807,NUTS_SL_01m_2024.shp,SI038,2022,May,5
2022-06-01,2022-07-01,7.2731436375761405e-06,3.9512338844360784e-05,1.960683950108849e-05,1.0980113742622788e-05,65536,57346,NUTS_SL_01m_2024.shp,SI038,2022,June,6
2022-07-01,2022-08-01,2.8989756174269132e-05,4.335775884101167e-05,3.561274818015299e-05,6.426861314304967e-06,65536,64973,NUTS_SL_01m_2024.shp,SI038,2022,July,7
2022-10-01,2022-11-01,4.789779268321581e-06,6.720993405906484e-05,3.4544666430916806e-05,1.1354371276886986e-05,65536,16372,NUTS_SL_01m_2024.shp,SI038,2022,October,10
2022-12-01,2023-01-01,-2.8448615921661258e-05,5.945998418610543e-05,2.725257144029188e-05,1.8153346907325647e-05,65536,62564,NUTS_SL_01m_2024.shp,SI038,2022,December,12
2023-01-01,2023-02-01,9.77414947556099e-06,6.68220964143984e-05,4.1529312995238744e-05,1.4734581466977921e-05,65536,47415,NUTS_SL_01m_2024.shp,SI038,2023,January,1
2023-04-01,2023-05-01,3.095762224347709e-07,2.420575219730381e-05,1.3260709528076575e-05,6.731543601922124e-06,65536,55777,NUTS_SL_01m_2024.shp,SI038,2023,April,4
2023-06-01,2023-07-01,2.4367514924961142e-05,6.782505079172552e-05,4.2545939205910154e-05,9.480855232864915e-06,65536,21527,NUTS_SL_01m_2024.shp,SI038,2023,June,6
2023-07-01,2023-08-01,-5.023505764256697e-06,4.336545680416748e-05,1.5130576712309817e-05,1.0695400506168642e-05,65536,47749,NUTS_SL_01m_2024.shp,SI038,2023,July,7
2023-09-01,2023-10-01,-2.519663439670694e-06,4.025477392133325e-05,2.2188353760308927e-05,1.1548519479907455e-05,65536,36621,NUTS_SL_01m_2024.shp,SI038,2023,September,9
2023-10-01,2023-11-01,1.0443321798447869e-06,4.3587620893958956e-05,2.727122952755917e-05,1.5983364891587085e-05,65536,63773,NUTS_SL_01m_2024.shp,SI038,2023,October,10
2024-01-01,2024-02-01,2.71754979621619e-05,6.451999070122838e-05,4.442806715977848e-05,9.470442324054182e-06,65536,46287,NUTS_SL_01m_2024.shp,SI038,2024,January,1
2024-03-01,2024-04-01,1.5086303392308764e-05,2.043270069407299e-05,1.7778039914060313e-05,2.2362921285314407e-06,65536,62476,NUTS_SL_01m_2024.shp,SI038,2024,March,3
2024-04-01,2024-05-01,4.08767482440453e-06,4.522889503277838e-05,2.8390393074587427e-05,8.798366874835295e-06,65536,16372,NUTS_SL_01m_2024.shp,SI038,2024,April,4
2024-06-01,2024-07-01,-7.680316230107564e-06,1.8044487660517916e-05,5.646094874258721e-06,6.547794812184832e-06,65536,52169,NUTS_SL_01m_2024.shp,SI038,2024,June,6
2024-07-01,2024-08-01,-6.110182312113466e-06,3.898073919117451e-05,1.7521236608242294e-05,6.704897464931607e-06,65536,16372,NUTS_SL_01m_2024.shp,SI038,2024,July,7
2024-08-01,2024-09-01,3.911691692337627e-06,4.125718987779692e-05,2.332809249985499e-05,6.930262993410558e-06,65536,20639,NUTS_SL_01m_2024.shp,SI038,2024,August,8
2024-09-01,2024-10-01,-1.019364208332263e-05,4.361172250355594e-05,1.577458890348875e-05,9.293299554048273e-06,65536,19935,NUTS_SL_01m_2024.shp,SI038,2024,September,9
2024-10-01,2024-11-01,1.5392566865557455e-06,6.711913010803983e-05,3.264096685761822e-05,1.4909616041257573e-05,65536,16372,NUTS_SL_01m_2024.shp,SI038,2024,October,10
2024-11-01,2024-12-01,2.6252355382894166e-05,5.622742901323363e-05,4.425570951117254e-05,6.464744063170073e-06,65536,19977,NUTS_SL_01m_2024.shp,SI038,2024,November,11
2024-12-01,2025-01-01,1.164744662673911e-05,7.867157546570525e-05,3.9017010345358694e-05,1.4387235420234329e-05,65536,18206,NUTS_SL_01m_2024.shp,SI038,2024,December,12
2018-04-01,2018-05-01,1.2166790838818997e-05,3.524143903632648e-05,2.2857614102114024e-05,7.2040126247425845e-06,65536,62408,NUTS_SL_01m_2024.shp,SI04,2018,April,4
2018-05-01,2018-06-01,3.986534920841223e-06,5.896808215766214e-05,2.3626643324931016e-05,1.065023499182882e-05,65536,50989,NUTS_SL_01m_2024.shp,SI04,2018,May,5
2018-06-01,2018-07-01,-7.313522587537591e-07,5.329036866896786e-05,2.4637502777625473e-05,9.603564867831301e-06,65536,50523,NUTS_SL_01m_2024.shp,SI04,2018,June,6
2018-07-01,2018-08-01,8.065821930358652e-06,5.518964462680742e-05,2.8799941669505183e-05,7.889906152767314e-06,65536,39845,NUTS_SL_01m_2024.shp,SI04,2018,July,7
2018-09-01,2018-10-01,-8.99714905244764e-06,4.990354136680253e-05,2.0445875743953095e-05,1.0757272073322482e-05,65536,30118,NUTS_SL_01m_2024.shp,SI04,2018,September,9
2018-10-01,2018-11-01,-3.964540610468248e-06,5.5451917432947084e-05,2.7443369054800508e-05,1.2681909002259453e-05,65536,50600,NUTS_SL_01m_2024.shp,SI04,2018,October,10
2018-12-01,2019-01-01,-1.8156852092943154e-05,8.562884613638744e-05,3.021897846006288e-05,2.1694139457914485e-05,65536,51167,NUTS_SL_01m_2024.shp,SI04,2018,December,12
2019-01-01,2019-02-01,9.577950550010428e-06,8.960538252722472e-05,2.8902735050618156e-05,1.4193790165270813e-05,65536,60431,NUTS_SL_01m_2024.shp,SI04,2019,January,1
2019-02-01,2019-03-01,1.6714784578653052e-05,7.180608372436836e-05,4.430101974802652e-05,1.3019243186807484e-05,65536,60764,NUTS_SL_01m_2024.shp,SI04,2019,February,2
2019-03-01,2019-04-01,-8.35135597299086e-06,0.00012869392230641097,2.9419207333306418e-05,1.9127733567914392e-05,65536,30138,NUTS_SL_01m_2024.shp,SI04,2019,March,3
2019-04-01,2019-05-01,2.4912682420108467e-05,2.4912682420108467e-05,2.4912682420108467e-05,0.0,65536,65369,NUTS_SL_01m_2024.shp,SI04,2019,April,4
2019-05-01,2019-06-01,1.9132776287733577e-05,4.9327456508763134e-05,3.314036818212098e-05,6.642097590676123e-06,65536,61488,NUTS_SL_01m_2024.shp,SI04,2019,May,5
2019-06-01,2019-07-01,-1.3812179986416595e-06,6.853285594843328e-05,2.426245806860454e-05,9.730145667918694e-06,65536,30118,NUTS_SL_01m_2024.shp,SI04,2019,June,6
2019-07-01,2019-08-01,-1.3380128621065523e-05,5.02732909808401e-05,1.5184422095187159e-05,1.1159747483247493e-05,65536,47907,NUTS_SL_01m_2024.shp,SI04,2019,July,7
2019-08-01,2019-09-01,-1.9914629945105844e-07,6.277732609305531e-05,2.5341974963599532e-05,9.060555867863357e-06,65536,41232,NUTS_SL_01m_2024.shp,SI04,2019,August,8
2019-09-01,2019-10-01,1.707663614070043e-05,6.919854786247015e-05,3.826173032180639e-05,1.135307105545134e-05,65536,55718,NUTS_SL_01m_2024.shp,SI04,2019,September,9
2019-10-01,2019-11-01,3.7809227251273114e-06,4.990083471057005e-05,2.5144766603445944e-05,1.0622628798219667e-05,65536,58404,NUTS_SL_01m_2024.shp,SI04,2019,October,10
2019-11-01,2019-12-01,2.597868842713069e-06,0.00010172632028115913,5.035601896772412e-05,1.757705886446804e-05,65536,57380,NUTS_SL_01m_2024.shp,SI04,2019,November,11
2019-12-01,2020-01-01,-8.246971447078977e-06,0.00015529413940384984,5.276726599811066e-05,2.6674320107395363e-05,65536,35622,NUTS_SL_01m_2024.shp,SI04,2019,December,12
2020-01-01,2020-02-01,2.155499350919854e-05,0.00019506448006723076,6.639587212034612e-05,2.4331691266867367e-05,65536,62663,NUTS_SL_01m_2024.shp,SI04,2020,January,1
2020-02-01,2020-03-01,-2.2271649413596606e-06,7.304330938495696e-05,3.511542030813105e-05,1.655042489626015e-05,65536,50317,NUTS_SL_01m_2024.shp,SI04,2020,February,2
2020-03-01,2020-04-01,8.688776915732888e-07,6.277143256738782e-05,2.4228191364538845e-05,9.225786733487023e-06,65536,48446,NUTS_SL_01m_2024.shp,SI04,2020,March,3
2020-04-01,2020-05-01,1.0949912393698469e-05,6.367424066411331e-05,3.148246536696428e-05,9.38845276985071e-06,65536,62210,NUTS_SL_01m_2024.shp,SI04,2020,April,4
2020-06-01,2020-07-01,-6.798175604671997e-07,4.819199239136651e-05,2.1033643013899823e-05,9.298758225551865e-06,65536,47963,NUTS_SL_01m_2024.shp,SI04,2020,June,6
2020-07-01,2020-08-01,9.262703883905488e-07,4.646465094992891e-05,2.1079079488995412e-05,1.0352950326474694e-05,65536,54266,NUTS_SL_01m_2024.shp,SI04,2020,July,7
2020-09-01,2020-10-01,-1.1538714716152754e-05,0.00014052350888960063,3.6805128803037596e-05,1.8180181237727383e-05,65536,32862,NUTS_SL_01m_2024.shp,SI04,2020,September,9
2020-10-01,2020-11-01,-2.143540586985182e-05,0.0001072465893230401,2.0244185970178816e-05,1.6425906283872814e-05,65536,30416,NUTS_SL_01m_2024.shp,SI04,2020,October,10
2020-11-01,2020-12-01,3.5974333059130004e-06,6.112279515946284e-05,3.1591636881852035e-05,1.1600202013417835e-05,65536,44865,NUTS_SL_01m_2024.shp,SI04,2020,November,11
2020-12-01,2021-01-01,3.24349821312353e-05,7.929580169729888e-05,5.611984370642379e-05,1.548630230346912e-05,65536,64150,NUTS_SL_01m_2024.shp,SI04,2020,December,12
2021-02-01,2021-03-01,1.4153541769701405e-06,6.08079026278574e-05,2.949644759508175e-05,1.1125591837652658e-05,65536,33205,NUTS_SL_01m_2024.shp,SI04,2021,February,2
2021-03-01,2021-04-01,-9.79219203145476e-06,0.00011279536556685343,3.047041709609844e-05,1.7991000833988776e-05,65536,30943,NUTS_SL_01m_2024.shp,SI04,2021,March,3
2021-04-01,2021-05-01,-9.257123565475922e-06,4.220000118948519e-05,1.2403892393839973e-05,9.0665690701141e-06,65536,60896,NUTS_SL_01m_2024.shp,SI04,2021,April,4
2021-05-01,2021-06-01,2.569151547504589e-06,4.857711246586405e-05,2.5273067765998176e-05,1.040466153468559e-05,65536,53286,NUTS_SL_01m_2024.shp,SI04,2021,May,5
2021-06-01,2021-07-01,-1.41077416628832e-05,5.3715404646936804e-05,1.8712247357428024e-05,1.1237343526181593e-05,65536,36183,NUTS_SL_01m_2024.shp,SI04,2021,June,6
2021-07-01,2021-08-01,-1.0409829883428756e-05,4.903775698039681e-05,1.9598703418540854e-05,1.0470965714877831e-05,65536,42677,NUTS_SL_01m_2024.shp,SI04,2021,July,7
2021-08-01,2021-09-01,-8.432669346802868e-06,9.438611596124247e-05,2.7706289137467026e-05,1.7296056959236686e-05,65536,52659,NUTS_SL_01m_2024.shp,SI04,2021,August,8
2021-09-01,2021-10-01,-9.047763342096005e-06,3.614784145611338e-05,2.1152783833118312e-05,8.245842642478063e-06,65536,48154,NUTS_SL_01m_2024.shp,SI04,2021,September,9
2021-10-01,2021-11-01,6.9484040068346076e-06,7.501980871893466e-05,3.4416833799252594e-05,1.322293542137804e-05,65536,55856,NUTS_SL_01m_2024.shp,SI04,2021,October,10
2021-11-01,2021-12-01,1.4796049754295382e-06,0.00014888662553858012,4.0544663424574964e-05,3.079047479759847e-05,65536,55066,NUTS_SL_01m_2024.shp,SI04,2021,November,11
2021-12-01,2022-01-01,-2.454549530739314e-06,0.0001942707458510995,4.531374442523927e-05,2.666078381298262e-05,65536,33317,NUTS_SL_01m_2024.shp,SI04,2021,December,12
2022-01-01,2022-02-01,2.3468828658224083e-05,2.3468828658224083e-05,2.3468828658224083e-05,0.0,65536,65492,NUTS_SL_01m_2024.shp,SI04,2022,January,1
2022-02-01,2022-03-01,5.229823727859184e-06,0.0001160697138402611,5.0283576072070254e-05,2.2291233154951086e-05,65536,35323,NUTS_SL_01m_2024.shp,SI04,2022,February,2
2022-04-01,2022-05-01,-9.41641610552324e-06,4.9153157306136563e-05,1.8635975238999678e-05,9.881753478976155e-06,65536,35086,NUTS_SL_01m_2024.shp,SI04,2022,April,4
2022-05-01,2022-06-01,-4.518115929386113e-06,7.248984911711887e-05,2.395054063267096e-05,1.3206748897129254e-05,65536,51835,NUTS_SL_01m_2024.shp,SI04,2022,May,5
2022-06-01,2022-07-01,2.9136679131624987e-06,5.574895840254612e-05,2.1882576527182807e-05,9.929934607259944e-06,65536,46609,NUTS_SL_01m_2024.shp,SI04,2022,June,6
2022-07-01,2022-08-01,1.602210795681458e-05,4.335775884101167e-05,2.934173373391773e-05,6.383146362077411e-06,65536,62559,NUTS_SL_01m_2024.shp,SI04,2022,July,7
2022-08-01,2022-09-01,1.0879058208956849e-05,3.816689059021883e-05,2.644015792642097e-05,6.886269509967945e-06,65536,63258,NUTS_SL_01m_2024.shp,SI04,2022,August,8
2022-10-01,2022-11-01,-4.837062874685216e-07,0.0001270412321900949,3.558341731756995e-05,1.5810778612594015e-05,65536,30118,NUTS_SL_01m_2024.shp,SI04,2022,October,10
2022-12-01,2023-01-01,-4.1328308725496754e-05,8.036373037612066e-05,2.2876692499967413e-05,1.976352721654928e-05,65536,53210,NUTS_SL_01m_2024.shp,SI04,2022,December,12
2023-01-01,2023-02-01,-4.844838713324862e-06,0.000180135975824669,4.2689517506452754e-05,2.7444944433538367e-05,65536,38840,NUTS_SL_01m_2024.shp,SI04,2023,January,1
2023-02-01,2023-03-01,-1.9387678548810072e-05,5.17407497682143e-05,2.0135504132198148e-05,1.4375764400885842e-05,65536,57354,NUTS_SL_01m_2024.shp,SI04,2023,February,2
2023-03-01,2023-04-01,1.4961938177293632e-05,2.5283916329499334e-05,1.9814305489283054e-05,3.1016539169032298e-06,65536,64340,NUTS_SL_01m_2024.shp,SI04,2023,March,3
2023-04-01,2023-05-01,2.504189978935756e-06,3.739239036804065e-05,1.8480406362946198e-05,7.5975433990401495e-06,65536,59742,NUTS_SL_01m_2024.shp,SI04,2023,April,4
2023-06-01,2023-07-01,4.7433563850063365e-06,0.00010031888814410195,3.898187168518083e-05,1.1659209734637513e-05,65536,37939,NUTS_SL_01m_2024.shp,SI04,2023,June,6
2023-07-01,2023-08-01,-1.1369663297955412e-05,5.1214563427492976e-05,1.578745727445955e-05,1.1183139771568598e-05,65536,54097,NUTS_SL_01m_2024.shp,SI04,2023,July,7
2023-08-01,2023-09-01,-1.1193940736120567e-05,2.9933777113910764e-05,7.504190536410861e-06,9.261410163567225e-06,65536,60858,NUTS_SL_01m_2024.shp,SI04,2023,August,8
2023-09-01,2023-10-01,-2.395539695498883e-06,5.180673542781733e-05,2.282648613649118e-05,1.0947980293050724e-05,65536,45347,NUTS_SL_01m_2024.shp,SI04,2023,September,9
2023-10-01,2023-11-01,1.0443321798447869e-06,6.212355947354808e-05,3.100925145662285e-05,1.4232951555746242e-05,65536,62269,NUTS_SL_01m_2024.shp,SI04,2023,October,10
2024-01-01,2024-02-01,3.702475441969e-05,0.00011666381033137441,7.288394032572011e-05,2.414752788825521e-05,65536,59943,NUTS_SL_01m_2024.shp,SI04,2024,January,1
2024-02-01,2024-03-01,1.5400581105495803e-05,2.4946493795141578e-05,1.7766291274041855e-05,2.0390429572119147e-06,65536,65029,NUTS_SL_01m_2024.shp,SI04,2024,February,2
2024-03-01,2024-04-01,1.306879858020693e-05,3.197851765435189e-05,1.4729185029452466e-05,4.321311092758462e-06,65536,65324,NUTS_SL_01m_2024.shp,SI04,2024,March,3
2024-04-01,2024-05-01,-1.0329023098165635e-05,6.14148229942657e-05,2.7800081414012242e-05,1.0955306199927699e-05,65536,31891,NUTS_SL_01m_2024.shp,SI04,2024,April,4
2024-05-01,2024-06-01,2.904209623011411e-06,6.714335904689506e-05,2.826774652282317e-05,1.4796298620622084e-05,65536,63678,NUTS_SL_01m_2024.shp,SI04,2024,May,5
2024-06-01,2024-07-01,-6.580004082934465e-06,2.9668888601008803e-05,1.2942663447558436e-05,7.6211028719283e-06,65536,54210,NUTS_SL_01m_2024.shp,SI04,2024,June,6
2024-07-01,2024-08-01,-4.045121841045329e-06,3.267611100454815e-05,1.7748783754640086e-05,6.239382930553354e-06,65536,30118,NUTS_SL_01m_2024.shp,SI04,2024,July,7
2024-08-01,2024-09-01,-6.964451131352689e-06,5.339652125257999e-05,2.3176736376709873e-05,1.0198956338126042e-05,65536,36430,NUTS_SL_01m_2024.shp,SI04,2024,August,8
2024-09-01,2024-10-01,-1.7086704247049056e-05,8.750812412472442e-05,1.9363536967686438e-05,1.2684945370021846e-05,65536,34745,NUTS_SL_01m_2024.shp,SI04,2024,September,9
2024-10-01,2024-11-01,-4.488912964006886e-06,9.328075975645334e-05,3.433329258388098e-05,1.5667668514732247e-05,65536,30118,NUTS_SL_01m_2024.shp,SI04,2024,October,10
2024-11-01,2024-12-01,1.3091588698443957e-05,7.362806354649365e-05,4.331128962699863e-05,1.2311514629061855e-05,65536,31837,NUTS_SL_01m_2024.shp,SI04,2024,November,11
2024-12-01,2025-01-01,3.9094688872864936e-06,0.00012421973224263638,4.623949995283931e-05,2.3722754602760334e-05,65536,31205,NUTS_SL_01m_2024.shp,SI04,2024,December,12
2018-04-01,2018-05-01,6.75615581258171e-08,4.24250538344495e-05,1.910754129113618e-05,9.595173062543558e-06,65536,52152,NUTS_SL_01m_2024.shp,SI041,2018,April,4
2018-05-01,2018-06-01,8.729180080990773e-06,5.896808215766214e-05,2.6819737746956043e-05,1.1095963987606488e-05,65536,40615,NUTS_SL_01m_2024.shp,SI041,2018,May,5
2018-06-01,2018-07-01,-7.313522587537591e-07,3.769537215703167e-05,1.845151472289762e-05,9.232971777345975e-06,65536,56854,NUTS_SL_01m_2024.shp,SI041,2018,June,6
2018-07-01,2018-08-01,8.065821930358652e-06,4.694197923527099e-05,2.8608881877297622e-05,7.300894476181285e-06,65536,36426,NUTS_SL_01m_2024.shp,SI041,2018,July,7
2018-09-01,2018-10-01,-8.99714905244764e-06,4.9101232434622943e-05,1.872515879991945e-05,1.0319435889559657e-05,65536,32125,NUTS_SL_01m_2024.shp,SI041,2018,September,9
2018-10-01,2018-11-01,1.0952017873933073e-05,5.524458538275212e-05,3.1983062079927863e-05,1.1712583978843688e-05,65536,44405,NUTS_SL_01m_2024.shp,SI041,2018,October,10
2018-12-01,2019-01-01,-7.47696458347491e-06,8.562884613638744e-05,4.17573683766167e-05,2.101947838375691e-05,65536,53390,NUTS_SL_01m_2024.shp,SI041,2018,December,12
2019-02-01,2019-03-01,6.588447376998374e-06,9.157896420219913e-05,4.213349767774119e-05,1.678610695616803e-05,65536,32589,NUTS_SL_01m_2024.shp,SI041,2019,February,2
2019-03-01,2019-04-01,1.4318669627755298e-06,8.641951717436314e-05,2.788775219609897e-05,1.4080934880477646e-05,65536,32125,NUTS_SL_01m_2024.shp,SI041,2019,March,3
2019-05-01,2019-06-01,2.6284786144969985e-05,3.209093483746983e-05,2.916360081701726e-05,2.9029729809390256e-06,65536,63741,NUTS_SL_01m_2024.shp,SI041,2019,May,5
2019-06-01,2019-07-01,-1.3812179986416595e-06,4.2960320570273325e-05,2.297107738220849e-05,9.231340321107477e-06,65536,32125,NUTS_SL_01m_2024.shp,SI041,2019,June,6
2019-07-01,2019-08-01,-1.3380128621065523e-05,4.332625394454226e-05,1.751760709067992e-05,1.0803985402147075e-05,65536,45559,NUTS_SL_01m_2024.shp,SI041,2019,July,7
2019-08-01,2019-09-01,6.985254913161043e-06,5.468983363243751e-05,2.8327272130456138e-05,7.001677035171481e-06,65536,33763,NUTS_SL_01m_2024.shp,SI041,2019,August,8
2019-09-01,2019-10-01,1.971088749996852e-05,5.239641905063763e-05,3.675221698094847e-05,8.610604552329859e-06,65536,54559,NUTS_SL_01m_2024.shp,SI041,2019,September,9
2019-11-01,2019-12-01,3.1401996238855645e-05,0.00010172632028115913,6.108920485741988e-05,2.3190511557397923e-05,65536,63061,NUTS_SL_01m_2024.shp,SI041,2019,November,11
2019-12-01,2020-01-01,-8.246971447078977e-06,0.00015529413940384984,5.89675465523059e-05,3.103018830308447e-05,65536,32829,NUTS_SL_01m_2024.shp,SI041,2019,December,12
2020-01-01,2020-02-01,2.155499350919854e-05,8.758503099670634e-05,5.586085288555497e-05,2.0391371346212184e-05,65536,60707,NUTS_SL_01m_2024.shp,SI041,2020,January,1
2020-02-01,2020-03-01,1.0958993698295671e-05,7.059900963213295e-05,4.3731649824195584e-05,1.4911574628276086e-05,65536,55183,NUTS_SL_01m_2024.shp,SI041,2020,February,2
2020-03-01,2020-04-01,8.688776915732888e-07,6.277143256738782e-05,2.7687549270519663e-05,1.1400837264276452e-05,65536,46104,NUTS_SL_01m_2024.shp,SI041,2020,March,3
2020-04-01,2020-05-01,1.7188373021781445e-05,4.477077891351655e-05,2.929477747091851e-05,9.629776864778623e-06,65536,63356,NUTS_SL_01m_2024.shp,SI041,2020,April,4
2020-06-01,2020-07-01,-6.515821837638214e-07,4.097221972187981e-05,2.1479846840946863e-05,9.189611741868909e-06,65536,43352,NUTS_SL_01m_2024.shp,SI041,2020,June,6
2020-07-01,2020-08-01,9.262703883905488e-07,3.5987173760076985e-05,1.5927512585188157e-05,7.861330824681155e-06,65536,47968,NUTS_SL_01m_2024.shp,SI041,2020,July,7
2020-09-01,2020-10-01,1.1562725376279559e-05,0.00014052350888960063,4.394138789493237e-05,2.0573870920376213e-05,65536,34189,NUTS_SL_01m_2024.shp,SI041,2020,September,9
2020-10-01,2020-11-01,-2.143540586985182e-05,5.8593104768078774e-05,1.9529017140306422e-05,1.5678984047782792e-05,65536,32416,NUTS_SL_01m_2024.shp,SI041,2020,October,10
2020-11-01,2020-12-01,1.6315085304086097e-05,6.112279515946284e-05,3.780955634020924e-05,1.181699647650977e-05,65536,51244,NUTS_SL_01m_2024.shp,SI041,2020,November,11
2021-02-01,2021-03-01,8.977266588772181e-06,6.08079026278574e-05,3.1487169826137716e-05,9.90267746804229e-06,65536,33090,NUTS_SL_01m_2024.shp,SI041,2021,February,2
2021-03-01,2021-04-01,-5.243414307187777e-06,0.00011279536556685343,3.433150834431022e-05,1.8839455326396745e-05,65536,32554,NUTS_SL_01m_2024.shp,SI041,2021,March,3
2021-04-01,2021-05-01,4.261265985405771e-06,1.948462704604026e-05,1.2569783458090095e-05,6.049581451888582e-06,65536,63954,NUTS_SL_01m_2024.shp,SI041,2021,April,4
2021-05-01,2021-06-01,4.0154695852834266e-06,4.786513454746455e-05,2.7437173812650225e-05,1.2110521825953283e-05,65536,55598,NUTS_SL_01m_2024.shp,SI041,2021,May,5
2021-06-01,2021-07-01,-3.7245501971483463e-06,3.7663266994059086e-05,1.9144968403500136e-05,8.668265193317603e-06,65536,33184,NUTS_SL_01m_2024.shp,SI041,2021,June,6
2021-07-01,2021-08-01,4.929544061837987e-08,4.8726047680247575e-05,2.047428346179231e-05,1.0122958775522766e-05,65536,36200,NUTS_SL_01m_2024.shp,SI041,2021,July,7
2021-08-01,2021-09-01,-8.432669346802868e-06,9.438611596124247e-05,3.3442197329366554e-05,2.039899442232786e-05,65536,45042,NUTS_SL_01m_2024.shp,SI041,2021,August,8
2021-09-01,2021-10-01,4.041339252580656e-06,3.1691441108705476e-05,2.173560336212839e-05,6.9578694805209136e-06,65536,54448,NUTS_SL_01m_2024.shp,SI041,2021,September,9
2021-10-01,2021-11-01,-8.261777111329138e-06,7.43151904316619e-05,3.7583156834048944e-05,1.3766596378573744e-05,65536,32275,NUTS_SL_01m_2024.shp,SI041,2021,October,10
2021-11-01,2021-12-01,1.4796049754295382e-06,1.4796049754295382e-06,1.4796049754295382e-06,0.0,65536,65479,NUTS_SL_01m_2024.shp,SI041,2021,November,11
2021-12-01,2022-01-01,7.265134058798139e-07,0.00011582470324356109,5.490665884819022e-05,2.37571633278251e-05,65536,38797,NUTS_SL_01m_2024.shp,SI041,2021,December,12
2022-02-01,2022-03-01,4.073392119607888e-05,0.0001160697138402611,7.556500730815491e-05,1.6580656786858742e-05,65536,45716,NUTS_SL_01m_2024.shp,SI041,2022,February,2
2022-04-01,2022-05-01,-4.199302566121332e-06,4.244734373060055e-05,2.100778776002977e-05,9.295737056663432e-06,65536,33130,NUTS_SL_01m_2024.shp,SI041,2022,April,4
2022-05-01,2022-06-01,-4.518115929386113e-06,7.248984911711887e-05,2.6162402198978825e-05,1.502807038942406e-05,65536,43502,NUTS_SL_01m_2024.shp,SI041,2022,May,5
2022-06-01,2022-07-01,2.9136679131624987e-06,4.963134051649831e-05,2.360806408785917e-05,9.898686556129775e-06,65536,41204,NUTS_SL_01m_2024.shp,SI041,2022,June,6
2022-10-01,2022-11-01,-4.837062874685216e-07,6.223891250556335e-05,3.324868928549345e-05,1.213736514067085e-05,65536,32125,NUTS_SL_01m_2024.shp,SI041,2022,October,10
2022-12-01,2023-01-01,-2.5597670173738152e-05,5.7354562159162015e-05,2.568023575642465e-05,1.5939427248153883e-05,65536,41434,NUTS_SL_01m_2024.shp,SI041,2022,December,12
2023-01-01,2023-02-01,1.4468446352111641e-05,0.000180135975824669,5.013093036085462e-05,2.960456867760307e-05,65536,44684,NUTS_SL_01m_2024.shp,SI041,2023,January,1
2023-02-01,2023-03-01,5.786748261016328e-06,9.65599792834837e-06,7.374873124473512e-06,1.903342065337325e-06,65536,65134,NUTS_SL_01m_2024.shp,SI041,2023,February,2
2023-04-01,2023-05-01,6.934511475265026e-06,3.731768811121583e-05,2.2004100067118408e-05,8.250126280225701e-06,65536,57814,NUTS_SL_01m_2024.shp,SI041,2023,April,4
2023-06-01,2023-07-01,4.7433563850063365e-06,6.782505079172552e-05,3.83174395794261e-05,8.143092917938165e-06,65536,33099,NUTS_SL_01m_2024.shp,SI041,2023,June,6
2023-07-01,2023-08-01,-7.423532679240452e-06,3.4433316614013165e-05,1.5401380329038215e-05,8.627566097698282e-06,65536,49799,NUTS_SL_01m_2024.shp,SI041,2023,July,7
2023-08-01,2023-09-01,-1.1193940736120567e-05,2.9933777113910764e-05,6.2053192590539825e-06,9.24486513857348e-06,65536,56779,NUTS_SL_01m_2024.shp,SI041,2023,August,8
2023-09-01,2023-10-01,-2.395539695498883e-06,4.033555887872353e-05,2.4510440920774478e-05,9.788909347140694e-06,65536,47870,NUTS_SL_01m_2024.shp,SI041,2023,September,9
2023-10-01,2023-11-01,1.0443321798447869e-06,6.212355947354808e-05,3.11407115392878e-05,1.4956761062272977e-05,65536,56563,NUTS_SL_01m_2024.shp,SI041,2023,October,10
2024-01-01,2024-02-01,3.966672738897614e-05,6.571359699591994e-05,6.113649131043818e-05,9.370530728955983e-06,65536,64604,NUTS_SL_01m_2024.shp,SI041,2024,January,1
2024-03-01,2024-04-01,1.306879858020693e-05,3.197851765435189e-05,1.4523347140816955e-05,3.950586723125739e-06,65536,64888,NUTS_SL_01m_2024.shp,SI041,2024,March,3
2024-04-01,2024-05-01,4.76932063975255e-06,4.7992158215492964e-05,2.9397813547737522e-05,1.0303423955044137e-05,65536,32125,NUTS_SL_01m_2024.shp,SI041,2024,April,4
2024-05-01,2024-06-01,9.558335477777291e-06,6.714335904689506e-05,2.9734994225794456e-05,1.45885524120118e-05,65536,62099,NUTS_SL_01m_2024.shp,SI041,2024,May,5
2024-06-01,2024-07-01,-6.580004082934465e-06,2.9668888601008803e-05,1.3961158998835801e-05,7.909760824426613e-06,65536,43453,NUTS_SL_01m_2024.shp,SI041,2024,June,6
2024-07-01,2024-08-01,3.5805180687020766e-06,3.2620275305816904e-05,1.802437889992353e-05,6.628308025979983e-06,65536,32125,NUTS_SL_01m_2024.shp,SI041,2024,July,7
2024-08-01,2024-09-01,8.004937626537867e-06,4.062835068907589e-05,2.4742038923562762e-05,7.077587694244044e-06,65536,32439,NUTS_SL_01m_2024.shp,SI041,2024,August,8
2024-09-01,2024-10-01,-1.7086704247049056e-05,8.750812412472442e-05,2.203411354110151e-05,1.4827485529350901e-05,65536,32125,NUTS_SL_01m_2024.shp,SI041,2024,September,9
2024-10-01,2024-11-01,8.5640112956753e-06,6.456991832237691e-05,3.68488474526122e-05,1.3438641422368316e-05,65536,32125,NUTS_SL_01m_2024.shp,SI041,2024,October,10
2024-11-01,2024-12-01,2.1322121028788388e-05,6.532849511131644e-05,4.800498058843767e-05,9.09413816973797e-06,65536,32125,NUTS_SL_01m_2024.shp,SI041,2024,November,11
2024-12-01,2025-01-01,8.868966688169166e-06,0.00012421973224263638,5.716497427012168e-05,2.476771321269063e-05,65536,33237,NUTS_SL_01m_2024.shp,SI041,2024,December,12
2018-04-01,2018-05-01,1.831729787227232e-05,1.831729787227232e-05,1.831729787227232e-05,0.0,65536,65429,NUTS_SL_01m_2024.shp,SI042,2018,April,4
2018-05-01,2018-06-01,3.986534920841223e-06,3.9436421502614394e-05,1.861179117445632e-05,7.692053091279308e-06,65536,55241,NUTS_SL_01m_2024.shp,SI042,2018,May,5
2018-06-01,2018-07-01,-7.313522587537591e-07,3.769537215703167e-05,1.7240913701809764e-05,6.298425415503723e-06,65536,60892,NUTS_SL_01m_2024.shp,SI042,2018,June,6
2018-07-01,2018-08-01,1.7810154531616718e-05,4.232047649566084e-05,2.7879516436924755e-05,5.928822442978021e-06,65536,41416,NUTS_SL_01m_2024.shp,SI042,2018,July,7
2018-09-01,2018-10-01,9.58243731474795e-07,4.990354136680253e-05,2.3197376796325012e-05,1.0277679958763556e-05,65536,29563,NUTS_SL_01m_2024.shp,SI042,2018,September,9
2018-10-01,2018-11-01,-3.964540610468248e-06,5.528986730496399e-05,2.0460181670198772e-05,1.0500180737919803e-05,65536,49138,NUTS_SL_01m_2024.shp,SI042,2018,October,10
2018-12-01,2019-01-01,-7.47696458347491e-06,7.228035246953368e-05,2.654671434277458e-05,2.422804708206134e-05,65536,56356,NUTS_SL_01m_2024.shp,SI042,2018,December,12
2019-01-01,2019-02-01,9.577950550010428e-06,8.960538252722472e-05,2.207323913327293e-05,1.0652918490065096e-05,65536,60364,NUTS_SL_01m_2024.shp,SI042,2019,January,1
2019-02-01,2019-03-01,2.040562503680121e-05,3.872710294672288e-05,2.260420238599181e-05,5.9537756067957225e-06,65536,65461,NUTS_SL_01m_2024.shp,SI042,2019,February,2
2019-03-01,2019-04-01,-8.35135597299086e-06,5.476852675201371e-05,2.3115619727508807e-05,1.1726464772764285e-05,65536,29563,NUTS_SL_01m_2024.shp,SI042,2019,March,3
2019-04-01,2019-05-01,2.4912682420108467e-05,2.4912682420108467e-05,2.4912682420108467e-05,0.0,65536,65041,NUTS_SL_01m_2024.shp,SI042,2019,April,4
2019-06-01,2019-07-01,5.970463007543003e-06,4.889749106951058e-05,2.3888504205979362e-05,8.577117694559962e-06,65536,29563,NUTS_SL_01m_2024.shp,SI042,2019,June,6
2019-07-01,2019-08-01,-9.009883797261864e-06,4.021152199129574e-05,1.228730861476292e-05,1.0929523804282607e-05,65536,48037,NUTS_SL_01m_2024.shp,SI042,2019,July,7
2019-08-01,2019-09-01,2.8402141083461174e-07,3.963247581850737e-05,2.3638463540705995e-05,7.938065781374435e-06,65536,44118,NUTS_SL_01m_2024.shp,SI042,2019,August,8
2019-09-01,2019-10-01,1.707663614070043e-05,6.919854786247015e-05,3.8511233334156546e-05,1.2939629823469409e-05,65536,44255,NUTS_SL_01m_2024.shp,SI042,2019,September,9
2019-10-01,2019-11-01,9.66614970820956e-06,2.2080590497353114e-05,1.6197593609472552e-05,2.7588130080380122e-06,65536,59192,NUTS_SL_01m_2024.shp,SI042,2019,October,10
2019-11-01,2019-12-01,2.868683441192843e-05,8.565261668991297e-05,4.704665227998858e-05,1.2595135444027153e-05,65536,62420,NUTS_SL_01m_2024.shp,SI042,2019,November,11
2019-12-01,2020-01-01,-2.5211768388544442e-06,9.734043851494789e-05,4.448100285971414e-05,1.810301325371162e-05,65536,43558,NUTS_SL_01m_2024.shp,SI042,2019,December,12
2020-01-01,2020-02-01,6.006994590279646e-05,6.238495552679524e-05,6.0605827760203575e-05,9.764232136352147e-07,65536,64240,NUTS_SL_01m_2024.shp,SI042,2020,January,1
2020-02-01,2020-03-01,-2.2271649413596606e-06,6.35702017461881e-05,2.761679746613363e-05,1.7345022546089853e-05,65536,52320,NUTS_SL_01m_2024.shp,SI042,2020,February,2
2020-03-01,2020-04-01,7.685736818530131e-06,3.232580274925567e-05,1.9284590711835756e-05,5.331523013529219e-06,65536,55835,NUTS_SL_01m_2024.shp,SI042,2020,March,3
2020-06-01,2020-07-01,1.302499413213809e-06,3.218598067178391e-05,1.7840289255669207e-05,8.016659677045226e-06,65536,56416,NUTS_SL_01m_2024.shp,SI042,2020,June,6
2020-07-01,2020-08-01,1.3596776398117072e-06,4.0212791645899415e-05,1.8531715856201203e-05,8.558741229807749e-06,65536,56922,NUTS_SL_01m_2024.shp,SI042,2020,July,7
2020-09-01,2020-10-01,-2.9909260774729773e-06,7.220211409730837e-05,3.252915618951096e-05,1.773746401508136e-05,65536,34899,NUTS_SL_01m_2024.shp,SI042,2020,September,9
2020-10-01,2020-11-01,-1.927793891809415e-05,5.896616858080961e-05,1.638228478678396e-05,1.4896182479430076e-05,65536,30285,NUTS_SL_01m_2024.shp,SI042,2020,October,10
2020-11-01,2020-12-01,7.208111128420569e-06,4.522314702626318e-05,2.27054758307373e-05,9.206393702491672e-06,65536,59486,NUTS_SL_01m_2024.shp,SI042,2020,November,11
2021-02-01,2021-03-01,1.4153541769701405e-06,5.5572767450939864e-05,2.656533827002462e-05,1.1002150313349501e-05,65536,37420,NUTS_SL_01m_2024.shp,SI042,2021,February,2
2021-03-01,2021-04-01,-9.79219203145476e-06,6.681763625238091e-05,2.07806252118869e-05,1.3344071458428694e-05,65536,30909,NUTS_SL_01m_2024.shp,SI042,2021,March,3
2021-04-01,2021-05-01,-9.257123565475922e-06,1.948462704604026e-05,4.714395068378443e-06,9.986141260395568e-06,65536,62666,NUTS_SL_01m_2024.shp,SI042,2021,April,4
2021-05-01,2021-06-01,4.218354206386721e-06,4.857711246586405e-05,2.2706915830721253e-05,9.650595581018291e-06,65536,51284,NUTS_SL_01m_2024.shp,SI042,2021,May,5
2021-06-01,2021-07-01,-1.41077416628832e-05,3.700952584040351e-05,1.3087721093390882e-05,1.0205149912207834e-05,65536,41049,NUTS_SL_01m_2024.shp,SI042,2021,June,6
2021-07-01,2021-08-01,-8.609782526036724e-06,4.4060136133339256e-05,1.674295843534008e-05,9.532849103505744e-06,65536,38965,NUTS_SL_01m_2024.shp,SI042,2021,July,7
2021-08-01,2021-09-01,-7.735733561275993e-06,5.689984391210601e-05,2.4196788932038093e-05,1.0955592480827265e-05,65536,54932,NUTS_SL_01m_2024.shp,SI042,2021,August,8
2021-09-01,2021-10-01,-9.047763342096005e-06,3.400475543458015e-05,2.3469916742722924e-05,8.734333531870603e-06,65536,59761,NUTS_SL_01m_2024.shp,SI042,2021,September,9
2021-10-01,2021-11-01,1.5553505363641307e-05,3.837989424937405e-05,2.285617637307739e-05,6.407176434990949e-06,65536,57396,NUTS_SL_01m_2024.shp,SI042,2021,October,10
2021-11-01,2021-12-01,1.4796049754295382e-06,9.92887289612554e-05,2.5428543398577557e-05,2.0704950011692015e-05,65536,49590,NUTS_SL_01m_2024.shp,SI042,2021,November,11
2021-12-01,2022-01-01,7.731300115665363e-07,0.00011582470324356109,3.3673261365232314e-05,2.24198837544137e-05,65536,29563,NUTS_SL_01m_2024.shp,SI042,2021,December,12
2022-02-01,2022-03-01,6.974426469241735e-06,9.119285823544487e-05,4.3841743511400094e-05,2.294066805290131e-05,65536,32316,NUTS_SL_01m_2024.shp,SI042,2022,February,2
2022-04-01,2022-05-01,-9.41641610552324e-06,3.530775575200096e-05,1.628145926960429e-05,9.043012511781033e-06,65536,40988,NUTS_SL_01m_2024.shp,SI042,2022,April,4
2022-05-01,2022-06-01,-4.518115929386113e-06,4.425819497555494e-05,1.9776967165558495e-05,1.2026010970350176e-05,65536,53943,NUTS_SL_01m_2024.shp,SI042,2022,May,5
2022-06-01,2022-07-01,4.035618530906504e-06,3.777492747758515e-05,1.6418228692566455e-05,9.453451900896844e-06,65536,51450,NUTS_SL_01m_2024.shp,SI042,2022,June,6
2022-10-01,2022-11-01,5.049710125604179e-06,8.391127630602568e-05,3.165244781656439e-05,1.273674053550277e-05,65536,29563,NUTS_SL_01m_2024.shp,SI042,2022,October,10
2022-12-01,2023-01-01,-4.1328308725496754e-05,8.036373037612066e-05,1.789205817112685e-05,2.349514247412969e-05,65536,48280,NUTS_SL_01m_2024.shp,SI042,2022,December,12
2023-01-01,2023-02-01,-4.844838713324862e-06,0.000180135975824669,2.908090358685246e-05,2.5315345095625657e-05,65536,30466,NUTS_SL_01m_2024.shp,SI042,2023,January,1
2023-02-01,2023-03-01,-8.153867270266346e-07,1.4811176697548945e-05,7.634967171642794e-06,3.396082299944187e-06,65536,62323,NUTS_SL_01m_2024.shp,SI042,2023,February,2
2023-03-01,2023-04-01,1.4961938177293632e-05,2.5283916329499334e-05,1.857717880967197e-05,2.8333624847270653e-06,65536,62514,NUTS_SL_01m_2024.shp,SI042,2023,March,3
2023-04-01,2023-05-01,6.934511475265026e-06,2.549293276388198e-05,1.59245189586653e-05,4.621051312949592e-06,65536,61741,NUTS_SL_01m_2024.shp,SI042,2023,April,4
2023-06-01,2023-07-01,1.3680347365152556e-05,6.073621625546366e-05,3.415547522550437e-05,9.38170989215759e-06,65536,36647,NUTS_SL_01m_2024.shp,SI042,2023,June,6
2023-07-01,2023-08-01,-2.538681371788698e-07,2.6642528609954752e-05,1.2083148434311876e-05,6.951251932485847e-06,65536,60024,NUTS_SL_01m_2024.shp,SI042,2023,July,7
2023-08-01,2023-09-01,4.25728467234876e-06,1.8428978364681825e-05,1.367332638120407e-05,4.0054781014498915e-06,65536,63917,NUTS_SL_01m_2024.shp,SI042,2023,August,8
2023-09-01,2023-10-01,2.808935050779837e-06,4.875367085332982e-05,2.4741822093173425e-05,1.1597479054441604e-05,65536,53631,NUTS_SL_01m_2024.shp,SI042,2023,September,9
2024-02-01,2024-03-01,1.5400581105495803e-05,2.4946493795141578e-05,1.7507430386526853e-05,2.2237361495949396e-06,65536,64173,NUTS_SL_01m_2024.shp,SI042,2024,February,2
2024-04-01,2024-05-01,-1.0329023098165635e-05,5.412154860096052e-05,2.7287877630708397e-05,1.203940251404091e-05,65536,32603,NUTS_SL_01m_2024.shp,SI042,2024,April,4
2024-05-01,2024-06-01,1.7676067727734335e-05,6.714335904689506e-05,3.21289844115747e-05,1.3391507838604091e-05,65536,63333,NUTS_SL_01m_2024.shp,SI042,2024,May,5
2024-06-01,2024-07-01,-2.763729753496591e-06,2.4811119146761484e-05,9.09909739403901e-06,7.911077871946717e-06,65536,60437,NUTS_SL_01m_2024.shp,SI042,2024,June,6
2024-07-01,2024-08-01,-4.045121841045329e-06,3.267611100454815e-05,1.7070701232044346e-05,6.241344532408485e-06,65536,29563,NUTS_SL_01m_2024.shp,SI042,2024,July,7
2024-08-01,2024-09-01,-6.964451131352689e-06,4.5419354137266055e-05,1.7421175088128683e-05,9.82552984017573e-06,65536,39994,NUTS_SL_01m_2024.shp,SI042,2024,August,8
2024-09-01,2024-10-01,-1.3601809769170359e-05,4.397687007440254e-05,1.582601984994509e-05,1.1191066033879602e-05,65536,29822,NUTS_SL_01m_2024.shp,SI042,2024,September,9
2024-10-01,2024-11-01,-3.899228431691881e-06,7.033876318018883e-05,2.965823222857021e-05,1.349734342003687e-05,65536,29563,NUTS_SL_01m_2024.shp,SI042,2024,October,10
2024-11-01,2024-12-01,1.3091588698443957e-05,5.6776509154587984e-05,3.524292633614406e-05,1.183456810885493e-05,65536,32894,NUTS_SL_01m_2024.shp,SI042,2024,November,11
2024-12-01,2025-01-01,3.9094688872864936e-06,9.637593029765412e-05,3.471795440938428e-05,1.757019438049232e-05,65536,29570,NUTS_SL_01m_2024.shp,SI042,2024,December,12
2018-04-01,2018-05-01,1.2166790838818997e-05,3.524143903632648e-05,2.035479864592496e-05,7.790436371263722e-06,65536,59510,NUTS_SL_01m_2024.shp,SI043,2018,April,4
2018-05-01,2018-06-01,6.716750249324832e-06,4.665453525376506e-05,2.0536540564849442e-05,9.312329965200372e-06,65536,53193,NUTS_SL_01m_2024.shp,SI043,2018,May,5
2018-06-01,2018-07-01,5.8923328651872e-06,4.212869316688739e-05,2.3471537492188167e-05,8.306182903533717e-06,65536,45154,NUTS_SL_01m_2024.shp,SI043,2018,June,6
2018-07-01,2018-08-01,9.36541982810013e-06,4.5218948798719794e-05,2.5963862031687777e-05,8.683335356324056e-06,65536,47437,NUTS_SL_01m_2024.shp,SI043,2018,July,7
2018-09-01,2018-10-01,-3.122360112683964e-06,4.9101232434622943e-05,2.0256839951991015e-05,1.1327676194559556e-05,65536,30979,NUTS_SL_01m_2024.shp,SI043,2018,September,9
2018-10-01,2018-11-01,7.825194188626483e-06,5.0827522500185296e-05,2.931094051141793e-05,1.2780123330346162e-05,65536,57711,NUTS_SL_01m_2024.shp,SI043,2018,October,10
2018-12-01,2019-01-01,-1.8156852092943154e-05,4.139562588534318e-05,1.817205103181317e-05,1.3449604116687035e-05,65536,52828,NUTS_SL_01m_2024.shp,SI043,2018,December,12
2019-01-01,2019-02-01,9.577950550010428e-06,5.629552833852358e-05,2.451932676594823e-05,1.1198594502919024e-05,65536,58235,NUTS_SL_01m_2024.shp,SI043,2019,January,1
2019-02-01,2019-03-01,1.6714784578653052e-05,6.310408934950829e-05,4.181213237890068e-05,1.190913825173216e-05,65536,53115,NUTS_SL_01m_2024.shp,SI043,2019,February,2
2019-03-01,2019-04-01,-5.641699772240827e-06,5.851551759405993e-05,2.5475973670586193e-05,1.353558858957501e-05,65536,31035,NUTS_SL_01m_2024.shp,SI043,2019,March,3
2019-04-01,2019-05-01,2.4912682420108467e-05,2.4912682420108467e-05,2.4912682420108467e-05,0.0,65536,65390,NUTS_SL_01m_2024.shp,SI043,2019,April,4
2019-05-01,2019-06-01,1.9132776287733577e-05,4.833488492295146e-05,3.089046677633889e-05,5.346936487295456e-06,65536,59296,NUTS_SL_01m_2024.shp,SI043,2019,May,5
2019-06-01,2019-07-01,3.7163233628234593e-06,6.853285594843328e-05,2.3334723512555993e-05,1.0425584484230284e-05,65536,30979,NUTS_SL_01m_2024.shp,SI043,2019,June,6
2019-07-01,2019-08-01,-5.4413376346929e-06,3.983191345469095e-05,1.2005059619159782e-05,1.0039012772451789e-05,65536,49879,NUTS_SL_01m_2024.shp,SI043,2019,July,7
2019-08-01,2019-09-01,-1.9914629945105844e-07,5.0859947805292904e-05,2.2230852436099863e-05,9.01653523686628e-06,65536,44503,NUTS_SL_01m_2024.shp,SI043,2019,August,8
2019-09-01,2019-10-01,4.219291440676898e-05,6.919854786247015e-05,4.525075503529421e-05,4.748831944674544e-06,65536,64074,NUTS_SL_01m_2024.shp,SI043,2019,September,9
2019-10-01,2019-11-01,3.7809227251273114e-06,4.8126777983270586e-05,2.6862242367296156e-05,1.1111541699019256e-05,65536,52792,NUTS_SL_01m_2024.shp,SI043,2019,October,10
2019-11-01,2019-12-01,1.786596476449631e-05,9.330271859653294e-05,5.0068265613499954e-05,1.5971991567118957e-05,65536,55065,NUTS_SL_01m_2024.shp,SI043,2019,November,11
2019-12-01,2020-01-01,-2.5211768388544442e-06,0.0001238746481249109,4.373964994028111e-05,2.375155864348881e-05,65536,35894,NUTS_SL_01m_2024.shp,SI043,2019,December,12
2020-01-01,2020-02-01,5.89007577218581e-05,8.549602353014052e-05,7.407571307147522e-05,1.0558408549418786e-05,65536,63228,NUTS_SL_01m_2024.shp,SI043,2020,January,1
2020-02-01,2020-03-01,-2.2271649413596606e-06,7.304330938495696e-05,3.032679648909578e-05,1.6532452220475453e-05,65536,49872,NUTS_SL_01m_2024.shp,SI043,2020,February,2
2020-03-01,2020-04-01,5.877315288671525e-06,3.584730802685954e-05,2.1535198511605113e-05,7.713759933200249e-06,65536,53543,NUTS_SL_01m_2024.shp,SI043,2020,March,3
2020-04-01,2020-05-01,2.4326747734448873e-05,4.477077891351655e-05,2.761191532246774e-05,5.8501023663268815e-06,65536,64689,NUTS_SL_01m_2024.shp,SI043,2020,April,4
2020-06-01,2020-07-01,-6.798175604671997e-07,4.67737736471463e-05,1.9580856599801425e-05,1.006827388324412e-05,65536,49568,NUTS_SL_01m_2024.shp,SI043,2020,June,6
2020-07-01,2020-08-01,1.3151827261026483e-05,4.646465094992891e-05,2.8672753015363896e-05,7.645751020874217e-06,65536,59552,NUTS_SL_01m_2024.shp,SI043,2020,July,7
2020-09-01,2020-10-01,-1.1538714716152754e-05,6.48062487016432e-05,3.128843641089298e-05,1.3993068469564197e-05,65536,33180,NUTS_SL_01m_2024.shp,SI043,2020,September,9
2020-10-01,2020-11-01,-1.2733612493320834e-05,6.953079719096422e-05,2.0119926385146374e-05,1.6081333968665332e-05,65536,31015,NUTS_SL_01m_2024.shp,SI043,2020,October,10
2020-11-01,2020-12-01,3.5974333059130004e-06,5.87411668675486e-05,3.066058418959621e-05,1.189138761254059e-05,65536,33313,NUTS_SL_01m_2024.shp,SI043,2020,November,11
2020-12-01,2021-01-01,3.24349821312353e-05,7.929580169729888e-05,5.492916698000928e-05,1.6858469749768686e-05,65536,62180,NUTS_SL_01m_2024.shp,SI043,2020,December,12
2021-02-01,2021-03-01,1.4153541769701405e-06,5.5572767450939864e-05,3.017900466247564e-05,1.2629179278493224e-05,65536,33223,NUTS_SL_01m_2024.shp,SI043,2021,February,2
2021-03-01,2021-04-01,-5.269722578304936e-07,6.793747888877988e-05,2.713925611502901e-05,1.4292596523545491e-05,65536,32069,NUTS_SL_01m_2024.shp,SI043,2021,March,3
2021-04-01,2021-05-01,-2.2253280462791736e-07,4.220000118948519e-05,1.6079996092521162e-05,9.307311918423505e-06,65536,61795,NUTS_SL_01m_2024.shp,SI043,2021,April,4
2021-05-01,2021-06-01,2.569151547504589e-06,4.217701643938199e-05,2.1683455861913812e-05,1.0428073383778626e-05,65536,57139,NUTS_SL_01m_2024.shp,SI043,2021,May,5
2021-06-01,2021-07-01,-3.837179519905476e-06,5.3715404646936804e-05,2.0122156958407495e-05,1.1927264182213058e-05,65536,36906,NUTS_SL_01m_2024.shp,SI043,2021,June,6
2021-07-01,2021-08-01,-1.9312551557959523e-06,4.903775698039681e-05,1.7007568017264018e-05,9.817419476625415e-06,65536,53593,NUTS_SL_01m_2024.shp,SI043,2021,July,7
2021-08-01,2021-09-01,-7.735733561275993e-06,4.295987309888005e-05,1.6054378732230963e-05,1.116771178322383e-05,65536,61490,NUTS_SL_01m_2024.shp,SI043,2021,August,8
2021-09-01,2021-10-01,-9.047763342096005e-06,3.5424192901700735e-05,2.039630750705308e-05,9.243408821140945e-06,65536,40564,NUTS_SL_01m_2024.shp,SI043,2021,September,9
2021-10-01,2021-11-01,6.9484040068346076e-06,7.501980871893466e-05,3.766993178239931e-05,1.3685459559828899e-05,65536,45987,NUTS_SL_01m_2024.shp,SI043,2021,October,10
2021-11-01,2021-12-01,2.288105861225631e-06,0.00014888662553858012,4.818949099979076e-05,3.0581366821230005e-05,65536,47954,NUTS_SL_01m_2024.shp,SI043,2021,November,11
2021-12-01,2022-01-01,-2.454549530739314e-06,0.00011796945909736678,4.0473563361344395e-05,2.3883769207802547e-05,65536,32282,NUTS_SL_01m_2024.shp,SI043,2021,December,12
2022-01-01,2022-02-01,2.3468828658224083e-05,2.3468828658224083e-05,2.3468828658224083e-05,0.0,65536,65381,NUTS_SL_01m_2024.shp,SI043,2022,January,1
2022-02-01,2022-03-01,5.229823727859184e-06,7.602961704833433e-05,4.437522018046439e-05,1.7179934186009253e-05,65536,31446,NUTS_SL_01m_2024.shp,SI043,2022,February,2
2022-04-01,2022-05-01,-6.549331828864524e-06,4.143907062825747e-05,1.5222353975057256e-05,9.834191038239093e-06,65536,36142,NUTS_SL_01m_2024.shp,SI043,2022,April,4
2022-05-01,2022-06-01,5.612400855170563e-06,4.5425083953887224e-05,2.0809881188609348e-05,7.804125503834578e-06,65536,61059,NUTS_SL_01m_2024.shp,SI043,2022,May,5
2022-06-01,2022-07-01,6.67322183289798e-06,3.436517727095634e-05,1.9164012146489138e-05,6.274285201696699e-06,65536,50439,NUTS_SL_01m_2024.shp,SI043,2022,June,6
2022-07-01,2022-08-01,3.2153788197319955e-05,4.18042836827226e-05,3.221525632143081e-05,7.677366240750631e-07,65536,65379,NUTS_SL_01m_2024.shp,SI043,2022,July,7
2022-08-01,2022-09-01,3.461001688265242e-05,3.67247084795963e-05,3.607289977258845e-05,9.764833869519316e-07,65536,64819,NUTS_SL_01m_2024.shp,SI043,2022,August,8
2022-10-01,2022-11-01,5.049710125604179e-06,9.888436034088954e-05,3.340101789021492e-05,1.446546915855788e-05,65536,30979,NUTS_SL_01m_2024.shp,SI043,2022,October,10
2022-12-01,2023-01-01,-8.090687515505124e-06,8.036373037612066e-05,4.08490740622655e-05,3.177728221630642e-05,65536,65158,NUTS_SL_01m_2024.shp,SI043,2022,December,12
2023-01-01,2023-02-01,4.40254279965302e-06,0.00011573696247069165,4.196189144974158e-05,2.3387182060662764e-05,65536,45140,NUTS_SL_01m_2024.shp,SI043,2023,January,1
2023-02-01,2023-03-01,-1.9387678548810072e-05,4.60819028376136e-05,1.6837215692449885e-05,1.4019994549612264e-05,65536,51645,NUTS_SL_01m_2024.shp,SI043,2023,February,2
2023-03-01,2023-04-01,1.7873231627163477e-05,2.5283916329499334e-05,2.2311706517585305e-05,1.8416316041734327e-06,65536,64139,NUTS_SL_01m_2024.shp,SI043,2023,March,3
2023-04-01,2023-05-01,2.504189978935756e-06,3.739239036804065e-05,1.5993861906068575e-05,6.407932249012033e-06,65536,57627,NUTS_SL_01m_2024.shp,SI043,2023,April,4
2023-06-01,2023-07-01,1.5384115613414906e-05,7.240531704155728e-05,3.763079206780379e-05,1.1957119363280374e-05,65536,46918,NUTS_SL_01m_2024.shp,SI043,2023,June,6
2023-07-01,2023-08-01,-9.107381629291922e-06,3.907496284227818e-05,1.7355970361235455e-05,1.284770985285637e-05,65536,55644,NUTS_SL_01m_2024.shp,SI043,2023,July,7
2023-08-01,2023-09-01,-5.932827207288938e-06,2.4327287974301726e-05,5.878756538517901e-06,9.546944530282865e-06,65536,61949,NUTS_SL_01m_2024.shp,SI043,2023,August,8
2023-09-01,2023-10-01,2.0992081317672273e-07,5.180673542781733e-05,2.0283772103638588e-05,1.1380308635147739e-05,65536,35918,NUTS_SL_01m_2024.shp,SI043,2023,September,9
2024-01-01,2024-02-01,3.702475441969e-05,8.685807551955804e-05,4.348279499422274e-05,7.777615004716404e-06,65536,62776,NUTS_SL_01m_2024.shp,SI043,2024,January,1
2024-02-01,2024-03-01,1.5400581105495803e-05,2.0725054127979092e-05,1.827879423902358e-05,1.1222647675757872e-06,65536,65058,NUTS_SL_01m_2024.shp,SI043,2024,February,2
2024-04-01,2024-05-01,4.051003543281695e-06,4.4887819967698306e-05,2.3704362944902053e-05,9.535915788382547e-06,65536,32467,NUTS_SL_01m_2024.shp,SI043,2024,April,4
2024-06-01,2024-07-01,-3.968297733081272e-06,2.42961359617766e-05,1.2346470674086213e-05,5.01169807813372e-06,65536,59190,NUTS_SL_01m_2024.shp,SI043,2024,June,6
2024-07-01,2024-08-01,1.125756057263061e-06,3.267611100454815e-05,1.742847812026272e-05,6.043170584219169e-06,65536,30979,NUTS_SL_01m_2024.shp,SI043,2024,July,7
2024-08-01,2024-09-01,-6.964451131352689e-06,5.339652125257999e-05,2.2086576346267744e-05,1.1754361382619518e-05,65536,40855,NUTS_SL_01m_2024.shp,SI043,2024,August,8
2024-09-01,2024-10-01,-2.987870630022371e-06,4.503341551753692e-05,1.8770195975924086e-05,1.087688501736512e-05,65536,42567,NUTS_SL_01m_2024.shp,SI043,2024,September,9
2024-10-01,2024-11-01,-4.488912964006886e-06,7.079312490532175e-05,3.072521559762008e-05,1.5673419916554e-05,65536,30979,NUTS_SL_01m_2024.shp,SI043,2024,October,10
2024-11-01,2024-12-01,1.3091588698443957e-05,7.362806354649365e-05,4.2704762246721576e-05,1.3812661288435482e-05,65536,33686,NUTS_SL_01m_2024.shp,SI043,2024,November,11
2024-12-01,2025-01-01,1.2750540008710232e-05,0.00010920927888946608,3.8770737686551306e-05,1.9678374566754448e-05,65536,33410,NUTS_SL_01m_2024.shp,SI043,2024,December,12
2018-04-01,2018-05-01,1.4823830497334711e-05,3.358744288561866e-05,2.63200767385814e-05,4.250827758308156e-06,65536,57082,NUTS_SL_01m_2024.shp,SI044,2018,April,4
2018-05-01,2018-06-01,1.623238313186448e-05,4.665453525376506e-05,2.4349917786622624e-05,8.823845920767399e-06,65536,63863,NUTS_SL_01m_2024.shp,SI044,2018,May,5
2018-06-01,2018-07-01,1.1823744898720179e-05,5.329036866896786e-05,3.150810737769836e-05,7.379797471297099e-06,65536,32691,NUTS_SL_01m_2024.shp,SI044,2018,June,6
2018-07-01,2018-08-01,1.7958111129701138e-05,5.518964462680742e-05,3.4110544880959224e-05,7.738361686812952e-06,65536,35062,NUTS_SL_01m_2024.shp,SI044,2018,July,7
2018-09-01,2018-10-01,1.5434314946105587e-06,4.2105380998691544e-05,1.9035777104238414e-05,1.0159595566645841e-05,65536,32691,NUTS_SL_01m_2024.shp,SI044,2018,September,9
2018-10-01,2018-11-01,1.8320450863029691e-06,5.5451917432947084e-05,2.3963259851169733e-05,1.2445114500693464e-05,65536,55047,NUTS_SL_01m_2024.shp,SI044,2018,October,10
2018-12-01,2019-01-01,-1.5336559954448603e-05,8.456666546408087e-05,3.236094807965733e-05,2.0518768144030804e-05,65536,36052,NUTS_SL_01m_2024.shp,SI044,2018,December,12
2019-01-01,2019-02-01,1.4665471098851413e-05,7.293892849702388e-05,4.050018515027002e-05,1.2942620750946977e-05,65536,55412,NUTS_SL_01m_2024.shp,SI044,2019,January,1
2019-02-01,2019-03-01,3.7919176975265145e-05,7.180608372436836e-05,5.539613136925467e-05,1.0962280614513286e-05,65536,59372,NUTS_SL_01m_2024.shp,SI044,2019,February,2
2019-03-01,2019-04-01,9.340425094706006e-06,0.00012869392230641097,5.392165627064726e-05,2.9513447709139822e-05,65536,32691,NUTS_SL_01m_2024.shp,SI044,2019,March,3
2019-05-01,2019-06-01,2.720375960052479e-05,4.9327456508763134e-05,3.720807778908358e-05,6.89088966913389e-06,65536,54713,NUTS_SL_01m_2024.shp,SI044,2019,May,5
2019-06-01,2019-07-01,5.0134708544646855e-06,5.221493120188825e-05,2.967649250910712e-05,9.525795953347325e-06,65536,32691,NUTS_SL_01m_2024.shp,SI044,2019,June,6
2019-07-01,2019-08-01,1.8039078213405446e-06,5.02732909808401e-05,2.2060404578025238e-05,1.051258007127372e-05,65536,52027,NUTS_SL_01m_2024.shp,SI044,2019,July,7
2019-08-01,2019-09-01,6.078485967009328e-06,6.277732609305531e-05,2.5269726569416185e-05,1.4499255063814999e-05,65536,50391,NUTS_SL_01m_2024.shp,SI044,2019,August,8
2019-09-01,2019-10-01,3.28364476445131e-05,4.789007289218716e-05,4.30941702093768e-05,6.807305789388703e-06,65536,64402,NUTS_SL_01m_2024.shp,SI044,2019,September,9
2019-10-01,2019-11-01,8.73950557434e-06,4.990083471057005e-05,3.0326424534756423e-05,8.798981788840967e-06,65536,54618,NUTS_SL_01m_2024.shp,SI044,2019,October,10
2019-11-01,2019-12-01,2.597868842713069e-06,9.173878788715228e-05,4.8647589370229246e-05,1.751784812359414e-05,65536,43260,NUTS_SL_01m_2024.shp,SI044,2019,November,11
2019-12-01,2020-01-01,2.5953080694307573e-05,0.00010459624172654003,6.62955067515297e-05,1.9896166355236217e-05,65536,32691,NUTS_SL_01m_2024.shp,SI044,2019,December,12
2020-01-01,2020-02-01,0.0001009156258078292,0.00019506448006723076,0.00011288292091768722,1.9260225455131095e-05,65536,63636,NUTS_SL_01m_2024.shp,SI044,2020,January,1
2020-02-01,2020-03-01,1.2166420674475376e-05,7.304330938495696e-05,4.095113635067929e-05,1.0668453232937516e-05,65536,39865,NUTS_SL_01m_2024.shp,SI044,2020,February,2
2020-03-01,2020-04-01,5.877315288671525e-06,4.155465285293758e-05,2.4347411700227843e-05,6.576341217049051e-06,65536,32691,NUTS_SL_01m_2024.shp,SI044,2020,March,3
2020-04-01,2020-05-01,1.0949912393698469e-05,6.367424066411331e-05,3.2621315755239865e-05,9.19891549874129e-06,65536,49113,NUTS_SL_01m_2024.shp,SI044,2020,April,4
2020-06-01,2020-07-01,1.2184087609057315e-05,4.819199239136651e-05,2.449677436153645e-05,7.85009131619068e-06,65536,42843,NUTS_SL_01m_2024.shp,SI044,2020,June,6
2020-07-01,2020-08-01,1.8978103980771266e-05,4.332687603891827e-05,3.367124723556407e-05,6.769036642766068e-06,65536,54848,NUTS_SL_01m_2024.shp,SI044,2020,July,7
2020-09-01,2020-10-01,5.810114998894278e-06,7.58511814638041e-05,4.083923229353851e-05,1.5081234283048709e-05,65536,32691,NUTS_SL_01m_2024.shp,SI044,2020,September,9
2020-10-01,2020-11-01,-7.928336344775744e-06,0.0001072465893230401,2.920522474568464e-05,1.7849591454566036e-05,65536,32691,NUTS_SL_01m_2024.shp,SI044,2020,October,10
2020-11-01,2020-12-01,1.1411172636144329e-05,4.936214827466756e-05,3.0521465748514125e-05,8.306270507454005e-06,65536,32691,NUTS_SL_01m_2024.shp,SI044,2020,November,11
2020-12-01,2021-01-01,4.8820755182532594e-05,7.635999645572156e-05,5.9442269185391796e-05,8.964324384744092e-06,65536,63068,NUTS_SL_01m_2024.shp,SI044,2020,December,12
2021-02-01,2021-03-01,3.3790827274060575e-06,4.656438613892533e-05,2.8297722451798997e-05,9.249556107476414e-06,65536,32691,NUTS_SL_01m_2024.shp,SI044,2021,February,2
2021-03-01,2021-04-01,1.2438584235496819e-05,9.891363879432902e-05,4.810881730881532e-05,1.5976987822745657e-05,65536,32691,NUTS_SL_01m_2024.shp,SI044,2021,March,3
2021-04-01,2021-05-01,-2.2253280462791736e-07,2.7230073101236485e-05,1.3088238172357862e-05,7.42883964180547e-06,65536,49805,NUTS_SL_01m_2024.shp,SI044,2021,April,4
2021-05-01,2021-06-01,1.340110793535132e-05,4.4085107219871134e-05,2.9455450551058015e-05,6.5927401090669335e-06,65536,46586,NUTS_SL_01m_2024.shp,SI044,2021,May,5
2021-06-01,2021-07-01,-3.037599753952236e-06,4.9330781621392816e-05,2.3482900723884672e-05,1.337401001059237e-05,65536,38492,NUTS_SL_01m_2024.shp,SI044,2021,June,6
2021-07-01,2021-08-01,-1.0409829883428756e-05,4.262316724634729e-05,2.7117689026985734e-05,1.0089668003921351e-05,65536,45840,NUTS_SL_01m_2024.shp,SI044,2021,July,7
2021-08-01,2021-09-01,2.8164406558062183e-06,5.0613682105904445e-05,2.2236444690255094e-05,9.235463668971935e-06,65536,49411,NUTS_SL_01m_2024.shp,SI044,2021,August,8
2021-09-01,2021-10-01,1.8668993106985e-06,3.614784145611338e-05,2.1177730375578486e-05,6.90551137789316e-06,65536,32691,NUTS_SL_01m_2024.shp,SI044,2021,September,9
2021-10-01,2021-11-01,2.3516851797467098e-05,5.702668568119407e-05,3.7706041548203125e-05,7.271519020266557e-06,65536,54663,NUTS_SL_01m_2024.shp,SI044,2021,October,10
2021-11-01,2021-12-01,1.4866272977087647e-05,0.00014832179294899106,6.717270560448794e-05,3.6080862507936525e-05,65536,59790,NUTS_SL_01m_2024.shp,SI044,2021,November,11
2021-12-01,2022-01-01,1.0463722901477013e-05,0.0001942707458510995,6.477843222554971e-05,2.994937876161334e-05,65536,37316,NUTS_SL_01m_2024.shp,SI044,2021,December,12
2022-02-01,2022-03-01,2.1535988707910292e-05,7.180544344009832e-05,4.254047581267016e-05,1.109719044789576e-05,65536,32691,NUTS_SL_01m_2024.shp,SI044,2022,February,2
2022-04-01,2022-05-01,5.30922716279747e-06,4.9153157306136563e-05,2.2888634250188653e-05,9.16606511659679e-06,65536,32691,NUTS_SL_01m_2024.shp,SI044,2022,April,4
2022-05-01,2022-06-01,9.795519872568548e-06,4.733376408694312e-05,2.476479275777782e-05,9.087493529945882e-06,65536,49942,NUTS_SL_01m_2024.shp,SI044,2022,May,5
2022-06-01,2022-07-01,1.0705866770877037e-05,5.574895840254612e-05,2.8369359092157128e-05,1.0091763699283456e-05,65536,45395,NUTS_SL_01m_2024.shp,SI044,2022,June,6
2022-07-01,2022-08-01,1.602210795681458e-05,4.335775884101167e-05,2.9218380165279245e-05,6.477555141824934e-06,65536,45604,NUTS_SL_01m_2024.shp,SI044,2022,July,7
2022-08-01,2022-09-01,1.0879058208956849e-05,3.816689059021883e-05,2.5334747182162413e-05,6.389492355322864e-06,65536,51657,NUTS_SL_01m_2024.shp,SI044,2022,August,8
2022-10-01,2022-11-01,1.27725825223024e-05,0.0001270412321900949,5.316659404899251e-05,1.9065380324350536e-05,65536,32691,NUTS_SL_01m_2024.shp,SI044,2022,October,10
2023-01-01,2023-02-01,1.2517863979155663e-05,0.0001053349842550233,6.060828276585798e-05,1.8345527296793243e-05,65536,33903,NUTS_SL_01m_2024.shp,SI044,2023,January,1
2023-02-01,2023-03-01,3.1421552648680517e-06,5.17407497682143e-05,2.8737441177508723e-05,1.205155475334497e-05,65536,45054,NUTS_SL_01m_2024.shp,SI044,2023,February,2
2023-06-01,2023-07-01,3.065700002480298e-05,0.00010031888814410195,5.168222586456547e-05,1.3623985741917704e-05,65536,37648,NUTS_SL_01m_2024.shp,SI044,2023,June,6
2023-07-01,2023-08-01,-1.1369663297955412e-05,5.1214563427492976e-05,1.677479932401843e-05,1.526734874072978e-05,65536,51897,NUTS_SL_01m_2024.shp,SI044,2023,July,7
2023-08-01,2023-09-01,6.344567282212665e-06,2.0238643628545105e-05,1.53758487388507e-05,4.645796176023237e-06,65536,63047,NUTS_SL_01m_2024.shp,SI044,2023,August,8
2023-09-01,2023-10-01,1.5810411468919483e-06,5.180673542781733e-05,2.5741724292051153e-05,8.891940758432142e-06,65536,48309,NUTS_SL_01m_2024.shp,SI044,2023,September,9
2023-10-01,2023-11-01,2.2823896870249882e-05,4.6839777496643364e-05,2.9586498654595915e-05,7.112377573985938e-06,65536,62775,NUTS_SL_01m_2024.shp,SI044,2023,October,10
2024-01-01,2024-02-01,3.972828926634975e-05,0.00011666381033137441,7.927886586283032e-05,2.224562540116548e-05,65536,35187,NUTS_SL_01m_2024.shp,SI044,2024,January,1
2024-04-01,2024-05-01,1.342820451100124e-05,6.14148229942657e-05,3.4495207517416426e-05,8.930900115374903e-06,65536,36086,NUTS_SL_01m_2024.shp,SI044,2024,April,4
2024-05-01,2024-06-01,2.904209623011411e-06,1.7285663489019498e-05,1.0338690011371516e-05,7.186594330977063e-06,65536,64238,NUTS_SL_01m_2024.shp,SI044,2024,May,5
2024-06-01,2024-07-01,-2.8045137696608435e-06,2.9255710614961572e-05,1.2472918025129507e-05,7.01857135068149e-06,65536,57875,NUTS_SL_01m_2024.shp,SI044,2024,June,6
2024-07-01,2024-08-01,7.55817109165946e-06,2.7068614144809544e-05,1.9067191071628275e-05,5.5049059053470516e-06,65536,32691,NUTS_SL_01m_2024.shp,SI044,2024,July,7
2024-08-01,2024-09-01,1.4539790754497517e-05,5.339652125257999e-05,3.026532030119509e-05,8.881494565249033e-06,65536,35568,NUTS_SL_01m_2024.shp,SI044,2024,August,8
2024-09-01,2024-10-01,-9.789006981009152e-06,4.2530249629635364e-05,2.2138600040263628e-05,1.0154758031733778e-05,65536,39884,NUTS_SL_01m_2024.shp,SI044,2024,September,9
2024-10-01,2024-11-01,1.361394788546022e-05,9.328075975645334e-05,4.594427816122954e-05,1.713624282100456e-05,65536,32691,NUTS_SL_01m_2024.shp,SI044,2024,October,10
2024-11-01,2024-12-01,3.2138952519744635e-05,7.266503962455317e-05,4.859055979004422e-05,6.769910828994837e-06,65536,32691,NUTS_SL_01m_2024.shp,SI044,2024,November,11
2024-12-01,2025-01-01,1.2249094652361237e-05,0.00012011953367618844,6.111491565734309e-05,2.1505453199300765e-05,65536,32691,NUTS_SL_01m_2024.shp,SI044,2024,December,12
