interval_from,interval_to,o3_B0_min,o3_B0_max,o3_B0_mean,o3_B0_stDev,o3_B0_sampleCount,o3_B0_noDataCount,shapefile,NUTS_ID,year,month,month_num
2018-04-01,2018-05-01,0.14933456480503082,0.1576702892780304,0.1525902034218468,0.0024022063329926548,65536,63093,NUTS_SL_01m_2024.shp,SI,2018,April,4
2018-05-01,2018-06-01,0.13729074597358704,0.1498083621263504,0.14396257762760123,0.0025151462784220343,65536,31731,NUTS_SL_01m_2024.shp,SI,2018,May,5
2018-06-01,2018-07-01,0.14392560720443726,0.15535762906074524,0.15079584857439335,0.002363046982021811,65536,31731,NUTS_SL_01m_2024.shp,SI,2018,June,6
2018-07-01,2018-08-01,0.1376889944076538,0.14408361911773682,0.1402961957394727,0.0008667562207298277,65536,31731,NUTS_SL_01m_2024.shp,SI,2018,July,7
2018-08-01,2018-09-01,0.13483968377113342,0.14064644277095795,0.13728267723337367,0.0008361919374217174,65536,38616,NUTS_SL_01m_2024.shp,SI,2018,August,8
2018-09-01,2018-10-01,0.12282624840736389,0.13062132894992828,0.12689947177167268,0.0012472643872601477,65536,31731,NUTS_SL_01m_2024.shp,SI,2018,September,9
2018-10-01,2018-11-01,0.12705571949481964,0.13199101388454437,0.12971424864975004,0.0008203197664445809,65536,31731,NUTS_SL_01m_2024.shp,SI,2018,October,10
2018-11-01,2018-12-01,0.13065843284130096,0.13620305061340332,0.13310259008192382,0.0008964240380262077,65536,31731,NUTS_SL_01m_2024.shp,SI,2018,November,11
2018-12-01,2019-01-01,0.14342954754829407,0.15370024740695953,0.1484332031420643,0.001795764925598288,65536,31731,NUTS_SL_01m_2024.shp,SI,2018,December,12
2019-01-01,2019-02-01,0.1751841902732849,0.18702711164951324,0.1803245870628188,0.002586585528403409,65536,31731,NUTS_SL_01m_2024.shp,SI,2019,January,1
2019-02-01,2019-03-01,0.13014180958271027,0.13419148325920105,0.13229745577738505,0.0010699892479587123,65536,63517,NUTS_SL_01m_2024.shp,SI,2019,February,2
2019-03-01,2019-04-01,0.15792153775691986,0.16641904413700104,0.16203673436010174,0.0014327275791948064,65536,31731,NUTS_SL_01m_2024.shp,SI,2019,March,3
2019-04-01,2019-05-01,0.15552425384521484,0.16924060881137848,0.1604651171504132,0.0029096353252790496,65536,31731,NUTS_SL_01m_2024.shp,SI,2019,April,4
2019-05-01,2019-06-01,0.14859254658222198,0.16166892647743225,0.1558396048494525,0.00307174121834165,65536,31731,NUTS_SL_01m_2024.shp,SI,2019,May,5
2019-06-01,2019-07-01,0.14112557470798492,0.14784586429595947,0.14469040818220472,0.001063693945742977,65536,31731,NUTS_SL_01m_2024.shp,SI,2019,June,6
2019-07-01,2019-08-01,0.13441762328147888,0.14490754902362823,0.14000487756295207,0.0016900309525450122,65536,31731,NUTS_SL_01m_2024.shp,SI,2019,July,7
2019-08-01,2019-09-01,0.12731057405471802,0.13785520195960999,0.13185504396415634,0.0013186985565543695,65536,31731,NUTS_SL_01m_2024.shp,SI,2019,August,8
2019-09-01,2019-10-01,0.12160485237836838,0.1260814517736435,0.12348388836080898,0.0007698597760000506,65536,31731,NUTS_SL_01m_2024.shp,SI,2019,September,9
2019-10-01,2019-11-01,0.13134650886058807,0.14172960817813873,0.1359560304338839,0.0016535067675471089,65536,31731,NUTS_SL_01m_2024.shp,SI,2019,October,10
2019-11-01,2019-12-01,0.11665095388889313,0.12961448729038239,0.12234866072455003,0.0021656447419286127,65536,31731,NUTS_SL_01m_2024.shp,SI,2019,November,11
2019-12-01,2020-01-01,0.13491632044315338,0.14243768155574799,0.13894244155496333,0.0013286115730909754,65536,31731,NUTS_SL_01m_2024.shp,SI,2019,December,12
2020-01-01,2020-02-01,0.13330484926700592,0.1394955813884735,0.13686746152401894,0.0011587604403477097,65536,31731,NUTS_SL_01m_2024.shp,SI,2020,January,1
2020-02-01,2020-03-01,0.13014604151248932,0.14023545384407043,0.13570708074022583,0.0014709274469109452,65536,31731,NUTS_SL_01m_2024.shp,SI,2020,February,2
2020-03-01,2020-04-01,0.18087667226791382,0.19500765204429626,0.18924580215790696,0.0018305583637504893,65536,31731,NUTS_SL_01m_2024.shp,SI,2020,March,3
2020-04-01,2020-05-01,0.1519528180360794,0.16016048192977905,0.15556886385969967,0.001251627708080723,65536,41028,NUTS_SL_01m_2024.shp,SI,2020,April,4
2020-05-01,2020-06-01,0.14886732399463654,0.15977126359939575,0.1548822791380497,0.001968296714891849,65536,31731,NUTS_SL_01m_2024.shp,SI,2020,May,5
2020-06-01,2020-07-01,0.13213813304901123,0.14243212342262268,0.138794419533526,0.0016513943164360198,65536,31731,NUTS_SL_01m_2024.shp,SI,2020,June,6
2020-07-01,2020-08-01,0.12689970433712006,0.13727743923664093,0.13226971085114533,0.0016325851898877546,65536,31731,NUTS_SL_01m_2024.shp,SI,2020,July,7
2020-08-01,2020-09-01,0.13525575399398804,0.14240707457065582,0.13902000421612662,0.0011665433850768208,65536,31731,NUTS_SL_01m_2024.shp,SI,2020,August,8
2020-09-01,2020-10-01,0.12124810367822647,0.12926168739795685,0.12550327210600207,0.001340620786467052,65536,31731,NUTS_SL_01m_2024.shp,SI,2020,September,9
2020-10-01,2020-11-01,0.12227797508239746,0.12881706655025482,0.12565989526898746,0.0010503897866428373,65536,31731,NUTS_SL_01m_2024.shp,SI,2020,October,10
2020-11-01,2020-12-01,0.1283654272556305,0.1354527324438095,0.13162895224271107,0.001242888233771882,65536,31731,NUTS_SL_01m_2024.shp,SI,2020,November,11
2020-12-01,2021-01-01,0.14702443778514862,0.1528460830450058,0.14953908574869432,0.001246045121596094,65536,62807,NUTS_SL_01m_2024.shp,SI,2020,December,12
2021-01-01,2021-02-01,0.15718944370746613,0.1669718474149704,0.1612402099981026,0.0018319822511271792,65536,31731,NUTS_SL_01m_2024.shp,SI,2021,January,1
2021-02-01,2021-03-01,0.13110579550266266,0.1559792011976242,0.1444266709476679,0.0045972065180228784,65536,40525,NUTS_SL_01m_2024.shp,SI,2021,February,2
2021-03-01,2021-04-01,0.14659860730171204,0.15709027647972107,0.15236417055614776,0.001686628695025168,65536,31731,NUTS_SL_01m_2024.shp,SI,2021,March,3
2021-04-01,2021-05-01,0.1516558825969696,0.16518260538578033,0.15965970233424487,0.00232501786787275,65536,31731,NUTS_SL_01m_2024.shp,SI,2021,April,4
2021-05-01,2021-06-01,0.15366362035274506,0.16978228092193604,0.1631184963018235,0.0032186602508738013,65536,31731,NUTS_SL_01m_2024.shp,SI,2021,May,5
2021-06-01,2021-07-01,0.13978084921836853,0.15225666761398315,0.14553405958957813,0.0019408528107507763,65536,31731,NUTS_SL_01m_2024.shp,SI,2021,June,6
2021-07-01,2021-08-01,0.1331988275051117,0.14238467812538147,0.13805006409763546,0.001547414219780147,65536,31731,NUTS_SL_01m_2024.shp,SI,2021,July,7
2021-08-01,2021-09-01,0.14358249306678772,0.15593653917312622,0.1507442019312297,0.0019249047283826136,65536,31731,NUTS_SL_01m_2024.shp,SI,2021,August,8
2021-09-01,2021-10-01,0.13113728165626526,0.13686037063598633,0.13410530847710506,0.0011543316456058177,65536,31731,NUTS_SL_01m_2024.shp,SI,2021,September,9
2021-10-01,2021-11-01,0.12242961674928665,0.12967370450496674,0.12650130215335306,0.0016181217076275027,65536,60015,NUTS_SL_01m_2024.shp,SI,2021,October,10
2021-11-01,2021-12-01,0.13823658227920532,0.1515672504901886,0.14491635825820542,0.0028907340849292544,65536,31731,NUTS_SL_01m_2024.shp,SI,2021,November,11
2021-12-01,2022-01-01,0.11974602192640305,0.12630701065063477,0.12347270234694205,0.0009797797989902584,65536,31731,NUTS_SL_01m_2024.shp,SI,2021,December,12
2022-01-01,2022-02-01,0.16144075989723206,0.17160309851169586,0.16513717907576445,0.0014248739801331499,65536,31731,NUTS_SL_01m_2024.shp,SI,2022,January,1
2022-02-01,2022-03-01,0.16476623713970184,0.19629892706871033,0.18157026390760725,0.006998796338270927,65536,31731,NUTS_SL_01m_2024.shp,SI,2022,February,2
2022-03-01,2022-04-01,0.1616101711988449,0.16945426166057587,0.16503261983958958,0.0013154358072849938,65536,31731,NUTS_SL_01m_2024.shp,SI,2022,March,3
2022-04-01,2022-05-01,0.15597409009933472,0.1665123701095581,0.15973056503088753,0.0016303273890679812,65536,31731,NUTS_SL_01m_2024.shp,SI,2022,April,4
2022-05-01,2022-06-01,0.151492640376091,0.16063980758190155,0.15679331187127274,0.0017028474139589042,65536,31731,NUTS_SL_01m_2024.shp,SI,2022,May,5
2022-06-01,2022-07-01,0.1342465877532959,0.1441294550895691,0.13954263393421704,0.0017515090282696532,65536,31731,NUTS_SL_01m_2024.shp,SI,2022,June,6
2022-07-01,2022-08-01,0.13643832504749298,0.1471555531024933,0.14089194945048814,0.0023194022036900595,65536,31731,NUTS_SL_01m_2024.shp,SI,2022,July,7
2022-08-01,2022-09-01,0.13213086128234863,0.14094489812850952,0.13647915173712352,0.001597058414874744,65536,31985,NUTS_SL_01m_2024.shp,SI,2022,August,8
2022-09-01,2022-10-01,0.13619956374168396,0.14607174694538116,0.14077799063588503,0.0012847846498149902,65536,31731,NUTS_SL_01m_2024.shp,SI,2022,September,9
2022-10-01,2022-11-01,0.11694011837244034,0.12356102466583252,0.12024496097441062,0.0011633230543025726,65536,31731,NUTS_SL_01m_2024.shp,SI,2022,October,10
2022-11-01,2022-12-01,0.1344192773103714,0.14701905846595764,0.14182879574384225,0.0025352161729914643,65536,31731,NUTS_SL_01m_2024.shp,SI,2022,November,11
2022-12-01,2023-01-01,0.13279815018177032,0.14528508484363556,0.1381697930892591,0.0024691133375984403,65536,31731,NUTS_SL_01m_2024.shp,SI,2022,December,12
2023-01-01,2023-02-01,0.13758830726146698,0.1491524875164032,0.14437019268959683,0.0016920015668709172,65536,31731,NUTS_SL_01m_2024.shp,SI,2023,January,1
2023-02-01,2023-03-01,0.1418178677558899,0.16444408893585205,0.14958074850419628,0.003033642774086441,65536,31731,NUTS_SL_01m_2024.shp,SI,2023,February,2
2023-03-01,2023-04-01,0.14449797570705414,0.1538029909133911,0.14876462826493037,0.0013618343892684973,65536,31731,NUTS_SL_01m_2024.shp,SI,2023,March,3
2023-04-01,2023-05-01,0.14513655006885529,0.1574980914592743,0.15135115908414337,0.0021292937218540713,65536,31731,NUTS_SL_01m_2024.shp,SI,2023,April,4
2023-05-01,2023-06-01,0.14501693844795227,0.15319480001926422,0.1493165690810565,0.0013107676233598303,65536,31731,NUTS_SL_01m_2024.shp,SI,2023,May,5
2023-06-01,2023-07-01,0.13563172519207,0.14546754956245422,0.14090096612483302,0.0016341959218197433,65536,31731,NUTS_SL_01m_2024.shp,SI,2023,June,6
2023-07-01,2023-08-01,0.1416497677564621,0.15397371351718903,0.14895280097216995,0.0018304092400098222,65536,31731,NUTS_SL_01m_2024.shp,SI,2023,July,7
2023-08-01,2023-09-01,0.13702982664108276,0.14731933176517487,0.14319504140229627,0.0018435238349906666,65536,31731,NUTS_SL_01m_2024.shp,SI,2023,August,8
2023-09-01,2023-10-01,0.12222371250391006,0.12923739850521088,0.12559834136709602,0.0011503315497832687,65536,31867,NUTS_SL_01m_2024.shp,SI,2023,September,9
2023-10-01,2023-11-01,0.13981682062149048,0.15646027028560638,0.14684030931432718,0.002846427653582141,65536,31731,NUTS_SL_01m_2024.shp,SI,2023,October,10
2023-11-01,2023-12-01,0.1319224089384079,0.13942234218120575,0.1349113439895612,0.0010319315931293423,65536,31731,NUTS_SL_01m_2024.shp,SI,2023,November,11
2023-12-01,2024-01-01,0.12933216989040375,0.13540294766426086,0.13276860353254175,0.0010262733995014745,65536,31731,NUTS_SL_01m_2024.shp,SI,2023,December,12
2018-04-01,2018-05-01,0.14933456480503082,0.1576702892780304,0.1525902034218468,0.0024022063329926548,65536,63093,NUTS_SL_01m_2024.shp,SI0,2018,April,4
2018-05-01,2018-06-01,0.13729074597358704,0.1498083621263504,0.14396257762760123,0.0025151462784220343,65536,31731,NUTS_SL_01m_2024.shp,SI0,2018,May,5
2018-06-01,2018-07-01,0.14392560720443726,0.15535762906074524,0.15079584857439335,0.002363046982021811,65536,31731,NUTS_SL_01m_2024.shp,SI0,2018,June,6
2018-07-01,2018-08-01,0.1376889944076538,0.14408361911773682,0.1402961957394727,0.0008667562207298277,65536,31731,NUTS_SL_01m_2024.shp,SI0,2018,July,7
2018-08-01,2018-09-01,0.13483968377113342,0.14064644277095795,0.13728267723337367,0.0008361919374217174,65536,38616,NUTS_SL_01m_2024.shp,SI0,2018,August,8
2018-09-01,2018-10-01,0.12282624840736389,0.13062132894992828,0.12689947177167268,0.0012472643872601477,65536,31731,NUTS_SL_01m_2024.shp,SI0,2018,September,9
2018-10-01,2018-11-01,0.12705571949481964,0.13199101388454437,0.12971424864975004,0.0008203197664445809,65536,31731,NUTS_SL_01m_2024.shp,SI0,2018,October,10
2018-11-01,2018-12-01,0.13065843284130096,0.13620305061340332,0.13310259008192382,0.0008964240380262077,65536,31731,NUTS_SL_01m_2024.shp,SI0,2018,November,11
2018-12-01,2019-01-01,0.14342954754829407,0.15370024740695953,0.1484332031420643,0.001795764925598288,65536,31731,NUTS_SL_01m_2024.shp,SI0,2018,December,12
2019-01-01,2019-02-01,0.1751841902732849,0.18702711164951324,0.1803245870628188,0.002586585528403409,65536,31731,NUTS_SL_01m_2024.shp,SI0,2019,January,1
2019-02-01,2019-03-01,0.13014180958271027,0.13419148325920105,0.13229745577738505,0.0010699892479587123,65536,63517,NUTS_SL_01m_2024.shp,SI0,2019,February,2
2019-03-01,2019-04-01,0.15792153775691986,0.16641904413700104,0.16203673436010174,0.0014327275791948064,65536,31731,NUTS_SL_01m_2024.shp,SI0,2019,March,3
2019-04-01,2019-05-01,0.15552425384521484,0.16924060881137848,0.1604651171504132,0.0029096353252790496,65536,31731,NUTS_SL_01m_2024.shp,SI0,2019,April,4
2019-05-01,2019-06-01,0.14859254658222198,0.16166892647743225,0.1558396048494525,0.00307174121834165,65536,31731,NUTS_SL_01m_2024.shp,SI0,2019,May,5
2019-06-01,2019-07-01,0.14112557470798492,0.14784586429595947,0.14469040818220472,0.001063693945742977,65536,31731,NUTS_SL_01m_2024.shp,SI0,2019,June,6
2019-07-01,2019-08-01,0.13441762328147888,0.14490754902362823,0.14000487756295207,0.0016900309525450122,65536,31731,NUTS_SL_01m_2024.shp,SI0,2019,July,7
2019-08-01,2019-09-01,0.12731057405471802,0.13785520195960999,0.13185504396415634,0.0013186985565543695,65536,31731,NUTS_SL_01m_2024.shp,SI0,2019,August,8
2019-09-01,2019-10-01,0.12160485237836838,0.1260814517736435,0.12348388836080898,0.0007698597760000506,65536,31731,NUTS_SL_01m_2024.shp,SI0,2019,September,9
2019-10-01,2019-11-01,0.13134650886058807,0.14172960817813873,0.1359560304338839,0.0016535067675471089,65536,31731,NUTS_SL_01m_2024.shp,SI0,2019,October,10
2019-11-01,2019-12-01,0.11665095388889313,0.12961448729038239,0.12234866072455003,0.0021656447419286127,65536,31731,NUTS_SL_01m_2024.shp,SI0,2019,November,11
2019-12-01,2020-01-01,0.13491632044315338,0.14243768155574799,0.13894244155496333,0.0013286115730909754,65536,31731,NUTS_SL_01m_2024.shp,SI0,2019,December,12
2020-01-01,2020-02-01,0.13330484926700592,0.1394955813884735,0.13686746152401894,0.0011587604403477097,65536,31731,NUTS_SL_01m_2024.shp,SI0,2020,January,1
2020-02-01,2020-03-01,0.13014604151248932,0.14023545384407043,0.13570708074022583,0.0014709274469109452,65536,31731,NUTS_SL_01m_2024.shp,SI0,2020,February,2
2020-03-01,2020-04-01,0.18087667226791382,0.19500765204429626,0.18924580215790696,0.0018305583637504893,65536,31731,NUTS_SL_01m_2024.shp,SI0,2020,March,3
2020-04-01,2020-05-01,0.1519528180360794,0.16016048192977905,0.15556886385969967,0.001251627708080723,65536,41028,NUTS_SL_01m_2024.shp,SI0,2020,April,4
2020-05-01,2020-06-01,0.14886732399463654,0.15977126359939575,0.1548822791380497,0.001968296714891849,65536,31731,NUTS_SL_01m_2024.shp,SI0,2020,May,5
2020-06-01,2020-07-01,0.13213813304901123,0.14243212342262268,0.138794419533526,0.0016513943164360198,65536,31731,NUTS_SL_01m_2024.shp,SI0,2020,June,6
2020-07-01,2020-08-01,0.12689970433712006,0.13727743923664093,0.13226971085114533,0.0016325851898877546,65536,31731,NUTS_SL_01m_2024.shp,SI0,2020,July,7
2020-08-01,2020-09-01,0.13525575399398804,0.14240707457065582,0.13902000421612662,0.0011665433850768208,65536,31731,NUTS_SL_01m_2024.shp,SI0,2020,August,8
2020-09-01,2020-10-01,0.12124810367822647,0.12926168739795685,0.12550327210600207,0.001340620786467052,65536,31731,NUTS_SL_01m_2024.shp,SI0,2020,September,9
2020-10-01,2020-11-01,0.12227797508239746,0.12881706655025482,0.12565989526898746,0.0010503897866428373,65536,31731,NUTS_SL_01m_2024.shp,SI0,2020,October,10
2020-11-01,2020-12-01,0.1283654272556305,0.1354527324438095,0.13162895224271107,0.001242888233771882,65536,31731,NUTS_SL_01m_2024.shp,SI0,2020,November,11
2020-12-01,2021-01-01,0.14702443778514862,0.1528460830450058,0.14953908574869432,0.001246045121596094,65536,62807,NUTS_SL_01m_2024.shp,SI0,2020,December,12
2021-01-01,2021-02-01,0.15718944370746613,0.1669718474149704,0.1612402099981026,0.0018319822511271792,65536,31731,NUTS_SL_01m_2024.shp,SI0,2021,January,1
2021-02-01,2021-03-01,0.13110579550266266,0.1559792011976242,0.1444266709476679,0.0045972065180228784,65536,40525,NUTS_SL_01m_2024.shp,SI0,2021,February,2
2021-03-01,2021-04-01,0.14659860730171204,0.15709027647972107,0.15236417055614776,0.001686628695025168,65536,31731,NUTS_SL_01m_2024.shp,SI0,2021,March,3
2021-04-01,2021-05-01,0.1516558825969696,0.16518260538578033,0.15965970233424487,0.00232501786787275,65536,31731,NUTS_SL_01m_2024.shp,SI0,2021,April,4
2021-05-01,2021-06-01,0.15366362035274506,0.16978228092193604,0.1631184963018235,0.0032186602508738013,65536,31731,NUTS_SL_01m_2024.shp,SI0,2021,May,5
2021-06-01,2021-07-01,0.13978084921836853,0.15225666761398315,0.14553405958957813,0.0019408528107507763,65536,31731,NUTS_SL_01m_2024.shp,SI0,2021,June,6
2021-07-01,2021-08-01,0.1331988275051117,0.14238467812538147,0.13805006409763546,0.001547414219780147,65536,31731,NUTS_SL_01m_2024.shp,SI0,2021,July,7
2021-08-01,2021-09-01,0.14358249306678772,0.15593653917312622,0.1507442019312297,0.0019249047283826136,65536,31731,NUTS_SL_01m_2024.shp,SI0,2021,August,8
2021-09-01,2021-10-01,0.13113728165626526,0.13686037063598633,0.13410530847710506,0.0011543316456058177,65536,31731,NUTS_SL_01m_2024.shp,SI0,2021,September,9
2021-10-01,2021-11-01,0.12242961674928665,0.12967370450496674,0.12650130215335306,0.0016181217076275027,65536,60015,NUTS_SL_01m_2024.shp,SI0,2021,October,10
2021-11-01,2021-12-01,0.13823658227920532,0.1515672504901886,0.14491635825820542,0.0028907340849292544,65536,31731,NUTS_SL_01m_2024.shp,SI0,2021,November,11
2021-12-01,2022-01-01,0.11974602192640305,0.12630701065063477,0.12347270234694205,0.0009797797989902584,65536,31731,NUTS_SL_01m_2024.shp,SI0,2021,December,12
2022-01-01,2022-02-01,0.16144075989723206,0.17160309851169586,0.16513717907576445,0.0014248739801331499,65536,31731,NUTS_SL_01m_2024.shp,SI0,2022,January,1
2022-02-01,2022-03-01,0.16476623713970184,0.19629892706871033,0.18157026390760725,0.006998796338270927,65536,31731,NUTS_SL_01m_2024.shp,SI0,2022,February,2
2022-03-01,2022-04-01,0.1616101711988449,0.16945426166057587,0.16503261983958958,0.0013154358072849938,65536,31731,NUTS_SL_01m_2024.shp,SI0,2022,March,3
2022-04-01,2022-05-01,0.15597409009933472,0.1665123701095581,0.15973056503088753,0.0016303273890679812,65536,31731,NUTS_SL_01m_2024.shp,SI0,2022,April,4
2022-05-01,2022-06-01,0.151492640376091,0.16063980758190155,0.15679331187127274,0.0017028474139589042,65536,31731,NUTS_SL_01m_2024.shp,SI0,2022,May,5
2022-06-01,2022-07-01,0.1342465877532959,0.1441294550895691,0.13954263393421704,0.0017515090282696532,65536,31731,NUTS_SL_01m_2024.shp,SI0,2022,June,6
2022-07-01,2022-08-01,0.13643832504749298,0.1471555531024933,0.14089194945048814,0.0023194022036900595,65536,31731,NUTS_SL_01m_2024.shp,SI0,2022,July,7
2022-08-01,2022-09-01,0.13213086128234863,0.14094489812850952,0.13647915173712352,0.001597058414874744,65536,31985,NUTS_SL_01m_2024.shp,SI0,2022,August,8
2022-09-01,2022-10-01,0.13619956374168396,0.14607174694538116,0.14077799063588503,0.0012847846498149902,65536,31731,NUTS_SL_01m_2024.shp,SI0,2022,September,9
2022-10-01,2022-11-01,0.11694011837244034,0.12356102466583252,0.12024496097441062,0.0011633230543025726,65536,31731,NUTS_SL_01m_2024.shp,SI0,2022,October,10
2022-11-01,2022-12-01,0.1344192773103714,0.14701905846595764,0.14182879574384225,0.0025352161729914643,65536,31731,NUTS_SL_01m_2024.shp,SI0,2022,November,11
2022-12-01,2023-01-01,0.13279815018177032,0.14528508484363556,0.1381697930892591,0.0024691133375984403,65536,31731,NUTS_SL_01m_2024.shp,SI0,2022,December,12
2023-01-01,2023-02-01,0.13758830726146698,0.1491524875164032,0.14437019268959683,0.0016920015668709172,65536,31731,NUTS_SL_01m_2024.shp,SI0,2023,January,1
2023-02-01,2023-03-01,0.1418178677558899,0.16444408893585205,0.14958074850419628,0.003033642774086441,65536,31731,NUTS_SL_01m_2024.shp,SI0,2023,February,2
2023-03-01,2023-04-01,0.14449797570705414,0.1538029909133911,0.14876462826493037,0.0013618343892684973,65536,31731,NUTS_SL_01m_2024.shp,SI0,2023,March,3
2023-04-01,2023-05-01,0.14513655006885529,0.1574980914592743,0.15135115908414337,0.0021292937218540713,65536,31731,NUTS_SL_01m_2024.shp,SI0,2023,April,4
2023-05-01,2023-06-01,0.14501693844795227,0.15319480001926422,0.1493165690810565,0.0013107676233598303,65536,31731,NUTS_SL_01m_2024.shp,SI0,2023,May,5
2023-06-01,2023-07-01,0.13563172519207,0.14546754956245422,0.14090096612483302,0.0016341959218197433,65536,31731,NUTS_SL_01m_2024.shp,SI0,2023,June,6
2023-07-01,2023-08-01,0.1416497677564621,0.15397371351718903,0.14895280097216995,0.0018304092400098222,65536,31731,NUTS_SL_01m_2024.shp,SI0,2023,July,7
2023-08-01,2023-09-01,0.13702982664108276,0.14731933176517487,0.14319504140229627,0.0018435238349906666,65536,31731,NUTS_SL_01m_2024.shp,SI0,2023,August,8
2023-09-01,2023-10-01,0.12222371250391006,0.12923739850521088,0.12559834136709602,0.0011503315497832687,65536,31867,NUTS_SL_01m_2024.shp,SI0,2023,September,9
2023-10-01,2023-11-01,0.13981682062149048,0.15646027028560638,0.14684030931432718,0.002846427653582141,65536,31731,NUTS_SL_01m_2024.shp,SI0,2023,October,10
2023-11-01,2023-12-01,0.1319224089384079,0.13942234218120575,0.1349113439895612,0.0010319315931293423,65536,31731,NUTS_SL_01m_2024.shp,SI0,2023,November,11
2023-12-01,2024-01-01,0.12933216989040375,0.13540294766426086,0.13276860353254175,0.0010262733995014745,65536,31731,NUTS_SL_01m_2024.shp,SI0,2023,December,12
2018-04-01,2018-05-01,0.1452852189540863,0.1527853012084961,0.1493575979633732,0.0013343887089564401,65536,39184,NUTS_SL_01m_2024.shp,SI03,2018,April,4
2018-05-01,2018-06-01,0.13729074597358704,0.1498083621263504,0.1446605469204778,0.0027065531338803118,65536,39184,NUTS_SL_01m_2024.shp,SI03,2018,May,5
2018-06-01,2018-07-01,0.1462354063987732,0.15535762906074524,0.15166032557168155,0.0018716602790438746,65536,39184,NUTS_SL_01m_2024.shp,SI03,2018,June,6
2018-07-01,2018-08-01,0.1378103345632553,0.1423337608575821,0.14013941691363943,0.00066326563124539,65536,39184,NUTS_SL_01m_2024.shp,SI03,2018,July,7
2018-08-01,2018-09-01,0.13483968377113342,0.13923974335193634,0.13701226430983574,0.0007456797237628996,65536,47823,NUTS_SL_01m_2024.shp,SI03,2018,August,8
2018-09-01,2018-10-01,0.12373822182416916,0.13062132894992828,0.12693714874111742,0.0012773972697241007,65536,39184,NUTS_SL_01m_2024.shp,SI03,2018,September,9
2018-10-01,2018-11-01,0.12726610898971558,0.13199101388454437,0.12972607967767708,0.0007522346280857504,65536,39184,NUTS_SL_01m_2024.shp,SI03,2018,October,10
2018-11-01,2018-12-01,0.13028167188167572,0.13620305061340332,0.13304329761058029,0.0008917450049005536,65536,39184,NUTS_SL_01m_2024.shp,SI03,2018,November,11
2018-12-01,2019-01-01,0.1451006680727005,0.15370024740695953,0.14923538361536348,0.0016050052641062961,65536,39184,NUTS_SL_01m_2024.shp,SI03,2018,December,12
2019-01-01,2019-02-01,0.17599335312843323,0.18702711164951324,0.18146767506899394,0.0024257093869246623,65536,39184,NUTS_SL_01m_2024.shp,SI03,2019,January,1
2019-02-01,2019-03-01,0.1264658421278,0.1334906369447708,0.1294022279892758,0.001170000648580661,65536,39184,NUTS_SL_01m_2024.shp,SI03,2019,February,2
2019-03-01,2019-04-01,0.15792153775691986,0.16641904413700104,0.16216664482021162,0.001504678893489741,65536,39184,NUTS_SL_01m_2024.shp,SI03,2019,March,3
2019-04-01,2019-05-01,0.15597690641880035,0.1687394678592682,0.16178443653788557,0.0027857996021604984,65536,39184,NUTS_SL_01m_2024.shp,SI03,2019,April,4
2019-05-01,2019-06-01,0.1505911648273468,0.16166892647743225,0.15750329207592778,0.0024356116676280126,65536,39184,NUTS_SL_01m_2024.shp,SI03,2019,May,5
2019-06-01,2019-07-01,0.14112557470798492,0.14784586429595947,0.14500902937504676,0.0009303193169786055,65536,39184,NUTS_SL_01m_2024.shp,SI03,2019,June,6
2019-07-01,2019-08-01,0.13441762328147888,0.14490754902362823,0.1397944707174648,0.0016945036806000299,65536,39184,NUTS_SL_01m_2024.shp,SI03,2019,July,7
2019-08-01,2019-09-01,0.12757740914821625,0.13455849885940552,0.13144400385313038,0.0010797001562424602,65536,39184,NUTS_SL_01m_2024.shp,SI03,2019,August,8
2019-09-01,2019-10-01,0.12160485237836838,0.1260814517736435,0.12357094245620696,0.0008170896270755283,65536,39184,NUTS_SL_01m_2024.shp,SI03,2019,September,9
2019-10-01,2019-11-01,0.1328742653131485,0.1415950208902359,0.13587312958173273,0.0014759897297652194,65536,39184,NUTS_SL_01m_2024.shp,SI03,2019,October,10
2019-11-01,2019-12-01,0.11665095388889313,0.12961448729038239,0.12332497049534762,0.002095619218904244,65536,39184,NUTS_SL_01m_2024.shp,SI03,2019,November,11
2019-12-01,2020-01-01,0.13491632044315338,0.14243768155574799,0.13907894626334463,0.0014103883802656372,65536,39184,NUTS_SL_01m_2024.shp,SI03,2019,December,12
2020-01-01,2020-02-01,0.13444460928440094,0.1394955813884735,0.1374163510341201,0.0008488307910402529,65536,39184,NUTS_SL_01m_2024.shp,SI03,2020,January,1
2020-02-01,2020-03-01,0.13014604151248932,0.13982702791690826,0.13574950406853734,0.0015674840185164716,65536,39184,NUTS_SL_01m_2024.shp,SI03,2020,February,2
2020-03-01,2020-04-01,0.18087667226791382,0.19500765204429626,0.18934617408522406,0.0020711830739091955,65536,39184,NUTS_SL_01m_2024.shp,SI03,2020,March,3
2020-04-01,2020-05-01,0.1519528180360794,0.16016048192977905,0.15536967132482613,0.001442781523370315,65536,50865,NUTS_SL_01m_2024.shp,SI03,2020,April,4
2020-05-01,2020-06-01,0.14886732399463654,0.15977126359939575,0.15500402813194866,0.0019787354540717382,65536,39184,NUTS_SL_01m_2024.shp,SI03,2020,May,5
2020-06-01,2020-07-01,0.1328480988740921,0.1420690268278122,0.13901524067956444,0.0015218742936348856,65536,39184,NUTS_SL_01m_2024.shp,SI03,2020,June,6
2020-07-01,2020-08-01,0.12689970433712006,0.13727743923664093,0.13253231136819307,0.001599224757279121,65536,39184,NUTS_SL_01m_2024.shp,SI03,2020,July,7
2020-08-01,2020-09-01,0.13525575399398804,0.14100639522075653,0.13864532338300342,0.0009661559664017192,65536,39184,NUTS_SL_01m_2024.shp,SI03,2020,August,8
2020-09-01,2020-10-01,0.12124810367822647,0.12926168739795685,0.12551077944325603,0.0013849523240115904,65536,39184,NUTS_SL_01m_2024.shp,SI03,2020,September,9
2020-10-01,2020-11-01,0.12236563116312027,0.128560870885849,0.1256563880601829,0.0010360741843259262,65536,39184,NUTS_SL_01m_2024.shp,SI03,2020,October,10
2020-11-01,2020-12-01,0.12840840220451355,0.1354527324438095,0.13157418384835906,0.001248030184458815,65536,39184,NUTS_SL_01m_2024.shp,SI03,2020,November,11
2020-12-01,2021-01-01,0.13949057459831238,0.15313974022865295,0.14665197102611927,0.003056514843818102,65536,39184,NUTS_SL_01m_2024.shp,SI03,2020,December,12
2021-01-01,2021-02-01,0.15718944370746613,0.1669001579284668,0.16125022892404256,0.0018424648358973748,65536,39184,NUTS_SL_01m_2024.shp,SI03,2021,January,1
2021-02-01,2021-03-01,0.13493891060352325,0.1559792011976242,0.14545944231139082,0.005122487916322926,65536,50231,NUTS_SL_01m_2024.shp,SI03,2021,February,2
2021-03-01,2021-04-01,0.14772917330265045,0.1571308672428131,0.15239999597382126,0.0015538949219825197,65536,39184,NUTS_SL_01m_2024.shp,SI03,2021,March,3
2021-04-01,2021-05-01,0.1516558825969696,0.16518260538578033,0.15976748150294354,0.0019524735903918263,65536,39184,NUTS_SL_01m_2024.shp,SI03,2021,April,4
2021-05-01,2021-06-01,0.15887166559696198,0.16978228092193604,0.1647891738142713,0.0020271698341028147,65536,39184,NUTS_SL_01m_2024.shp,SI03,2021,May,5
2021-06-01,2021-07-01,0.13978084921836853,0.1479637175798416,0.14457388709988428,0.001446484642224771,65536,39184,NUTS_SL_01m_2024.shp,SI03,2021,June,6
2021-07-01,2021-08-01,0.13375091552734375,0.14238467812538147,0.13825291466153455,0.0014791733645687184,65536,39184,NUTS_SL_01m_2024.shp,SI03,2021,July,7
2021-08-01,2021-09-01,0.14358249306678772,0.15593653917312622,0.15091317172632093,0.00211346071774158,65536,39184,NUTS_SL_01m_2024.shp,SI03,2021,August,8
2021-09-01,2021-10-01,0.13113728165626526,0.13686037063598633,0.13436148948424628,0.0011351218951272143,65536,39184,NUTS_SL_01m_2024.shp,SI03,2021,September,9
2021-10-01,2021-11-01,0.12318801879882812,0.1331196427345276,0.12847048848382245,0.0015962913784267636,65536,39184,NUTS_SL_01m_2024.shp,SI03,2021,October,10
2021-11-01,2021-12-01,0.1393904685974121,0.1515672504901886,0.1462628220835098,0.0026238790899564047,65536,39184,NUTS_SL_01m_2024.shp,SI03,2021,November,11
2021-12-01,2022-01-01,0.12051161378622055,0.12630701065063477,0.1235875278755427,0.000887385062910592,65536,39184,NUTS_SL_01m_2024.shp,SI03,2021,December,12
2022-01-01,2022-02-01,0.16144075989723206,0.16797414422035217,0.16497573126718093,0.0013326556652332726,65536,39184,NUTS_SL_01m_2024.shp,SI03,2022,January,1
2022-02-01,2022-03-01,0.1735866665840149,0.19629892706871033,0.18572483819009805,0.005044213007603822,65536,39184,NUTS_SL_01m_2024.shp,SI03,2022,February,2
2022-03-01,2022-04-01,0.1616101711988449,0.16945426166057587,0.16464029121623755,0.0012027083565244478,65536,39184,NUTS_SL_01m_2024.shp,SI03,2022,March,3
2022-04-01,2022-05-01,0.15597409009933472,0.1640423685312271,0.15966954506632955,0.00148612432130264,65536,39184,NUTS_SL_01m_2024.shp,SI03,2022,April,4
2022-05-01,2022-06-01,0.151492640376091,0.16063980758190155,0.15687255608681314,0.0016659848764368063,65536,39184,NUTS_SL_01m_2024.shp,SI03,2022,May,5
2022-06-01,2022-07-01,0.1344858556985855,0.1441294550895691,0.13987815373028178,0.001751056372608818,65536,39184,NUTS_SL_01m_2024.shp,SI03,2022,June,6
2022-07-01,2022-08-01,0.13747017085552216,0.1471555531024933,0.1420221195816897,0.002076602142672339,65536,39184,NUTS_SL_01m_2024.shp,SI03,2022,July,7
2022-08-01,2022-09-01,0.13213086128234863,0.14094489812850952,0.13699905993049355,0.0016319151528766992,65536,39184,NUTS_SL_01m_2024.shp,SI03,2022,August,8
2022-09-01,2022-10-01,0.13619956374168396,0.14607174694538116,0.14090581897999066,0.0014613844961472156,65536,39184,NUTS_SL_01m_2024.shp,SI03,2022,September,9
2022-10-01,2022-11-01,0.11790463328361511,0.12356102466583252,0.1206153132706773,0.0011168080811905393,65536,39184,NUTS_SL_01m_2024.shp,SI03,2022,October,10
2022-11-01,2022-12-01,0.1344192773103714,0.1450568437576294,0.14072360605867743,0.0024685903394831717,65536,39184,NUTS_SL_01m_2024.shp,SI03,2022,November,11
2022-12-01,2023-01-01,0.13279815018177032,0.14528508484363556,0.13929606915825304,0.0022661946685026226,65536,39184,NUTS_SL_01m_2024.shp,SI03,2022,December,12
2023-01-01,2023-02-01,0.14006668329238892,0.14856499433517456,0.14453618294086226,0.0014828977776332674,65536,39184,NUTS_SL_01m_2024.shp,SI03,2023,January,1
2023-02-01,2023-03-01,0.1418178677558899,0.16444408893585205,0.14992895129950431,0.0033759175316876457,65536,39184,NUTS_SL_01m_2024.shp,SI03,2023,February,2
2023-03-01,2023-04-01,0.14531809091567993,0.1538029909133911,0.1491193451201091,0.001337196202797251,65536,39184,NUTS_SL_01m_2024.shp,SI03,2023,March,3
2023-04-01,2023-05-01,0.14719019830226898,0.1574980914592743,0.1523690004394818,0.0017093872155670342,65536,39184,NUTS_SL_01m_2024.shp,SI03,2023,April,4
2023-05-01,2023-06-01,0.14501693844795227,0.15319480001926422,0.1489833936408505,0.0012972919472238388,65536,39184,NUTS_SL_01m_2024.shp,SI03,2023,May,5
2023-06-01,2023-07-01,0.13563172519207,0.14546754956245422,0.14091795438060306,0.0018039761502588916,65536,39184,NUTS_SL_01m_2024.shp,SI03,2023,June,6
2023-07-01,2023-08-01,0.14512315392494202,0.15397371351718903,0.1495479992356164,0.0013131133970078381,65536,39184,NUTS_SL_01m_2024.shp,SI03,2023,July,7
2023-08-01,2023-09-01,0.13831579685211182,0.14731933176517487,0.14394359278046465,0.001566915941748557,65536,39184,NUTS_SL_01m_2024.shp,SI03,2023,August,8
2023-09-01,2023-10-01,0.12295453250408173,0.12923739850521088,0.12595210536853924,0.0010292695073138615,65536,39357,NUTS_SL_01m_2024.shp,SI03,2023,September,9
2023-10-01,2023-11-01,0.13981682062149048,0.15205614268779755,0.14541125243657524,0.0021429113167113862,65536,39184,NUTS_SL_01m_2024.shp,SI03,2023,October,10
2023-11-01,2023-12-01,0.13239814341068268,0.13942234218120575,0.13511819100153322,0.0011387923528533878,65536,39184,NUTS_SL_01m_2024.shp,SI03,2023,November,11
2023-12-01,2024-01-01,0.12933216989040375,0.13497337698936462,0.13239703208443415,0.0009884131943707927,65536,39184,NUTS_SL_01m_2024.shp,SI03,2023,December,12
2018-04-01,2018-05-01,0.14676518738269806,0.15172316133975983,0.14911735112627847,0.0012100748104439854,65536,33747,NUTS_SL_01m_2024.shp,SI031,2018,April,4
2018-05-01,2018-06-01,0.14616520702838898,0.14970621466636658,0.1481406441137515,0.0006667162438281086,65536,33747,NUTS_SL_01m_2024.shp,SI031,2018,May,5
2018-06-01,2018-07-01,0.14992296695709229,0.1553226262331009,0.15365142736896265,0.0010822122249514422,65536,33747,NUTS_SL_01m_2024.shp,SI031,2018,June,6
2018-07-01,2018-08-01,0.1385044902563095,0.1410335749387741,0.14003926433875716,0.0004164944171435931,65536,33747,NUTS_SL_01m_2024.shp,SI031,2018,July,7
2018-08-01,2018-09-01,0.13663852214813232,0.14060133695602417,0.13858902871190648,0.0009853048258251474,65536,33747,NUTS_SL_01m_2024.shp,SI031,2018,August,8
2018-09-01,2018-10-01,0.12458678334951401,0.12790000438690186,0.12606723673055584,0.0007556580369580346,65536,33747,NUTS_SL_01m_2024.shp,SI031,2018,September,9
2018-10-01,2018-11-01,0.1285397857427597,0.13132338225841522,0.12987165983983312,0.0007166542208391578,65536,33747,NUTS_SL_01m_2024.shp,SI031,2018,October,10
2018-11-01,2018-12-01,0.13163842260837555,0.13620305061340332,0.13377764679067672,0.0009715802401531906,65536,33747,NUTS_SL_01m_2024.shp,SI031,2018,November,11
2018-12-01,2019-01-01,0.14649823307991028,0.15170899033546448,0.14921073374331126,0.0009701206753356133,65536,33747,NUTS_SL_01m_2024.shp,SI031,2018,December,12
2019-01-01,2019-02-01,0.1808588057756424,0.1853533685207367,0.18334226578707447,0.0010519442177812034,65536,33747,NUTS_SL_01m_2024.shp,SI031,2019,January,1
2019-02-01,2019-03-01,0.12884287536144257,0.13286788761615753,0.13107862494968706,0.000821571579346356,65536,33747,NUTS_SL_01m_2024.shp,SI031,2019,February,2
2019-03-01,2019-04-01,0.16218750178813934,0.16641904413700104,0.16400713500300804,0.0008673709962240576,65536,33747,NUTS_SL_01m_2024.shp,SI031,2019,March,3
2019-04-01,2019-05-01,0.15812338888645172,0.1687394678592682,0.16243336586843957,0.002661192165299317,65536,33747,NUTS_SL_01m_2024.shp,SI031,2019,April,4
2019-05-01,2019-06-01,0.15765613317489624,0.16166892647743225,0.159636489848461,0.0011233590992722313,65536,33747,NUTS_SL_01m_2024.shp,SI031,2019,May,5
2019-06-01,2019-07-01,0.14361751079559326,0.14750920236110687,0.1454625441719859,0.0007952333059884983,65536,33747,NUTS_SL_01m_2024.shp,SI031,2019,June,6
2019-07-01,2019-08-01,0.1394992619752884,0.1427270770072937,0.14080061576469524,0.0007978177274979615,65536,33747,NUTS_SL_01m_2024.shp,SI031,2019,July,7
2019-08-01,2019-09-01,0.12932032346725464,0.1331925094127655,0.13102253495628807,0.0007970955980666002,65536,33747,NUTS_SL_01m_2024.shp,SI031,2019,August,8
2019-09-01,2019-10-01,0.12271848320960999,0.1260814517736435,0.12411642945385873,0.0008555449228432354,65536,33747,NUTS_SL_01m_2024.shp,SI031,2019,September,9
2019-10-01,2019-11-01,0.13321758806705475,0.13681478798389435,0.13515262547518794,0.0007370774796433878,65536,33747,NUTS_SL_01m_2024.shp,SI031,2019,October,10
2019-11-01,2019-12-01,0.12468200922012329,0.12961448729038239,0.12658456702015838,0.0010832197388441493,65536,33747,NUTS_SL_01m_2024.shp,SI031,2019,November,11
2019-12-01,2020-01-01,0.1382744163274765,0.14243768155574799,0.14055424702211042,0.0010288933521856428,65536,33747,NUTS_SL_01m_2024.shp,SI031,2019,December,12
2020-01-01,2020-02-01,0.13665242493152618,0.1394955813884735,0.13808412169931336,0.0006407221812528408,65536,33747,NUTS_SL_01m_2024.shp,SI031,2020,January,1
2020-02-01,2020-03-01,0.13403937220573425,0.1397891789674759,0.13760199290997335,0.0011396249156261538,65536,33747,NUTS_SL_01m_2024.shp,SI031,2020,February,2
2020-03-01,2020-04-01,0.18771260976791382,0.19449064135551453,0.19089940563254307,0.0013267250375440978,65536,33747,NUTS_SL_01m_2024.shp,SI031,2020,March,3
2020-04-01,2020-05-01,0.15740330517292023,0.16200201213359833,0.16005437423483934,0.0009693997087553823,65536,33747,NUTS_SL_01m_2024.shp,SI031,2020,April,4
2020-05-01,2020-06-01,0.15216064453125,0.1574064940214157,0.155096961052034,0.001312496029006992,65536,33747,NUTS_SL_01m_2024.shp,SI031,2020,May,5
2020-06-01,2020-07-01,0.13666699826717377,0.14198565483093262,0.13922604758682225,0.001132896425041824,65536,33747,NUTS_SL_01m_2024.shp,SI031,2020,June,6
2020-07-01,2020-08-01,0.13300251960754395,0.13578322529792786,0.13469170291276703,0.0005989191293415888,65536,33747,NUTS_SL_01m_2024.shp,SI031,2020,July,7
2020-08-01,2020-09-01,0.13525575399398804,0.14063575863838196,0.13789073445465083,0.0010244779028856581,65536,33747,NUTS_SL_01m_2024.shp,SI031,2020,August,8
2020-09-01,2020-10-01,0.12229657918214798,0.1265048235654831,0.12416953149724862,0.000966069938133017,65536,33747,NUTS_SL_01m_2024.shp,SI031,2020,September,9
2020-10-01,2020-11-01,0.12387165427207947,0.128560870885849,0.12645092994905635,0.0009286052453476554,65536,33747,NUTS_SL_01m_2024.shp,SI031,2020,October,10
2020-11-01,2020-12-01,0.12925642728805542,0.13184385001659393,0.13066228482310976,0.0006291399993753404,65536,33747,NUTS_SL_01m_2024.shp,SI031,2020,November,11
2020-12-01,2021-01-01,0.13949057459831238,0.1444598287343979,0.14187018356673722,0.0011589292944868127,65536,33747,NUTS_SL_01m_2024.shp,SI031,2020,December,12
2021-01-01,2021-02-01,0.16079261898994446,0.16521970927715302,0.16318815024356098,0.0007845308222367257,65536,33747,NUTS_SL_01m_2024.shp,SI031,2021,January,1
2021-02-01,2021-03-01,0.1544213891029358,0.16016748547554016,0.1574083959442424,0.0012855995329413786,65536,33747,NUTS_SL_01m_2024.shp,SI031,2021,February,2
2021-03-01,2021-04-01,0.14956048130989075,0.15412567555904388,0.15193198883117953,0.0009989564305433346,65536,33747,NUTS_SL_01m_2024.shp,SI031,2021,March,3
2021-04-01,2021-05-01,0.15546557307243347,0.16518260538578033,0.1611171947865014,0.0016920407163750605,65536,33747,NUTS_SL_01m_2024.shp,SI031,2021,April,4
2021-05-01,2021-06-01,0.16400016844272614,0.1685471534729004,0.16658839422052463,0.0008729446768128215,65536,33747,NUTS_SL_01m_2024.shp,SI031,2021,May,5
2021-06-01,2021-07-01,0.14140062034130096,0.1479637175798416,0.1451937022779995,0.0011262229205311178,65536,33747,NUTS_SL_01m_2024.shp,SI031,2021,June,6
2021-07-01,2021-08-01,0.1349521279335022,0.1379367858171463,0.13606485046071054,0.0005410151940202497,65536,33747,NUTS_SL_01m_2024.shp,SI031,2021,July,7
2021-08-01,2021-09-01,0.1510213017463684,0.15593653917312622,0.1532541195680618,0.00110325417598076,65536,33747,NUTS_SL_01m_2024.shp,SI031,2021,August,8
2021-09-01,2021-10-01,0.134951651096344,0.13718338310718536,0.1357536799979531,0.00044968193082483074,65536,33747,NUTS_SL_01m_2024.shp,SI031,2021,September,9
2021-10-01,2021-11-01,0.1259552240371704,0.13259197771549225,0.1288280644659699,0.0013193678458505525,65536,33747,NUTS_SL_01m_2024.shp,SI031,2021,October,10
2021-11-01,2021-12-01,0.14801885187625885,0.1514187604188919,0.14974145511477363,0.0007942103215305814,65536,33747,NUTS_SL_01m_2024.shp,SI031,2021,November,11
2021-12-01,2022-01-01,0.12244775146245956,0.12630701065063477,0.12427444826507872,0.0008133330620693483,65536,33747,NUTS_SL_01m_2024.shp,SI031,2021,December,12
2022-01-01,2022-02-01,0.16420292854309082,0.16757678985595703,0.16571851237071283,0.0008072611457386293,65536,33747,NUTS_SL_01m_2024.shp,SI031,2022,January,1
2022-02-01,2022-03-01,0.1890510469675064,0.19616636633872986,0.1935218266760506,0.0012976813729766341,65536,33747,NUTS_SL_01m_2024.shp,SI031,2022,February,2
2022-03-01,2022-04-01,0.1616101711988449,0.16515564918518066,0.16393765806355048,0.0006963022203243446,65536,33747,NUTS_SL_01m_2024.shp,SI031,2022,March,3
2022-04-01,2022-05-01,0.15667375922203064,0.1640423685312271,0.16146245986169822,0.0012854445026953584,65536,33747,NUTS_SL_01m_2024.shp,SI031,2022,April,4
2022-05-01,2022-06-01,0.15532881021499634,0.1597437709569931,0.1573309862043508,0.0008956740107378435,65536,33747,NUTS_SL_01m_2024.shp,SI031,2022,May,5
2022-06-01,2022-07-01,0.1408051997423172,0.1437365859746933,0.14245108185749172,0.0005833348426838271,65536,33747,NUTS_SL_01m_2024.shp,SI031,2022,June,6
2022-07-01,2022-08-01,0.1437077820301056,0.1471555531024933,0.1455063038034833,0.0009176872308464881,65536,33747,NUTS_SL_01m_2024.shp,SI031,2022,July,7
2022-08-01,2022-09-01,0.13586676120758057,0.14094489812850952,0.13867357729348628,0.0009850478996572245,65536,33747,NUTS_SL_01m_2024.shp,SI031,2022,August,8
2022-09-01,2022-10-01,0.13898789882659912,0.14607174694538116,0.1422933527381288,0.0015832237770588855,65536,33747,NUTS_SL_01m_2024.shp,SI031,2022,September,9
2022-10-01,2022-11-01,0.11911065876483917,0.12356102466583252,0.12126617808761123,0.0008958678860530098,65536,33747,NUTS_SL_01m_2024.shp,SI031,2022,October,10
2022-11-01,2022-12-01,0.1344192773103714,0.13935469090938568,0.13696144195688106,0.0012140413986585388,65536,33747,NUTS_SL_01m_2024.shp,SI031,2022,November,11
2022-12-01,2023-01-01,0.1402091681957245,0.14528508484363556,0.1426322393541442,0.0010106866014450862,65536,33747,NUTS_SL_01m_2024.shp,SI031,2022,December,12
2023-01-01,2023-02-01,0.140981063246727,0.14764797687530518,0.14452875216291278,0.0013969922216989024,65536,33747,NUTS_SL_01m_2024.shp,SI031,2023,January,1
2023-02-01,2023-03-01,0.1418178677558899,0.15100383758544922,0.1472051905026224,0.002092247252034018,65536,33747,NUTS_SL_01m_2024.shp,SI031,2023,February,2
2023-03-01,2023-04-01,0.1467028260231018,0.1525968462228775,0.14997525055060715,0.0012439571506739793,65536,33747,NUTS_SL_01m_2024.shp,SI031,2023,March,3
2023-04-01,2023-05-01,0.15015137195587158,0.1574980914592743,0.15379383546023448,0.001416100696082966,65536,33747,NUTS_SL_01m_2024.shp,SI031,2023,April,4
2023-05-01,2023-06-01,0.14794717729091644,0.15319480001926422,0.15098093429163062,0.001123530316430406,65536,33747,NUTS_SL_01m_2024.shp,SI031,2023,May,5
2023-06-01,2023-07-01,0.14130987226963043,0.14546754956245422,0.14350252062904476,0.0008243136123031027,65536,33747,NUTS_SL_01m_2024.shp,SI031,2023,June,6
2023-07-01,2023-08-01,0.1476745456457138,0.1522882878780365,0.14947153930967746,0.0007903183182229245,65536,33747,NUTS_SL_01m_2024.shp,SI031,2023,July,7
2023-08-01,2023-09-01,0.1430697739124298,0.1458960920572281,0.1444945942009675,0.0006594533156144237,65536,33747,NUTS_SL_01m_2024.shp,SI031,2023,August,8
2023-09-01,2023-10-01,0.12439437210559845,0.12863560020923615,0.12653243515373666,0.0008367923051910591,65536,33747,NUTS_SL_01m_2024.shp,SI031,2023,September,9
2023-10-01,2023-11-01,0.14080986380577087,0.1465330421924591,0.14350252675797864,0.0010693380883897469,65536,33747,NUTS_SL_01m_2024.shp,SI031,2023,October,10
2023-11-01,2023-12-01,0.13453486561775208,0.13942234218120575,0.137074672864842,0.0009882495566948847,65536,33747,NUTS_SL_01m_2024.shp,SI031,2023,November,11
2023-12-01,2024-01-01,0.13031744956970215,0.13372153043746948,0.1318034896372008,0.0006893291494424256,65536,33747,NUTS_SL_01m_2024.shp,SI031,2023,December,12
2018-04-01,2018-05-01,0.14583049714565277,0.15146322548389435,0.14907824826028812,0.0011622139630018842,65536,27923,NUTS_SL_01m_2024.shp,SI032,2018,April,4
2018-05-01,2018-06-01,0.142412930727005,0.1498083621263504,0.1472621257335311,0.0013754919159665562,65536,27923,NUTS_SL_01m_2024.shp,SI032,2018,May,5
2018-06-01,2018-07-01,0.14831441640853882,0.15416420996189117,0.15159671641073125,0.0014081517014230356,65536,27923,NUTS_SL_01m_2024.shp,SI032,2018,June,6
2018-07-01,2018-08-01,0.13897445797920227,0.1413789689540863,0.14016233716204066,0.0006016567197883953,65536,27923,NUTS_SL_01m_2024.shp,SI032,2018,July,7
2018-08-01,2018-09-01,0.13605937361717224,0.13744573295116425,0.13661512860654207,0.0005406862499120322,65536,61722,NUTS_SL_01m_2024.shp,SI032,2018,August,8
2018-09-01,2018-10-01,0.1237821877002716,0.1293320208787918,0.12610283898644162,0.0009663404578250241,65536,27923,NUTS_SL_01m_2024.shp,SI032,2018,September,9
2018-10-01,2018-11-01,0.12787051498889923,0.13199101388454437,0.12985024997926442,0.0007803720435563549,65536,27923,NUTS_SL_01m_2024.shp,SI032,2018,October,10
2018-11-01,2018-12-01,0.13065843284130096,0.13499242067337036,0.132591400462186,0.000808330425455977,65536,27923,NUTS_SL_01m_2024.shp,SI032,2018,November,11
2018-12-01,2019-01-01,0.14579853415489197,0.15347516536712646,0.1492829504673048,0.001243805973521951,65536,27923,NUTS_SL_01m_2024.shp,SI032,2018,December,12
2019-01-01,2019-02-01,0.18217387795448303,0.18702711164951324,0.184683900084926,0.0011175665349286144,65536,27923,NUTS_SL_01m_2024.shp,SI032,2019,January,1
2019-02-01,2019-03-01,0.127300426363945,0.1334906369447708,0.12996552762043087,0.0010895710614770506,65536,27923,NUTS_SL_01m_2024.shp,SI032,2019,February,2
2019-03-01,2019-04-01,0.15969468653202057,0.16606520116329193,0.16313878523971548,0.0010771098069774713,65536,27923,NUTS_SL_01m_2024.shp,SI032,2019,March,3
2019-04-01,2019-05-01,0.15877677500247955,0.16848249733448029,0.16272970811679513,0.0021786644145701155,65536,27923,NUTS_SL_01m_2024.shp,SI032,2019,April,4
2019-05-01,2019-06-01,0.1560641974210739,0.16119664907455444,0.15887426318989983,0.00123364502762611,65536,27923,NUTS_SL_01m_2024.shp,SI032,2019,May,5
2019-06-01,2019-07-01,0.1435287594795227,0.14728273451328278,0.14539071870944253,0.0007606855458387076,65536,27923,NUTS_SL_01m_2024.shp,SI032,2019,June,6
2019-07-01,2019-08-01,0.13441762328147888,0.14323684573173523,0.14030234501523617,0.0014621355291728612,65536,27923,NUTS_SL_01m_2024.shp,SI032,2019,July,7
2019-08-01,2019-09-01,0.1279563009738922,0.13243696093559265,0.13097602086671484,0.0007217665823084457,65536,27923,NUTS_SL_01m_2024.shp,SI032,2019,August,8
2019-09-01,2019-10-01,0.12188553810119629,0.12580879032611847,0.12391521565136149,0.00080691454114026,65536,27923,NUTS_SL_01m_2024.shp,SI032,2019,September,9
2019-10-01,2019-11-01,0.1332247406244278,0.13691145181655884,0.13479487479408128,0.000817192030388078,65536,27923,NUTS_SL_01m_2024.shp,SI032,2019,October,10
2019-11-01,2019-12-01,0.12253079563379288,0.12733449041843414,0.12522257164957035,0.0009866360086995308,65536,27923,NUTS_SL_01m_2024.shp,SI032,2019,November,11
2019-12-01,2020-01-01,0.13845917582511902,0.14243768155574799,0.13984343588171733,0.0008297398439142951,65536,27923,NUTS_SL_01m_2024.shp,SI032,2019,December,12
2020-01-01,2020-02-01,0.1359511911869049,0.13875333964824677,0.13743991951744686,0.0006497121554989539,65536,27923,NUTS_SL_01m_2024.shp,SI032,2020,January,1
2020-02-01,2020-03-01,0.13326138257980347,0.13982702791690826,0.13710458148181254,0.0012760509314316566,65536,27923,NUTS_SL_01m_2024.shp,SI032,2020,February,2
2020-03-01,2020-04-01,0.1868678778409958,0.1945810168981552,0.18976794757146812,0.0015556336721762175,65536,27923,NUTS_SL_01m_2024.shp,SI032,2020,March,3
2020-04-01,2020-05-01,0.15531903505325317,0.1621895432472229,0.15930264283482673,0.0012596929469671147,65536,27923,NUTS_SL_01m_2024.shp,SI032,2020,April,4
2020-05-01,2020-06-01,0.14886732399463654,0.15718315541744232,0.1540648729259607,0.0015420401455419185,65536,27923,NUTS_SL_01m_2024.shp,SI032,2020,May,5
2020-06-01,2020-07-01,0.13591989874839783,0.1410834640264511,0.13905678264745347,0.00102521219219829,65536,27923,NUTS_SL_01m_2024.shp,SI032,2020,June,6
2020-07-01,2020-08-01,0.1297823041677475,0.13727743923664093,0.13313837990933883,0.0013064937193601625,65536,27923,NUTS_SL_01m_2024.shp,SI032,2020,July,7
2020-08-01,2020-09-01,0.13525575399398804,0.1404060423374176,0.1379580718943488,0.0009543442161199002,65536,27923,NUTS_SL_01m_2024.shp,SI032,2020,August,8
2020-09-01,2020-10-01,0.12191566079854965,0.12703344225883484,0.12445415522736546,0.0011124012823884328,65536,27923,NUTS_SL_01m_2024.shp,SI032,2020,September,9
2020-10-01,2020-11-01,0.12381122261285782,0.12796436250209808,0.12609011709917473,0.0009167059066373944,65536,27923,NUTS_SL_01m_2024.shp,SI032,2020,October,10
2020-11-01,2020-12-01,0.12840840220451355,0.1324124038219452,0.1308388676181096,0.0009088381886595436,65536,27923,NUTS_SL_01m_2024.shp,SI032,2020,November,11
2020-12-01,2021-01-01,0.1405080407857895,0.14620475471019745,0.14400522679631694,0.0010239486064940646,65536,27923,NUTS_SL_01m_2024.shp,SI032,2020,December,12
2021-01-01,2021-02-01,0.1594254970550537,0.16530975699424744,0.16253799506931596,0.0009858199185552997,65536,27923,NUTS_SL_01m_2024.shp,SI032,2021,January,1
2021-02-01,2021-03-01,0.15256282687187195,0.15391157567501068,0.1531758945096623,0.0006715819489883463,65536,65525,NUTS_SL_01m_2024.shp,SI032,2021,February,2
2021-03-01,2021-04-01,0.14906267821788788,0.15400606393814087,0.15148132648889917,0.0010329053316460105,65536,27923,NUTS_SL_01m_2024.shp,SI032,2021,March,3
2021-04-01,2021-05-01,0.1556873619556427,0.16518260538578033,0.16017905693892814,0.0021845804749159475,65536,27923,NUTS_SL_01m_2024.shp,SI032,2021,April,4
2021-05-01,2021-06-01,0.16033247113227844,0.16932451725006104,0.1650719614126781,0.0014212316222399514,65536,27923,NUTS_SL_01m_2024.shp,SI032,2021,May,5
2021-06-01,2021-07-01,0.14082665741443634,0.1471153199672699,0.1443154971503952,0.0013897250301468786,65536,27923,NUTS_SL_01m_2024.shp,SI032,2021,June,6
2021-07-01,2021-08-01,0.13533490896224976,0.1415785700082779,0.1374590944594755,0.0012235226511777204,65536,27923,NUTS_SL_01m_2024.shp,SI032,2021,July,7
2021-08-01,2021-09-01,0.15044154226779938,0.15485312044620514,0.15249791904117893,0.0008830003454086689,65536,27923,NUTS_SL_01m_2024.shp,SI032,2021,August,8
2021-09-01,2021-10-01,0.13311277329921722,0.13686037063598633,0.13523378353818075,0.0008407540865299165,65536,27923,NUTS_SL_01m_2024.shp,SI032,2021,September,9
2021-10-01,2021-11-01,0.1259552240371704,0.13155370950698853,0.12855475440784092,0.0010606892409511784,65536,27923,NUTS_SL_01m_2024.shp,SI032,2021,October,10
2021-11-01,2021-12-01,0.14557777345180511,0.1515672504901886,0.14880608426742709,0.001081352436491072,65536,27923,NUTS_SL_01m_2024.shp,SI032,2021,November,11
2021-12-01,2022-01-01,0.12161852419376373,0.1253187209367752,0.1236263511843703,0.0007239289241411201,65536,27923,NUTS_SL_01m_2024.shp,SI032,2021,December,12
2022-01-01,2022-02-01,0.16249147057533264,0.16776452958583832,0.16622601235993378,0.0007935156373596626,65536,27923,NUTS_SL_01m_2024.shp,SI032,2022,January,1
2022-02-01,2022-03-01,0.18384209275245667,0.19629892706871033,0.1896370167931189,0.0029056076409894284,65536,27923,NUTS_SL_01m_2024.shp,SI032,2022,February,2
2022-03-01,2022-04-01,0.16257309913635254,0.1651507467031479,0.16382325413368948,0.000554441413430271,65536,27923,NUTS_SL_01m_2024.shp,SI032,2022,March,3
2022-04-01,2022-05-01,0.15707170963287354,0.16289255023002625,0.16017825447695005,0.0011573578815556403,65536,27923,NUTS_SL_01m_2024.shp,SI032,2022,April,4
2022-05-01,2022-06-01,0.15290865302085876,0.16057568788528442,0.15731220483911418,0.0011685609091905847,65536,27923,NUTS_SL_01m_2024.shp,SI032,2022,May,5
2022-06-01,2022-07-01,0.13568833470344543,0.1441294550895691,0.14069930268182523,0.0015554724496232375,65536,27923,NUTS_SL_01m_2024.shp,SI032,2022,June,6
2022-07-01,2022-08-01,0.14090093970298767,0.1467149555683136,0.14355962367395864,0.0011821930654592958,65536,27923,NUTS_SL_01m_2024.shp,SI032,2022,July,7
2022-08-01,2022-09-01,0.13481919467449188,0.14056365191936493,0.1380563804423344,0.0009289385415067925,65536,27923,NUTS_SL_01m_2024.shp,SI032,2022,August,8
2022-09-01,2022-10-01,0.13895657658576965,0.14385905861854553,0.14155555718904708,0.0010716185706219944,65536,27923,NUTS_SL_01m_2024.shp,SI032,2022,September,9
2022-10-01,2022-11-01,0.11911065876483917,0.122892364859581,0.12119777222913893,0.0007504523936900336,65536,27923,NUTS_SL_01m_2024.shp,SI032,2022,October,10
2022-11-01,2022-12-01,0.13624046742916107,0.14157217741012573,0.1380399376549305,0.000916303889287379,65536,27923,NUTS_SL_01m_2024.shp,SI032,2022,November,11
2022-12-01,2023-01-01,0.13792924582958221,0.14429070055484772,0.14124175462906235,0.0013153258421444481,65536,27923,NUTS_SL_01m_2024.shp,SI032,2022,December,12
2023-01-01,2023-02-01,0.14118506014347076,0.14780990779399872,0.1444073090630796,0.0012434774703041819,65536,27923,NUTS_SL_01m_2024.shp,SI032,2023,January,1
2023-02-01,2023-03-01,0.14499542117118835,0.15302592515945435,0.14789551646178895,0.0014920161508559062,65536,27923,NUTS_SL_01m_2024.shp,SI032,2023,February,2
2023-03-01,2023-04-01,0.14666256308555603,0.15266287326812744,0.1496152096872341,0.0012348639814881372,65536,27923,NUTS_SL_01m_2024.shp,SI032,2023,March,3
2023-04-01,2023-05-01,0.14899905025959015,0.1556866317987442,0.15337794793847537,0.001312722059516284,65536,27923,NUTS_SL_01m_2024.shp,SI032,2023,April,4
2023-05-01,2023-06-01,0.14744988083839417,0.15141674876213074,0.14905720545118642,0.0008676899922149162,65536,27923,NUTS_SL_01m_2024.shp,SI032,2023,May,5
2023-06-01,2023-07-01,0.13976727426052094,0.14445333182811737,0.14219986248285027,0.0009107391417624856,65536,27923,NUTS_SL_01m_2024.shp,SI032,2023,June,6
2023-07-01,2023-08-01,0.1479760706424713,0.1522882878780365,0.14977984655070928,0.0009532122012974783,65536,27923,NUTS_SL_01m_2024.shp,SI032,2023,July,7
2023-08-01,2023-09-01,0.14037781953811646,0.14731933176517487,0.14450168053395912,0.0012732701917334984,65536,27923,NUTS_SL_01m_2024.shp,SI032,2023,August,8
2023-09-01,2023-10-01,0.12404891103506088,0.12923739850521088,0.12619131968731728,0.0010700581635771872,65536,28089,NUTS_SL_01m_2024.shp,SI032,2023,September,9
2023-10-01,2023-11-01,0.13981682062149048,0.14667987823486328,0.14367037483970516,0.0013452119713052812,65536,27923,NUTS_SL_01m_2024.shp,SI032,2023,October,10
2023-11-01,2023-12-01,0.13374564051628113,0.13831180334091187,0.1353297202446516,0.0008143984235543106,65536,27923,NUTS_SL_01m_2024.shp,SI032,2023,November,11
2023-12-01,2024-01-01,0.13070201873779297,0.13490372896194458,0.13276377847117152,0.0010295600194318072,65536,27923,NUTS_SL_01m_2024.shp,SI032,2023,December,12
2018-04-01,2018-05-01,0.1452852189540863,0.15157324075698853,0.1491964988192214,0.001305500864264668,65536,26791,NUTS_SL_01m_2024.shp,SI033,2018,April,4
2018-05-01,2018-06-01,0.1389104127883911,0.1476527601480484,0.14490783780424757,0.0016494300465934556,65536,26791,NUTS_SL_01m_2024.shp,SI033,2018,May,5
2018-06-01,2018-07-01,0.1462354063987732,0.15340164303779602,0.15028105209467282,0.0018104821981266219,65536,26791,NUTS_SL_01m_2024.shp,SI033,2018,June,6
2018-07-01,2018-08-01,0.1386486291885376,0.1411670595407486,0.13993628321116808,0.0007597029467415606,65536,26791,NUTS_SL_01m_2024.shp,SI033,2018,July,7
2018-08-01,2018-09-01,0.13597171008586884,0.13772806525230408,0.13695909663283146,0.0005003113611043679,65536,26791,NUTS_SL_01m_2024.shp,SI033,2018,August,8
2018-09-01,2018-10-01,0.12373822182416916,0.12765580415725708,0.12548964595522313,0.0008109447796931977,65536,26791,NUTS_SL_01m_2024.shp,SI033,2018,September,9
2018-10-01,2018-11-01,0.12808281183242798,0.1306614875793457,0.12944100546381448,0.0005310139086774765,65536,26791,NUTS_SL_01m_2024.shp,SI033,2018,October,10
2018-11-01,2018-12-01,0.13065843284130096,0.1346631646156311,0.133277131816868,0.0007044180639274067,65536,26791,NUTS_SL_01m_2024.shp,SI033,2018,November,11
2018-12-01,2019-01-01,0.1451006680727005,0.14971812069416046,0.14720874902109563,0.0009597830255074609,65536,26791,NUTS_SL_01m_2024.shp,SI033,2018,December,12
2019-01-01,2019-02-01,0.17937172949314117,0.18551813066005707,0.18245143571858638,0.0011443537134514152,65536,26791,NUTS_SL_01m_2024.shp,SI033,2019,January,1
2019-02-01,2019-03-01,0.12693573534488678,0.13127531111240387,0.12960541872981765,0.0008946707656677913,65536,26791,NUTS_SL_01m_2024.shp,SI033,2019,February,2
2019-03-01,2019-04-01,0.1579846888780594,0.16232027113437653,0.16012569220162415,0.0010124980726650943,65536,26791,NUTS_SL_01m_2024.shp,SI033,2019,March,3
2019-04-01,2019-05-01,0.15676473081111908,0.1612844169139862,0.1600307113006062,0.000756369184221788,65536,26791,NUTS_SL_01m_2024.shp,SI033,2019,April,4
2019-05-01,2019-06-01,0.1505911648273468,0.15851770341396332,0.1549429984562066,0.0016120850651375673,65536,26791,NUTS_SL_01m_2024.shp,SI033,2019,May,5
2019-06-01,2019-07-01,0.14207075536251068,0.14677415788173676,0.14435483965931917,0.0008892491357392869,65536,26791,NUTS_SL_01m_2024.shp,SI033,2019,June,6
2019-07-01,2019-08-01,0.13441762328147888,0.14175225794315338,0.13882608114711556,0.0015442460516291662,65536,26791,NUTS_SL_01m_2024.shp,SI033,2019,July,7
2019-08-01,2019-09-01,0.1276128739118576,0.13212722539901733,0.13003910574886618,0.0011088880383476535,65536,26791,NUTS_SL_01m_2024.shp,SI033,2019,August,8
2019-09-01,2019-10-01,0.1224343478679657,0.12503671646118164,0.12337442012021767,0.0006128049396446255,65536,26791,NUTS_SL_01m_2024.shp,SI033,2019,September,9
2019-10-01,2019-11-01,0.1328742653131485,0.13702787458896637,0.13474956614569122,0.0009001566531829479,65536,26791,NUTS_SL_01m_2024.shp,SI033,2019,October,10
2019-11-01,2019-12-01,0.12049412727355957,0.1259264498949051,0.12324343397453766,0.0010490340769626022,65536,26791,NUTS_SL_01m_2024.shp,SI033,2019,November,11
2019-12-01,2020-01-01,0.13756340742111206,0.14209210872650146,0.14010159690690327,0.0008612544031850903,65536,26791,NUTS_SL_01m_2024.shp,SI033,2019,December,12
2020-01-01,2020-02-01,0.13563598692417145,0.13785351812839508,0.13701186031622406,0.0005239108015497423,65536,26791,NUTS_SL_01m_2024.shp,SI033,2020,January,1
2020-02-01,2020-03-01,0.13282139599323273,0.1392868310213089,0.13597859757448746,0.00123098140821375,65536,26791,NUTS_SL_01m_2024.shp,SI033,2020,February,2
2020-03-01,2020-04-01,0.18928606808185577,0.19500765204429626,0.19231974618490766,0.001447992160967967,65536,26791,NUTS_SL_01m_2024.shp,SI033,2020,March,3
2020-04-01,2020-05-01,0.1545446813106537,0.16016048192977905,0.15715674163801535,0.0014130363775698503,65536,33064,NUTS_SL_01m_2024.shp,SI033,2020,April,4
2020-05-01,2020-06-01,0.14886732399463654,0.15655364096164703,0.15255303244842094,0.001417000893137675,65536,26791,NUTS_SL_01m_2024.shp,SI033,2020,May,5
2020-06-01,2020-07-01,0.13614940643310547,0.14202110469341278,0.13976646470075985,0.0012211288233901932,65536,26791,NUTS_SL_01m_2024.shp,SI033,2020,June,6
2020-07-01,2020-08-01,0.13160599768161774,0.13487565517425537,0.13298116749310482,0.0007049282376096469,65536,26791,NUTS_SL_01m_2024.shp,SI033,2020,July,7
2020-08-01,2020-09-01,0.13686545193195343,0.1402970254421234,0.1387095468838699,0.000939838179079605,65536,26791,NUTS_SL_01m_2024.shp,SI033,2020,August,8
2020-09-01,2020-10-01,0.12266401946544647,0.12777873873710632,0.1250515113283879,0.0012155149164801578,65536,26791,NUTS_SL_01m_2024.shp,SI033,2020,September,9
2020-10-01,2020-11-01,0.12351293861865997,0.12811875343322754,0.12610225727814622,0.0008657352719524706,65536,26791,NUTS_SL_01m_2024.shp,SI033,2020,October,10
2020-11-01,2020-12-01,0.12894168496131897,0.13233482837677002,0.1307166729393061,0.0007550541292882691,65536,26791,NUTS_SL_01m_2024.shp,SI033,2020,November,11
2020-12-01,2021-01-01,0.14227516949176788,0.14583490788936615,0.14415238162620211,0.0007791995769621702,65536,26791,NUTS_SL_01m_2024.shp,SI033,2020,December,12
2021-01-01,2021-02-01,0.1598096340894699,0.1669001579284668,0.16329041686207563,0.0016917935677311631,65536,26791,NUTS_SL_01m_2024.shp,SI033,2021,January,1
2021-02-01,2021-03-01,0.14924387633800507,0.1559792011976242,0.15315696378432428,0.001501366029044894,65536,30775,NUTS_SL_01m_2024.shp,SI033,2021,February,2
2021-03-01,2021-04-01,0.14772917330265045,0.15273220837116241,0.15068192690753218,0.000945606067977937,65536,26791,NUTS_SL_01m_2024.shp,SI033,2021,March,3
2021-04-01,2021-05-01,0.15538549423217773,0.16196544468402863,0.15908634912577002,0.0016112015643275504,65536,26791,NUTS_SL_01m_2024.shp,SI033,2021,April,4
2021-05-01,2021-06-01,0.1592463254928589,0.1652463972568512,0.16242310679571198,0.0014972580917036757,65536,26791,NUTS_SL_01m_2024.shp,SI033,2021,May,5
2021-06-01,2021-07-01,0.14011971652507782,0.14752107858657837,0.14392280734836224,0.0016923329488655596,65536,26791,NUTS_SL_01m_2024.shp,SI033,2021,June,6
2021-07-01,2021-08-01,0.13705231249332428,0.1415785700082779,0.13882765319020057,0.0009864887380108501,65536,26791,NUTS_SL_01m_2024.shp,SI033,2021,July,7
2021-08-01,2021-09-01,0.14897257089614868,0.1536017209291458,0.15193506128281367,0.0009494342478011626,65536,26791,NUTS_SL_01m_2024.shp,SI033,2021,August,8
2021-09-01,2021-10-01,0.1322246491909027,0.13509738445281982,0.13373114061457111,0.0007572261093019162,65536,26791,NUTS_SL_01m_2024.shp,SI033,2021,September,9
2021-10-01,2021-11-01,0.12318801879882812,0.12859795987606049,0.1262948720995366,0.0011028451435222586,65536,26791,NUTS_SL_01m_2024.shp,SI033,2021,October,10
2021-11-01,2021-12-01,0.1435849815607071,0.15085233747959137,0.14754539033776978,0.0014000685166772012,65536,26791,NUTS_SL_01m_2024.shp,SI033,2021,November,11
2021-12-01,2022-01-01,0.12051161378622055,0.125838503241539,0.12283238086900877,0.0008457753467862203,65536,26791,NUTS_SL_01m_2024.shp,SI033,2021,December,12
2022-01-01,2022-02-01,0.16433656215667725,0.16781526803970337,0.16573614792633673,0.0010521875772027574,65536,26791,NUTS_SL_01m_2024.shp,SI033,2022,January,1
2022-02-01,2022-03-01,0.1772577166557312,0.18822230398654938,0.18296708937367562,0.002360286327213276,65536,26791,NUTS_SL_01m_2024.shp,SI033,2022,February,2
2022-03-01,2022-04-01,0.16170121729373932,0.16571778059005737,0.16420284143869843,0.0007245256366642048,65536,26791,NUTS_SL_01m_2024.shp,SI033,2022,March,3
2022-04-01,2022-05-01,0.1567329615354538,0.16351178288459778,0.1603602269658388,0.001294788903038556,65536,26791,NUTS_SL_01m_2024.shp,SI033,2022,April,4
2022-05-01,2022-06-01,0.15183866024017334,0.15992310643196106,0.15730524370171645,0.0017559233576075503,65536,26791,NUTS_SL_01m_2024.shp,SI033,2022,May,5
2022-06-01,2022-07-01,0.13508965075016022,0.14214327931404114,0.13911996110898817,0.0017150050993422112,65536,26791,NUTS_SL_01m_2024.shp,SI033,2022,June,6
2022-07-01,2022-08-01,0.13914300501346588,0.14374086260795593,0.141823109024832,0.001078273728866857,65536,26791,NUTS_SL_01m_2024.shp,SI033,2022,July,7
2022-08-01,2022-09-01,0.1359141767024994,0.13861322402954102,0.1372473449553359,0.0005241101619988215,65536,26791,NUTS_SL_01m_2024.shp,SI033,2022,August,8
2022-09-01,2022-10-01,0.13847839832305908,0.14327511191368103,0.14137111853047135,0.0010290138467694825,65536,26791,NUTS_SL_01m_2024.shp,SI033,2022,September,9
2022-10-01,2022-11-01,0.11790463328361511,0.12191583216190338,0.12020295783329314,0.0009448620352226916,65536,26791,NUTS_SL_01m_2024.shp,SI033,2022,October,10
2022-11-01,2022-12-01,0.1372213065624237,0.1441805213689804,0.14225975344728456,0.0012934280901847662,65536,26791,NUTS_SL_01m_2024.shp,SI033,2022,November,11
2022-12-01,2023-01-01,0.13519041240215302,0.14246593415737152,0.13937237316376966,0.0014040937894306757,65536,26791,NUTS_SL_01m_2024.shp,SI033,2022,December,12
2023-01-01,2023-02-01,0.14043880999088287,0.14464078843593597,0.14267066189597946,0.0009800018144259504,65536,26791,NUTS_SL_01m_2024.shp,SI033,2023,January,1
2023-02-01,2023-03-01,0.14463575184345245,0.14823207259178162,0.14666517653616323,0.0007079446347471755,65536,26791,NUTS_SL_01m_2024.shp,SI033,2023,February,2
2023-03-01,2023-04-01,0.14560134708881378,0.1538029909133911,0.14894949742433494,0.001539824398613365,65536,26791,NUTS_SL_01m_2024.shp,SI033,2023,March,3
2023-04-01,2023-05-01,0.14975129067897797,0.15499703586101532,0.15210551860825108,0.001261792156933657,65536,26791,NUTS_SL_01m_2024.shp,SI033,2023,April,4
2023-05-01,2023-06-01,0.14744988083839417,0.15015199780464172,0.14879913173739742,0.0007769384228839013,65536,26791,NUTS_SL_01m_2024.shp,SI033,2023,May,5
2023-06-01,2023-07-01,0.13853713870048523,0.1445353627204895,0.14240235990094446,0.001066702927817854,65536,26791,NUTS_SL_01m_2024.shp,SI033,2023,June,6
2023-07-01,2023-08-01,0.14869436621665955,0.15397371351718903,0.15158621873843867,0.0010419479547505522,65536,26791,NUTS_SL_01m_2024.shp,SI033,2023,July,7
2023-08-01,2023-09-01,0.14031127095222473,0.14555390179157257,0.1435805219360302,0.0011012271235060116,65536,26791,NUTS_SL_01m_2024.shp,SI033,2023,August,8
2023-09-01,2023-10-01,0.12359188497066498,0.12772047519683838,0.125579130981048,0.0007832260202077693,65536,26921,NUTS_SL_01m_2024.shp,SI033,2023,September,9
2023-10-01,2023-11-01,0.14204591512680054,0.14786913990974426,0.14483039089596234,0.0011114738079223581,65536,26791,NUTS_SL_01m_2024.shp,SI033,2023,October,10
2023-11-01,2023-12-01,0.13364273309707642,0.1375764161348343,0.13551491582442993,0.0008294385340074392,65536,26791,NUTS_SL_01m_2024.shp,SI033,2023,November,11
2023-12-01,2024-01-01,0.13126417994499207,0.13497337698936462,0.13325194960902476,0.0008070992300586629,65536,26791,NUTS_SL_01m_2024.shp,SI033,2023,December,12
2018-04-01,2018-05-01,0.1452852189540863,0.15144412219524384,0.1490954648947735,0.0011845541784505935,65536,35309,NUTS_SL_01m_2024.shp,SI034,2018,April,4
2018-05-01,2018-06-01,0.1389104127883911,0.1483413130044937,0.1450346122061486,0.0016472193313999972,65536,35309,NUTS_SL_01m_2024.shp,SI034,2018,May,5
2018-06-01,2018-07-01,0.14712294936180115,0.1537896692752838,0.15068373272828758,0.0018832178702872207,65536,35309,NUTS_SL_01m_2024.shp,SI034,2018,June,6
2018-07-01,2018-08-01,0.1378103345632553,0.14149057865142822,0.13998886716144085,0.000772727078586452,65536,35309,NUTS_SL_01m_2024.shp,SI034,2018,July,7
2018-08-01,2018-09-01,0.1350475549697876,0.138495534658432,0.1369329904169051,0.0007378524151359878,65536,40492,NUTS_SL_01m_2024.shp,SI034,2018,August,8
2018-09-01,2018-10-01,0.123928003013134,0.12931333482265472,0.12649284194684474,0.0008315259663645187,65536,35309,NUTS_SL_01m_2024.shp,SI034,2018,September,9
2018-10-01,2018-11-01,0.12726610898971558,0.13168860971927643,0.12956654832482473,0.0007246624464901191,65536,35309,NUTS_SL_01m_2024.shp,SI034,2018,October,10
2018-11-01,2018-12-01,0.13101838529109955,0.1346631646156311,0.1328486079868288,0.0007746372307671632,65536,35309,NUTS_SL_01m_2024.shp,SI034,2018,November,11
2018-12-01,2019-01-01,0.1451006680727005,0.15224727988243103,0.1486244789271795,0.0016885983895009093,65536,35309,NUTS_SL_01m_2024.shp,SI034,2018,December,12
2019-01-01,2019-02-01,0.1773078441619873,0.18633002042770386,0.18126797951955365,0.0017841095619566235,65536,35309,NUTS_SL_01m_2024.shp,SI034,2019,January,1
2019-02-01,2019-03-01,0.1264658421278,0.13097769021987915,0.12868002361536954,0.0008435616339651676,65536,35309,NUTS_SL_01m_2024.shp,SI034,2019,February,2
2019-03-01,2019-04-01,0.15792153775691986,0.16477055847644806,0.16159123728365318,0.0013958044754256486,65536,35309,NUTS_SL_01m_2024.shp,SI034,2019,March,3
2019-04-01,2019-05-01,0.15662552416324615,0.16716061532497406,0.1607893830721783,0.002349551589445145,65536,35309,NUTS_SL_01m_2024.shp,SI034,2019,April,4
2019-05-01,2019-06-01,0.1505911648273468,0.16052494943141937,0.15671700873394165,0.0024265294397724374,65536,35309,NUTS_SL_01m_2024.shp,SI034,2019,May,5
2019-06-01,2019-07-01,0.14207494258880615,0.14711236953735352,0.1449372251133098,0.0009356294587257801,65536,35309,NUTS_SL_01m_2024.shp,SI034,2019,June,6
2019-07-01,2019-08-01,0.13441762328147888,0.14323684573173523,0.13928428271372392,0.0017689073351131604,65536,35309,NUTS_SL_01m_2024.shp,SI034,2019,July,7
2019-08-01,2019-09-01,0.12757740914821625,0.13300447165966034,0.13117353459209816,0.0008746684984882701,65536,35309,NUTS_SL_01m_2024.shp,SI034,2019,August,8
2019-09-01,2019-10-01,0.12182649224996567,0.12532787024974823,0.12361209125803681,0.0007762915306961138,65536,35309,NUTS_SL_01m_2024.shp,SI034,2019,September,9
2019-10-01,2019-11-01,0.13324475288391113,0.13657493889331818,0.13514277421554988,0.0006503730244590239,65536,35309,NUTS_SL_01m_2024.shp,SI034,2019,October,10
2019-11-01,2019-12-01,0.11965800076723099,0.12648920714855194,0.12337615785784259,0.0012913750143344197,65536,35309,NUTS_SL_01m_2024.shp,SI034,2019,November,11
2019-12-01,2020-01-01,0.13756340742111206,0.1416802555322647,0.13964339287103444,0.0008809955306755044,65536,35309,NUTS_SL_01m_2024.shp,SI034,2019,December,12
2020-01-01,2020-02-01,0.13610243797302246,0.1393147110939026,0.13755273491387623,0.0006866459333095119,65536,35309,NUTS_SL_01m_2024.shp,SI034,2020,January,1
2020-02-01,2020-03-01,0.1322469264268875,0.13829322159290314,0.1353181509587171,0.0009833779577933396,65536,35309,NUTS_SL_01m_2024.shp,SI034,2020,February,2
2020-03-01,2020-04-01,0.18597406148910522,0.1928768903017044,0.18926803107045082,0.001300083748960579,65536,35309,NUTS_SL_01m_2024.shp,SI034,2020,March,3
2020-04-01,2020-05-01,0.15373913943767548,0.157196044921875,0.15581757318082046,0.000889957946280704,65536,48059,NUTS_SL_01m_2024.shp,SI034,2020,April,4
2020-05-01,2020-06-01,0.149888277053833,0.15772053599357605,0.15329816246936198,0.001245172818817598,65536,35309,NUTS_SL_01m_2024.shp,SI034,2020,May,5
2020-06-01,2020-07-01,0.13491582870483398,0.14167842268943787,0.1386754109133847,0.001366953412582372,65536,35309,NUTS_SL_01m_2024.shp,SI034,2020,June,6
2020-07-01,2020-08-01,0.12897592782974243,0.13507091999053955,0.1321722028826493,0.001243382348029498,65536,35309,NUTS_SL_01m_2024.shp,SI034,2020,July,7
2020-08-01,2020-09-01,0.13721512258052826,0.140680730342865,0.13929908754362036,0.0006822054083772459,65536,35309,NUTS_SL_01m_2024.shp,SI034,2020,August,8
2020-09-01,2020-10-01,0.12280861288309097,0.12854942679405212,0.1256925629767184,0.0012239367360139732,65536,35309,NUTS_SL_01m_2024.shp,SI034,2020,September,9
2020-10-01,2020-11-01,0.123164601624012,0.12781527638435364,0.12562129940352978,0.0010150018248223738,65536,35309,NUTS_SL_01m_2024.shp,SI034,2020,October,10
2020-11-01,2020-12-01,0.12840840220451355,0.13299766182899475,0.13096572896506034,0.0010746290435443284,65536,35309,NUTS_SL_01m_2024.shp,SI034,2020,November,11
2020-12-01,2021-01-01,0.14349904656410217,0.15032222867012024,0.14629162128350448,0.0014011486883907188,65536,35309,NUTS_SL_01m_2024.shp,SI034,2020,December,12
2021-01-01,2021-02-01,0.1592552363872528,0.16531705856323242,0.16175716454026665,0.001238604681300621,65536,35309,NUTS_SL_01m_2024.shp,SI034,2021,January,1
2021-02-01,2021-03-01,0.14727427065372467,0.15311464667320251,0.1499352755499756,0.0014887655849183895,65536,46538,NUTS_SL_01m_2024.shp,SI034,2021,February,2
2021-03-01,2021-04-01,0.14866690337657928,0.1555365025997162,0.15162747352058156,0.0011416782505755355,65536,35309,NUTS_SL_01m_2024.shp,SI034,2021,March,3
2021-04-01,2021-05-01,0.15504923462867737,0.16309405863285065,0.15937563867775992,0.0018274781474473384,65536,35309,NUTS_SL_01m_2024.shp,SI034,2021,April,4
2021-05-01,2021-06-01,0.15887166559696198,0.16856279969215393,0.16356691461754472,0.0021493350149253067,65536,35309,NUTS_SL_01m_2024.shp,SI034,2021,May,5
2021-06-01,2021-07-01,0.14043258130550385,0.14752107858657837,0.14444061534762537,0.0013650940232475355,65536,35309,NUTS_SL_01m_2024.shp,SI034,2021,June,6
2021-07-01,2021-08-01,0.1364731788635254,0.14133727550506592,0.13901895594044003,0.0009794515140844793,65536,35309,NUTS_SL_01m_2024.shp,SI034,2021,July,7
2021-08-01,2021-09-01,0.14878533780574799,0.15415909886360168,0.1515311962805441,0.0010308538216666353,65536,35309,NUTS_SL_01m_2024.shp,SI034,2021,August,8
2021-09-01,2021-10-01,0.13113728165626526,0.13647493720054626,0.13412232763463156,0.0010095610801694555,65536,35309,NUTS_SL_01m_2024.shp,SI034,2021,September,9
2021-10-01,2021-11-01,0.12318801879882812,0.13054966926574707,0.12732407960264513,0.001359944519866493,65536,35309,NUTS_SL_01m_2024.shp,SI034,2021,October,10
2021-11-01,2021-12-01,0.1432395726442337,0.14898252487182617,0.14648162898569894,0.0011048926226399677,65536,35309,NUTS_SL_01m_2024.shp,SI034,2021,November,11
2021-12-01,2022-01-01,0.12099174410104752,0.12527140974998474,0.12345818170436733,0.0008881681496215546,65536,35309,NUTS_SL_01m_2024.shp,SI034,2021,December,12
2022-01-01,2022-02-01,0.16351352632045746,0.16797414422035217,0.16563017550392245,0.0010319376829132022,65536,35309,NUTS_SL_01m_2024.shp,SI034,2022,January,1
2022-02-01,2022-03-01,0.1735866665840149,0.19069354236125946,0.18477523931704998,0.0034547347339419303,65536,35309,NUTS_SL_01m_2024.shp,SI034,2022,February,2
2022-03-01,2022-04-01,0.16206428408622742,0.16661934554576874,0.16420682790391505,0.0007411034824680612,65536,35309,NUTS_SL_01m_2024.shp,SI034,2022,March,3
2022-04-01,2022-05-01,0.15631449222564697,0.1620599329471588,0.15922569209350465,0.0011883618120868838,65536,35309,NUTS_SL_01m_2024.shp,SI034,2022,April,4
2022-05-01,2022-06-01,0.151492640376091,0.1602257639169693,0.15708205367517394,0.0015704631324795551,65536,35309,NUTS_SL_01m_2024.shp,SI034,2022,May,5
2022-06-01,2022-07-01,0.1344858556985855,0.14142674207687378,0.13889511681766056,0.0017411971270082235,65536,35309,NUTS_SL_01m_2024.shp,SI034,2022,June,6
2022-07-01,2022-08-01,0.13833242654800415,0.14475467801094055,0.14165010900769465,0.001339805987553807,65536,35309,NUTS_SL_01m_2024.shp,SI034,2022,July,7
2022-08-01,2022-09-01,0.13411854207515717,0.139640212059021,0.137747095339068,0.0009966272108996033,65536,35309,NUTS_SL_01m_2024.shp,SI034,2022,August,8
2022-09-01,2022-10-01,0.13872967660427094,0.14349007606506348,0.141165819727362,0.0009235243348898274,65536,35309,NUTS_SL_01m_2024.shp,SI034,2022,September,9
2022-10-01,2022-11-01,0.11819012463092804,0.12331318110227585,0.12069025945578801,0.0011557904936565695,65536,35309,NUTS_SL_01m_2024.shp,SI034,2022,October,10
2022-11-01,2022-12-01,0.13624046742916107,0.14404365420341492,0.14112107767389223,0.0015939028256934107,65536,35309,NUTS_SL_01m_2024.shp,SI034,2022,November,11
2022-12-01,2023-01-01,0.13528482615947723,0.1428467333316803,0.1393467217844496,0.0013918258844614682,65536,35309,NUTS_SL_01m_2024.shp,SI034,2022,December,12
2023-01-01,2023-02-01,0.14006668329238892,0.14830227196216583,0.14373819541890903,0.0013882589394145436,65536,35309,NUTS_SL_01m_2024.shp,SI034,2023,January,1
2023-02-01,2023-03-01,0.14532023668289185,0.15302592515945435,0.14895808738206057,0.0016963643023230714,65536,35309,NUTS_SL_01m_2024.shp,SI034,2023,February,2
2023-03-01,2023-04-01,0.14560134708881378,0.15303534269332886,0.14900086872085097,0.0012670347270969412,65536,35309,NUTS_SL_01m_2024.shp,SI034,2023,March,3
2023-04-01,2023-05-01,0.14719019830226898,0.1556866317987442,0.1520392698718225,0.0016645506235665169,65536,35309,NUTS_SL_01m_2024.shp,SI034,2023,April,4
2023-05-01,2023-06-01,0.14752128720283508,0.15114542841911316,0.14933915974251705,0.0007889218642227323,65536,35309,NUTS_SL_01m_2024.shp,SI034,2023,May,5
2023-06-01,2023-07-01,0.13831211626529694,0.14352117478847504,0.14116462084077577,0.0008576099646622164,65536,35309,NUTS_SL_01m_2024.shp,SI034,2023,June,6
2023-07-01,2023-08-01,0.14637598395347595,0.1526738405227661,0.1496209206444892,0.0012786023998660296,65536,35309,NUTS_SL_01m_2024.shp,SI034,2023,July,7
2023-08-01,2023-09-01,0.1387518346309662,0.14672905206680298,0.14383355567825368,0.001927169498444594,65536,35309,NUTS_SL_01m_2024.shp,SI034,2023,August,8
2023-09-01,2023-10-01,0.12295453250408173,0.12790203094482422,0.12588001008574387,0.0010518335303183234,65536,35760,NUTS_SL_01m_2024.shp,SI034,2023,September,9
2023-10-01,2023-11-01,0.14096030592918396,0.14918768405914307,0.14506593839127369,0.0014923916661367194,65536,35309,NUTS_SL_01m_2024.shp,SI034,2023,October,10
2023-11-01,2023-12-01,0.13277567923069,0.1372535675764084,0.13498756012183535,0.0008164141161381969,65536,35309,NUTS_SL_01m_2024.shp,SI034,2023,November,11
2023-12-01,2024-01-01,0.13110344111919403,0.13470090925693512,0.13283081352809345,0.0008498733676762278,65536,35309,NUTS_SL_01m_2024.shp,SI034,2023,December,12
2018-04-01,2018-05-01,0.1479024738073349,0.15228955447673798,0.14975259301612875,0.0009579142624150606,65536,33086,NUTS_SL_01m_2024.shp,SI035,2018,April,4
2018-05-01,2018-06-01,0.1420516073703766,0.14600799977779388,0.14406979025466332,0.001045588811116911,65536,33086,NUTS_SL_01m_2024.shp,SI035,2018,May,5
2018-06-01,2018-07-01,0.14637401700019836,0.15234854817390442,0.15012273260918896,0.0015051708866168387,65536,33086,NUTS_SL_01m_2024.shp,SI035,2018,June,6
2018-07-01,2018-08-01,0.1392809897661209,0.14120687544345856,0.13995667353525099,0.0005128508116149338,65536,33086,NUTS_SL_01m_2024.shp,SI035,2018,July,7
2018-08-01,2018-09-01,0.13559898734092712,0.13724331557750702,0.1366217520190141,0.0003700078567676508,65536,33086,NUTS_SL_01m_2024.shp,SI035,2018,August,8
2018-09-01,2018-10-01,0.12521712481975555,0.12782441079616547,0.1268806287898855,0.0007265022381421669,65536,33086,NUTS_SL_01m_2024.shp,SI035,2018,September,9
2018-10-01,2018-11-01,0.12832896411418915,0.13091900944709778,0.12961093315082672,0.0007838938500850207,65536,33086,NUTS_SL_01m_2024.shp,SI035,2018,October,10
2018-11-01,2018-12-01,0.13115422427654266,0.13358327746391296,0.13242849578108046,0.0007656411254489914,65536,33086,NUTS_SL_01m_2024.shp,SI035,2018,November,11
2018-12-01,2019-01-01,0.14693903923034668,0.1504560112953186,0.14898086091770454,0.0007472267958925611,65536,33086,NUTS_SL_01m_2024.shp,SI035,2018,December,12
2019-01-01,2019-02-01,0.17802223563194275,0.18288032710552216,0.17926759551780008,0.0009879588887459875,65536,33086,NUTS_SL_01m_2024.shp,SI035,2019,January,1
2019-02-01,2019-03-01,0.12687931954860687,0.13075242936611176,0.12850809615271863,0.0008053992860201292,65536,33086,NUTS_SL_01m_2024.shp,SI035,2019,February,2
2019-03-01,2019-04-01,0.15948806703090668,0.16287453472614288,0.16104577219770833,0.0008604814849490982,65536,33086,NUTS_SL_01m_2024.shp,SI035,2019,March,3
2019-04-01,2019-05-01,0.15718044340610504,0.16206231713294983,0.1590910430094126,0.001361133359886589,65536,33086,NUTS_SL_01m_2024.shp,SI035,2019,April,4
2019-05-01,2019-06-01,0.15336251258850098,0.15849201381206512,0.15617804829025483,0.0009422130639781365,65536,33086,NUTS_SL_01m_2024.shp,SI035,2019,May,5
2019-06-01,2019-07-01,0.14336146414279938,0.14686976373195648,0.14521328571259784,0.000891009647639682,65536,33086,NUTS_SL_01m_2024.shp,SI035,2019,June,6
2019-07-01,2019-08-01,0.1362610012292862,0.14094211161136627,0.1394663991550646,0.0010493581889144544,65536,33086,NUTS_SL_01m_2024.shp,SI035,2019,July,7
2019-08-01,2019-09-01,0.12999972701072693,0.13343846797943115,0.13184286993025549,0.0007723305857357985,65536,33086,NUTS_SL_01m_2024.shp,SI035,2019,August,8
2019-09-01,2019-10-01,0.12271219491958618,0.12488409131765366,0.12395418145531738,0.0005975142248871918,65536,33086,NUTS_SL_01m_2024.shp,SI035,2019,September,9
2019-10-01,2019-11-01,0.13372741639614105,0.13785861432552338,0.13541812664141714,0.0008203926290645032,65536,33086,NUTS_SL_01m_2024.shp,SI035,2019,October,10
2019-11-01,2019-12-01,0.12043175846338272,0.1243622750043869,0.12243230587253161,0.0008015005284034403,65536,33086,NUTS_SL_01m_2024.shp,SI035,2019,November,11
2019-12-01,2020-01-01,0.13714243471622467,0.14022764563560486,0.13875577143004594,0.0008494975837955313,65536,33086,NUTS_SL_01m_2024.shp,SI035,2019,December,12
2020-01-01,2020-02-01,0.13606970012187958,0.1391599476337433,0.13727491247865084,0.0009451328357229915,65536,33086,NUTS_SL_01m_2024.shp,SI035,2020,January,1
2020-02-01,2020-03-01,0.1331428736448288,0.1370161771774292,0.1350958148182276,0.0010839727440288102,65536,33086,NUTS_SL_01m_2024.shp,SI035,2020,February,2
2020-03-01,2020-04-01,0.18649724125862122,0.19185015559196472,0.18931672369203148,0.0012364622826382832,65536,33086,NUTS_SL_01m_2024.shp,SI035,2020,March,3
2020-04-01,2020-05-01,0.1542833000421524,0.15685400366783142,0.15594093219157426,0.0007455523826074952,65536,33086,NUTS_SL_01m_2024.shp,SI035,2020,April,4
2020-05-01,2020-06-01,0.15187285840511322,0.15696777403354645,0.1550356052896286,0.0011065074600974114,65536,33086,NUTS_SL_01m_2024.shp,SI035,2020,May,5
2020-06-01,2020-07-01,0.1370754987001419,0.14179278910160065,0.13927911692389358,0.0011568039985602222,65536,33086,NUTS_SL_01m_2024.shp,SI035,2020,June,6
2020-07-01,2020-08-01,0.13025949895381927,0.13193827867507935,0.13100407371122388,0.0003332079105824666,65536,33086,NUTS_SL_01m_2024.shp,SI035,2020,July,7
2020-08-01,2020-09-01,0.13787861168384552,0.14008821547031403,0.1387544726682551,0.0006423943603357191,65536,33086,NUTS_SL_01m_2024.shp,SI035,2020,August,8
2020-09-01,2020-10-01,0.12386105209589005,0.12746983766555786,0.1256888649205124,0.0008467240550249374,65536,33086,NUTS_SL_01m_2024.shp,SI035,2020,September,9
2020-10-01,2020-11-01,0.12277668714523315,0.12681743502616882,0.1250452089165037,0.0009093292147472361,65536,33086,NUTS_SL_01m_2024.shp,SI035,2020,October,10
2020-11-01,2020-12-01,0.12977313995361328,0.13296549022197723,0.13138331200290368,0.000993239799502922,65536,33086,NUTS_SL_01m_2024.shp,SI035,2020,November,11
2020-12-01,2021-01-01,0.14558088779449463,0.1494026482105255,0.14733520364632835,0.0010077492289992632,65536,33086,NUTS_SL_01m_2024.shp,SI035,2020,December,12
2021-01-01,2021-02-01,0.15808942914009094,0.16322697699069977,0.1612821224281352,0.0010851740157750821,65536,33086,NUTS_SL_01m_2024.shp,SI035,2021,January,1
2021-02-01,2021-03-01,0.1459343135356903,0.15015074610710144,0.1474350166779992,0.0009665784232072527,65536,33086,NUTS_SL_01m_2024.shp,SI035,2021,February,2
2021-03-01,2021-04-01,0.14939157664775848,0.15389111638069153,0.15167352865216194,0.0010627484898528168,65536,33086,NUTS_SL_01m_2024.shp,SI035,2021,March,3
2021-04-01,2021-05-01,0.1562088429927826,0.16238732635974884,0.15937324893079613,0.0015611197393758992,65536,33086,NUTS_SL_01m_2024.shp,SI035,2021,April,4
2021-05-01,2021-06-01,0.16157692670822144,0.16694994270801544,0.16395961434705272,0.0011733927702584888,65536,33086,NUTS_SL_01m_2024.shp,SI035,2021,May,5
2021-06-01,2021-07-01,0.1435798555612564,0.14694343507289886,0.14543174491503685,0.000858155397085864,65536,33086,NUTS_SL_01m_2024.shp,SI035,2021,June,6
2021-07-01,2021-08-01,0.1372094303369522,0.1408979743719101,0.13866650816655868,0.0009251887463064514,65536,33086,NUTS_SL_01m_2024.shp,SI035,2021,July,7
2021-08-01,2021-09-01,0.14941726624965668,0.15430420637130737,0.15166025060947888,0.0011856983719778621,65536,33086,NUTS_SL_01m_2024.shp,SI035,2021,August,8
2021-09-01,2021-10-01,0.1326608508825302,0.13472191989421844,0.13367631554419884,0.0004399819741358966,65536,33086,NUTS_SL_01m_2024.shp,SI035,2021,September,9
2021-10-01,2021-11-01,0.1254224181175232,0.1291523575782776,0.12742357500528848,0.0011264891084752692,65536,33086,NUTS_SL_01m_2024.shp,SI035,2021,October,10
2021-11-01,2021-12-01,0.14193925261497498,0.14604245126247406,0.1442059227870136,0.0005898812994898435,65536,33086,NUTS_SL_01m_2024.shp,SI035,2021,November,11
2021-12-01,2022-01-01,0.12119805812835693,0.12433432787656784,0.12316327759843973,0.000807200755481716,65536,33086,NUTS_SL_01m_2024.shp,SI035,2021,December,12
2022-01-01,2022-02-01,0.1631137877702713,0.1659727543592453,0.16402596384332943,0.0006851047571593161,65536,33086,NUTS_SL_01m_2024.shp,SI035,2022,January,1
2022-02-01,2022-03-01,0.1787511706352234,0.18716591596603394,0.1848088812116298,0.0014194170660390484,65536,33086,NUTS_SL_01m_2024.shp,SI035,2022,February,2
2022-03-01,2022-04-01,0.16347672045230865,0.16712190210819244,0.1651977538653798,0.0007617449153105917,65536,33086,NUTS_SL_01m_2024.shp,SI035,2022,March,3
2022-04-01,2022-05-01,0.15659767389297485,0.16080784797668457,0.15849410872797445,0.0010209899107275244,65536,33086,NUTS_SL_01m_2024.shp,SI035,2022,April,4
2022-05-01,2022-06-01,0.15437577664852142,0.15920041501522064,0.1568733373454251,0.0011397355198739638,65536,33086,NUTS_SL_01m_2024.shp,SI035,2022,May,5
2022-06-01,2022-07-01,0.1372155249118805,0.14117644727230072,0.13926675543763145,0.0008907845726534713,65536,33086,NUTS_SL_01m_2024.shp,SI035,2022,June,6
2022-07-01,2022-08-01,0.13921679556369781,0.14166060090065002,0.14062756169696342,0.0005089634017736907,65536,33086,NUTS_SL_01m_2024.shp,SI035,2022,July,7
2022-08-01,2022-09-01,0.13564306497573853,0.1381397843360901,0.13685634353679002,0.0005332796061591754,65536,33086,NUTS_SL_01m_2024.shp,SI035,2022,August,8
2022-09-01,2022-10-01,0.13913396000862122,0.14320236444473267,0.14119939098280904,0.0008788259063376207,65536,33086,NUTS_SL_01m_2024.shp,SI035,2022,September,9
2022-10-01,2022-11-01,0.11850924789905548,0.12162439525127411,0.11971556289996899,0.000855402946487792,65536,33086,NUTS_SL_01m_2024.shp,SI035,2022,October,10
2022-11-01,2022-12-01,0.14045624434947968,0.1445154845714569,0.1422297526875329,0.0007973462005964445,65536,33086,NUTS_SL_01m_2024.shp,SI035,2022,November,11
2022-12-01,2023-01-01,0.13594920933246613,0.14100508391857147,0.13869389994853604,0.0009723470356874716,65536,33086,NUTS_SL_01m_2024.shp,SI035,2022,December,12
2023-01-01,2023-02-01,0.142404705286026,0.14609815180301666,0.14439887946991156,0.0007242115802470882,65536,33086,NUTS_SL_01m_2024.shp,SI035,2023,January,1
2023-02-01,2023-03-01,0.14803853631019592,0.1530831903219223,0.150453053718355,0.0011552687191104716,65536,33086,NUTS_SL_01m_2024.shp,SI035,2023,February,2
2023-03-01,2023-04-01,0.1474853903055191,0.15071259438991547,0.14876188778454888,0.0006973519837466942,65536,33086,NUTS_SL_01m_2024.shp,SI035,2023,March,3
2023-04-01,2023-05-01,0.14881251752376556,0.15406639873981476,0.15215173920378186,0.0014343528020861487,65536,33086,NUTS_SL_01m_2024.shp,SI035,2023,April,4
2023-05-01,2023-06-01,0.14810071885585785,0.15090888738632202,0.14949004508084096,0.0008745934444652393,65536,33086,NUTS_SL_01m_2024.shp,SI035,2023,May,5
2023-06-01,2023-07-01,0.13831211626529694,0.1417451798915863,0.13999519807485888,0.0006949289269352506,65536,33086,NUTS_SL_01m_2024.shp,SI035,2023,June,6
2023-07-01,2023-08-01,0.1476680487394333,0.1517135202884674,0.14947685426344898,0.001059503666456348,65536,33086,NUTS_SL_01m_2024.shp,SI035,2023,July,7
2023-08-01,2023-09-01,0.14120528101921082,0.14641539752483368,0.14320497471029955,0.001140982462552867,65536,33086,NUTS_SL_01m_2024.shp,SI035,2023,August,8
2023-09-01,2023-10-01,0.12446112930774689,0.12858638167381287,0.12639100074814033,0.0007335509266099532,65536,33086,NUTS_SL_01m_2024.shp,SI035,2023,September,9
2023-10-01,2023-11-01,0.14251989126205444,0.14880894124507904,0.14573888765048107,0.0014867369985866919,65536,33086,NUTS_SL_01m_2024.shp,SI035,2023,October,10
2023-11-01,2023-12-01,0.1338774859905243,0.1361275613307953,0.13502422955306154,0.0006198908964298581,65536,33086,NUTS_SL_01m_2024.shp,SI035,2023,November,11
2023-12-01,2024-01-01,0.1322401911020279,0.1342240571975708,0.13315944269230684,0.0005643473183023592,65536,33086,NUTS_SL_01m_2024.shp,SI035,2023,December,12
2018-04-01,2018-05-01,0.1474149376153946,0.15209664404392242,0.14945404910393087,0.0008819081980737649,65536,27908,NUTS_SL_01m_2024.shp,SI036,2018,April,4
2018-05-01,2018-06-01,0.1401396244764328,0.1480751484632492,0.14436575036685553,0.0013521640048165325,65536,27908,NUTS_SL_01m_2024.shp,SI036,2018,May,5
2018-06-01,2018-07-01,0.14715339243412018,0.15488047897815704,0.1507191821375202,0.001978703627206769,65536,27908,NUTS_SL_01m_2024.shp,SI036,2018,June,6
2018-07-01,2018-08-01,0.13927379250526428,0.1407739669084549,0.13985816004081283,0.00038506470104606453,65536,27908,NUTS_SL_01m_2024.shp,SI036,2018,July,7
2018-08-01,2018-09-01,0.13483968377113342,0.13746322691440582,0.13628352998426163,0.0007687865176597489,65536,41762,NUTS_SL_01m_2024.shp,SI036,2018,August,8
2018-09-01,2018-10-01,0.12536616623401642,0.12937873601913452,0.12773668764912946,0.0009418545076682423,65536,27908,NUTS_SL_01m_2024.shp,SI036,2018,September,9
2018-10-01,2018-11-01,0.12800289690494537,0.13142235577106476,0.1298638626040497,0.0007503683946619733,65536,27908,NUTS_SL_01m_2024.shp,SI036,2018,October,10
2018-11-01,2018-12-01,0.13095268607139587,0.13415378332138062,0.13236893350172188,0.0006977513970822628,65536,27908,NUTS_SL_01m_2024.shp,SI036,2018,November,11
2018-12-01,2019-01-01,0.14816108345985413,0.15253984928131104,0.15026682348367448,0.0010695186974285123,65536,27908,NUTS_SL_01m_2024.shp,SI036,2018,December,12
2019-01-01,2019-02-01,0.1775442361831665,0.18410347402095795,0.18110854223456224,0.0010735620499672442,65536,27908,NUTS_SL_01m_2024.shp,SI036,2019,January,1
2019-02-01,2019-03-01,0.12686629593372345,0.13055910170078278,0.12871945206049326,0.0008490209127244012,65536,27908,NUTS_SL_01m_2024.shp,SI036,2019,February,2
2019-03-01,2019-04-01,0.1605038195848465,0.16541273891925812,0.16289277717255676,0.0011868709041192192,65536,27908,NUTS_SL_01m_2024.shp,SI036,2019,March,3
2019-04-01,2019-05-01,0.1609155535697937,0.1686207354068756,0.16482607464898016,0.001831655904489665,65536,27908,NUTS_SL_01m_2024.shp,SI036,2019,April,4
2019-05-01,2019-06-01,0.15695014595985413,0.16120319068431854,0.15887207461419472,0.0012004680242846625,65536,27908,NUTS_SL_01m_2024.shp,SI036,2019,May,5
2019-06-01,2019-07-01,0.14336265623569489,0.14654047787189484,0.14525316271226427,0.0008035127043130231,65536,27908,NUTS_SL_01m_2024.shp,SI036,2019,June,6
2019-07-01,2019-08-01,0.13709145784378052,0.14335721731185913,0.14069311213699878,0.0013336471369453486,65536,27908,NUTS_SL_01m_2024.shp,SI036,2019,July,7
2019-08-01,2019-09-01,0.13059549033641815,0.13326801359653473,0.13181753923570574,0.0005792979084746123,65536,27908,NUTS_SL_01m_2024.shp,SI036,2019,August,8
2019-09-01,2019-10-01,0.12182649224996567,0.12532787024974823,0.12374881582289667,0.0008020012974683979,65536,27908,NUTS_SL_01m_2024.shp,SI036,2019,September,9
2019-10-01,2019-11-01,0.13346441090106964,0.14062459766864777,0.1362699861408066,0.001527151069115482,65536,27908,NUTS_SL_01m_2024.shp,SI036,2019,October,10
2019-11-01,2019-12-01,0.12090227752923965,0.1253880262374878,0.12323387396558762,0.0009489540541579468,65536,27908,NUTS_SL_01m_2024.shp,SI036,2019,November,11
2019-12-01,2020-01-01,0.13616663217544556,0.14093853533267975,0.13868665089291143,0.0010626019358800976,65536,27908,NUTS_SL_01m_2024.shp,SI036,2019,December,12
2020-01-01,2020-02-01,0.13627490401268005,0.13944374024868011,0.13720370457685227,0.0007389716765793933,65536,27908,NUTS_SL_01m_2024.shp,SI036,2020,January,1
2020-02-01,2020-03-01,0.133017435669899,0.13829322159290314,0.13553513787537155,0.000998187527261323,65536,27908,NUTS_SL_01m_2024.shp,SI036,2020,February,2
2020-03-01,2020-04-01,0.1862669140100479,0.19185015559196472,0.18931967546573222,0.0011963805370785226,65536,27908,NUTS_SL_01m_2024.shp,SI036,2020,March,3
2020-04-01,2020-05-01,0.15466155111789703,0.15718168020248413,0.15545990543805077,0.0007896274491463319,65536,56506,NUTS_SL_01m_2024.shp,SI036,2020,April,4
2020-05-01,2020-06-01,0.152608722448349,0.1590794324874878,0.1565127278466936,0.0014574337227311886,65536,27908,NUTS_SL_01m_2024.shp,SI036,2020,May,5
2020-06-01,2020-07-01,0.1370754987001419,0.1420690268278122,0.14001222050182424,0.0010826551559735167,65536,27908,NUTS_SL_01m_2024.shp,SI036,2020,June,6
2020-07-01,2020-08-01,0.13009735941886902,0.13516458868980408,0.13272748465666742,0.0011765698974452034,65536,27908,NUTS_SL_01m_2024.shp,SI036,2020,July,7
2020-08-01,2020-09-01,0.13683553040027618,0.14019304513931274,0.1389396968574378,0.0008224278886199461,65536,27908,NUTS_SL_01m_2024.shp,SI036,2020,August,8
2020-09-01,2020-10-01,0.12420862168073654,0.12846995890140533,0.12658382220065129,0.0009740965848646671,65536,27908,NUTS_SL_01m_2024.shp,SI036,2020,September,9
2020-10-01,2020-11-01,0.12342463433742523,0.12681743502616882,0.1250666631248076,0.0007073767290527762,65536,27908,NUTS_SL_01m_2024.shp,SI036,2020,October,10
2020-11-01,2020-12-01,0.1299348622560501,0.13330325484275818,0.13219776157572208,0.0007606143222123489,65536,27908,NUTS_SL_01m_2024.shp,SI036,2020,November,11
2020-12-01,2021-01-01,0.14633318781852722,0.15217185020446777,0.1491655057146258,0.0011665238281852643,65536,27908,NUTS_SL_01m_2024.shp,SI036,2020,December,12
2021-01-01,2021-02-01,0.15851764380931854,0.16322697699069977,0.15984155058518557,0.0006683080882739172,65536,27908,NUTS_SL_01m_2024.shp,SI036,2021,January,1
2021-02-01,2021-03-01,0.1458650529384613,0.1502133011817932,0.1479336042132717,0.0013270462812901085,65536,54821,NUTS_SL_01m_2024.shp,SI036,2021,February,2
2021-03-01,2021-04-01,0.14990055561065674,0.1555365025997162,0.1529358442751185,0.001016655180744803,65536,27908,NUTS_SL_01m_2024.shp,SI036,2021,March,3
2021-04-01,2021-05-01,0.1549883931875229,0.16219283640384674,0.15950566017945922,0.0014041931302072336,65536,27908,NUTS_SL_01m_2024.shp,SI036,2021,April,4
2021-05-01,2021-06-01,0.16220782697200775,0.16953052580356598,0.16645197284561392,0.0011938956217200768,65536,27908,NUTS_SL_01m_2024.shp,SI036,2021,May,5
2021-06-01,2021-07-01,0.14080476760864258,0.14673608541488647,0.14422977255643266,0.001189342373913751,65536,27908,NUTS_SL_01m_2024.shp,SI036,2021,June,6
2021-07-01,2021-08-01,0.13657565414905548,0.1412632018327713,0.13970003833738304,0.00079120738482375,65536,27908,NUTS_SL_01m_2024.shp,SI036,2021,July,7
2021-08-01,2021-09-01,0.14745385944843292,0.15301884710788727,0.15063519503450284,0.0009904842964173978,65536,27908,NUTS_SL_01m_2024.shp,SI036,2021,August,8
2021-09-01,2021-10-01,0.1334126591682434,0.13595859706401825,0.13505164570959932,0.0006434474413410472,65536,27908,NUTS_SL_01m_2024.shp,SI036,2021,September,9
2021-10-01,2021-11-01,0.12714339792728424,0.13240252435207367,0.12934922099595098,0.0009582289131380391,65536,27908,NUTS_SL_01m_2024.shp,SI036,2021,October,10
2021-11-01,2021-12-01,0.14313876628875732,0.14878685772418976,0.14608654354816653,0.0011745947570863016,65536,27908,NUTS_SL_01m_2024.shp,SI036,2021,November,11
2021-12-01,2022-01-01,0.12213936448097229,0.12525992095470428,0.1238397693342085,0.0007735706816628344,65536,27908,NUTS_SL_01m_2024.shp,SI036,2021,December,12
2022-01-01,2022-02-01,0.16283544898033142,0.16523292660713196,0.16441502121085214,0.0005810142868590556,65536,27908,NUTS_SL_01m_2024.shp,SI036,2022,January,1
2022-02-01,2022-03-01,0.18458369374275208,0.19198255240917206,0.18760544646452432,0.0012144240175893703,65536,27908,NUTS_SL_01m_2024.shp,SI036,2022,February,2
2022-03-01,2022-04-01,0.1630638688802719,0.16590912640094757,0.16457552891539598,0.0006054895386803853,65536,27908,NUTS_SL_01m_2024.shp,SI036,2022,March,3
2022-04-01,2022-05-01,0.15667392313480377,0.16266709566116333,0.15948132756217037,0.0012670782986290855,65536,27908,NUTS_SL_01m_2024.shp,SI036,2022,April,4
2022-05-01,2022-06-01,0.15420661866664886,0.16063980758190155,0.15706454972194508,0.0016132233483303427,65536,27908,NUTS_SL_01m_2024.shp,SI036,2022,May,5
2022-06-01,2022-07-01,0.13710953295230865,0.14142128825187683,0.14008354141268983,0.0009961678837854206,65536,27908,NUTS_SL_01m_2024.shp,SI036,2022,June,6
2022-07-01,2022-08-01,0.1404915153980255,0.14475467801094055,0.1425732682851394,0.0009934548395517352,65536,27908,NUTS_SL_01m_2024.shp,SI036,2022,July,7
2022-08-01,2022-09-01,0.13467399775981903,0.1395513415336609,0.13735439603809796,0.0009948658260866508,65536,27908,NUTS_SL_01m_2024.shp,SI036,2022,August,8
2022-09-01,2022-10-01,0.13794991374015808,0.1421343833208084,0.14028325653236534,0.0009928122315174732,65536,27908,NUTS_SL_01m_2024.shp,SI036,2022,September,9
2022-10-01,2022-11-01,0.11973979324102402,0.12324544042348862,0.12150213008989372,0.0009132100806319211,65536,27908,NUTS_SL_01m_2024.shp,SI036,2022,October,10
2022-11-01,2022-12-01,0.13691586256027222,0.14458221197128296,0.1405216896851247,0.0022169292875326737,65536,27908,NUTS_SL_01m_2024.shp,SI036,2022,November,11
2022-12-01,2023-01-01,0.1362963318824768,0.14190492033958435,0.13931332473862157,0.0011208741749616582,65536,27908,NUTS_SL_01m_2024.shp,SI036,2022,December,12
2023-01-01,2023-02-01,0.14319433271884918,0.14836479723453522,0.145848276279135,0.0012227720929230959,65536,27908,NUTS_SL_01m_2024.shp,SI036,2023,January,1
2023-02-01,2023-03-01,0.14731305837631226,0.16261087357997894,0.150396522604214,0.0018248229616316613,65536,27908,NUTS_SL_01m_2024.shp,SI036,2023,February,2
2023-03-01,2023-04-01,0.14724469184875488,0.15319812297821045,0.14972411832045926,0.0010496637152026917,65536,27908,NUTS_SL_01m_2024.shp,SI036,2023,March,3
2023-04-01,2023-05-01,0.149854838848114,0.15607692301273346,0.1531470150584741,0.0017051468703813953,65536,27908,NUTS_SL_01m_2024.shp,SI036,2023,April,4
2023-05-01,2023-06-01,0.14657431840896606,0.15090888738632202,0.14861194667239838,0.0010767127616185237,65536,27908,NUTS_SL_01m_2024.shp,SI036,2023,May,5
2023-06-01,2023-07-01,0.13764913380146027,0.1422020047903061,0.14029926667489787,0.0008891907286733994,65536,27908,NUTS_SL_01m_2024.shp,SI036,2023,June,6
2023-07-01,2023-08-01,0.14637598395347595,0.15161526203155518,0.1488455369893512,0.0011113501561901668,65536,27908,NUTS_SL_01m_2024.shp,SI036,2023,July,7
2023-08-01,2023-09-01,0.14266495406627655,0.14676128327846527,0.14486237754743497,0.0007903598887570931,65536,27908,NUTS_SL_01m_2024.shp,SI036,2023,August,8
2023-09-01,2023-10-01,0.12347139418125153,0.12862113118171692,0.12611138830393534,0.0011285742136636556,65536,29221,NUTS_SL_01m_2024.shp,SI036,2023,September,9
2023-10-01,2023-11-01,0.14193174242973328,0.14696654677391052,0.14471761804013428,0.0011386028179200993,65536,27908,NUTS_SL_01m_2024.shp,SI036,2023,October,10
2023-11-01,2023-12-01,0.13320019841194153,0.13668693602085114,0.13496815460639253,0.000821962442125369,65536,27908,NUTS_SL_01m_2024.shp,SI036,2023,November,11
2023-12-01,2024-01-01,0.12933216989040375,0.13344979286193848,0.1318736411884562,0.0007743886400485762,65536,27908,NUTS_SL_01m_2024.shp,SI036,2023,December,12
2018-04-01,2018-05-01,0.14638397097587585,0.1527853012084961,0.1501911988989166,0.0012877747149289793,65536,25929,NUTS_SL_01m_2024.shp,SI037,2018,April,4
2018-05-01,2018-06-01,0.13812725245952606,0.14724385738372803,0.14238965046006408,0.0018794943606484846,65536,25929,NUTS_SL_01m_2024.shp,SI037,2018,May,5
2018-06-01,2018-07-01,0.14789816737174988,0.15535762906074524,0.1525192670056687,0.0015378114792062002,65536,25929,NUTS_SL_01m_2024.shp,SI037,2018,June,6
2018-07-01,2018-08-01,0.13887600600719452,0.14149706065654755,0.14019081403890385,0.0005855704034351725,65536,25929,NUTS_SL_01m_2024.shp,SI037,2018,July,7
2018-08-01,2018-09-01,0.13516411185264587,0.13923974335193634,0.13710529978399605,0.0008178973962776031,65536,25929,NUTS_SL_01m_2024.shp,SI037,2018,August,8
2018-09-01,2018-10-01,0.12627072632312775,0.13062132894992828,0.12827146841130327,0.0007469920263901107,65536,25929,NUTS_SL_01m_2024.shp,SI037,2018,September,9
2018-10-01,2018-11-01,0.12799498438835144,0.13159382343292236,0.12973182339595637,0.000767993816318969,65536,25929,NUTS_SL_01m_2024.shp,SI037,2018,October,10
2018-11-01,2018-12-01,0.13095268607139587,0.13528157770633698,0.13328432874839177,0.0007971107370298615,65536,25929,NUTS_SL_01m_2024.shp,SI037,2018,November,11
2018-12-01,2019-01-01,0.14759628474712372,0.15370024740695953,0.15063944527321596,0.0012958235447405402,65536,25929,NUTS_SL_01m_2024.shp,SI037,2018,December,12
2019-01-01,2019-02-01,0.17687340080738068,0.18366718292236328,0.18018547193596066,0.0010755911884364588,65536,25929,NUTS_SL_01m_2024.shp,SI037,2019,January,1
2019-02-01,2019-03-01,0.12680014967918396,0.13133282959461212,0.12915710293878277,0.0008791242000046317,65536,25929,NUTS_SL_01m_2024.shp,SI037,2019,February,2
2019-03-01,2019-04-01,0.15889281034469604,0.16406354308128357,0.16198327469183754,0.0009935015283452809,65536,25929,NUTS_SL_01m_2024.shp,SI037,2019,March,3
2019-04-01,2019-05-01,0.15929031372070312,0.16704970598220825,0.1636334008002958,0.0014949754920915042,65536,25929,NUTS_SL_01m_2024.shp,SI037,2019,April,4
2019-05-01,2019-06-01,0.15383084118366241,0.16111959517002106,0.1587403787057671,0.0012370760289979153,65536,25929,NUTS_SL_01m_2024.shp,SI037,2019,May,5
2019-06-01,2019-07-01,0.14112557470798492,0.14784586429595947,0.1449185031897604,0.0009677006920674485,65536,25929,NUTS_SL_01m_2024.shp,SI037,2019,June,6
2019-07-01,2019-08-01,0.13566738367080688,0.14490754902362823,0.13985869887508404,0.0017821084197448265,65536,25929,NUTS_SL_01m_2024.shp,SI037,2019,July,7
2019-08-01,2019-09-01,0.1297921985387802,0.13395778834819794,0.13221657111329188,0.0007840933248427148,65536,25929,NUTS_SL_01m_2024.shp,SI037,2019,August,8
2019-09-01,2019-10-01,0.12160485237836838,0.12502558529376984,0.1233130453464021,0.0006954383522014675,65536,25929,NUTS_SL_01m_2024.shp,SI037,2019,September,9
2019-10-01,2019-11-01,0.13474218547344208,0.14062459766864777,0.13720060905043033,0.0010197436919052653,65536,25929,NUTS_SL_01m_2024.shp,SI037,2019,October,10
2019-11-01,2019-12-01,0.11937729269266129,0.12486683577299118,0.12180886278461536,0.000999161879391057,65536,25929,NUTS_SL_01m_2024.shp,SI037,2019,November,11
2019-12-01,2020-01-01,0.13491632044315338,0.14037424325942993,0.13792098219720453,0.0010548863803701667,65536,25929,NUTS_SL_01m_2024.shp,SI037,2019,December,12
2020-01-01,2020-02-01,0.13564112782478333,0.13929849863052368,0.1376616224350466,0.000918092429908613,65536,25929,NUTS_SL_01m_2024.shp,SI037,2020,January,1
2020-02-01,2020-03-01,0.1323653906583786,0.1373925358057022,0.13509295011901892,0.000973711585468871,65536,25929,NUTS_SL_01m_2024.shp,SI037,2020,February,2
2020-03-01,2020-04-01,0.18087667226791382,0.19116927683353424,0.18754080486208238,0.0021612070730108015,65536,25929,NUTS_SL_01m_2024.shp,SI037,2020,March,3
2020-04-01,2020-05-01,0.15218177437782288,0.15718168020248413,0.15448585155302086,0.001092331526390707,65536,27671,NUTS_SL_01m_2024.shp,SI037,2020,April,4
2020-05-01,2020-06-01,0.1537662297487259,0.15924426913261414,0.1566724470161516,0.0008957042199013299,65536,25929,NUTS_SL_01m_2024.shp,SI037,2020,May,5
2020-06-01,2020-07-01,0.13418245315551758,0.14199309051036835,0.13935294413189173,0.0012789236934558261,65536,25929,NUTS_SL_01m_2024.shp,SI037,2020,June,6
2020-07-01,2020-08-01,0.12689970433712006,0.13604415953159332,0.13159205369589397,0.001767079421669296,65536,25929,NUTS_SL_01m_2024.shp,SI037,2020,July,7
2020-08-01,2020-09-01,0.13726624846458435,0.14015115797519684,0.13854576663835597,0.0006196516721092649,65536,25929,NUTS_SL_01m_2024.shp,SI037,2020,August,8
2020-09-01,2020-10-01,0.12308316677808762,0.12926168739795685,0.12644008186399197,0.0011122426412535458,65536,25929,NUTS_SL_01m_2024.shp,SI037,2020,September,9
2020-10-01,2020-11-01,0.12236563116312027,0.12731821835041046,0.12510999629345937,0.0009460561558621691,65536,25929,NUTS_SL_01m_2024.shp,SI037,2020,October,10
2020-11-01,2020-12-01,0.13125672936439514,0.1354527324438095,0.13281679782416264,0.0009550927880323172,65536,25929,NUTS_SL_01m_2024.shp,SI037,2020,November,11
2020-12-01,2021-01-01,0.14684991538524628,0.15313974022865295,0.15001568009865557,0.0009633444539474548,65536,25929,NUTS_SL_01m_2024.shp,SI037,2020,December,12
2021-01-01,2021-02-01,0.15758095681667328,0.16139966249465942,0.15944771877445926,0.0007313995952702411,65536,25929,NUTS_SL_01m_2024.shp,SI037,2021,January,1
2021-02-01,2021-03-01,0.13785846531391144,0.1502133011817932,0.1431482737264817,0.0024655790096965143,65536,26460,NUTS_SL_01m_2024.shp,SI037,2021,February,2
2021-03-01,2021-04-01,0.15085771679878235,0.15639302134513855,0.1536320009777118,0.0011057985103267122,65536,25929,NUTS_SL_01m_2024.shp,SI037,2021,March,3
2021-04-01,2021-05-01,0.15593937039375305,0.16269038617610931,0.15919511161569022,0.0014730489625207992,65536,25929,NUTS_SL_01m_2024.shp,SI037,2021,April,4
2021-05-01,2021-06-01,0.16152630746364594,0.16978228092193604,0.1656723402994177,0.0017606908785091928,65536,25929,NUTS_SL_01m_2024.shp,SI037,2021,May,5
2021-06-01,2021-07-01,0.13978084921836853,0.14679209887981415,0.14407880205054185,0.0013536865502190316,65536,25929,NUTS_SL_01m_2024.shp,SI037,2021,June,6
2021-07-01,2021-08-01,0.13375091552734375,0.14176613092422485,0.13866927207410243,0.0012409723613832212,65536,25929,NUTS_SL_01m_2024.shp,SI037,2021,July,7
2021-08-01,2021-09-01,0.14388996362686157,0.15219922363758087,0.14898810956571557,0.0016613314086341478,65536,25929,NUTS_SL_01m_2024.shp,SI037,2021,August,8
2021-09-01,2021-10-01,0.13146887719631195,0.13595859706401825,0.13366066689946612,0.0009696992598663776,65536,25929,NUTS_SL_01m_2024.shp,SI037,2021,September,9
2021-10-01,2021-11-01,0.12719567120075226,0.1331196427345276,0.1298615786564373,0.0011759474747226506,65536,25929,NUTS_SL_01m_2024.shp,SI037,2021,October,10
2021-11-01,2021-12-01,0.13972938060760498,0.14823642373085022,0.1444491765234228,0.00140864468478143,65536,25929,NUTS_SL_01m_2024.shp,SI037,2021,November,11
2021-12-01,2022-01-01,0.12122442573308945,0.12577572464942932,0.12354993014108615,0.0008073924359591882,65536,25929,NUTS_SL_01m_2024.shp,SI037,2021,December,12
2022-01-01,2022-02-01,0.16144075989723206,0.1659727543592453,0.1636336514401832,0.0008924782996414893,65536,25929,NUTS_SL_01m_2024.shp,SI037,2022,January,1
2022-02-01,2022-03-01,0.1783488541841507,0.18939396739006042,0.18460800659240567,0.002400329088345176,65536,25929,NUTS_SL_01m_2024.shp,SI037,2022,February,2
2022-03-01,2022-04-01,0.1631363332271576,0.16945426166057587,0.16540276681440544,0.0013705462672351117,65536,25929,NUTS_SL_01m_2024.shp,SI037,2022,March,3
2022-04-01,2022-05-01,0.15597409009933472,0.16284136474132538,0.159337124256018,0.001322138094282864,65536,25929,NUTS_SL_01m_2024.shp,SI037,2022,April,4
2022-05-01,2022-06-01,0.15182699263095856,0.16032491624355316,0.15691798459557368,0.0016822001824147157,65536,25929,NUTS_SL_01m_2024.shp,SI037,2022,May,5
2022-06-01,2022-07-01,0.1359449177980423,0.14178566634655,0.13927045274634597,0.0012998434152195664,65536,25929,NUTS_SL_01m_2024.shp,SI037,2022,June,6
2022-07-01,2022-08-01,0.13794319331645966,0.1432924121618271,0.14095465892935083,0.0010724394843813847,65536,25929,NUTS_SL_01m_2024.shp,SI037,2022,July,7
2022-08-01,2022-09-01,0.13340604305267334,0.13955305516719818,0.13588599350054875,0.0011705383823828919,65536,25929,NUTS_SL_01m_2024.shp,SI037,2022,August,8
2022-09-01,2022-10-01,0.13619956374168396,0.14244693517684937,0.13945101864180118,0.0013460732437735232,65536,25929,NUTS_SL_01m_2024.shp,SI037,2022,September,9
2022-10-01,2022-11-01,0.11807312071323395,0.12267317622900009,0.1203118376560825,0.0010021002859236497,65536,25929,NUTS_SL_01m_2024.shp,SI037,2022,October,10
2022-11-01,2022-12-01,0.14026525616645813,0.14465707540512085,0.1424792132970522,0.0010451032034572382,65536,25929,NUTS_SL_01m_2024.shp,SI037,2022,November,11
2022-12-01,2023-01-01,0.13473308086395264,0.14252065122127533,0.13788684454398997,0.0012088440133788748,65536,25929,NUTS_SL_01m_2024.shp,SI037,2022,December,12
2023-01-01,2023-02-01,0.1421254724264145,0.14790795743465424,0.14516118400811456,0.001045667537675672,65536,25929,NUTS_SL_01m_2024.shp,SI037,2023,January,1
2023-02-01,2023-03-01,0.14731305837631226,0.16444408893585205,0.1533528092997382,0.003137468291794939,65536,25929,NUTS_SL_01m_2024.shp,SI037,2023,February,2
2023-03-01,2023-04-01,0.14531809091567993,0.15129446983337402,0.14891256938055644,0.0011984348323127118,65536,25929,NUTS_SL_01m_2024.shp,SI037,2023,March,3
2023-04-01,2023-05-01,0.14835284650325775,0.15603187680244446,0.15176287186285256,0.0015474602391329503,65536,25929,NUTS_SL_01m_2024.shp,SI037,2023,April,4
2023-05-01,2023-06-01,0.14603160321712494,0.15090888738632202,0.148129638516858,0.00097870606941349,65536,25929,NUTS_SL_01m_2024.shp,SI037,2023,May,5
2023-06-01,2023-07-01,0.13563172519207,0.14184090495109558,0.13917761908246715,0.000991240731392008,65536,25929,NUTS_SL_01m_2024.shp,SI037,2023,June,6
2023-07-01,2023-08-01,0.14689350128173828,0.15175879001617432,0.14943285852081586,0.0010530969219983335,65536,25929,NUTS_SL_01m_2024.shp,SI037,2023,July,7
2023-08-01,2023-09-01,0.1409647911787033,0.14676128327846527,0.14446924658919263,0.0009918724104595008,65536,25929,NUTS_SL_01m_2024.shp,SI037,2023,August,8
2023-09-01,2023-10-01,0.12361227720975876,0.12858638167381287,0.1260326774835321,0.0008921699965070195,65536,25929,NUTS_SL_01m_2024.shp,SI037,2023,September,9
2023-10-01,2023-11-01,0.14193174242973328,0.15068277716636658,0.1466132975531795,0.0015007815645494426,65536,25929,NUTS_SL_01m_2024.shp,SI037,2023,October,10
2023-11-01,2023-12-01,0.1327926069498062,0.13616323471069336,0.13453117773065848,0.0006810174490555336,65536,25929,NUTS_SL_01m_2024.shp,SI037,2023,November,11
2023-12-01,2024-01-01,0.13037796318531036,0.13414990901947021,0.1320545706338986,0.0008138053609666615,65536,25929,NUTS_SL_01m_2024.shp,SI037,2023,December,12
2018-04-01,2018-05-01,0.14554394781589508,0.15194176137447357,0.14879456866623814,0.001573907138025376,65536,16372,NUTS_SL_01m_2024.shp,SI038,2018,April,4
2018-05-01,2018-06-01,0.13729074597358704,0.14520689845085144,0.14133345451563406,0.0015433077150417405,65536,16372,NUTS_SL_01m_2024.shp,SI038,2018,May,5
2018-06-01,2018-07-01,0.14957986772060394,0.1535637080669403,0.15204124286444512,0.0008385809074010852,65536,16372,NUTS_SL_01m_2024.shp,SI038,2018,June,6
2018-07-01,2018-08-01,0.13989093899726868,0.1423337608575821,0.14072318678747134,0.0006399479154069538,65536,16372,NUTS_SL_01m_2024.shp,SI038,2018,July,7
2018-08-01,2018-09-01,0.1361863613128662,0.1383843719959259,0.13744632140275792,0.0005235264317713625,65536,16372,NUTS_SL_01m_2024.shp,SI038,2018,August,8
2018-09-01,2018-10-01,0.12577098608016968,0.12981171905994415,0.12774341014735846,0.0008481188906035317,65536,16372,NUTS_SL_01m_2024.shp,SI038,2018,September,9
2018-10-01,2018-11-01,0.1280260533094406,0.13123196363449097,0.12976838618283024,0.0007470304338773395,65536,16372,NUTS_SL_01m_2024.shp,SI038,2018,October,10
2018-11-01,2018-12-01,0.13222342729568481,0.13469894230365753,0.13335406942548142,0.0006343612992611948,65536,16372,NUTS_SL_01m_2024.shp,SI038,2018,November,11
2018-12-01,2019-01-01,0.14625099301338196,0.15078270435333252,0.14846413152083265,0.0009651145068747513,65536,16372,NUTS_SL_01m_2024.shp,SI038,2018,December,12
2019-01-01,2019-02-01,0.17599335312843323,0.18054750561714172,0.17788593529334706,0.0011019358812432844,65536,16372,NUTS_SL_01m_2024.shp,SI038,2019,January,1
2019-02-01,2019-03-01,0.12646940350532532,0.13060054183006287,0.12914868504761828,0.000847772787878494,65536,16372,NUTS_SL_01m_2024.shp,SI038,2019,February,2
2019-03-01,2019-04-01,0.15955285727977753,0.16318178176879883,0.16157113411064078,0.0007866114319740295,65536,16372,NUTS_SL_01m_2024.shp,SI038,2019,March,3
2019-04-01,2019-05-01,0.15597690641880035,0.16149193048477173,0.15801018633850927,0.000973225569857058,65536,16372,NUTS_SL_01m_2024.shp,SI038,2019,April,4
2019-05-01,2019-06-01,0.1519007682800293,0.15645110607147217,0.15385392607628484,0.0009358577686863055,65536,16372,NUTS_SL_01m_2024.shp,SI038,2019,May,5
2019-06-01,2019-07-01,0.14235444366931915,0.1467420607805252,0.14455869260754967,0.0007344336161815131,65536,16372,NUTS_SL_01m_2024.shp,SI038,2019,June,6
2019-07-01,2019-08-01,0.13524489104747772,0.1437615007162094,0.13893959047618962,0.0017448200690857753,65536,16372,NUTS_SL_01m_2024.shp,SI038,2019,July,7
2019-08-01,2019-09-01,0.12781697511672974,0.13455849885940552,0.13218428027216675,0.0010390890185021356,65536,16372,NUTS_SL_01m_2024.shp,SI038,2019,August,8
2019-09-01,2019-10-01,0.12181976437568665,0.12426198273897171,0.12285535033471355,0.00048530356366648965,65536,16372,NUTS_SL_01m_2024.shp,SI038,2019,September,9
2019-10-01,2019-11-01,0.13464009761810303,0.14075098931789398,0.1375357494929351,0.001419479367209054,65536,16372,NUTS_SL_01m_2024.shp,SI038,2019,October,10
2019-11-01,2019-12-01,0.11665095388889313,0.12314579635858536,0.12055613385131084,0.0011013889117382385,65536,16372,NUTS_SL_01m_2024.shp,SI038,2019,November,11
2019-12-01,2020-01-01,0.13557349145412445,0.1395827978849411,0.13741269669975334,0.0007959966843046433,65536,16372,NUTS_SL_01m_2024.shp,SI038,2019,December,12
2020-01-01,2020-02-01,0.13444460928440094,0.13797196745872498,0.13658474800336423,0.0007270005099528361,65536,16372,NUTS_SL_01m_2024.shp,SI038,2020,January,1
2020-02-01,2020-03-01,0.13014604151248932,0.13706621527671814,0.13404526473481262,0.0012906174598567293,65536,16372,NUTS_SL_01m_2024.shp,SI038,2020,February,2
2020-03-01,2020-04-01,0.1854284703731537,0.19130100309848785,0.18867372967634313,0.0011970946699760062,65536,16372,NUTS_SL_01m_2024.shp,SI038,2020,March,3
2020-04-01,2020-05-01,0.1519528180360794,0.15773601830005646,0.15521698749930407,0.0013441883113002357,65536,16372,NUTS_SL_01m_2024.shp,SI038,2020,April,4
2020-05-01,2020-06-01,0.15269885957241058,0.15977126359939575,0.15664253686693239,0.0013183149220448826,65536,16372,NUTS_SL_01m_2024.shp,SI038,2020,May,5
2020-06-01,2020-07-01,0.1328480988740921,0.14113351702690125,0.13739428370942622,0.0021326671202100728,65536,16372,NUTS_SL_01m_2024.shp,SI038,2020,June,6
2020-07-01,2020-08-01,0.1297210305929184,0.13515038788318634,0.13193999627941314,0.0011647657423680248,65536,16372,NUTS_SL_01m_2024.shp,SI038,2020,July,7
2020-08-01,2020-09-01,0.1374954730272293,0.14100639522075653,0.13930001085651703,0.000725206501782522,65536,16372,NUTS_SL_01m_2024.shp,SI038,2020,August,8
2020-09-01,2020-10-01,0.12346199154853821,0.1281772404909134,0.12591921254921407,0.0009923498444185763,65536,16372,NUTS_SL_01m_2024.shp,SI038,2020,September,9
2020-10-01,2020-11-01,0.12358240783214569,0.127811998128891,0.1256235447329533,0.0008370119986310837,65536,16372,NUTS_SL_01m_2024.shp,SI038,2020,October,10
2020-11-01,2020-12-01,0.13128744065761566,0.13441582024097443,0.13246064510106464,0.0006702705533353989,65536,16372,NUTS_SL_01m_2024.shp,SI038,2020,November,11
2020-12-01,2021-01-01,0.1461329162120819,0.1513107717037201,0.14935215834757756,0.001086306378132435,65536,16372,NUTS_SL_01m_2024.shp,SI038,2020,December,12
2021-01-01,2021-02-01,0.15718944370746613,0.1613030582666397,0.15946277374249007,0.0008636969909401233,65536,16372,NUTS_SL_01m_2024.shp,SI038,2021,January,1
2021-02-01,2021-03-01,0.13493891060352325,0.14388664066791534,0.13923409405482423,0.0023089556612447323,65536,16372,NUTS_SL_01m_2024.shp,SI038,2021,February,2
2021-03-01,2021-04-01,0.1511983424425125,0.15706633031368256,0.15423599564096066,0.0009935304459030285,65536,16372,NUTS_SL_01m_2024.shp,SI038,2021,March,3
2021-04-01,2021-05-01,0.1516558825969696,0.16413232684135437,0.16043794846986423,0.002393294172354126,65536,16372,NUTS_SL_01m_2024.shp,SI038,2021,April,4
2021-05-01,2021-06-01,0.16153568029403687,0.16578012704849243,0.16380690971815065,0.00094245311440272,65536,16372,NUTS_SL_01m_2024.shp,SI038,2021,May,5
2021-06-01,2021-07-01,0.14361074566841125,0.1479119062423706,0.14587435022132264,0.0009928534658947919,65536,16372,NUTS_SL_01m_2024.shp,SI038,2021,June,6
2021-07-01,2021-08-01,0.1340099275112152,0.14238467812538147,0.13809006301529028,0.001421057697149983,65536,16372,NUTS_SL_01m_2024.shp,SI038,2021,July,7
2021-08-01,2021-09-01,0.14358249306678772,0.15206660330295563,0.1481260909930687,0.0013824755928725076,65536,16372,NUTS_SL_01m_2024.shp,SI038,2021,August,8
2021-09-01,2021-10-01,0.13146887719631195,0.134791299700737,0.13362280475407012,0.0006360100429544236,65536,16372,NUTS_SL_01m_2024.shp,SI038,2021,September,9
2021-10-01,2021-11-01,0.12648136913776398,0.13098929822444916,0.12855610569734796,0.000956790539726067,65536,16377,NUTS_SL_01m_2024.shp,SI038,2021,October,10
2021-11-01,2021-12-01,0.1393904685974121,0.14450675249099731,0.14209781607188415,0.0011362347961289372,65536,16372,NUTS_SL_01m_2024.shp,SI038,2021,November,11
2021-12-01,2022-01-01,0.12201729416847229,0.12593835592269897,0.12369130116106762,0.0008590400620865839,65536,16372,NUTS_SL_01m_2024.shp,SI038,2021,December,12
2022-01-01,2022-02-01,0.1624588668346405,0.16582050919532776,0.16401690893228757,0.0007743468165456029,65536,16372,NUTS_SL_01m_2024.shp,SI038,2022,January,1
2022-02-01,2022-03-01,0.17391934990882874,0.18103760480880737,0.17718490450809407,0.0012170884124069312,65536,16372,NUTS_SL_01m_2024.shp,SI038,2022,February,2
2022-03-01,2022-04-01,0.16346342861652374,0.16810242831707,0.1659160567154013,0.0012233767209587,65536,16372,NUTS_SL_01m_2024.shp,SI038,2022,March,3
2022-04-01,2022-05-01,0.15637372434139252,0.16157060861587524,0.1585091831443392,0.0010611804423082444,65536,16372,NUTS_SL_01m_2024.shp,SI038,2022,April,4
2022-05-01,2022-06-01,0.15152037143707275,0.15879394114017487,0.1548614704623948,0.001654780411724933,65536,16372,NUTS_SL_01m_2024.shp,SI038,2022,May,5
2022-06-01,2022-07-01,0.13560129702091217,0.14151223003864288,0.1394641450715025,0.0010741550316449417,65536,16372,NUTS_SL_01m_2024.shp,SI038,2022,June,6
2022-07-01,2022-08-01,0.13747017085552216,0.14128170907497406,0.13921082585646416,0.0010532221900261488,65536,16372,NUTS_SL_01m_2024.shp,SI038,2022,July,7
2022-08-01,2022-09-01,0.13213086128234863,0.1368923932313919,0.1343508990822922,0.0009605968266898353,65536,16372,NUTS_SL_01m_2024.shp,SI038,2022,August,8
2022-09-01,2022-10-01,0.13785585761070251,0.14336146414279938,0.14090642193699765,0.0009632039843963682,65536,16372,NUTS_SL_01m_2024.shp,SI038,2022,September,9
2022-10-01,2022-11-01,0.11807312071323395,0.12147741764783859,0.11958862937663664,0.0007865623165039725,65536,16372,NUTS_SL_01m_2024.shp,SI038,2022,October,10
2022-11-01,2022-12-01,0.1403605341911316,0.1450568437576294,0.1430171181691568,0.000973768611249344,65536,16372,NUTS_SL_01m_2024.shp,SI038,2022,November,11
2022-12-01,2023-01-01,0.13279815018177032,0.1390874832868576,0.13594507943399442,0.0008843119217636137,65536,16372,NUTS_SL_01m_2024.shp,SI038,2022,December,12
2023-01-01,2023-02-01,0.1423129141330719,0.14856499433517456,0.14532231006563037,0.0012525102481015184,65536,16372,NUTS_SL_01m_2024.shp,SI038,2023,January,1
2023-02-01,2023-03-01,0.14613737165927887,0.15995898842811584,0.15261426823082272,0.0036439899352660354,65536,16372,NUTS_SL_01m_2024.shp,SI038,2023,February,2
2023-03-01,2023-04-01,0.14537003636360168,0.15011489391326904,0.14796311922687116,0.0010020309962455731,65536,16372,NUTS_SL_01m_2024.shp,SI038,2023,March,3
2023-04-01,2023-05-01,0.14822646975517273,0.1528421938419342,0.15094355958452685,0.0009291233933426216,65536,16372,NUTS_SL_01m_2024.shp,SI038,2023,April,4
2023-05-01,2023-06-01,0.14501693844795227,0.1503649204969406,0.1482109581222232,0.0013070992745070895,65536,16372,NUTS_SL_01m_2024.shp,SI038,2023,May,5
2023-06-01,2023-07-01,0.13620762526988983,0.1416720300912857,0.1390133853006127,0.0010676848118810142,65536,16372,NUTS_SL_01m_2024.shp,SI038,2023,June,6
2023-07-01,2023-08-01,0.14512315392494202,0.15080785751342773,0.14839124778312365,0.0012136975460388807,65536,16372,NUTS_SL_01m_2024.shp,SI038,2023,July,7
2023-08-01,2023-09-01,0.13831579685211182,0.14502792060375214,0.14176426045720814,0.001365722015418572,65536,16372,NUTS_SL_01m_2024.shp,SI038,2023,August,8
2023-09-01,2023-10-01,0.12323478609323502,0.12675204873085022,0.1250448954042282,0.0007589403663748175,65536,16372,NUTS_SL_01m_2024.shp,SI038,2023,September,9
2023-10-01,2023-11-01,0.14563652873039246,0.15205614268779755,0.14888023603812284,0.0013061274634061416,65536,16372,NUTS_SL_01m_2024.shp,SI038,2023,October,10
2023-11-01,2023-12-01,0.13239814341068268,0.13578593730926514,0.1340924908627783,0.0007974991419460091,65536,16372,NUTS_SL_01m_2024.shp,SI038,2023,November,11
2023-12-01,2024-01-01,0.1294465810060501,0.13365544378757477,0.1318435485126738,0.0008421619886253084,65536,16372,NUTS_SL_01m_2024.shp,SI038,2023,December,12
2018-04-01,2018-05-01,0.14933456480503082,0.1576702892780304,0.1525677420483393,0.0024010510796096023,65536,59067,NUTS_SL_01m_2024.shp,SI04,2018,April,4
2018-05-01,2018-06-01,0.13731355965137482,0.1463678479194641,0.14281977686181815,0.0016124148464781679,65536,30118,NUTS_SL_01m_2024.shp,SI04,2018,May,5
2018-06-01,2018-07-01,0.14392560720443726,0.15428908169269562,0.14941309483033965,0.0023924289536254744,65536,30118,NUTS_SL_01m_2024.shp,SI04,2018,June,6
2018-07-01,2018-08-01,0.1376889944076538,0.14408361911773682,0.14053882810699186,0.001060244343378099,65536,30118,NUTS_SL_01m_2024.shp,SI04,2018,July,7
2018-08-01,2018-09-01,0.13562743365764618,0.14064644277095795,0.13756069704175783,0.0008226390796325935,65536,30118,NUTS_SL_01m_2024.shp,SI04,2018,August,8
2018-09-01,2018-10-01,0.12282624840736389,0.12961044907569885,0.1268548546386829,0.0011927475955963054,65536,30118,NUTS_SL_01m_2024.shp,SI04,2018,September,9
2018-10-01,2018-11-01,0.12705571949481964,0.13186079263687134,0.12969074990109938,0.0009204559369289277,65536,30118,NUTS_SL_01m_2024.shp,SI04,2018,October,10
2018-11-01,2018-12-01,0.13138632476329803,0.13547877967357635,0.1331991895530928,0.0008956198746783794,65536,30118,NUTS_SL_01m_2024.shp,SI04,2018,November,11
2018-12-01,2019-01-01,0.14342954754829407,0.15156184136867523,0.14714342804765587,0.0012352901543542865,65536,30118,NUTS_SL_01m_2024.shp,SI04,2018,December,12
2019-01-01,2019-02-01,0.1751841902732849,0.1829855740070343,0.17846422723963512,0.001534879806625521,65536,30118,NUTS_SL_01m_2024.shp,SI04,2019,January,1
2019-02-01,2019-03-01,0.13014180958271027,0.13419148325920105,0.13229459261802431,0.001066544340782998,65536,60214,NUTS_SL_01m_2024.shp,SI04,2019,February,2
2019-03-01,2019-04-01,0.158047154545784,0.1653672307729721,0.16180952318806666,0.0012689046535258115,65536,30118,NUTS_SL_01m_2024.shp,SI04,2019,March,3
2019-04-01,2019-05-01,0.15552425384521484,0.16333168745040894,0.15831971879455392,0.0014606967301178577,65536,30118,NUTS_SL_01m_2024.shp,SI04,2019,April,4
2019-05-01,2019-06-01,0.14859254658222198,0.1606312394142151,0.15316254131420723,0.0018322116211691984,65536,30118,NUTS_SL_01m_2024.shp,SI04,2019,May,5
2019-06-01,2019-07-01,0.14130428433418274,0.14711236953735352,0.14418335044055428,0.0010646778323733068,65536,30118,NUTS_SL_01m_2024.shp,SI04,2019,June,6
2019-07-01,2019-08-01,0.13503818213939667,0.14490754902362823,0.14031332706298077,0.0016362185978246587,65536,30118,NUTS_SL_01m_2024.shp,SI04,2019,July,7
2019-08-01,2019-09-01,0.12731057405471802,0.13785520195960999,0.13251216183584072,0.0013973398782475034,65536,30118,NUTS_SL_01m_2024.shp,SI04,2019,August,8
2019-09-01,2019-10-01,0.12181976437568665,0.12549586594104767,0.12333616200708108,0.000658377708186934,65536,30118,NUTS_SL_01m_2024.shp,SI04,2019,September,9
2019-10-01,2019-11-01,0.13134650886058807,0.14172960817813873,0.13609303996278968,0.0018805570330858797,65536,30118,NUTS_SL_01m_2024.shp,SI04,2019,October,10
2019-11-01,2019-12-01,0.11665095388889313,0.12431860715150833,0.12075753555015585,0.0010370067999320649,65536,30118,NUTS_SL_01m_2024.shp,SI04,2019,November,11
2019-12-01,2020-01-01,0.13491632044315338,0.14158211648464203,0.13871171539466917,0.001151651852343259,65536,30118,NUTS_SL_01m_2024.shp,SI04,2019,December,12
2020-01-01,2020-02-01,0.13330484926700592,0.13893292844295502,0.13600000405548662,0.0010391162743172084,65536,30118,NUTS_SL_01m_2024.shp,SI04,2020,January,1
2020-02-01,2020-03-01,0.1313924938440323,0.14023545384407043,0.13561635075050946,0.0012912690642891936,65536,30118,NUTS_SL_01m_2024.shp,SI04,2020,February,2
2020-03-01,2020-04-01,0.18532079458236694,0.19364890456199646,0.18907948488617737,0.0013263836039242908,65536,30118,NUTS_SL_01m_2024.shp,SI04,2020,March,3
2020-04-01,2020-05-01,0.1525457501411438,0.15845192968845367,0.1557414296919189,0.0010233213004057855,65536,30118,NUTS_SL_01m_2024.shp,SI04,2020,April,4
2020-05-01,2020-06-01,0.1497460901737213,0.15946151316165924,0.1546953346592268,0.0019326204128966458,65536,30118,NUTS_SL_01m_2024.shp,SI04,2020,May,5
2020-06-01,2020-07-01,0.13213813304901123,0.14243212342262268,0.13844372317454937,0.0017851312403349758,65536,30118,NUTS_SL_01m_2024.shp,SI04,2020,June,6
2020-07-01,2020-08-01,0.12699972093105316,0.13688884675502777,0.13182853196114822,0.0015908999224246976,65536,30118,NUTS_SL_01m_2024.shp,SI04,2020,July,7
2020-08-01,2020-09-01,0.13741768896579742,0.14240707457065582,0.139603855586806,0.0012077322748595327,65536,30118,NUTS_SL_01m_2024.shp,SI04,2020,August,8
2020-09-01,2020-10-01,0.1218794733285904,0.1292143613100052,0.1254918064508324,0.0012587070347621387,65536,30118,NUTS_SL_01m_2024.shp,SI04,2020,September,9
2020-10-01,2020-11-01,0.12227797508239746,0.12881706655025482,0.1256636318085048,0.0010716756192544483,65536,30118,NUTS_SL_01m_2024.shp,SI04,2020,October,10
2020-11-01,2020-12-01,0.1283654272556305,0.1344909518957138,0.1317228022574681,0.0012243362430743511,65536,30118,NUTS_SL_01m_2024.shp,SI04,2020,November,11
2020-12-01,2021-01-01,0.14702443778514862,0.1528460830450058,0.1495240602401358,0.0012468006565243656,65536,58300,NUTS_SL_01m_2024.shp,SI04,2020,December,12
2021-01-01,2021-02-01,0.15718944370746613,0.1669718474149704,0.16119796799771163,0.0018126233760798098,65536,30118,NUTS_SL_01m_2024.shp,SI04,2021,January,1
2021-02-01,2021-03-01,0.13110579550266266,0.1507587879896164,0.14348730790447703,0.003768742852415684,65536,30118,NUTS_SL_01m_2024.shp,SI04,2021,February,2
2021-03-01,2021-04-01,0.14659860730171204,0.15709027647972107,0.15231351771234347,0.0018765684245937147,65536,30118,NUTS_SL_01m_2024.shp,SI04,2021,March,3
2021-04-01,2021-05-01,0.15312834084033966,0.16514438390731812,0.1594915719465868,0.0027970103666717424,65536,30118,NUTS_SL_01m_2024.shp,SI04,2021,April,4
2021-05-01,2021-06-01,0.15366362035274506,0.16559681296348572,0.16044413081570003,0.002921016162406991,65536,30118,NUTS_SL_01m_2024.shp,SI04,2021,May,5
2021-06-01,2021-07-01,0.14266271889209747,0.15225666761398315,0.14705238146093755,0.0016050396325506316,65536,30118,NUTS_SL_01m_2024.shp,SI04,2021,June,6
2021-07-01,2021-08-01,0.1331988275051117,0.14176613092422485,0.13772634693023067,0.0015915052876847699,65536,30118,NUTS_SL_01m_2024.shp,SI04,2021,July,7
2021-08-01,2021-09-01,0.14641770720481873,0.15430420637130737,0.1504671523173217,0.001530964992794569,65536,30118,NUTS_SL_01m_2024.shp,SI04,2021,August,8
2021-09-01,2021-10-01,0.13113728165626526,0.13626721501350403,0.1336785464914286,0.001054610933502196,65536,30118,NUTS_SL_01m_2024.shp,SI04,2021,September,9
2021-10-01,2021-11-01,0.12242961674928665,0.12967370450496674,0.12649086839024073,0.0016205939759972481,65536,50778,NUTS_SL_01m_2024.shp,SI04,2021,October,10
2021-11-01,2021-12-01,0.13823658227920532,0.14709775149822235,0.14274413212338655,0.001711400848866703,65536,30118,NUTS_SL_01m_2024.shp,SI04,2021,November,11
2021-12-01,2022-01-01,0.11974602192640305,0.12580464780330658,0.1232912414883686,0.0010868532050842521,65536,30118,NUTS_SL_01m_2024.shp,SI04,2021,December,12
2022-01-01,2022-02-01,0.16179399192333221,0.17160309851169586,0.16538363440228612,0.0015212040216301675,65536,30118,NUTS_SL_01m_2024.shp,SI04,2022,January,1
2022-02-01,2022-03-01,0.16476623713970184,0.18716591596603394,0.17491579220751596,0.003697589040177151,65536,30118,NUTS_SL_01m_2024.shp,SI04,2022,February,2
2022-03-01,2022-04-01,0.16268274188041687,0.16810242831707,0.16567389117822673,0.0012383527980667235,65536,30118,NUTS_SL_01m_2024.shp,SI04,2022,March,3
2022-04-01,2022-05-01,0.156511127948761,0.1665123701095581,0.15978678982765637,0.0018246779090083896,65536,30118,NUTS_SL_01m_2024.shp,SI04,2022,April,4
2022-05-01,2022-06-01,0.152058944106102,0.1601797640323639,0.1566509605034635,0.0017571838103697596,65536,30118,NUTS_SL_01m_2024.shp,SI04,2022,May,5
2022-06-01,2022-07-01,0.1342465877532959,0.1429329812526703,0.13899802701055924,0.0016039030465322495,65536,30118,NUTS_SL_01m_2024.shp,SI04,2022,June,6
2022-07-01,2022-08-01,0.13643832504749298,0.14245030283927917,0.139063315690186,0.00126983509911121,65536,30118,NUTS_SL_01m_2024.shp,SI04,2022,July,7
2022-08-01,2022-09-01,0.13337448239326477,0.1385561227798462,0.13560370072814648,0.0010716447661171422,65536,30801,NUTS_SL_01m_2024.shp,SI04,2022,August,8
2022-09-01,2022-10-01,0.13770289719104767,0.14367733895778656,0.14057023701840754,0.000884703935046235,65536,30118,NUTS_SL_01m_2024.shp,SI04,2022,September,9
2022-10-01,2022-11-01,0.11694011837244034,0.12243781983852386,0.11963752814946148,0.0009606136976818744,65536,30118,NUTS_SL_01m_2024.shp,SI04,2022,October,10
2022-11-01,2022-12-01,0.13980868458747864,0.14701905846595764,0.1436243586032263,0.0012911248766238985,65536,30118,NUTS_SL_01m_2024.shp,SI04,2022,November,11
2022-12-01,2023-01-01,0.1331349015235901,0.14049005508422852,0.1363478296232478,0.0014839917756871604,65536,30118,NUTS_SL_01m_2024.shp,SI04,2022,December,12
2023-01-01,2023-02-01,0.13758830726146698,0.1491524875164032,0.14409452560316902,0.0019399061667272793,65536,30118,NUTS_SL_01m_2024.shp,SI04,2023,January,1
2023-02-01,2023-03-01,0.14311282336711884,0.1566639393568039,0.14903071198756188,0.002251748410396873,65536,30118,NUTS_SL_01m_2024.shp,SI04,2023,February,2
2023-03-01,2023-04-01,0.14449797570705414,0.15228262543678284,0.14819388113273457,0.0011819156994863917,65536,30118,NUTS_SL_01m_2024.shp,SI04,2023,March,3
2023-04-01,2023-05-01,0.14513655006885529,0.153878852725029,0.14971351626480273,0.0016461610460989495,65536,30118,NUTS_SL_01m_2024.shp,SI04,2023,April,4
2023-05-01,2023-06-01,0.1470860242843628,0.15267592668533325,0.14984445457227227,0.0011364656163313487,65536,30118,NUTS_SL_01m_2024.shp,SI04,2023,May,5
2023-06-01,2023-07-01,0.13642239570617676,0.14545761048793793,0.14083910956781118,0.0013266685859288573,65536,30118,NUTS_SL_01m_2024.shp,SI04,2023,June,6
2023-07-01,2023-08-01,0.1416497677564621,0.1525183469057083,0.14800731141158815,0.0021063642692566104,65536,30118,NUTS_SL_01m_2024.shp,SI04,2023,July,7
2023-08-01,2023-09-01,0.13702982664108276,0.1465025395154953,0.14198936800062573,0.0015989155464409327,65536,30118,NUTS_SL_01m_2024.shp,SI04,2023,August,8
2023-09-01,2023-10-01,0.12222371250391006,0.12858638167381287,0.12503373358427863,0.0011056153862223327,65536,30118,NUTS_SL_01m_2024.shp,SI04,2023,September,9
2023-10-01,2023-11-01,0.14255042374134064,0.15646027028560638,0.14913088381307188,0.002254957274288449,65536,30118,NUTS_SL_01m_2024.shp,SI04,2023,October,10
2023-11-01,2023-12-01,0.1319224089384079,0.1365155428647995,0.13456593328803165,0.0007053288073439594,65536,30118,NUTS_SL_01m_2024.shp,SI04,2023,November,11
2023-12-01,2024-01-01,0.13099661469459534,0.13540294766426086,0.13336692702070785,0.000766517902041449,65536,30118,NUTS_SL_01m_2024.shp,SI04,2023,December,12
2018-04-01,2018-05-01,0.14634466171264648,0.15222714841365814,0.14999322814426094,0.001174840234864296,65536,32125,NUTS_SL_01m_2024.shp,SI041,2018,April,4
2018-05-01,2018-06-01,0.13955770432949066,0.1462399810552597,0.14357012331410857,0.0011940156943958497,65536,32125,NUTS_SL_01m_2024.shp,SI041,2018,May,5
2018-06-01,2018-07-01,0.145520880818367,0.15423941612243652,0.14978934563782145,0.0015938557603855897,65536,32125,NUTS_SL_01m_2024.shp,SI041,2018,June,6
2018-07-01,2018-08-01,0.13880616426467896,0.1423337608575821,0.14074561022705384,0.000731445001200603,65536,32125,NUTS_SL_01m_2024.shp,SI041,2018,July,7
2018-08-01,2018-09-01,0.13599178194999695,0.1383070945739746,0.1373996588725045,0.0005115154384985785,65536,32125,NUTS_SL_01m_2024.shp,SI041,2018,August,8
2018-09-01,2018-10-01,0.123928003013134,0.1295785903930664,0.12704558778786257,0.001041901961050199,65536,32125,NUTS_SL_01m_2024.shp,SI041,2018,September,9
2018-10-01,2018-11-01,0.12726610898971558,0.13153058290481567,0.1296919974962026,0.0009452061581934509,65536,32125,NUTS_SL_01m_2024.shp,SI041,2018,October,10
2018-11-01,2018-12-01,0.13149289786815643,0.13547877967357635,0.13365771715058047,0.0007869974636355201,65536,32125,NUTS_SL_01m_2024.shp,SI041,2018,November,11
2018-12-01,2019-01-01,0.14429357647895813,0.15156184136867523,0.14780708594597078,0.001155675463779085,65536,32125,NUTS_SL_01m_2024.shp,SI041,2018,December,12
2019-01-01,2019-02-01,0.17551547288894653,0.18210498988628387,0.1786677345550108,0.0011769963438451386,65536,32125,NUTS_SL_01m_2024.shp,SI041,2019,January,1
2019-02-01,2019-03-01,0.12686343491077423,0.13133282959461212,0.12908715165654053,0.0008933986629948871,65536,32125,NUTS_SL_01m_2024.shp,SI041,2019,February,2
2019-03-01,2019-04-01,0.1587841510772705,0.1635477989912033,0.16136956999901608,0.0009835274675573354,65536,32125,NUTS_SL_01m_2024.shp,SI041,2019,March,3
2019-04-01,2019-05-01,0.15597690641880035,0.16333168745040894,0.15855970100615951,0.0012039569982142105,65536,32125,NUTS_SL_01m_2024.shp,SI041,2019,April,4
2019-05-01,2019-06-01,0.15074509382247925,0.1606312394142151,0.1547147178683072,0.0016712020811520865,65536,32125,NUTS_SL_01m_2024.shp,SI041,2019,May,5
2019-06-01,2019-07-01,0.14200027287006378,0.14711236953735352,0.14492852873200446,0.0008480250936254842,65536,32125,NUTS_SL_01m_2024.shp,SI041,2019,June,6
2019-07-01,2019-08-01,0.13609276711940765,0.14490754902362823,0.1402979665442666,0.0016446080182528197,65536,32125,NUTS_SL_01m_2024.shp,SI041,2019,July,7
2019-08-01,2019-09-01,0.12757740914821625,0.13484787940979004,0.13298579809006267,0.0011768432729669428,65536,32125,NUTS_SL_01m_2024.shp,SI041,2019,August,8
2019-09-01,2019-10-01,0.12233470380306244,0.1247941181063652,0.12355353264086588,0.0005873653788322121,65536,32125,NUTS_SL_01m_2024.shp,SI041,2019,September,9
2019-10-01,2019-11-01,0.13359570503234863,0.1385309398174286,0.1364315023828568,0.0008721351122107229,65536,32125,NUTS_SL_01m_2024.shp,SI041,2019,October,10
2019-11-01,2019-12-01,0.11865539848804474,0.12431860715150833,0.12094825337400948,0.0009812345168838843,65536,32125,NUTS_SL_01m_2024.shp,SI041,2019,November,11
2019-12-01,2020-01-01,0.13491632044315338,0.14116087555885315,0.13863645462273846,0.0010888499104327485,65536,32125,NUTS_SL_01m_2024.shp,SI041,2019,December,12
2020-01-01,2020-02-01,0.13513906300067902,0.13893292844295502,0.13677854618742627,0.0007412449383436575,65536,32125,NUTS_SL_01m_2024.shp,SI041,2020,January,1
2020-02-01,2020-03-01,0.1313924938440323,0.13767917454242706,0.13508326184128325,0.0011794507161970453,65536,32125,NUTS_SL_01m_2024.shp,SI041,2020,February,2
2020-03-01,2020-04-01,0.1854284703731537,0.1918361485004425,0.18914856208770922,0.0012108005008048459,65536,32125,NUTS_SL_01m_2024.shp,SI041,2020,March,3
2020-04-01,2020-05-01,0.1525457501411438,0.15822969377040863,0.15550184142749782,0.001132724203848459,65536,32125,NUTS_SL_01m_2024.shp,SI041,2020,April,4
2020-05-01,2020-06-01,0.15048521757125854,0.15796323120594025,0.1553111111731358,0.0012916871906364774,65536,32125,NUTS_SL_01m_2024.shp,SI041,2020,May,5
2020-06-01,2020-07-01,0.13491582870483398,0.14243212342262268,0.1393055107032747,0.001582189815440768,65536,32125,NUTS_SL_01m_2024.shp,SI041,2020,June,6
2020-07-01,2020-08-01,0.1288675218820572,0.13401180505752563,0.1317612211488422,0.0011415945677226192,65536,32125,NUTS_SL_01m_2024.shp,SI041,2020,July,7
2020-08-01,2020-09-01,0.13741768896579742,0.14034245908260345,0.13861931698193697,0.0007381403750049061,65536,32125,NUTS_SL_01m_2024.shp,SI041,2020,August,8
2020-09-01,2020-10-01,0.12240729480981827,0.12787961959838867,0.12566642522301738,0.00105816789896066,65536,32125,NUTS_SL_01m_2024.shp,SI041,2020,September,9
2020-10-01,2020-11-01,0.12277668714523315,0.12881706655025482,0.125858751375198,0.001007617139213046,65536,32125,NUTS_SL_01m_2024.shp,SI041,2020,October,10
2020-11-01,2020-12-01,0.1289721429347992,0.1336410641670227,0.13195364293721193,0.0010187473597879247,65536,32125,NUTS_SL_01m_2024.shp,SI041,2020,November,11
2020-12-01,2021-01-01,0.14349904656410217,0.15027092397212982,0.14791761172889764,0.0012174964049041935,65536,32125,NUTS_SL_01m_2024.shp,SI041,2020,December,12
2021-01-01,2021-02-01,0.15788812935352325,0.164855495095253,0.16054149649100477,0.0014209532052756064,65536,32125,NUTS_SL_01m_2024.shp,SI041,2021,January,1
2021-02-01,2021-03-01,0.13994352519512177,0.14909611642360687,0.14489605766833114,0.001950498056110832,65536,32125,NUTS_SL_01m_2024.shp,SI041,2021,February,2
2021-03-01,2021-04-01,0.14866690337657928,0.1555475890636444,0.15232770891982197,0.0012424695757425111,65536,32125,NUTS_SL_01m_2024.shp,SI041,2021,March,3
2021-04-01,2021-05-01,0.15501806139945984,0.1649365872144699,0.16017357256844433,0.001955312827574386,65536,32125,NUTS_SL_01m_2024.shp,SI041,2021,April,4
2021-05-01,2021-06-01,0.15873759984970093,0.16543416678905487,0.16277611255422791,0.0013749020893595275,65536,32125,NUTS_SL_01m_2024.shp,SI041,2021,May,5
2021-06-01,2021-07-01,0.1433810591697693,0.14937344193458557,0.14609653723671312,0.0011431946577503554,65536,32125,NUTS_SL_01m_2024.shp,SI041,2021,June,6
2021-07-01,2021-08-01,0.13504530489444733,0.14176613092422485,0.1385498426912361,0.0010168112794664364,65536,32125,NUTS_SL_01m_2024.shp,SI041,2021,July,7
2021-08-01,2021-09-01,0.14641770720481873,0.15430420637130737,0.1508176568557173,0.001546172030302554,65536,32125,NUTS_SL_01m_2024.shp,SI041,2021,August,8
2021-09-01,2021-10-01,0.13113728165626526,0.13517580926418304,0.13370195957543665,0.0009236929910005499,65536,32125,NUTS_SL_01m_2024.shp,SI041,2021,September,9
2021-10-01,2021-11-01,0.12434276193380356,0.13081716001033783,0.12737866211618518,0.0011616760769500027,65536,32125,NUTS_SL_01m_2024.shp,SI041,2021,October,10
2021-11-01,2021-12-01,0.14022444188594818,0.14709775149822235,0.1438659633892009,0.0012502778261411008,65536,32125,NUTS_SL_01m_2024.shp,SI041,2021,November,11
2021-12-01,2022-01-01,0.12099174410104752,0.12580464780330658,0.12334567758636276,0.0009042848741137919,65536,32125,NUTS_SL_01m_2024.shp,SI041,2021,December,12
2022-01-01,2022-02-01,0.16250690817832947,0.16688098013401031,0.164840206045385,0.0007748889588744003,65536,32125,NUTS_SL_01m_2024.shp,SI041,2022,January,1
2022-02-01,2022-03-01,0.1735866665840149,0.18716591596603394,0.1791193434456619,0.0026019697155165366,65536,32125,NUTS_SL_01m_2024.shp,SI041,2022,February,2
2022-03-01,2022-04-01,0.16310496628284454,0.16785931587219238,0.16608509149737177,0.0010874918212885655,65536,32125,NUTS_SL_01m_2024.shp,SI041,2022,March,3
2022-04-01,2022-05-01,0.15665844082832336,0.16119973361492157,0.1587173012190768,0.0010553340110181332,65536,32125,NUTS_SL_01m_2024.shp,SI041,2022,April,4
2022-05-01,2022-06-01,0.15268196165561676,0.1596958339214325,0.15717384115208186,0.0014926628494278773,65536,32125,NUTS_SL_01m_2024.shp,SI041,2022,May,5
2022-06-01,2022-07-01,0.13515295088291168,0.1429329812526703,0.13973042737236624,0.0011649531602632897,65536,32125,NUTS_SL_01m_2024.shp,SI041,2022,June,6
2022-07-01,2022-08-01,0.13767437636852264,0.14166060090065002,0.1398645956705338,0.000944671823564509,65536,32125,NUTS_SL_01m_2024.shp,SI041,2022,July,7
2022-08-01,2022-09-01,0.13411854207515717,0.1385561227798462,0.13608647061503426,0.0009877376810705158,65536,32125,NUTS_SL_01m_2024.shp,SI041,2022,August,8
2022-09-01,2022-10-01,0.13770289719104767,0.14362500607967377,0.1409127262605844,0.0008980056903608356,65536,32125,NUTS_SL_01m_2024.shp,SI041,2022,September,9
2022-10-01,2022-11-01,0.11694011837244034,0.12147741764783859,0.11947444911259804,0.0008483790385069247,65536,32125,NUTS_SL_01m_2024.shp,SI041,2022,October,10
2022-11-01,2022-12-01,0.14076541364192963,0.14584022760391235,0.14331292997345407,0.001120777620282213,65536,32125,NUTS_SL_01m_2024.shp,SI041,2022,November,11
2022-12-01,2023-01-01,0.13397325575351715,0.14049005508422852,0.13751795564332767,0.001282325671968636,65536,32125,NUTS_SL_01m_2024.shp,SI041,2022,December,12
2023-01-01,2023-02-01,0.14006668329238892,0.14706219732761383,0.14402749058815825,0.001222457175493683,65536,32125,NUTS_SL_01m_2024.shp,SI041,2023,January,1
2023-02-01,2023-03-01,0.1461147516965866,0.1566639393568039,0.1497725072337997,0.0016669554697536601,65536,32125,NUTS_SL_01m_2024.shp,SI041,2023,February,2
2023-03-01,2023-04-01,0.1469515860080719,0.15126635134220123,0.14875395914914388,0.0007690297114091152,65536,32125,NUTS_SL_01m_2024.shp,SI041,2023,March,3
2023-04-01,2023-05-01,0.14719019830226898,0.153878852725029,0.1507913910666658,0.0013899890082752237,65536,32125,NUTS_SL_01m_2024.shp,SI041,2023,April,4
2023-05-01,2023-06-01,0.1474485695362091,0.15136919915676117,0.14951956658000645,0.0007922970887200451,65536,32125,NUTS_SL_01m_2024.shp,SI041,2023,May,5
2023-06-01,2023-07-01,0.13642239570617676,0.14268909394741058,0.1399937888103359,0.0010140297692815881,65536,32125,NUTS_SL_01m_2024.shp,SI041,2023,June,6
2023-07-01,2023-08-01,0.14470386505126953,0.1522831916809082,0.14969181985921565,0.001210651310397728,65536,32125,NUTS_SL_01m_2024.shp,SI041,2023,July,7
2023-08-01,2023-09-01,0.1387518346309662,0.1465025395154953,0.14283775064313378,0.0012663631515786205,65536,32125,NUTS_SL_01m_2024.shp,SI041,2023,August,8
2023-09-01,2023-10-01,0.12337000668048859,0.12858638167381287,0.12587507925690042,0.0009479706891252257,65536,32125,NUTS_SL_01m_2024.shp,SI041,2023,September,9
2023-10-01,2023-11-01,0.14255042374134064,0.152687668800354,0.14793583233102253,0.0018516058431853474,65536,32125,NUTS_SL_01m_2024.shp,SI041,2023,October,10
2023-11-01,2023-12-01,0.13277567923069,0.1365155428647995,0.13463488778573818,0.000697323971848456,65536,32125,NUTS_SL_01m_2024.shp,SI041,2023,November,11
2023-12-01,2024-01-01,0.13116635382175446,0.1353733241558075,0.13337327505712895,0.0007950064455494482,65536,32125,NUTS_SL_01m_2024.shp,SI041,2023,December,12
2018-04-01,2018-05-01,0.14942225813865662,0.15112711489200592,0.15078366353781986,0.0006216107354776359,65536,65033,NUTS_SL_01m_2024.shp,SI042,2018,April,4
2018-05-01,2018-06-01,0.13731355965137482,0.14483964443206787,0.14214238354891864,0.001633173612400047,65536,29563,NUTS_SL_01m_2024.shp,SI042,2018,May,5
2018-06-01,2018-07-01,0.14432689547538757,0.1520260125398636,0.1476178461801712,0.001662594567061833,65536,29563,NUTS_SL_01m_2024.shp,SI042,2018,June,6
2018-07-01,2018-08-01,0.1376889944076538,0.14216209948062897,0.1401722892579112,0.0009795971921234823,65536,29563,NUTS_SL_01m_2024.shp,SI042,2018,July,7
2018-08-01,2018-09-01,0.13562743365764618,0.13858236372470856,0.1372374640626259,0.0006362936072179202,65536,29563,NUTS_SL_01m_2024.shp,SI042,2018,August,8
2018-09-01,2018-10-01,0.12282624840736389,0.12890897691249847,0.12622575803999267,0.0010523383418107907,65536,29563,NUTS_SL_01m_2024.shp,SI042,2018,September,9
2018-10-01,2018-11-01,0.12705571949481964,0.13141781091690063,0.12942922134918997,0.0008314507247084225,65536,29563,NUTS_SL_01m_2024.shp,SI042,2018,October,10
2018-11-01,2018-12-01,0.13176599144935608,0.13547877967357635,0.1335814155034883,0.0008530074946187213,65536,29563,NUTS_SL_01m_2024.shp,SI042,2018,November,11
2018-12-01,2019-01-01,0.14342954754829407,0.1483335793018341,0.14628753725520055,0.0009729989280726838,65536,29563,NUTS_SL_01m_2024.shp,SI042,2018,December,12
2019-01-01,2019-02-01,0.1751841902732849,0.18063171207904816,0.17745151887290114,0.001085032050056561,65536,29563,NUTS_SL_01m_2024.shp,SI042,2019,January,1
2019-02-01,2019-03-01,0.13014180958271027,0.13109183311462402,0.1309778302907944,0.00030872110634298723,65536,65461,NUTS_SL_01m_2024.shp,SI042,2019,February,2
2019-03-01,2019-04-01,0.15845870971679688,0.16465570032596588,0.16159574440018823,0.0011497437744216622,65536,29563,NUTS_SL_01m_2024.shp,SI042,2019,March,3
2019-04-01,2019-05-01,0.15646658837795258,0.16286233067512512,0.15907372324508098,0.0013462059098724194,65536,29563,NUTS_SL_01m_2024.shp,SI042,2019,April,4
2019-05-01,2019-06-01,0.14859254658222198,0.15462400019168854,0.15185258287521297,0.0011773224798972512,65536,29563,NUTS_SL_01m_2024.shp,SI042,2019,May,5
2019-06-01,2019-07-01,0.14130428433418274,0.14550603926181793,0.14357145813039898,0.0008758878339902412,65536,29563,NUTS_SL_01m_2024.shp,SI042,2019,June,6
2019-07-01,2019-08-01,0.13503818213939667,0.1434091031551361,0.13991623178248305,0.0016987909509063764,65536,29563,NUTS_SL_01m_2024.shp,SI042,2019,July,7
2019-08-01,2019-09-01,0.12731057405471802,0.13614773750305176,0.1323088582599839,0.0014736910758263385,65536,29563,NUTS_SL_01m_2024.shp,SI042,2019,August,8
2019-09-01,2019-10-01,0.12202368676662445,0.12433212250471115,0.12326283571256892,0.0006140255472186566,65536,29563,NUTS_SL_01m_2024.shp,SI042,2019,September,9
2019-10-01,2019-11-01,0.13223282992839813,0.1381702572107315,0.13473806244893458,0.0011623288463767697,65536,29563,NUTS_SL_01m_2024.shp,SI042,2019,October,10
2019-11-01,2019-12-01,0.11899645626544952,0.12431860715150833,0.12089980342386908,0.0009192922261192631,65536,29563,NUTS_SL_01m_2024.shp,SI042,2019,November,11
2019-12-01,2020-01-01,0.13601326942443848,0.14134527742862701,0.1391209963268682,0.0010600065513829008,65536,29563,NUTS_SL_01m_2024.shp,SI042,2019,December,12
2020-01-01,2020-02-01,0.13342857360839844,0.1376570761203766,0.1357727096031944,0.0009388809017036951,65536,29563,NUTS_SL_01m_2024.shp,SI042,2020,January,1
2020-02-01,2020-03-01,0.13303272426128387,0.14023545384407043,0.13583639912545184,0.001295504171377236,65536,29563,NUTS_SL_01m_2024.shp,SI042,2020,February,2
2020-03-01,2020-04-01,0.18532079458236694,0.19364890456199646,0.18909373375851168,0.0016232381386232402,65536,29563,NUTS_SL_01m_2024.shp,SI042,2020,March,3
2020-04-01,2020-05-01,0.15256521105766296,0.15845192968845367,0.15573277260335824,0.0010648596014978054,65536,29563,NUTS_SL_01m_2024.shp,SI042,2020,April,4
2020-05-01,2020-06-01,0.15019799768924713,0.15642094612121582,0.15301656795347235,0.001279711250183707,65536,29563,NUTS_SL_01m_2024.shp,SI042,2020,May,5
2020-06-01,2020-07-01,0.13471630215644836,0.14243212342262268,0.13836678643567565,0.0016386067847296696,65536,29563,NUTS_SL_01m_2024.shp,SI042,2020,June,6
2020-07-01,2020-08-01,0.12759102880954742,0.1341850459575653,0.13189913821255816,0.0014232899467088538,65536,29563,NUTS_SL_01m_2024.shp,SI042,2020,July,7
2020-08-01,2020-09-01,0.13750901818275452,0.14122650027275085,0.13896871744240843,0.0006495196462752593,65536,29563,NUTS_SL_01m_2024.shp,SI042,2020,August,8
2020-09-01,2020-10-01,0.1218794733285904,0.12670236825942993,0.12470838387818804,0.0008761678350243174,65536,29563,NUTS_SL_01m_2024.shp,SI042,2020,September,9
2020-10-01,2020-11-01,0.12278024852275848,0.1279999315738678,0.1255014975228589,0.0010248982109452491,65536,29563,NUTS_SL_01m_2024.shp,SI042,2020,October,10
2020-11-01,2020-12-01,0.1283654272556305,0.13256637752056122,0.1305983837978615,0.0010184456351532568,65536,29563,NUTS_SL_01m_2024.shp,SI042,2020,November,11
2020-12-01,2021-01-01,0.14702443778514862,0.14915895462036133,0.14827943955190775,0.0007631741575088128,65536,64517,NUTS_SL_01m_2024.shp,SI042,2020,December,12
2021-01-01,2021-02-01,0.15910351276397705,0.16638949513435364,0.16224545228555035,0.0017043207991229983,65536,29563,NUTS_SL_01m_2024.shp,SI042,2021,January,1
2021-02-01,2021-03-01,0.14088018238544464,0.1507587879896164,0.14642240319104916,0.0015784201731461015,65536,29563,NUTS_SL_01m_2024.shp,SI042,2021,February,2
2021-03-01,2021-04-01,0.14659860730171204,0.15469470620155334,0.15075842014140678,0.0014078308275900162,65536,29563,NUTS_SL_01m_2024.shp,SI042,2021,March,3
2021-04-01,2021-05-01,0.15312834084033966,0.16373805701732635,0.15741584133429856,0.0023987826171179066,65536,29563,NUTS_SL_01m_2024.shp,SI042,2021,April,4
2021-05-01,2021-06-01,0.15425768494606018,0.1631399542093277,0.15865563058466958,0.002263388310931882,65536,29563,NUTS_SL_01m_2024.shp,SI042,2021,May,5
2021-06-01,2021-07-01,0.14266271889209747,0.15089045464992523,0.14706620794244596,0.001705061417399419,65536,29563,NUTS_SL_01m_2024.shp,SI042,2021,June,6
2021-07-01,2021-08-01,0.1331988275051117,0.1401868760585785,0.1375751149747016,0.0013558938099373513,65536,29563,NUTS_SL_01m_2024.shp,SI042,2021,July,7
2021-08-01,2021-09-01,0.14734818041324615,0.15415909886360168,0.1510195735662512,0.0014401304006897396,65536,29563,NUTS_SL_01m_2024.shp,SI042,2021,August,8
2021-09-01,2021-10-01,0.13113728165626526,0.13506199419498444,0.13289072998115575,0.000979607833084012,65536,29563,NUTS_SL_01m_2024.shp,SI042,2021,September,9
2021-10-01,2021-11-01,0.12242961674928665,0.12670926749706268,0.12493767110109621,0.0010415931740930682,65536,57610,NUTS_SL_01m_2024.shp,SI042,2021,October,10
2021-11-01,2021-12-01,0.13929931819438934,0.14670121669769287,0.14317268509783204,0.0015334522780283079,65536,29563,NUTS_SL_01m_2024.shp,SI042,2021,November,11
2021-12-01,2022-01-01,0.11974602192640305,0.12541288137435913,0.12284533112422634,0.001038352034845345,65536,29563,NUTS_SL_01m_2024.shp,SI042,2021,December,12
2022-01-01,2022-02-01,0.16179399192333221,0.17160309851169586,0.16617572674513448,0.002011029692705629,65536,29563,NUTS_SL_01m_2024.shp,SI042,2022,January,1
2022-02-01,2022-03-01,0.1659543812274933,0.1778460294008255,0.17355627131777587,0.00236355892718987,65536,29563,NUTS_SL_01m_2024.shp,SI042,2022,February,2
2022-03-01,2022-04-01,0.16268274188041687,0.16756007075309753,0.16498549796156953,0.0011134514897311251,65536,29563,NUTS_SL_01m_2024.shp,SI042,2022,March,3
2022-04-01,2022-05-01,0.15724807977676392,0.1657439023256302,0.16078884597102677,0.001695351766056039,65536,29563,NUTS_SL_01m_2024.shp,SI042,2022,April,4
2022-05-01,2022-06-01,0.152058944106102,0.15979699790477753,0.15645499811244318,0.0017533395907310815,65536,29563,NUTS_SL_01m_2024.shp,SI042,2022,May,5
2022-06-01,2022-07-01,0.13479019701480865,0.14048545062541962,0.13823163004130387,0.0012221624729257987,65536,29563,NUTS_SL_01m_2024.shp,SI042,2022,June,6
2022-07-01,2022-08-01,0.13643832504749298,0.14111144840717316,0.13873731634962708,0.0009485895989208204,65536,29563,NUTS_SL_01m_2024.shp,SI042,2022,July,7
2022-08-01,2022-09-01,0.133729487657547,0.13789062201976776,0.13512014683245954,0.0007509060416640795,65536,30212,NUTS_SL_01m_2024.shp,SI042,2022,August,8
2022-09-01,2022-10-01,0.13862363994121552,0.14244890213012695,0.14040183558920588,0.0006708604763844545,65536,29563,NUTS_SL_01m_2024.shp,SI042,2022,September,9
2022-10-01,2022-11-01,0.11694011837244034,0.12094879895448685,0.11924073288710449,0.0008532535014669692,65536,29563,NUTS_SL_01m_2024.shp,SI042,2022,October,10
2022-11-01,2022-12-01,0.13980868458747864,0.14621396362781525,0.14330355086742794,0.0011386650457125963,65536,29563,NUTS_SL_01m_2024.shp,SI042,2022,November,11
2022-12-01,2023-01-01,0.13392700254917145,0.14014820754528046,0.1365918306537994,0.00126473829205243,65536,29563,NUTS_SL_01m_2024.shp,SI042,2022,December,12
2023-01-01,2023-02-01,0.13819320499897003,0.14610165357589722,0.1429866240283068,0.0014375858530453185,65536,29563,NUTS_SL_01m_2024.shp,SI042,2023,January,1
2023-02-01,2023-03-01,0.14365427196025848,0.15132468938827515,0.14763189978909746,0.0016297901916048365,65536,29563,NUTS_SL_01m_2024.shp,SI042,2023,February,2
2023-03-01,2023-04-01,0.14468398690223694,0.15067413449287415,0.14769033568169881,0.0009714906508167894,65536,29563,NUTS_SL_01m_2024.shp,SI042,2023,March,3
2023-04-01,2023-05-01,0.1453377902507782,0.15247882902622223,0.1490827769412207,0.0014223484068597364,65536,29563,NUTS_SL_01m_2024.shp,SI042,2023,April,4
2023-05-01,2023-06-01,0.14752666652202606,0.15191805362701416,0.1496930512494876,0.0009102357583377527,65536,29563,NUTS_SL_01m_2024.shp,SI042,2023,May,5
2023-06-01,2023-07-01,0.13921883702278137,0.14471834897994995,0.14142187211825086,0.0010137283541407183,65536,29563,NUTS_SL_01m_2024.shp,SI042,2023,June,6
2023-07-01,2023-08-01,0.1427668184041977,0.1525183469057083,0.14818037473228865,0.0019744879464502043,65536,29563,NUTS_SL_01m_2024.shp,SI042,2023,July,7
2023-08-01,2023-09-01,0.13702982664108276,0.14494900405406952,0.14136273087171228,0.001509836484347844,65536,29563,NUTS_SL_01m_2024.shp,SI042,2023,August,8
2023-09-01,2023-10-01,0.12235434353351593,0.12678022682666779,0.1245336532766748,0.0010379608740919409,65536,29563,NUTS_SL_01m_2024.shp,SI042,2023,September,9
2023-10-01,2023-11-01,0.14455066621303558,0.155953049659729,0.14916137189540413,0.0022431913269596016,65536,29563,NUTS_SL_01m_2024.shp,SI042,2023,October,10
2023-11-01,2023-12-01,0.1319224089384079,0.1358499974012375,0.13431139453664306,0.0006773831815389169,65536,29563,NUTS_SL_01m_2024.shp,SI042,2023,November,11
2023-12-01,2024-01-01,0.1314590722322464,0.13499851524829865,0.1333546856540404,0.0006802465035906315,65536,29563,NUTS_SL_01m_2024.shp,SI042,2023,December,12
2018-04-01,2018-05-01,0.14933456480503082,0.15567617118358612,0.1519221641350615,0.0021569900369552476,65536,48853,NUTS_SL_01m_2024.shp,SI043,2018,April,4
2018-05-01,2018-06-01,0.13838212192058563,0.14620046317577362,0.1428277507805118,0.0016687035185129768,65536,30979,NUTS_SL_01m_2024.shp,SI043,2018,May,5
2018-06-01,2018-07-01,0.14392560720443726,0.15277054905891418,0.14931204028143583,0.002651599496465881,65536,30979,NUTS_SL_01m_2024.shp,SI043,2018,June,6
2018-07-01,2018-08-01,0.1376889944076538,0.14408361911773682,0.14020638356941625,0.0011528107293564498,65536,30979,NUTS_SL_01m_2024.shp,SI043,2018,July,7
2018-08-01,2018-09-01,0.13597449660301208,0.14064644277095795,0.1379221594190997,0.0010153843156504156,65536,30979,NUTS_SL_01m_2024.shp,SI043,2018,August,8
2018-09-01,2018-10-01,0.12282624840736389,0.12961044907569885,0.1267253640168859,0.001213413342435105,65536,30979,NUTS_SL_01m_2024.shp,SI043,2018,September,9
2018-10-01,2018-11-01,0.12705571949481964,0.13175025582313538,0.12966512338904557,0.0009568727281982702,65536,30979,NUTS_SL_01m_2024.shp,SI043,2018,October,10
2018-11-01,2018-12-01,0.13138632476329803,0.13393473625183105,0.13277687919653133,0.0006402571867649031,65536,30979,NUTS_SL_01m_2024.shp,SI043,2018,November,11
2018-12-01,2019-01-01,0.1439669281244278,0.14976264536380768,0.14692822220375043,0.0010697645842267587,65536,30979,NUTS_SL_01m_2024.shp,SI043,2018,December,12
2019-01-01,2019-02-01,0.17556606233119965,0.18221579492092133,0.1781962950191295,0.0013570432074149876,65536,30979,NUTS_SL_01m_2024.shp,SI043,2019,January,1
2019-02-01,2019-03-01,0.1302277147769928,0.13419148325920105,0.1321705644672811,0.0010671681081554582,65536,51304,NUTS_SL_01m_2024.shp,SI043,2019,February,2
2019-03-01,2019-04-01,0.15845870971679688,0.1653672307729721,0.1627966138609513,0.0009970157361278095,65536,30979,NUTS_SL_01m_2024.shp,SI043,2019,March,3
2019-04-01,2019-05-01,0.15552425384521484,0.1622343510389328,0.1578154050804003,0.001572329359015107,65536,30979,NUTS_SL_01m_2024.shp,SI043,2019,April,4
2019-05-01,2019-06-01,0.14859254658222198,0.15462400019168854,0.15252692965546302,0.0014123210313322324,65536,30979,NUTS_SL_01m_2024.shp,SI043,2019,May,5
2019-06-01,2019-07-01,0.14132808148860931,0.14611758291721344,0.1437972229762446,0.0009839211031398472,65536,30979,NUTS_SL_01m_2024.shp,SI043,2019,June,6
2019-07-01,2019-08-01,0.13515286147594452,0.1434091031551361,0.14058855233882644,0.0013383034685854702,65536,30979,NUTS_SL_01m_2024.shp,SI043,2019,July,7
2019-08-01,2019-09-01,0.12731057405471802,0.13785520195960999,0.13229684770360908,0.001398728635116986,65536,30979,NUTS_SL_01m_2024.shp,SI043,2019,August,8
2019-09-01,2019-10-01,0.12181976437568665,0.12465250492095947,0.12306217984760831,0.0006382511791507103,65536,30979,NUTS_SL_01m_2024.shp,SI043,2019,September,9
2019-10-01,2019-11-01,0.13134650886058807,0.13956601917743683,0.13557949732193209,0.00172205858400948,65536,30979,NUTS_SL_01m_2024.shp,SI043,2019,October,10
2019-11-01,2019-12-01,0.1178717240691185,0.12392804026603699,0.12034266638452919,0.0010971412818734406,65536,30979,NUTS_SL_01m_2024.shp,SI043,2019,November,11
2019-12-01,2020-01-01,0.13601326942443848,0.14158211648464203,0.1389149464411355,0.0010753951511971367,65536,30979,NUTS_SL_01m_2024.shp,SI043,2019,December,12
2020-01-01,2020-02-01,0.13330484926700592,0.1377294361591339,0.1353391169152899,0.0009415711186010275,65536,30979,NUTS_SL_01m_2024.shp,SI043,2020,January,1
2020-02-01,2020-03-01,0.13193008303642273,0.1393846720457077,0.13609741468408412,0.001191278669303362,65536,30979,NUTS_SL_01m_2024.shp,SI043,2020,February,2
2020-03-01,2020-04-01,0.18532079458236694,0.19208049774169922,0.18880477637379506,0.0011336720888999938,65536,30979,NUTS_SL_01m_2024.shp,SI043,2020,March,3
2020-04-01,2020-05-01,0.15384113788604736,0.15802158415317535,0.15598472572562666,0.0008703952820887593,65536,30979,NUTS_SL_01m_2024.shp,SI043,2020,April,4
2020-05-01,2020-06-01,0.1497460901737213,0.1591980904340744,0.15447121828024474,0.0016795290411356933,65536,30979,NUTS_SL_01m_2024.shp,SI043,2020,May,5
2020-06-01,2020-07-01,0.13471630215644836,0.14187660813331604,0.13823680576385258,0.0016112119730366272,65536,30979,NUTS_SL_01m_2024.shp,SI043,2020,June,6
2020-07-01,2020-08-01,0.12699972093105316,0.13515038788318634,0.1313209021225487,0.0017093836684625538,65536,30979,NUTS_SL_01m_2024.shp,SI043,2020,July,7
2020-08-01,2020-09-01,0.1389322280883789,0.14240707457065582,0.1407149297979704,0.0008336786303334545,65536,30979,NUTS_SL_01m_2024.shp,SI043,2020,August,8
2020-09-01,2020-10-01,0.1218794733285904,0.12870728969573975,0.12532169490812847,0.0012187246515084483,65536,30979,NUTS_SL_01m_2024.shp,SI043,2020,September,9
2020-10-01,2020-11-01,0.12227797508239746,0.12833796441555023,0.12552908985045813,0.0011842911001019162,65536,30979,NUTS_SL_01m_2024.shp,SI043,2020,October,10
2020-11-01,2020-12-01,0.12942957878112793,0.13386090099811554,0.13196862613797417,0.0009395983022967504,65536,30979,NUTS_SL_01m_2024.shp,SI043,2020,November,11
2020-12-01,2021-01-01,0.14702443778514862,0.1528460830450058,0.1494701972597713,0.0013041427277084479,65536,47395,NUTS_SL_01m_2024.shp,SI043,2020,December,12
2021-01-01,2021-02-01,0.15718944370746613,0.1669718474149704,0.16159537071459965,0.0018227412005550187,65536,30979,NUTS_SL_01m_2024.shp,SI043,2021,January,1
2021-02-01,2021-03-01,0.1391850858926773,0.14741888642311096,0.1427536388434898,0.0018642620996768785,65536,30979,NUTS_SL_01m_2024.shp,SI043,2021,February,2
2021-03-01,2021-04-01,0.14659860730171204,0.15669269859790802,0.15251584337221136,0.0016014943967468586,65536,30979,NUTS_SL_01m_2024.shp,SI043,2021,March,3
2021-04-01,2021-05-01,0.15312834084033966,0.16514438390731812,0.1598703433506802,0.0030502840308816353,65536,30979,NUTS_SL_01m_2024.shp,SI043,2021,April,4
2021-05-01,2021-06-01,0.15366362035274506,0.16418464481830597,0.1584701441543384,0.002397060490384988,65536,30979,NUTS_SL_01m_2024.shp,SI043,2021,May,5
2021-06-01,2021-07-01,0.1450396478176117,0.15225666761398315,0.14820695408765605,0.0012209955714710264,65536,30979,NUTS_SL_01m_2024.shp,SI043,2021,June,6
2021-07-01,2021-08-01,0.1331988275051117,0.1406766176223755,0.13686971945083004,0.00176378139847092,65536,30979,NUTS_SL_01m_2024.shp,SI043,2021,July,7
2021-08-01,2021-09-01,0.14737701416015625,0.15381722152233124,0.15022280546166783,0.0012727126636242626,65536,30979,NUTS_SL_01m_2024.shp,SI043,2021,August,8
2021-09-01,2021-10-01,0.13158594071865082,0.13579711318016052,0.13400094568527718,0.0009545065412800691,65536,30979,NUTS_SL_01m_2024.shp,SI043,2021,September,9
2021-10-01,2021-11-01,0.12378533184528351,0.12967370450496674,0.12612299181010028,0.0014183980817315375,65536,36634,NUTS_SL_01m_2024.shp,SI043,2021,October,10
2021-11-01,2021-12-01,0.13838009536266327,0.14545461535453796,0.1420745354637453,0.0014323776118578793,65536,30979,NUTS_SL_01m_2024.shp,SI043,2021,November,11
2021-12-01,2022-01-01,0.11974602192640305,0.12559279799461365,0.12339005848667084,0.0012106973523822997,65536,30979,NUTS_SL_01m_2024.shp,SI043,2021,December,12
2022-01-01,2022-02-01,0.16179399192333221,0.16921557486057281,0.16552802530876976,0.001373876152614907,65536,30979,NUTS_SL_01m_2024.shp,SI043,2022,January,1
2022-02-01,2022-03-01,0.16476623713970184,0.17650480568408966,0.1719652510092589,0.0021900624068899167,65536,30979,NUTS_SL_01m_2024.shp,SI043,2022,February,2
2022-03-01,2022-04-01,0.16268274188041687,0.16810242831707,0.1654329957877033,0.0012355128673673386,65536,30979,NUTS_SL_01m_2024.shp,SI043,2022,March,3
2022-04-01,2022-05-01,0.156511127948761,0.1665123701095581,0.1604042894698212,0.002015303513257225,65536,30979,NUTS_SL_01m_2024.shp,SI043,2022,April,4
2022-05-01,2022-06-01,0.15261906385421753,0.1601797640323639,0.15618281407069984,0.0017450386129965678,65536,30979,NUTS_SL_01m_2024.shp,SI043,2022,May,5
2022-06-01,2022-07-01,0.1342465877532959,0.1429329812526703,0.13863615650869926,0.0018602552312992338,65536,30979,NUTS_SL_01m_2024.shp,SI043,2022,June,6
2022-07-01,2022-08-01,0.13643832504749298,0.1418730616569519,0.13803194671223276,0.0008483844386938834,65536,30979,NUTS_SL_01m_2024.shp,SI043,2022,July,7
2022-08-01,2022-09-01,0.13337448239326477,0.13769862055778503,0.1352739060112351,0.0011336745619817538,65536,31925,NUTS_SL_01m_2024.shp,SI043,2022,August,8
2022-09-01,2022-10-01,0.13783757388591766,0.1422341763973236,0.14012730105571636,0.0008293575434328134,65536,30979,NUTS_SL_01m_2024.shp,SI043,2022,September,9
2022-10-01,2022-11-01,0.1173926591873169,0.12243781983852386,0.11985952633547552,0.0010327196960897332,65536,30979,NUTS_SL_01m_2024.shp,SI043,2022,October,10
2022-11-01,2022-12-01,0.14240044355392456,0.14701905846595764,0.14447698213170196,0.0010905254493345517,65536,30979,NUTS_SL_01m_2024.shp,SI043,2022,November,11
2022-12-01,2023-01-01,0.1331349015235901,0.13893142342567444,0.13543164083738515,0.0011434151965074764,65536,30979,NUTS_SL_01m_2024.shp,SI043,2022,December,12
2023-01-01,2023-02-01,0.13758830726146698,0.14851289987564087,0.14399351885827777,0.0021555748957038864,65536,30979,NUTS_SL_01m_2024.shp,SI043,2023,January,1
2023-02-01,2023-03-01,0.14311282336711884,0.152988001704216,0.14837404798682655,0.0023000637059709195,65536,30979,NUTS_SL_01m_2024.shp,SI043,2023,February,2
2023-03-01,2023-04-01,0.14449797570705414,0.1510770618915558,0.14767541429842,0.0011893217004439254,65536,30979,NUTS_SL_01m_2024.shp,SI043,2023,March,3
2023-04-01,2023-05-01,0.14513655006885529,0.15327291190624237,0.14928842544190063,0.0017030937247604814,65536,30979,NUTS_SL_01m_2024.shp,SI043,2023,April,4
2023-05-01,2023-06-01,0.14825432002544403,0.15267592668533325,0.1506757324814653,0.0010727089028608559,65536,30979,NUTS_SL_01m_2024.shp,SI043,2023,May,5
2023-06-01,2023-07-01,0.13768360018730164,0.14545761048793793,0.14135176631103974,0.0013499209100736249,65536,30979,NUTS_SL_01m_2024.shp,SI043,2023,June,6
2023-07-01,2023-08-01,0.1416497677564621,0.15066418051719666,0.1467008416223961,0.001848209341539643,65536,30979,NUTS_SL_01m_2024.shp,SI043,2023,July,7
2023-08-01,2023-09-01,0.13764196634292603,0.14494900405406952,0.14158459074145496,0.0017809115225022182,65536,30979,NUTS_SL_01m_2024.shp,SI043,2023,August,8
2023-09-01,2023-10-01,0.12222371250391006,0.12692604959011078,0.12475428088184715,0.0008772505401452902,65536,30979,NUTS_SL_01m_2024.shp,SI043,2023,September,9
2023-10-01,2023-11-01,0.14446112513542175,0.15646027028560638,0.15009253659038768,0.0023894219623671496,65536,30979,NUTS_SL_01m_2024.shp,SI043,2023,October,10
2023-11-01,2023-12-01,0.1332598179578781,0.13648603856563568,0.1348469325718031,0.000652262229121734,65536,30979,NUTS_SL_01m_2024.shp,SI043,2023,November,11
2023-12-01,2024-01-01,0.1320965439081192,0.13540294766426086,0.13351798464182604,0.0007306068583239798,65536,30979,NUTS_SL_01m_2024.shp,SI043,2023,December,12
2018-04-01,2018-05-01,0.15380947291851044,0.1576702892780304,0.15544089513954013,0.0007942902082669293,65536,57317,NUTS_SL_01m_2024.shp,SI044,2018,April,4
2018-05-01,2018-06-01,0.14003875851631165,0.1463678479194641,0.14251129685344432,0.001543958888936089,65536,32691,NUTS_SL_01m_2024.shp,SI044,2018,May,5
2018-06-01,2018-07-01,0.1509711593389511,0.15428908169269562,0.1523313857804406,0.0007454939629919469,65536,32691,NUTS_SL_01m_2024.shp,SI044,2018,June,6
2018-07-01,2018-08-01,0.1399812400341034,0.14347189664840698,0.14150943373151145,0.0008848774871466496,65536,32691,NUTS_SL_01m_2024.shp,SI044,2018,July,7
2018-08-01,2018-09-01,0.1361863613128662,0.14019420742988586,0.13777153927553237,0.0008369334631905105,65536,32691,NUTS_SL_01m_2024.shp,SI044,2018,August,8
2018-09-01,2018-10-01,0.1263846606016159,0.12960600852966309,0.12796149464171874,0.0007189636958821549,65536,32691,NUTS_SL_01m_2024.shp,SI044,2018,September,9
2018-10-01,2018-11-01,0.12871268391609192,0.13186079263687134,0.13024903501272325,0.0006896680672241763,65536,32691,NUTS_SL_01m_2024.shp,SI044,2018,October,10
2018-11-01,2018-12-01,0.13149741291999817,0.13386058807373047,0.13234764259234122,0.0005979844661674812,65536,32691,NUTS_SL_01m_2024.shp,SI044,2018,November,11
2018-12-01,2019-01-01,0.1451227366924286,0.15003132820129395,0.14784743779461162,0.0009271317651616806,65536,32691,NUTS_SL_01m_2024.shp,SI044,2018,December,12
2019-01-01,2019-02-01,0.17816966772079468,0.1829855740070343,0.18060306716153965,0.0010365848959237882,65536,32691,NUTS_SL_01m_2024.shp,SI044,2019,January,1
2019-02-01,2019-03-01,0.13077746331691742,0.13419148325920105,0.1329006654325825,0.0007990189811386801,65536,59372,NUTS_SL_01m_2024.shp,SI044,2019,February,2
2019-03-01,2019-04-01,0.158047154545784,0.16364119946956635,0.16107060298026482,0.001305990199293301,65536,32691,NUTS_SL_01m_2024.shp,SI044,2019,March,3
2019-04-01,2019-05-01,0.15556815266609192,0.15903064608573914,0.15731695670118973,0.0007085420168957739,65536,32691,NUTS_SL_01m_2024.shp,SI044,2019,April,4
2019-05-01,2019-06-01,0.15173469483852386,0.15675072371959686,0.15373825766140492,0.001160685785191435,65536,32691,NUTS_SL_01m_2024.shp,SI044,2019,May,5
2019-06-01,2019-07-01,0.14235444366931915,0.14631736278533936,0.14460214364517782,0.0008051481924878768,65536,32691,NUTS_SL_01m_2024.shp,SI044,2019,June,6
2019-07-01,2019-08-01,0.13631555438041687,0.14351919293403625,0.14059777642960503,0.0018545534517766273,65536,32691,NUTS_SL_01m_2024.shp,SI044,2019,July,7
2019-08-01,2019-09-01,0.12952691316604614,0.1348283886909485,0.13237419264023279,0.0014235177270021573,65536,32691,NUTS_SL_01m_2024.shp,SI044,2019,August,8
2019-09-01,2019-10-01,0.12239332497119904,0.12549586594104767,0.12358870227817136,0.0006575804391459363,65536,32691,NUTS_SL_01m_2024.shp,SI044,2019,September,9
2019-10-01,2019-11-01,0.13669423758983612,0.14172960817813873,0.13920126597637034,0.0009877600970051692,65536,32691,NUTS_SL_01m_2024.shp,SI044,2019,October,10
2019-11-01,2019-12-01,0.1178717240691185,0.12314579635858536,0.12092499669569187,0.0009683322306715674,65536,32691,NUTS_SL_01m_2024.shp,SI044,2019,November,11
2019-12-01,2020-01-01,0.13558602333068848,0.13952606916427612,0.13763609767767734,0.0008914521444884781,65536,32691,NUTS_SL_01m_2024.shp,SI044,2019,December,12
2020-01-01,2020-02-01,0.13484053313732147,0.13830788433551788,0.13615340229437434,0.0007950228281642834,65536,32691,NUTS_SL_01m_2024.shp,SI044,2020,January,1
2020-02-01,2020-03-01,0.13193008303642273,0.13868644833564758,0.13525693269103634,0.0011857544890890646,65536,32691,NUTS_SL_01m_2024.shp,SI044,2020,February,2
2020-03-01,2020-04-01,0.1862507164478302,0.19174353778362274,0.18947180557340035,0.001145652728815583,65536,32691,NUTS_SL_01m_2024.shp,SI044,2020,March,3
2020-04-01,2020-05-01,0.15368770062923431,0.15758104622364044,0.1557509707713137,0.0008490143105892253,65536,32691,NUTS_SL_01m_2024.shp,SI044,2020,April,4
2020-05-01,2020-06-01,0.15269885957241058,0.15946151316165924,0.15714748619235738,0.0013268932045834075,65536,32691,NUTS_SL_01m_2024.shp,SI044,2020,May,5
2020-06-01,2020-07-01,0.13213813304901123,0.14058133959770203,0.13713369692300972,0.001906936201871069,65536,32691,NUTS_SL_01m_2024.shp,SI044,2020,June,6
2020-07-01,2020-08-01,0.12887951731681824,0.13688884675502777,0.13290693565742617,0.0019122339961875126,65536,32691,NUTS_SL_01m_2024.shp,SI044,2020,July,7
2020-08-01,2020-09-01,0.13907141983509064,0.1421818882226944,0.1406223890647658,0.0007068800616972759,65536,32691,NUTS_SL_01m_2024.shp,SI044,2020,August,8
2020-09-01,2020-10-01,0.1252448409795761,0.1292143613100052,0.12700879600135456,0.0008600592849667006,65536,32691,NUTS_SL_01m_2024.shp,SI044,2020,September,9
2020-10-01,2020-11-01,0.12311007082462311,0.12807534635066986,0.12587017223890146,0.0009195683417590482,65536,32691,NUTS_SL_01m_2024.shp,SI044,2020,October,10
2020-11-01,2020-12-01,0.13124623894691467,0.1344909518957138,0.13292650475605658,0.0007060877615814279,65536,32691,NUTS_SL_01m_2024.shp,SI044,2020,November,11
2020-12-01,2021-01-01,0.14856058359146118,0.15177538990974426,0.14993121091742045,0.0008343612335736583,65536,55936,NUTS_SL_01m_2024.shp,SI044,2020,December,12
2021-01-01,2021-02-01,0.157999649643898,0.16163334250450134,0.1596292560622107,0.0008305886402615412,65536,32691,NUTS_SL_01m_2024.shp,SI044,2021,January,1
2021-02-01,2021-03-01,0.13110579550266266,0.1412915140390396,0.1360831099374777,0.0023791043334357572,65536,32691,NUTS_SL_01m_2024.shp,SI044,2021,February,2
2021-03-01,2021-04-01,0.15209415555000305,0.15709027647972107,0.15491704269347692,0.0011617131553150843,65536,32691,NUTS_SL_01m_2024.shp,SI044,2021,March,3
2021-04-01,2021-05-01,0.15534944832324982,0.1650296151638031,0.16138621401498188,0.0020067633919318025,65536,32691,NUTS_SL_01m_2024.shp,SI044,2021,April,4
2021-05-01,2021-06-01,0.15778324007987976,0.16559681296348572,0.1631687596451656,0.0012719010836075035,65536,32691,NUTS_SL_01m_2024.shp,SI044,2021,May,5
2021-06-01,2021-07-01,0.14334966242313385,0.1489279717206955,0.14661332985312764,0.0013389555921219873,65536,32691,NUTS_SL_01m_2024.shp,SI044,2021,June,6
2021-07-01,2021-08-01,0.13387592136859894,0.1408284455537796,0.13805259075597065,0.0016642676116398849,65536,32691,NUTS_SL_01m_2024.shp,SI044,2021,July,7
2021-08-01,2021-09-01,0.14653679728507996,0.1523730605840683,0.1491184218259414,0.0012169061219824014,65536,32691,NUTS_SL_01m_2024.shp,SI044,2021,August,8
2021-09-01,2021-10-01,0.13334672152996063,0.13626721501350403,0.1344981437101261,0.0005498276079128328,65536,32691,NUTS_SL_01m_2024.shp,SI044,2021,September,9
2021-10-01,2021-11-01,0.12651532888412476,0.1294291764497757,0.12817952096769988,0.000618065006511387,65536,38998,NUTS_SL_01m_2024.shp,SI044,2021,October,10
2021-11-01,2021-12-01,0.13823658227920532,0.14359891414642334,0.14087941929037842,0.001220101267499842,65536,32691,NUTS_SL_01m_2024.shp,SI044,2021,November,11
2021-12-01,2022-01-01,0.12147656083106995,0.12559004127979279,0.12386538218074507,0.0009262925472890598,65536,32691,NUTS_SL_01m_2024.shp,SI044,2021,December,12
2022-01-01,2022-02-01,0.16292504966259003,0.1669977605342865,0.1646380772958481,0.000909245797592934,65536,32691,NUTS_SL_01m_2024.shp,SI044,2022,January,1
2022-02-01,2022-03-01,0.17126253247261047,0.17847508192062378,0.17474306137943899,0.0014086251966810592,65536,32691,NUTS_SL_01m_2024.shp,SI044,2022,February,2
2022-03-01,2022-04-01,0.16533030569553375,0.16810242831707,0.1666803687910702,0.000684101665785315,65536,32691,NUTS_SL_01m_2024.shp,SI044,2022,March,3
2022-04-01,2022-05-01,0.156511127948761,0.16167691349983215,0.15874620028501354,0.000926451553339313,65536,32691,NUTS_SL_01m_2024.shp,SI044,2022,April,4
2022-05-01,2022-06-01,0.15260334312915802,0.1599862426519394,0.15692278063039472,0.001966639198277832,65536,32691,NUTS_SL_01m_2024.shp,SI044,2022,May,5
2022-06-01,2022-07-01,0.13645154237747192,0.1422661989927292,0.13972099746656474,0.001538335587086683,65536,32691,NUTS_SL_01m_2024.shp,SI044,2022,June,6
2022-07-01,2022-08-01,0.13785924017429352,0.14245030283927917,0.14016734912281664,0.0011863174317714852,65536,32691,NUTS_SL_01m_2024.shp,SI044,2022,July,7
2022-08-01,2022-09-01,0.13418304920196533,0.13788515329360962,0.13623411859200268,0.0009004009490125212,65536,34263,NUTS_SL_01m_2024.shp,SI044,2022,August,8
2022-09-01,2022-10-01,0.13862499594688416,0.14367733895778656,0.14113652339390273,0.0007307484991277855,65536,32691,NUTS_SL_01m_2024.shp,SI044,2022,September,9
2022-10-01,2022-11-01,0.11875411868095398,0.12223947048187256,0.12030095244097341,0.0007479844668593893,65536,32691,NUTS_SL_01m_2024.shp,SI044,2022,October,10
2022-11-01,2022-12-01,0.14010648429393768,0.14631874859333038,0.14310615832429377,0.00144031778245627,65536,32691,NUTS_SL_01m_2024.shp,SI044,2022,November,11
2022-12-01,2023-01-01,0.1331349015235901,0.13676220178604126,0.13528522639255455,0.0006958772912407586,65536,32691,NUTS_SL_01m_2024.shp,SI044,2022,December,12
2023-01-01,2023-02-01,0.1445016860961914,0.1491524875164032,0.14662761246165412,0.0011446557368176573,65536,32691,NUTS_SL_01m_2024.shp,SI044,2023,January,1
2023-02-01,2023-03-01,0.14717033505439758,0.15412989258766174,0.15163134175732254,0.0012733950245914364,65536,32691,NUTS_SL_01m_2024.shp,SI044,2023,February,2
2023-03-01,2023-04-01,0.1464400589466095,0.15228262543678284,0.1491064672891847,0.0011863577754191415,65536,32691,NUTS_SL_01m_2024.shp,SI044,2023,March,3
2023-04-01,2023-05-01,0.1468883901834488,0.15281875431537628,0.14956800035416604,0.0012865680302790235,65536,32691,NUTS_SL_01m_2024.shp,SI044,2023,April,4
2023-05-01,2023-06-01,0.1470860242843628,0.15262199938297272,0.14906117619762535,0.0012661788288310047,65536,32691,NUTS_SL_01m_2024.shp,SI044,2023,May,5
2023-06-01,2023-07-01,0.13745015859603882,0.14407894015312195,0.1404328968821103,0.0012554879845564414,65536,32691,NUTS_SL_01m_2024.shp,SI044,2023,June,6
2023-07-01,2023-08-01,0.1430804580450058,0.15015719830989838,0.14681153660686933,0.0016743221102816226,65536,32691,NUTS_SL_01m_2024.shp,SI044,2023,July,7
2023-08-01,2023-09-01,0.13934466242790222,0.1448073387145996,0.14225460736922924,0.0010417742525157083,65536,32691,NUTS_SL_01m_2024.shp,SI044,2023,August,8
2023-09-01,2023-10-01,0.12278637290000916,0.12717019021511078,0.1247750467260257,0.0009466995649600021,65536,32691,NUTS_SL_01m_2024.shp,SI044,2023,September,9
2023-10-01,2023-11-01,0.14589285850524902,0.15234538912773132,0.14962702513575868,0.0013783190414491048,65536,32691,NUTS_SL_01m_2024.shp,SI044,2023,October,10
2023-11-01,2023-12-01,0.13255882263183594,0.1360643357038498,0.13429988054702033,0.0006034313598264795,65536,32691,NUTS_SL_01m_2024.shp,SI044,2023,November,11
2023-12-01,2024-01-01,0.13099661469459534,0.13505880534648895,0.13306043647317045,0.0008430936255528132,65536,32691,NUTS_SL_01m_2024.shp,SI044,2023,December,12
