interval_from,interval_to,so2_B0_min,so2_B0_max,so2_B0_mean,so2_B0_stDev,so2_B0_sampleCount,so2_B0_noDataCount,shapefile,NUTS_ID,year,month,month_num
2018-04-01,2018-05-01,-0.0010527933482080698,0.003575257956981659,0.0015383686614864377,0.0011814700811182011,65536,63971,NUTS_SL_01m_2024.shp,SI,2018,April,4
2018-05-01,2018-06-01,-0.0009105098433792591,0.0008576486143283546,2.4373275176427945e-05,0.0002612192452121804,65536,42959,NUTS_SL_01m_2024.shp,SI,2018,May,5
2018-06-01,2018-07-01,-0.0009367582388222218,0.0011588428169488907,7.465263967659663e-05,0.00037222891123867084,65536,47932,NUTS_SL_01m_2024.shp,SI,2018,June,6
2018-07-01,2018-08-01,-0.0009306580177508295,0.0011710218386724591,5.6483611464246235e-05,0.00027587123741432563,65536,32140,NUTS_SL_01m_2024.shp,SI,2018,July,7
2018-08-01,2018-09-01,-0.0014842983800917864,0.0020331447012722492,0.0002598181062661495,0.0011677339649068784,65536,65219,NUTS_SL_01m_2024.shp,SI,2018,August,8
2018-09-01,2018-10-01,-0.0014888199511915445,0.0034714387729763985,0.0004299641265878332,0.0008709368663603342,65536,32078,NUTS_SL_01m_2024.shp,SI,2018,September,9
2018-10-01,2018-11-01,-0.001499432255513966,0.00288333254866302,0.00015387322262832185,0.000732557445364366,65536,38982,NUTS_SL_01m_2024.shp,SI,2018,October,10
2018-12-01,2019-01-01,-0.0014942933339625597,0.015240353532135487,0.0018699148754787469,0.0024888220665552382,65536,46399,NUTS_SL_01m_2024.shp,SI,2018,December,12
2019-01-01,2019-02-01,-0.001370235695503652,0.0031401319429278374,0.0002700158872190861,0.0009892263924218062,65536,63457,NUTS_SL_01m_2024.shp,SI,2019,January,1
2019-02-01,2019-03-01,-0.0014946939190849662,0.010512449778616428,0.0013170931691423493,0.0030412352315663453,65536,64103,NUTS_SL_01m_2024.shp,SI,2019,February,2
2019-03-01,2019-04-01,-0.0014569576596841216,0.002791138831526041,0.0002845308491950576,0.0007890223782666164,65536,32506,NUTS_SL_01m_2024.shp,SI,2019,March,3
2019-05-01,2019-06-01,-0.0005067416350357234,0.0005608195788227022,-1.735649430078586e-06,0.0002198165907983535,65536,59049,NUTS_SL_01m_2024.shp,SI,2019,May,5
2019-06-01,2019-07-01,-0.0014994919765740633,0.001518819946795702,-0.00016346548594539515,0.0005599674405802788,65536,32193,NUTS_SL_01m_2024.shp,SI,2019,June,6
2019-07-01,2019-08-01,-0.0011410271981731057,0.0013229143805801868,0.00012502610598152787,0.00039575724953140915,65536,46601,NUTS_SL_01m_2024.shp,SI,2019,July,7
2019-08-01,2019-09-01,-0.0010394242126494646,0.0013091658474877477,2.9617336298650807e-05,0.0003109890302001681,65536,35647,NUTS_SL_01m_2024.shp,SI,2019,August,8
2019-09-01,2019-10-01,-0.0014641523594036698,0.005760342814028263,0.00040551421218219027,0.0012403964696802528,65536,47268,NUTS_SL_01m_2024.shp,SI,2019,September,9
2019-10-01,2019-11-01,-0.0014294437132775784,0.0033878711983561516,0.00022183155958129867,0.0009070208069926872,65536,62231,NUTS_SL_01m_2024.shp,SI,2019,October,10
2019-11-01,2019-12-01,-0.001487567089498043,0.005888913292437792,0.0006616888761406387,0.0014623310491351943,65536,51654,NUTS_SL_01m_2024.shp,SI,2019,November,11
2019-12-01,2020-01-01,-0.0014769885456189513,0.01159573346376419,0.003325223775212512,0.00322110669239551,65536,57094,NUTS_SL_01m_2024.shp,SI,2019,December,12
2020-01-01,2020-02-01,0.0005078972899354994,0.00468220142647624,0.003251968355998682,0.001148413720367718,65536,65405,NUTS_SL_01m_2024.shp,SI,2020,January,1
2020-02-01,2020-03-01,-0.0014049840392544866,0.004656707867980003,0.00019929179567412396,0.0008655902196936116,65536,51285,NUTS_SL_01m_2024.shp,SI,2020,February,2
2020-03-01,2020-04-01,-0.0011969764018431306,0.002095852978527546,8.042724674827908e-05,0.000509215873429989,65536,42467,NUTS_SL_01m_2024.shp,SI,2020,March,3
2020-04-01,2020-05-01,-0.0013903295621275902,0.00788026861846447,0.0006333654450631994,0.0014685259312349121,65536,58533,NUTS_SL_01m_2024.shp,SI,2020,April,4
2020-05-01,2020-06-01,-0.0006849769852124155,0.0009196084574796259,0.00014866409829496495,0.00027552834265101215,65536,62008,NUTS_SL_01m_2024.shp,SI,2020,May,5
2020-06-01,2020-07-01,-0.0012921754969283938,0.0014698294689878821,0.00011532828976108098,0.00042038857159833426,65536,43638,NUTS_SL_01m_2024.shp,SI,2020,June,6
2020-07-01,2020-08-01,-0.0011433332692831755,0.0009395339293405414,6.096168981456781e-06,0.0003277501934069349,65536,49463,NUTS_SL_01m_2024.shp,SI,2020,July,7
2020-09-01,2020-10-01,-0.0014523513382300735,0.0026830409187823534,0.00025426189465415017,0.0006793452414676726,65536,36500,NUTS_SL_01m_2024.shp,SI,2020,September,9
2020-10-01,2020-11-01,-0.0014997321413829923,0.008506551384925842,0.0009652053418870959,0.0016272793727219498,65536,39710,NUTS_SL_01m_2024.shp,SI,2020,October,10
2020-11-01,2020-12-01,-0.0013564818073064089,0.011504286900162697,0.002119883034777878,0.002324542775193776,65536,60326,NUTS_SL_01m_2024.shp,SI,2020,November,11
2021-02-01,2021-03-01,-0.0014756536111235619,0.01173956785351038,0.0013964869431649146,0.002058489014779394,65536,45469,NUTS_SL_01m_2024.shp,SI,2021,February,2
2021-03-01,2021-04-01,-0.0014803558588027954,0.002885283902287483,0.00028472722565929,0.0007645770585343548,65536,32342,NUTS_SL_01m_2024.shp,SI,2021,March,3
2021-04-01,2021-05-01,-0.0014242929173633456,0.001470280229113996,-9.772673433330672e-06,0.00036555594617171297,65536,55624,NUTS_SL_01m_2024.shp,SI,2021,April,4
2021-05-01,2021-06-01,-0.0014910363825038075,0.0010137568460777402,1.9668405819075036e-05,0.0002468749636510347,65536,52946,NUTS_SL_01m_2024.shp,SI,2021,May,5
2021-06-01,2021-07-01,-0.0013662230921909213,0.00126276642549783,-4.916339982824631e-05,0.00042740846690477244,65536,33803,NUTS_SL_01m_2024.shp,SI,2021,June,6
2021-07-01,2021-08-01,-0.001405417686328292,0.0014596679247915745,-6.575406295729866e-05,0.00044124452845407513,65536,39281,NUTS_SL_01m_2024.shp,SI,2021,July,7
2021-08-01,2021-09-01,-0.001380575937218964,0.0015525911003351212,-5.0001034797753456e-05,0.00046709539295001817,65536,41431,NUTS_SL_01m_2024.shp,SI,2021,August,8
2021-09-01,2021-10-01,-0.0009786346927285194,0.00226825219579041,5.2120871807566685e-05,0.0005815767947052318,65536,55677,NUTS_SL_01m_2024.shp,SI,2021,September,9
2021-10-01,2021-11-01,-0.0010881411144509912,0.015794532373547554,0.0022707044765342874,0.003610222379907113,65536,64050,NUTS_SL_01m_2024.shp,SI,2021,October,10
2021-11-01,2021-12-01,-0.0014894804917275906,0.008977685123682022,0.0018493262966940906,0.0023950502532235655,65536,60268,NUTS_SL_01m_2024.shp,SI,2021,November,11
2021-12-01,2022-01-01,-0.0014988851035013795,0.011879823170602322,0.001920658844557159,0.0026914718786280106,65536,54555,NUTS_SL_01m_2024.shp,SI,2021,December,12
2022-02-01,2022-03-01,-0.0014874214539304376,0.003853989765048027,0.00015718269560156201,0.0008655031927844689,65536,45426,NUTS_SL_01m_2024.shp,SI,2022,February,2
2022-04-01,2022-05-01,-0.0013956116745248437,0.0016394368140026927,-2.2752009856498987e-05,0.0005318808434878698,65536,32562,NUTS_SL_01m_2024.shp,SI,2022,April,4
2022-05-01,2022-06-01,-0.0014583808369934559,0.0012788537424057722,-1.65901022662188e-05,0.000343775510293273,65536,43285,NUTS_SL_01m_2024.shp,SI,2022,May,5
2022-06-01,2022-07-01,-0.0007538663921877742,0.0012608057586476207,3.128556291775519e-05,0.0002656187575917545,65536,41588,NUTS_SL_01m_2024.shp,SI,2022,June,6
2022-07-01,2022-08-01,-0.001077155233360827,0.0010942032095044851,4.739488996846818e-05,0.0004173921815869046,65536,52412,NUTS_SL_01m_2024.shp,SI,2022,July,7
2022-08-01,2022-09-01,-0.0014312448911368847,0.0017801239155232906,8.091571680360998e-05,0.0006485674920393727,65536,59559,NUTS_SL_01m_2024.shp,SI,2022,August,8
2022-09-01,2022-10-01,-0.0014624901814386249,0.002247313968837261,7.102856375574585e-05,0.000717867699311221,65536,59272,NUTS_SL_01m_2024.shp,SI,2022,September,9
2022-10-01,2022-11-01,-0.001484809210523963,0.006954988930374384,0.0009095169526610246,0.0014457977080665151,65536,40065,NUTS_SL_01m_2024.shp,SI,2022,October,10
2022-12-01,2023-01-01,-0.0014931777259334922,0.013068943284451962,0.002872904973211127,0.0030856341266971487,65536,49849,NUTS_SL_01m_2024.shp,SI,2022,December,12
2023-01-01,2023-02-01,-0.0014916303334757686,0.006084340158849955,0.00044027294765258993,0.0011967911212662093,65536,38757,NUTS_SL_01m_2024.shp,SI,2023,January,1
2023-03-01,2023-04-01,-0.001144992420449853,0.0011928485473617911,0.00014928818491171075,0.000666178266063404,65536,65066,NUTS_SL_01m_2024.shp,SI,2023,March,3
2023-04-01,2023-05-01,-0.0005830592126585543,0.0008600106230005622,5.300088832201426e-05,0.00021215039250193626,65536,55178,NUTS_SL_01m_2024.shp,SI,2023,April,4
2023-05-01,2023-06-01,-0.0006954361451789737,0.0006368531612679362,-1.2890056766727744e-05,0.0002802226219387313,65536,62654,NUTS_SL_01m_2024.shp,SI,2023,May,5
2023-06-01,2023-07-01,-0.0014596243854612112,0.00133585836738348,-6.119714829996773e-05,0.0004347645553503021,65536,33415,NUTS_SL_01m_2024.shp,SI,2023,June,6
2023-07-01,2023-08-01,-0.0014455188065767288,0.001871107262559235,9.665152860028676e-05,0.0004279052808933948,65536,44207,NUTS_SL_01m_2024.shp,SI,2023,July,7
2023-08-01,2023-09-01,-0.0011865696869790554,0.0013269605115056038,-2.039070119320823e-05,0.00039888880994756525,65536,46798,NUTS_SL_01m_2024.shp,SI,2023,August,8
2023-09-01,2023-10-01,-0.0014932441990822554,0.006268225610256195,0.00046217866780753333,0.0014488596238536084,65536,53483,NUTS_SL_01m_2024.shp,SI,2023,September,9
2023-10-01,2023-11-01,-0.0014927053125575185,0.005153514910489321,0.00022926214762743059,0.0009929322673086537,65536,55405,NUTS_SL_01m_2024.shp,SI,2023,October,10
2024-02-01,2024-03-01,-0.0012632579309865832,0.007911873050034046,0.0015683471921525104,0.0020198792561393307,65536,63592,NUTS_SL_01m_2024.shp,SI,2024,February,2
2024-03-01,2024-04-01,-0.0010508025297895074,0.0028276771772652864,0.00018614942456768384,0.0009392897601157787,65536,63870,NUTS_SL_01m_2024.shp,SI,2024,March,3
2024-04-01,2024-05-01,-0.0013994353357702494,0.00586507236585021,0.00022004604358370598,0.0007296050371553708,65536,32234,NUTS_SL_01m_2024.shp,SI,2024,April,4
2024-05-01,2024-06-01,-0.0014972951030358672,0.0013753927778452635,-1.674720305410868e-05,0.00039377000216697726,65536,57917,NUTS_SL_01m_2024.shp,SI,2024,May,5
2024-06-01,2024-07-01,-0.001220067497342825,0.0014193422393873334,2.3602200652734034e-05,0.0004499153171011513,65536,42977,NUTS_SL_01m_2024.shp,SI,2024,June,6
2024-07-01,2024-08-01,-0.00146850838791579,0.0016666592564433813,-8.078622659434009e-05,0.0006090282848879587,65536,32278,NUTS_SL_01m_2024.shp,SI,2024,July,7
2024-08-01,2024-09-01,-0.0014833365567028522,0.002658566227182746,0.00011409297126700147,0.0007200006838279277,65536,34309,NUTS_SL_01m_2024.shp,SI,2024,August,8
2024-09-01,2024-10-01,-0.0014988260809332132,0.004328795708715916,0.0005377113048742507,0.001043065867792095,65536,34789,NUTS_SL_01m_2024.shp,SI,2024,September,9
2024-10-01,2024-11-01,-0.0014807742554694414,0.0054438114166259766,0.000630230486411131,0.001347905398044003,65536,41273,NUTS_SL_01m_2024.shp,SI,2024,October,10
2018-04-01,2018-05-01,-0.0010527933482080698,0.003575257956981659,0.0015383686614864377,0.0011814700811182011,65536,63971,NUTS_SL_01m_2024.shp,SI0,2018,April,4
2018-05-01,2018-06-01,-0.0009105098433792591,0.0008576486143283546,2.4373275176427945e-05,0.0002612192452121804,65536,42959,NUTS_SL_01m_2024.shp,SI0,2018,May,5
2018-06-01,2018-07-01,-0.0009367582388222218,0.0011588428169488907,7.465263967659663e-05,0.00037222891123867084,65536,47932,NUTS_SL_01m_2024.shp,SI0,2018,June,6
2018-07-01,2018-08-01,-0.0009306580177508295,0.0011710218386724591,5.6483611464246235e-05,0.00027587123741432563,65536,32140,NUTS_SL_01m_2024.shp,SI0,2018,July,7
2018-08-01,2018-09-01,-0.0014842983800917864,0.0020331447012722492,0.0002598181062661495,0.0011677339649068784,65536,65219,NUTS_SL_01m_2024.shp,SI0,2018,August,8
2018-09-01,2018-10-01,-0.0014888199511915445,0.0034714387729763985,0.0004299641265878332,0.0008709368663603342,65536,32078,NUTS_SL_01m_2024.shp,SI0,2018,September,9
2018-10-01,2018-11-01,-0.001499432255513966,0.00288333254866302,0.00015387322262832185,0.000732557445364366,65536,38982,NUTS_SL_01m_2024.shp,SI0,2018,October,10
2018-12-01,2019-01-01,-0.0014942933339625597,0.015240353532135487,0.0018699148754787469,0.0024888220665552382,65536,46399,NUTS_SL_01m_2024.shp,SI0,2018,December,12
2019-01-01,2019-02-01,-0.001370235695503652,0.0031401319429278374,0.0002700158872190861,0.0009892263924218062,65536,63457,NUTS_SL_01m_2024.shp,SI0,2019,January,1
2019-02-01,2019-03-01,-0.0014946939190849662,0.010512449778616428,0.0013170931691423493,0.0030412352315663453,65536,64103,NUTS_SL_01m_2024.shp,SI0,2019,February,2
2019-03-01,2019-04-01,-0.0014569576596841216,0.002791138831526041,0.0002845308491950576,0.0007890223782666164,65536,32506,NUTS_SL_01m_2024.shp,SI0,2019,March,3
2019-05-01,2019-06-01,-0.0005067416350357234,0.0005608195788227022,-1.735649430078586e-06,0.0002198165907983535,65536,59049,NUTS_SL_01m_2024.shp,SI0,2019,May,5
2019-06-01,2019-07-01,-0.0014994919765740633,0.001518819946795702,-0.00016346548594539515,0.0005599674405802788,65536,32193,NUTS_SL_01m_2024.shp,SI0,2019,June,6
2019-07-01,2019-08-01,-0.0011410271981731057,0.0013229143805801868,0.00012502610598152787,0.00039575724953140915,65536,46601,NUTS_SL_01m_2024.shp,SI0,2019,July,7
2019-08-01,2019-09-01,-0.0010394242126494646,0.0013091658474877477,2.9617336298650807e-05,0.0003109890302001681,65536,35647,NUTS_SL_01m_2024.shp,SI0,2019,August,8
2019-09-01,2019-10-01,-0.0014641523594036698,0.005760342814028263,0.00040551421218219027,0.0012403964696802528,65536,47268,NUTS_SL_01m_2024.shp,SI0,2019,September,9
2019-10-01,2019-11-01,-0.0014294437132775784,0.0033878711983561516,0.00022183155958129867,0.0009070208069926872,65536,62231,NUTS_SL_01m_2024.shp,SI0,2019,October,10
2019-11-01,2019-12-01,-0.001487567089498043,0.005888913292437792,0.0006616888761406387,0.0014623310491351943,65536,51654,NUTS_SL_01m_2024.shp,SI0,2019,November,11
2019-12-01,2020-01-01,-0.0014769885456189513,0.01159573346376419,0.003325223775212512,0.00322110669239551,65536,57094,NUTS_SL_01m_2024.shp,SI0,2019,December,12
2020-01-01,2020-02-01,0.0005078972899354994,0.00468220142647624,0.003251968355998682,0.001148413720367718,65536,65405,NUTS_SL_01m_2024.shp,SI0,2020,January,1
2020-02-01,2020-03-01,-0.0014049840392544866,0.004656707867980003,0.00019929179567412396,0.0008655902196936116,65536,51285,NUTS_SL_01m_2024.shp,SI0,2020,February,2
2020-03-01,2020-04-01,-0.0011969764018431306,0.002095852978527546,8.042724674827908e-05,0.000509215873429989,65536,42467,NUTS_SL_01m_2024.shp,SI0,2020,March,3
2020-04-01,2020-05-01,-0.0013903295621275902,0.00788026861846447,0.0006333654450631994,0.0014685259312349121,65536,58533,NUTS_SL_01m_2024.shp,SI0,2020,April,4
2020-05-01,2020-06-01,-0.0006849769852124155,0.0009196084574796259,0.00014866409829496495,0.00027552834265101215,65536,62008,NUTS_SL_01m_2024.shp,SI0,2020,May,5
2020-06-01,2020-07-01,-0.0012921754969283938,0.0014698294689878821,0.00011532828976108098,0.00042038857159833426,65536,43638,NUTS_SL_01m_2024.shp,SI0,2020,June,6
2020-07-01,2020-08-01,-0.0011433332692831755,0.0009395339293405414,6.096168981456781e-06,0.0003277501934069349,65536,49463,NUTS_SL_01m_2024.shp,SI0,2020,July,7
2020-09-01,2020-10-01,-0.0014523513382300735,0.0026830409187823534,0.00025426189465415017,0.0006793452414676726,65536,36500,NUTS_SL_01m_2024.shp,SI0,2020,September,9
2020-10-01,2020-11-01,-0.0014997321413829923,0.008506551384925842,0.0009652053418870959,0.0016272793727219498,65536,39710,NUTS_SL_01m_2024.shp,SI0,2020,October,10
2020-11-01,2020-12-01,-0.0013564818073064089,0.011504286900162697,0.002119883034777878,0.002324542775193776,65536,60326,NUTS_SL_01m_2024.shp,SI0,2020,November,11
2021-02-01,2021-03-01,-0.0014756536111235619,0.01173956785351038,0.0013964869431649146,0.002058489014779394,65536,45469,NUTS_SL_01m_2024.shp,SI0,2021,February,2
2021-03-01,2021-04-01,-0.0014803558588027954,0.002885283902287483,0.00028472722565929,0.0007645770585343548,65536,32342,NUTS_SL_01m_2024.shp,SI0,2021,March,3
2021-04-01,2021-05-01,-0.0014242929173633456,0.001470280229113996,-9.772673433330672e-06,0.00036555594617171297,65536,55624,NUTS_SL_01m_2024.shp,SI0,2021,April,4
2021-05-01,2021-06-01,-0.0014910363825038075,0.0010137568460777402,1.9668405819075036e-05,0.0002468749636510347,65536,52946,NUTS_SL_01m_2024.shp,SI0,2021,May,5
2021-06-01,2021-07-01,-0.0013662230921909213,0.00126276642549783,-4.916339982824631e-05,0.00042740846690477244,65536,33803,NUTS_SL_01m_2024.shp,SI0,2021,June,6
2021-07-01,2021-08-01,-0.001405417686328292,0.0014596679247915745,-6.575406295729866e-05,0.00044124452845407513,65536,39281,NUTS_SL_01m_2024.shp,SI0,2021,July,7
2021-08-01,2021-09-01,-0.001380575937218964,0.0015525911003351212,-5.0001034797753456e-05,0.00046709539295001817,65536,41431,NUTS_SL_01m_2024.shp,SI0,2021,August,8
2021-09-01,2021-10-01,-0.0009786346927285194,0.00226825219579041,5.2120871807566685e-05,0.0005815767947052318,65536,55677,NUTS_SL_01m_2024.shp,SI0,2021,September,9
2021-10-01,2021-11-01,-0.0010881411144509912,0.015794532373547554,0.0022707044765342874,0.003610222379907113,65536,64050,NUTS_SL_01m_2024.shp,SI0,2021,October,10
2021-11-01,2021-12-01,-0.0014894804917275906,0.008977685123682022,0.0018493262966940906,0.0023950502532235655,65536,60268,NUTS_SL_01m_2024.shp,SI0,2021,November,11
2021-12-01,2022-01-01,-0.0014988851035013795,0.011879823170602322,0.001920658844557159,0.0026914718786280106,65536,54555,NUTS_SL_01m_2024.shp,SI0,2021,December,12
2022-02-01,2022-03-01,-0.0014874214539304376,0.003853989765048027,0.00015718269560156201,0.0008655031927844689,65536,45426,NUTS_SL_01m_2024.shp,SI0,2022,February,2
2022-04-01,2022-05-01,-0.0013956116745248437,0.0016394368140026927,-2.2752009856498987e-05,0.0005318808434878698,65536,32562,NUTS_SL_01m_2024.shp,SI0,2022,April,4
2022-05-01,2022-06-01,-0.0014583808369934559,0.0012788537424057722,-1.65901022662188e-05,0.000343775510293273,65536,43285,NUTS_SL_01m_2024.shp,SI0,2022,May,5
2022-06-01,2022-07-01,-0.0007538663921877742,0.0012608057586476207,3.128556291775519e-05,0.0002656187575917545,65536,41588,NUTS_SL_01m_2024.shp,SI0,2022,June,6
2022-07-01,2022-08-01,-0.001077155233360827,0.0010942032095044851,4.739488996846818e-05,0.0004173921815869046,65536,52412,NUTS_SL_01m_2024.shp,SI0,2022,July,7
2022-08-01,2022-09-01,-0.0014312448911368847,0.0017801239155232906,8.091571680360998e-05,0.0006485674920393727,65536,59559,NUTS_SL_01m_2024.shp,SI0,2022,August,8
2022-09-01,2022-10-01,-0.0014624901814386249,0.002247313968837261,7.102856375574585e-05,0.000717867699311221,65536,59272,NUTS_SL_01m_2024.shp,SI0,2022,September,9
2022-10-01,2022-11-01,-0.001484809210523963,0.006954988930374384,0.0009095169526610246,0.0014457977080665151,65536,40065,NUTS_SL_01m_2024.shp,SI0,2022,October,10
2022-12-01,2023-01-01,-0.0014931777259334922,0.013068943284451962,0.002872904973211127,0.0030856341266971487,65536,49849,NUTS_SL_01m_2024.shp,SI0,2022,December,12
2023-01-01,2023-02-01,-0.0014916303334757686,0.006084340158849955,0.00044027294765258993,0.0011967911212662093,65536,38757,NUTS_SL_01m_2024.shp,SI0,2023,January,1
2023-03-01,2023-04-01,-0.001144992420449853,0.0011928485473617911,0.00014928818491171075,0.000666178266063404,65536,65066,NUTS_SL_01m_2024.shp,SI0,2023,March,3
2023-04-01,2023-05-01,-0.0005830592126585543,0.0008600106230005622,5.300088832201426e-05,0.00021215039250193626,65536,55178,NUTS_SL_01m_2024.shp,SI0,2023,April,4
2023-05-01,2023-06-01,-0.0006954361451789737,0.0006368531612679362,-1.2890056766727744e-05,0.0002802226219387313,65536,62654,NUTS_SL_01m_2024.shp,SI0,2023,May,5
2023-06-01,2023-07-01,-0.0014596243854612112,0.00133585836738348,-6.119714829996773e-05,0.0004347645553503021,65536,33415,NUTS_SL_01m_2024.shp,SI0,2023,June,6
2023-07-01,2023-08-01,-0.0014455188065767288,0.001871107262559235,9.665152860028676e-05,0.0004279052808933948,65536,44207,NUTS_SL_01m_2024.shp,SI0,2023,July,7
2023-08-01,2023-09-01,-0.0011865696869790554,0.0013269605115056038,-2.039070119320823e-05,0.00039888880994756525,65536,46798,NUTS_SL_01m_2024.shp,SI0,2023,August,8
2023-09-01,2023-10-01,-0.0014932441990822554,0.006268225610256195,0.00046217866780753333,0.0014488596238536084,65536,53483,NUTS_SL_01m_2024.shp,SI0,2023,September,9
2023-10-01,2023-11-01,-0.0014927053125575185,0.005153514910489321,0.00022926214762743059,0.0009929322673086537,65536,55405,NUTS_SL_01m_2024.shp,SI0,2023,October,10
2024-02-01,2024-03-01,-0.0012632579309865832,0.007911873050034046,0.0015683471921525104,0.0020198792561393307,65536,63592,NUTS_SL_01m_2024.shp,SI0,2024,February,2
2024-03-01,2024-04-01,-0.0010508025297895074,0.0028276771772652864,0.00018614942456768384,0.0009392897601157787,65536,63870,NUTS_SL_01m_2024.shp,SI0,2024,March,3
2024-04-01,2024-05-01,-0.0013994353357702494,0.00586507236585021,0.00022004604358370598,0.0007296050371553708,65536,32234,NUTS_SL_01m_2024.shp,SI0,2024,April,4
2024-05-01,2024-06-01,-0.0014972951030358672,0.0013753927778452635,-1.674720305410868e-05,0.00039377000216697726,65536,57917,NUTS_SL_01m_2024.shp,SI0,2024,May,5
2024-06-01,2024-07-01,-0.001220067497342825,0.0014193422393873334,2.3602200652734034e-05,0.0004499153171011513,65536,42977,NUTS_SL_01m_2024.shp,SI0,2024,June,6
2024-07-01,2024-08-01,-0.00146850838791579,0.0016666592564433813,-8.078622659434009e-05,0.0006090282848879587,65536,32278,NUTS_SL_01m_2024.shp,SI0,2024,July,7
2024-08-01,2024-09-01,-0.0014833365567028522,0.002658566227182746,0.00011409297126700147,0.0007200006838279277,65536,34309,NUTS_SL_01m_2024.shp,SI0,2024,August,8
2024-09-01,2024-10-01,-0.0014988260809332132,0.004328795708715916,0.0005377113048742507,0.001043065867792095,65536,34789,NUTS_SL_01m_2024.shp,SI0,2024,September,9
2024-10-01,2024-11-01,-0.0014807742554694414,0.0054438114166259766,0.000630230486411131,0.001347905398044003,65536,41273,NUTS_SL_01m_2024.shp,SI0,2024,October,10
2018-04-01,2018-05-01,-0.0008962173014879227,0.0020231103990226984,0.00013080873880124197,0.0003449474342543949,65536,44986,NUTS_SL_01m_2024.shp,SI03,2018,April,4
2018-05-01,2018-06-01,-0.0009105098433792591,0.0008576486143283546,1.696417467249147e-05,0.00025548011512463236,65536,47286,NUTS_SL_01m_2024.shp,SI03,2018,May,5
2018-06-01,2018-07-01,-0.0009367582388222218,0.0011588428169488907,5.3769134173981414e-05,0.00036384609475486175,65536,51160,NUTS_SL_01m_2024.shp,SI03,2018,June,6
2018-07-01,2018-08-01,-0.0008631405071355402,0.0011710218386724591,6.735934505262328e-05,0.0002789489749460556,65536,39323,NUTS_SL_01m_2024.shp,SI03,2018,July,7
2018-08-01,2018-09-01,-0.0014842983800917864,0.0020331447012722492,0.0002857010732920315,0.0011667447108088239,65536,65143,NUTS_SL_01m_2024.shp,SI03,2018,August,8
2018-09-01,2018-10-01,-0.0014649067306891084,0.0034714387729763985,0.00040749196950290364,0.0008533732415942195,65536,39457,NUTS_SL_01m_2024.shp,SI03,2018,September,9
2018-10-01,2018-11-01,-0.001499432255513966,0.00288333254866302,0.00020748225254013587,0.0007879345417883756,65536,42262,NUTS_SL_01m_2024.shp,SI03,2018,October,10
2018-12-01,2019-01-01,-0.0014942933339625597,0.01170414686203003,0.0017726601782445473,0.002375590359157538,65536,50142,NUTS_SL_01m_2024.shp,SI03,2018,December,12
2019-01-01,2019-02-01,0.0011140243150293827,0.0011140243150293827,0.0011140243150293827,0.0,65536,65529,NUTS_SL_01m_2024.shp,SI03,2019,January,1
2019-02-01,2019-03-01,-0.0013905353844165802,0.0030823650304228067,0.0006159518897589749,0.0009438129409393183,65536,40219,NUTS_SL_01m_2024.shp,SI03,2019,February,2
2019-03-01,2019-04-01,-0.0014569576596841216,0.002791138831526041,0.0002957739877139249,0.0008142114954488744,65536,39747,NUTS_SL_01m_2024.shp,SI03,2019,March,3
2019-05-01,2019-06-01,-0.00045155896805226803,0.0005608195788227022,2.1285846736001037e-05,0.000259106073281343,65536,62853,NUTS_SL_01m_2024.shp,SI03,2019,May,5
2019-06-01,2019-07-01,-0.0014994919765740633,0.001518819946795702,-0.00014227106440098223,0.0005722652558888275,65536,39532,NUTS_SL_01m_2024.shp,SI03,2019,June,6
2019-07-01,2019-08-01,-0.0010280624264851213,0.0012666269904002547,0.0001774105707897138,0.00037009017060605516,65536,52301,NUTS_SL_01m_2024.shp,SI03,2019,July,7
2019-08-01,2019-09-01,-0.0010394242126494646,0.000957953801844269,3.0035193673090968e-05,0.000308336333905137,65536,40662,NUTS_SL_01m_2024.shp,SI03,2019,August,8
2019-09-01,2019-10-01,-0.0014641523594036698,0.005760342814028263,0.0004202227560435014,0.0012913218931419996,65536,49118,NUTS_SL_01m_2024.shp,SI03,2019,September,9
2019-10-01,2019-11-01,-0.0013667377643287182,0.0023447303101420403,-6.300393324331964e-05,0.0007549793300382192,65536,65058,NUTS_SL_01m_2024.shp,SI03,2019,October,10
2019-11-01,2019-12-01,-0.001487567089498043,0.005888913292437792,0.0007516841779148757,0.0015044611799913143,65536,51967,NUTS_SL_01m_2024.shp,SI03,2019,November,11
2019-12-01,2020-01-01,-0.0014407058479264379,0.010543927550315857,0.0030293561354151604,0.0034449074077548955,65536,62805,NUTS_SL_01m_2024.shp,SI03,2019,December,12
2020-02-01,2020-03-01,-0.0014049840392544866,0.004656707867980003,0.0002621241719857246,0.0010262585188023034,65536,59749,NUTS_SL_01m_2024.shp,SI03,2020,February,2
2020-03-01,2020-04-01,-0.0011969764018431306,0.001862665289081633,7.240148469125543e-05,0.00046901617559433063,65536,46882,NUTS_SL_01m_2024.shp,SI03,2020,March,3
2020-04-01,2020-05-01,-0.0011923057027161121,0.005821602884680033,0.0003784195739350502,0.0011098227659282762,65536,60828,NUTS_SL_01m_2024.shp,SI03,2020,April,4
2020-05-01,2020-06-01,-0.00031916791340336204,0.0006485689664259553,0.00011055867552218861,0.0002467348604576206,65536,63311,NUTS_SL_01m_2024.shp,SI03,2020,May,5
2020-06-01,2020-07-01,-0.0012921754969283938,0.0014698294689878821,0.0001285135266833553,0.000429306886346156,65536,47180,NUTS_SL_01m_2024.shp,SI03,2020,June,6
2020-07-01,2020-08-01,-0.0008532752399332821,0.0009395339293405414,-1.8323311590882643e-05,0.00033711813823551285,65536,52295,NUTS_SL_01m_2024.shp,SI03,2020,July,7
2020-09-01,2020-10-01,-0.0014523513382300735,0.002166421851143241,0.00021342893993930238,0.0006598782110766589,65536,45055,NUTS_SL_01m_2024.shp,SI03,2020,September,9
2020-10-01,2020-11-01,-0.0014566151658073068,0.008506551384925842,0.0009767665835597116,0.0016454574740390655,65536,46017,NUTS_SL_01m_2024.shp,SI03,2020,October,10
2020-11-01,2020-12-01,-0.0013564818073064089,0.004387113265693188,0.0016819739828683642,0.0017523900930929153,65536,63641,NUTS_SL_01m_2024.shp,SI03,2020,November,11
2020-12-01,2021-01-01,-0.0014568575425073504,0.005501762963831425,0.0005817892686784702,0.0014392277271370764,65536,60282,NUTS_SL_01m_2024.shp,SI03,2020,December,12
2021-02-01,2021-03-01,-0.0014756536111235619,0.0068730553612113,0.001437837293197188,0.001965638764698647,65536,53560,NUTS_SL_01m_2024.shp,SI03,2021,February,2
2021-03-01,2021-04-01,-0.0014803558588027954,0.002631325740367174,0.00031420937608135977,0.0007681940745229991,65536,39573,NUTS_SL_01m_2024.shp,SI03,2021,March,3
2021-04-01,2021-05-01,-0.0014242929173633456,0.001470280229113996,-3.745745942820447e-06,0.00037478878330247516,65536,56474,NUTS_SL_01m_2024.shp,SI03,2021,April,4
2021-05-01,2021-06-01,-0.0007880161865614355,0.0006548200617544353,4.39700154305372e-05,0.00019896685982342,65536,60364,NUTS_SL_01m_2024.shp,SI03,2021,May,5
2021-06-01,2021-07-01,-0.0012686121044680476,0.0012509769294410944,-3.586029263473079e-05,0.000410401638031676,65536,41334,NUTS_SL_01m_2024.shp,SI03,2021,June,6
2021-07-01,2021-08-01,-0.0013328877976164222,0.0014596679247915745,-6.543181909356381e-05,0.0004485153262010552,65536,45242,NUTS_SL_01m_2024.shp,SI03,2021,July,7
2021-08-01,2021-09-01,-0.0012943670153617859,0.0015525911003351212,-5.0951754263488616e-05,0.0004867022516699837,65536,43818,NUTS_SL_01m_2024.shp,SI03,2021,August,8
2021-09-01,2021-10-01,-0.0006245856638997793,0.00226825219579041,0.0003515034181573409,0.0007513287856833596,65536,62384,NUTS_SL_01m_2024.shp,SI03,2021,September,9
2021-11-01,2021-12-01,-0.0014813727466389537,0.008867154829204082,0.001928333527838602,0.0023321884249567666,65536,63032,NUTS_SL_01m_2024.shp,SI03,2021,November,11
2021-12-01,2022-01-01,-0.0014336251188069582,0.011879823170602322,0.001980602781368412,0.002931964967594094,65536,57806,NUTS_SL_01m_2024.shp,SI03,2021,December,12
2022-02-01,2022-03-01,-0.0014874214539304376,0.002707471139729023,0.0001345024629810425,0.0007666501926021883,65536,53947,NUTS_SL_01m_2024.shp,SI03,2022,February,2
2022-04-01,2022-05-01,-0.00135739182587713,0.0016394368140026927,-5.016132772281875e-05,0.0005383881654951828,65536,39460,NUTS_SL_01m_2024.shp,SI03,2022,April,4
2022-05-01,2022-06-01,-0.0014583808369934559,0.0012788537424057722,-1.2406234363671081e-05,0.00034227620176271794,65536,46901,NUTS_SL_01m_2024.shp,SI03,2022,May,5
2022-06-01,2022-07-01,-0.0007538663921877742,0.0012608057586476207,-8.83338433198132e-07,0.0002393287122249248,65536,47327,NUTS_SL_01m_2024.shp,SI03,2022,June,6
2022-07-01,2022-08-01,-0.001077155233360827,0.0009913246612995863,4.985341447604239e-05,0.0004213350539504865,65536,50766,NUTS_SL_01m_2024.shp,SI03,2022,July,7
2022-08-01,2022-09-01,-0.0014312448911368847,0.001345720374956727,-4.252645415940248e-06,0.0005647768506632748,65536,60003,NUTS_SL_01m_2024.shp,SI03,2022,August,8
2022-09-01,2022-10-01,-0.0014624901814386249,0.002247313968837261,7.521781282711434e-05,0.0007171509699368479,65536,57667,NUTS_SL_01m_2024.shp,SI03,2022,September,9
2022-10-01,2022-11-01,-0.0014802252408117056,0.006954988930374384,0.001054992694830295,0.0015665533161667048,65536,47195,NUTS_SL_01m_2024.shp,SI03,2022,October,10
2022-12-01,2023-01-01,-0.0014693110715597868,0.013068943284451962,0.003075631743181268,0.003242016973634729,65536,51336,NUTS_SL_01m_2024.shp,SI03,2022,December,12
2023-01-01,2023-02-01,-0.0014916303334757686,0.004495163448154926,0.0004240678655539675,0.0011345988417393229,65536,44112,NUTS_SL_01m_2024.shp,SI03,2023,January,1
2023-03-01,2023-04-01,-0.001144992420449853,0.0011928485473617911,0.00014030821631367998,0.0006688958673930288,65536,64951,NUTS_SL_01m_2024.shp,SI03,2023,March,3
2023-04-01,2023-05-01,-0.0004655070079024881,0.0007192858611233532,4.696129392295735e-05,0.0001981573955727807,65536,56839,NUTS_SL_01m_2024.shp,SI03,2023,April,4
2023-05-01,2023-06-01,-0.0006954361451789737,0.0005840911762788892,-3.27038180233095e-05,0.0002618431277321118,65536,62097,NUTS_SL_01m_2024.shp,SI03,2023,May,5
2023-06-01,2023-07-01,-0.0014596243854612112,0.00133585836738348,-8.446481017486613e-05,0.00045033567875252424,65536,39214,NUTS_SL_01m_2024.shp,SI03,2023,June,6
2023-07-01,2023-08-01,-0.0014455188065767288,0.001871107262559235,0.00011192541829836426,0.000475328412373153,65536,47576,NUTS_SL_01m_2024.shp,SI03,2023,July,7
2023-08-01,2023-09-01,-0.0011865696869790554,0.001009609317407012,-4.333820572850394e-05,0.00040163037290874635,65536,46148,NUTS_SL_01m_2024.shp,SI03,2023,August,8
2023-09-01,2023-10-01,-0.0014495537616312504,0.006268225610256195,0.0005862889716562998,0.0018476230393204454,65536,60984,NUTS_SL_01m_2024.shp,SI03,2023,September,9
2023-10-01,2023-11-01,-0.0014927053125575185,0.005153514910489321,0.0002579957366940816,0.0010618582687705739,65536,55431,NUTS_SL_01m_2024.shp,SI03,2023,October,10
2024-02-01,2024-03-01,-0.0012632579309865832,0.007911873050034046,0.0016973669404177706,0.0020170026182532827,65536,63262,NUTS_SL_01m_2024.shp,SI03,2024,February,2
2024-03-01,2024-04-01,-0.0010508025297895074,0.0028276771772652864,0.00021707842598511933,0.0009472162758582084,65536,63559,NUTS_SL_01m_2024.shp,SI03,2024,March,3
2024-04-01,2024-05-01,-0.0013347254134714603,0.0025010386016219854,0.00021039973510907884,0.0006665547216667963,65536,39402,NUTS_SL_01m_2024.shp,SI03,2024,April,4
2024-05-01,2024-06-01,-0.0011458193184807897,0.0013753927778452635,-9.32936136461793e-06,0.00035429182411206707,65536,57513,NUTS_SL_01m_2024.shp,SI03,2024,May,5
2024-06-01,2024-07-01,-0.001220067497342825,0.0014193422393873334,2.3676751467046574e-05,0.0004612654493490274,65536,43988,NUTS_SL_01m_2024.shp,SI03,2024,June,6
2024-07-01,2024-08-01,-0.00146850838791579,0.0016666592564433813,-0.00012832096526909704,0.0006466740182522338,65536,39870,NUTS_SL_01m_2024.shp,SI03,2024,July,7
2024-08-01,2024-09-01,-0.0014588858466595411,0.002552448073402047,0.00014005585164480276,0.0007230028249243945,65536,39818,NUTS_SL_01m_2024.shp,SI03,2024,August,8
2024-09-01,2024-10-01,-0.0014812398003414273,0.003680405905470252,0.0006005584672621376,0.0010478542849983211,65536,41450,NUTS_SL_01m_2024.shp,SI03,2024,September,9
2024-10-01,2024-11-01,-0.0014807742554694414,0.0054438114166259766,0.0006094278719932019,0.0013862232492246815,65536,48331,NUTS_SL_01m_2024.shp,SI03,2024,October,10
2018-04-01,2018-05-01,-0.0008962173014879227,0.0008786745020188391,0.00014545489267624428,0.00040244830361694145,65536,37378,NUTS_SL_01m_2024.shp,SI031,2018,April,4
2018-05-01,2018-06-01,-0.0005159357096999884,0.0004824305942747742,3.3447348713547635e-05,0.00022436189043641727,65536,33747,NUTS_SL_01m_2024.shp,SI031,2018,May,5
2018-06-01,2018-07-01,-0.0009199264459311962,0.0006241544615477324,-3.5717824240898906e-05,0.00036078625617057454,65536,42393,NUTS_SL_01m_2024.shp,SI031,2018,June,6
2018-07-01,2018-08-01,-0.00024367126752622426,0.0005394284962676466,2.170526134176623e-05,0.00015024799358540403,65536,33747,NUTS_SL_01m_2024.shp,SI031,2018,July,7
2018-08-01,2018-09-01,-0.0014791839057579637,0.000980621320195496,-0.00021341566376417768,0.0006178988991249648,65536,37281,NUTS_SL_01m_2024.shp,SI031,2018,August,8
2018-09-01,2018-10-01,-0.0013689158950001001,0.001525379135273397,3.8307436285170796e-05,0.000717342515986378,65536,34042,NUTS_SL_01m_2024.shp,SI031,2018,September,9
2018-10-01,2018-11-01,-0.00128520920407027,0.00288333254866302,0.00010532744075454414,0.0008278820258120473,65536,35048,NUTS_SL_01m_2024.shp,SI031,2018,October,10
2018-12-01,2019-01-01,-0.0012774247443303466,0.00559632945805788,0.0019059639240122713,0.002104190659261068,65536,48728,NUTS_SL_01m_2024.shp,SI031,2018,December,12
2019-02-01,2019-03-01,-0.0013905353844165802,0.0026516756042838097,0.00043621986270345984,0.001034964285620887,65536,37861,NUTS_SL_01m_2024.shp,SI031,2019,February,2
2019-03-01,2019-04-01,-0.0014569576596841216,0.0021827034652233124,0.00015018123321342943,0.0008483968746770002,65536,35198,NUTS_SL_01m_2024.shp,SI031,2019,March,3
2019-05-01,2019-06-01,-0.0002755984605755657,0.0005608195788227022,0.00011918266665177713,0.0002224539188507081,65536,50436,NUTS_SL_01m_2024.shp,SI031,2019,May,5
2019-06-01,2019-07-01,-0.0012737215729430318,0.0009900534059852362,-5.321991323906891e-05,0.0005519882092884153,65536,34380,NUTS_SL_01m_2024.shp,SI031,2019,June,6
2019-07-01,2019-08-01,-0.000415204354794696,0.0010679649421945214,0.00024295525318450702,0.00033370185453896075,65536,33747,NUTS_SL_01m_2024.shp,SI031,2019,July,7
2019-08-01,2019-09-01,-0.0008905077120289207,0.0006867620977573097,2.644238866965351e-05,0.00031332838808312047,65536,33747,NUTS_SL_01m_2024.shp,SI031,2019,August,8
2019-09-01,2019-10-01,-0.0014211268862709403,0.0023743186611682177,0.0001250347097389553,0.0009996541619120267,65536,41557,NUTS_SL_01m_2024.shp,SI031,2019,September,9
2019-11-01,2019-12-01,-0.0014520263066515326,0.004866172093898058,0.0007470121927883283,0.0013907027354953267,65536,42819,NUTS_SL_01m_2024.shp,SI031,2019,November,11
2020-02-01,2020-03-01,-0.0013802285538986325,0.003774296957999468,0.00046970484091674806,0.001154012720283473,65536,51256,NUTS_SL_01m_2024.shp,SI031,2020,February,2
2020-03-01,2020-04-01,-0.0009634228772483766,0.0010316953994333744,7.659639371147194e-05,0.0005233435753980463,65536,33747,NUTS_SL_01m_2024.shp,SI031,2020,March,3
2020-04-01,2020-05-01,-0.001114950980991125,0.0008979563135653734,2.771081208086018e-05,0.0004090644765934237,65536,33747,NUTS_SL_01m_2024.shp,SI031,2020,April,4
2020-06-01,2020-07-01,-0.0009317469084635377,0.001049456070177257,-2.6381005110734217e-06,0.0003739435435335123,65536,52179,NUTS_SL_01m_2024.shp,SI031,2020,June,6
2020-07-01,2020-08-01,-0.0006852670921944082,0.0008782849181443453,-6.133847067033857e-07,0.0003239795972195714,65536,33747,NUTS_SL_01m_2024.shp,SI031,2020,July,7
2020-09-01,2020-10-01,-0.0011126588797196746,0.0016493294388055801,0.0001557555267870359,0.0006301891068775738,65536,36698,NUTS_SL_01m_2024.shp,SI031,2020,September,9
2020-10-01,2020-11-01,-0.0013318622950464487,0.0051687792874872684,0.000922780240468577,0.0017097486474726233,65536,43496,NUTS_SL_01m_2024.shp,SI031,2020,October,10
2020-12-01,2021-01-01,-0.0014230009401217103,0.005501762963831425,0.0002432755959067987,0.001379987412526812,65536,54757,NUTS_SL_01m_2024.shp,SI031,2020,December,12
2021-02-01,2021-03-01,-0.001454872777685523,0.0025547894183546305,9.323538643363628e-05,0.0010505352397557084,65536,35963,NUTS_SL_01m_2024.shp,SI031,2021,February,2
2021-03-01,2021-04-01,-0.0011933355126529932,0.002115273615345359,0.0003103953401174501,0.000705941119899262,65536,35396,NUTS_SL_01m_2024.shp,SI031,2021,March,3
2021-04-01,2021-05-01,-0.0005757075850851834,0.0005927662714384496,3.621992607000331e-05,0.00023129703606625848,65536,46156,NUTS_SL_01m_2024.shp,SI031,2021,April,4
2021-05-01,2021-06-01,-0.00032186336466111243,0.0006548200617544353,8.971885052324295e-05,0.00024969703288439736,65536,62683,NUTS_SL_01m_2024.shp,SI031,2021,May,5
2021-06-01,2021-07-01,-0.0010879572946578264,0.0008154720417223871,-9.386046889732968e-06,0.00033693209691597114,65536,35610,NUTS_SL_01m_2024.shp,SI031,2021,June,6
2021-08-01,2021-09-01,-0.0012284249532967806,0.0015525911003351212,-9.690424964094593e-05,0.0005718298180137582,65536,33747,NUTS_SL_01m_2024.shp,SI031,2021,August,8
2021-09-01,2021-10-01,-0.0006095222197473049,0.00226825219579041,0.0008972471215230092,0.0010141096010749283,65536,55564,NUTS_SL_01m_2024.shp,SI031,2021,September,9
2021-10-01,2021-11-01,-0.0014980857959017158,0.0032929626759141684,0.00034854755258355156,0.0010683980499496726,65536,41181,NUTS_SL_01m_2024.shp,SI031,2021,October,10
2022-02-01,2022-03-01,-0.001086053904145956,0.0014669443480670452,0.0002763395123384255,0.0008067006081496932,65536,60411,NUTS_SL_01m_2024.shp,SI031,2022,February,2
2022-04-01,2022-05-01,-0.0012057011481374502,0.0011724751675501466,-5.247427922544205e-05,0.0005882367217074877,65536,34370,NUTS_SL_01m_2024.shp,SI031,2022,April,4
2022-05-01,2022-06-01,-0.0011477823136374354,0.0009793975623324513,-4.463907174450313e-06,0.00030734957399871634,65536,35532,NUTS_SL_01m_2024.shp,SI031,2022,May,5
2022-06-01,2022-07-01,-0.0006751168402843177,0.000730284140445292,-7.765669876619909e-07,0.0003111621947845623,65536,33747,NUTS_SL_01m_2024.shp,SI031,2022,June,6
2022-07-01,2022-08-01,-0.001077155233360827,0.0008229569066315889,-2.1224651785201774e-05,0.00047332814053107665,65536,33747,NUTS_SL_01m_2024.shp,SI031,2022,July,7
2022-08-01,2022-09-01,-0.0011234325356781483,0.0010741929290816188,-7.113089584857747e-05,0.000489586501375197,65536,33747,NUTS_SL_01m_2024.shp,SI031,2022,August,8
2022-09-01,2022-10-01,-0.001414714613929391,0.001417794032022357,7.36000085344187e-05,0.000601499699312893,65536,50728,NUTS_SL_01m_2024.shp,SI031,2022,September,9
2022-10-01,2022-11-01,-0.0007794296252541244,0.0008473705383948982,-4.940753151123746e-05,0.0006379505563459007,65536,62985,NUTS_SL_01m_2024.shp,SI031,2022,October,10
2022-12-01,2023-01-01,-0.001160789979621768,0.012288033030927181,0.00488802311112224,0.0037342395390191642,65536,55082,NUTS_SL_01m_2024.shp,SI031,2022,December,12
2023-01-01,2023-02-01,-0.0014577588299289346,0.004495163448154926,0.0007208419744250601,0.0012965728162943394,65536,41591,NUTS_SL_01m_2024.shp,SI031,2023,January,1
2023-03-01,2023-04-01,-0.001144992420449853,0.0011928485473617911,0.00015629980517680486,0.0006579345716690418,65536,59257,NUTS_SL_01m_2024.shp,SI031,2023,March,3
2023-04-01,2023-05-01,-0.000393564609112218,0.00046217229100875556,1.1620343084939158e-05,0.0002008767835104685,65536,53670,NUTS_SL_01m_2024.shp,SI031,2023,April,4
2023-05-01,2023-06-01,-0.0006954361451789737,0.0005523210857063532,-4.054931329306147e-05,0.000250300940822729,65536,42933,NUTS_SL_01m_2024.shp,SI031,2023,May,5
2023-06-01,2023-07-01,-0.0014596243854612112,0.0011636184062808752,-0.00010506613085345578,0.0004540970168726973,65536,33747,NUTS_SL_01m_2024.shp,SI031,2023,June,6
2023-07-01,2023-08-01,-0.0008591754594817758,0.001355414860881865,1.9367971355855996e-05,0.00036813283075381445,65536,33747,NUTS_SL_01m_2024.shp,SI031,2023,July,7
2023-08-01,2023-09-01,-0.0007837451412342489,0.001009609317407012,-0.00015085093282190726,0.0004062559381476358,65536,33747,NUTS_SL_01m_2024.shp,SI031,2023,August,8
2024-02-01,2024-03-01,-0.0008691313560120761,0.005440569017082453,0.0016526521489740901,0.0016766729382514107,65536,58579,NUTS_SL_01m_2024.shp,SI031,2024,February,2
2024-03-01,2024-04-01,-0.0010508025297895074,0.0028276771772652864,0.0005124127292734642,0.0009084715366554539,65536,51780,NUTS_SL_01m_2024.shp,SI031,2024,March,3
2024-04-01,2024-05-01,-0.0010645119473338127,0.0011337525211274624,4.3065443030982114e-05,0.0005209963505286796,65536,33839,NUTS_SL_01m_2024.shp,SI031,2024,April,4
2024-06-01,2024-07-01,-0.001194178475998342,0.0008053318015299737,-8.176471875045428e-05,0.00047112576670919567,65536,33747,NUTS_SL_01m_2024.shp,SI031,2024,June,6
2024-07-01,2024-08-01,-0.0013440370094031096,0.0013693225337192416,-9.111919225183651e-05,0.0006780085687754198,65536,34252,NUTS_SL_01m_2024.shp,SI031,2024,July,7
2024-08-01,2024-09-01,-0.0010176756186410785,0.0008335899910889566,-0.0001268380831457248,0.00041097045042041416,65536,33750,NUTS_SL_01m_2024.shp,SI031,2024,August,8
2024-09-01,2024-10-01,-0.0014648609794676304,0.0032695280387997627,0.0006554158747888862,0.0010966592784953937,65536,36257,NUTS_SL_01m_2024.shp,SI031,2024,September,9
2024-10-01,2024-11-01,-0.0010334423277527094,0.001585965626873076,3.855567288123943e-06,0.0007766640664848196,65536,62088,NUTS_SL_01m_2024.shp,SI031,2024,October,10
2018-04-01,2018-05-01,-0.0008553716470487416,0.0009061966557055712,0.00011523331866787318,0.0003160372056134721,65536,32081,NUTS_SL_01m_2024.shp,SI032,2018,April,4
2018-05-01,2018-06-01,-0.0003336008812766522,0.0006727474392391741,5.138994006870169e-05,0.00019930053153884635,65536,31879,NUTS_SL_01m_2024.shp,SI032,2018,May,5
2018-06-01,2018-07-01,-0.000654885545372963,0.0006557730957865715,-4.731320738388839e-05,0.0002591338399283084,65536,49915,NUTS_SL_01m_2024.shp,SI032,2018,June,6
2018-07-01,2018-08-01,-0.0007078783819451928,0.0004894834128208458,8.670739969461433e-05,0.00025218328227871907,65536,27923,NUTS_SL_01m_2024.shp,SI032,2018,July,7
2018-09-01,2018-10-01,-0.0013193339109420776,0.002528735436499119,0.0003322763391473682,0.0008156278272495513,65536,29189,NUTS_SL_01m_2024.shp,SI032,2018,September,9
2018-10-01,2018-11-01,-0.0014650231460109353,0.00288333254866302,0.00040551800371084994,0.0009573699043100358,65536,30481,NUTS_SL_01m_2024.shp,SI032,2018,October,10
2018-12-01,2019-01-01,-0.001471951836720109,0.009360766969621181,0.0019063226720167246,0.0027116195770313816,65536,41500,NUTS_SL_01m_2024.shp,SI032,2018,December,12
2019-02-01,2019-03-01,-0.0012851494830101728,0.003013349836692214,0.0008012752988079045,0.0009101626091245955,65536,29844,NUTS_SL_01m_2024.shp,SI032,2019,February,2
2019-03-01,2019-04-01,-0.0014048585435375571,0.0027405270375311375,0.0002686063238624161,0.000788789509750086,65536,29715,NUTS_SL_01m_2024.shp,SI032,2019,March,3
2019-05-01,2019-06-01,-0.0002666531363502145,0.0005608195788227022,3.495325063229463e-05,0.0002330363108850162,65536,60221,NUTS_SL_01m_2024.shp,SI032,2019,May,5
2019-06-01,2019-07-01,-0.0014656480634585023,0.0014399514766409993,-5.597407331845155e-05,0.0005861561027586734,65536,27931,NUTS_SL_01m_2024.shp,SI032,2019,June,6
2019-07-01,2019-08-01,-0.0009917709976434708,0.0009773570345714688,0.00011608520090329393,0.00032167997125432963,65536,36782,NUTS_SL_01m_2024.shp,SI032,2019,July,7
2019-08-01,2019-09-01,-0.0006063980981707573,0.000957953801844269,6.454907473523194e-05,0.000334670381721887,65536,27997,NUTS_SL_01m_2024.shp,SI032,2019,August,8
2019-09-01,2019-10-01,-0.0013971923617646098,0.004238331690430641,0.00035653957077039667,0.0010916910651140761,65536,34082,NUTS_SL_01m_2024.shp,SI032,2019,September,9
2019-11-01,2019-12-01,-0.0014690811512991786,0.004052517004311085,0.0007844114643518586,0.001494812377802928,65536,38470,NUTS_SL_01m_2024.shp,SI032,2019,November,11
2020-02-01,2020-03-01,-0.0013337682466953993,0.004656707867980003,0.0006847802346467974,0.0015869429311561164,65536,59940,NUTS_SL_01m_2024.shp,SI032,2020,February,2
2020-03-01,2020-04-01,-0.000860184314660728,0.0007948888232931495,2.3974011153911058e-05,0.0004148734211884368,65536,30695,NUTS_SL_01m_2024.shp,SI032,2020,March,3
2020-04-01,2020-05-01,-0.0009706590208224952,0.0014390557771548629,-3.228665375263451e-05,0.0005101516895226817,65536,29491,NUTS_SL_01m_2024.shp,SI032,2020,April,4
2020-06-01,2020-07-01,-0.0005815578042529523,0.0010768184438347816,0.00010093666663110318,0.0003172384223325636,65536,44858,NUTS_SL_01m_2024.shp,SI032,2020,June,6
2020-07-01,2020-08-01,-0.0008098782273009419,0.0009395339293405414,9.900559252108978e-06,0.00043987859246632605,65536,45514,NUTS_SL_01m_2024.shp,SI032,2020,July,7
2020-09-01,2020-10-01,-0.0014395487960428,0.0016169593436643481,4.4745378810391474e-05,0.0006862905534901699,65536,54371,NUTS_SL_01m_2024.shp,SI032,2020,September,9
2020-10-01,2020-11-01,-0.0014167607296258211,0.007339018862694502,0.0011341860057305947,0.0018403892354591823,65536,37516,NUTS_SL_01m_2024.shp,SI032,2020,October,10
2020-12-01,2021-01-01,-0.0012787909945473075,0.005501762963831425,0.0006601525046274032,0.001358692413882145,65536,46238,NUTS_SL_01m_2024.shp,SI032,2020,December,12
2021-03-01,2021-04-01,-0.0014803558588027954,0.0019697018433362246,0.00025144244931522163,0.0006906150888448746,65536,28112,NUTS_SL_01m_2024.shp,SI032,2021,March,3
2021-04-01,2021-05-01,-0.0013862322084605694,0.0010272550862282515,-4.228155624673853e-06,0.0004862985428182308,65536,53333,NUTS_SL_01m_2024.shp,SI032,2021,April,4
2021-05-01,2021-06-01,-0.00017164797463919967,0.0001370460813632235,7.777725909456463e-05,7.859255639677366e-05,65536,64066,NUTS_SL_01m_2024.shp,SI032,2021,May,5
2021-06-01,2021-07-01,-0.0011304795043542981,0.0011542750289663672,-1.8359714792459293e-05,0.00043596026036852193,65536,34121,NUTS_SL_01m_2024.shp,SI032,2021,June,6
2021-07-01,2021-08-01,-0.0009923733305186033,0.0012087844079360366,9.207182306363078e-05,0.00046377781590125895,65536,46106,NUTS_SL_01m_2024.shp,SI032,2021,July,7
2021-08-01,2021-09-01,-0.0012443785089999437,0.001074784784577787,1.4475618117224678e-05,0.0004896354927210558,65536,28800,NUTS_SL_01m_2024.shp,SI032,2021,August,8
2021-09-01,2021-10-01,-0.000271468743449077,0.0007675433880649507,0.0006980954503817418,0.00014403899271546154,65536,63214,NUTS_SL_01m_2024.shp,SI032,2021,September,9
2021-10-01,2021-11-01,-0.0014628155622631311,0.003821199992671609,0.0005047251705020395,0.001168122037846267,65536,34951,NUTS_SL_01m_2024.shp,SI032,2021,October,10
2021-12-01,2022-01-01,-0.0014227560022845864,0.011879823170602322,0.0020729671447760043,0.002907654843282478,65536,63344,NUTS_SL_01m_2024.shp,SI032,2021,December,12
2022-02-01,2022-03-01,-0.0013744180323556066,0.002707471139729023,0.00014122380740268854,0.0008353743662312113,65536,40234,NUTS_SL_01m_2024.shp,SI032,2022,February,2
2022-04-01,2022-05-01,-0.0010964705143123865,0.0016288136830553412,9.053667362374302e-05,0.0005649943214268977,65536,27923,NUTS_SL_01m_2024.shp,SI032,2022,April,4
2022-05-01,2022-06-01,-0.0014583808369934559,0.0012788537424057722,1.1999903505362736e-05,0.0003804419661063803,65536,30037,NUTS_SL_01m_2024.shp,SI032,2022,May,5
2022-06-01,2022-07-01,-0.0007538663921877742,0.0006132004200480878,-9.22305460174913e-07,0.00025354334108766176,65536,35468,NUTS_SL_01m_2024.shp,SI032,2022,June,6
2022-07-01,2022-08-01,-0.0006047919159755111,0.0007984543335624039,-1.9917579226398544e-05,0.0003450676728170279,65536,36935,NUTS_SL_01m_2024.shp,SI032,2022,July,7
2022-08-01,2022-09-01,-0.0014129986520856619,0.0011902132537215948,5.601504596062803e-06,0.0005950029599298142,65536,48992,NUTS_SL_01m_2024.shp,SI032,2022,August,8
2022-09-01,2022-10-01,-0.0014624901814386249,0.001754767494276166,0.00012268756195762614,0.000661894152054099,65536,44312,NUTS_SL_01m_2024.shp,SI032,2022,September,9
2022-10-01,2022-11-01,-0.0013716111425310373,0.0042528207413852215,0.0010078539354514502,0.0012384548255755588,65536,43679,NUTS_SL_01m_2024.shp,SI032,2022,October,10
2022-12-01,2023-01-01,-0.0014693110715597868,0.013068943284451962,0.003925399871581094,0.0037955855955753627,65536,46107,NUTS_SL_01m_2024.shp,SI032,2022,December,12
2023-01-01,2023-02-01,-0.0014694940764456987,0.003966447431594133,0.0004519855895378548,0.0011419466529283186,65536,33191,NUTS_SL_01m_2024.shp,SI032,2023,January,1
2023-04-01,2023-05-01,-0.00034233322367072105,0.0004602602275554091,8.458360285605472e-05,0.00018782385526174407,65536,50541,NUTS_SL_01m_2024.shp,SI032,2023,April,4
2023-05-01,2023-06-01,-0.00023742151097394526,0.0005840911762788892,5.243822003954219e-06,0.00024579988148144274,65536,60950,NUTS_SL_01m_2024.shp,SI032,2023,May,5
2023-06-01,2023-07-01,-0.0011958020040765405,0.0008501047850586474,-3.30861091466219e-05,0.0004159838670528262,65536,27923,NUTS_SL_01m_2024.shp,SI032,2023,June,6
2023-07-01,2023-08-01,-0.0014455188065767288,0.001871107262559235,0.00017445025451284254,0.0005563059090845169,65536,28378,NUTS_SL_01m_2024.shp,SI032,2023,July,7
2023-08-01,2023-09-01,-0.0011865696869790554,0.0006793317734263837,-5.736532905457855e-05,0.0004626996458660937,65536,33198,NUTS_SL_01m_2024.shp,SI032,2023,August,8
2023-09-01,2023-10-01,-0.0014495537616312504,0.0016417582519352436,-0.0002250187326145216,0.000841863550824887,65536,56808,NUTS_SL_01m_2024.shp,SI032,2023,September,9
2023-10-01,2023-11-01,-0.0014927053125575185,0.005153514910489321,0.0006506134361362028,0.0013589920388038426,65536,56981,NUTS_SL_01m_2024.shp,SI032,2023,October,10
2024-03-01,2024-04-01,0.0016895103035494685,0.0016895103035494685,0.0016895103035494685,0.0,65536,65236,NUTS_SL_01m_2024.shp,SI032,2024,March,3
2024-04-01,2024-05-01,-0.0012386906892061234,0.0018965647323057055,0.00015195670774804324,0.0007137146650491491,65536,28324,NUTS_SL_01m_2024.shp,SI032,2024,April,4
2024-05-01,2024-06-01,-0.0011458193184807897,0.0006130195688456297,-1.453997275661454e-05,0.00029041811262447715,65536,59630,NUTS_SL_01m_2024.shp,SI032,2024,May,5
2024-06-01,2024-07-01,-0.001220067497342825,0.0012892200611531734,-6.594596561740064e-06,0.0005146794597623927,65536,27923,NUTS_SL_01m_2024.shp,SI032,2024,June,6
2024-07-01,2024-08-01,-0.0014545437879860401,0.0013693225337192416,-0.00029525888117935866,0.0007071248046377558,65536,30170,NUTS_SL_01m_2024.shp,SI032,2024,July,7
2024-08-01,2024-09-01,-0.0011087687453255057,0.0013844069326296449,3.4163233529561226e-05,0.0004798012374423042,65536,28248,NUTS_SL_01m_2024.shp,SI032,2024,August,8
2024-09-01,2024-10-01,-0.0014812398003414273,0.003229776630178094,0.0005405784656703792,0.00113225657982343,65536,29802,NUTS_SL_01m_2024.shp,SI032,2024,September,9
2024-10-01,2024-11-01,-0.0014187728520482779,0.003954730927944183,0.00021321903546542889,0.0011979555414802145,65536,49335,NUTS_SL_01m_2024.shp,SI032,2024,October,10
2018-04-01,2018-05-01,-0.0007373788976110518,0.0008899369277060032,0.00014814865734058032,0.00023804529180468603,65536,29018,NUTS_SL_01m_2024.shp,SI033,2018,April,4
2018-05-01,2018-06-01,-0.0009105098433792591,0.0006076155113987625,-4.676013190825777e-05,0.0002565088293356468,65536,34914,NUTS_SL_01m_2024.shp,SI033,2018,May,5
2018-06-01,2018-07-01,-0.0003358243848197162,0.0011588428169488907,0.0002080981642481575,0.0004675006003741641,65536,51438,NUTS_SL_01m_2024.shp,SI033,2018,June,6
2018-07-01,2018-08-01,-0.0007078783819451928,0.0005604135221801698,0.00011036519342524914,0.00022731671783169605,65536,26791,NUTS_SL_01m_2024.shp,SI033,2018,July,7
2018-09-01,2018-10-01,-0.0012739357771351933,0.0034714387729763985,0.0006241229385310845,0.0009481288974823766,65536,27079,NUTS_SL_01m_2024.shp,SI033,2018,September,9
2018-10-01,2018-11-01,-0.0013838100712746382,0.0019214525818824768,0.0003294589702477381,0.0007859524446609083,65536,28283,NUTS_SL_01m_2024.shp,SI033,2018,October,10
2018-12-01,2019-01-01,0.0024410232435911894,0.0024410232435911894,0.0024410232435911894,0.0,65536,64375,NUTS_SL_01m_2024.shp,SI033,2018,December,12
2019-02-01,2019-03-01,-0.0012360565597191453,0.0030823650304228067,0.0005639553331489663,0.0010224568923692112,65536,27070,NUTS_SL_01m_2024.shp,SI033,2019,February,2
2019-03-01,2019-04-01,-0.0013067336985841393,0.0016655632061883807,0.00031101102332154926,0.000683172376783319,65536,26791,NUTS_SL_01m_2024.shp,SI033,2019,March,3
2019-06-01,2019-07-01,-0.0014994919765740633,0.0011536817764863372,-0.0002903384249902951,0.0006420037519849486,65536,28794,NUTS_SL_01m_2024.shp,SI033,2019,June,6
2019-07-01,2019-08-01,-0.00026713820989243686,0.0004728609637822956,4.686536768488339e-05,0.00020560268623144066,65536,52058,NUTS_SL_01m_2024.shp,SI033,2019,July,7
2019-08-01,2019-09-01,-0.0005601336597464979,0.0006323273992165923,1.963600941655392e-05,0.0002362419500672008,65536,34533,NUTS_SL_01m_2024.shp,SI033,2019,August,8
2019-09-01,2019-10-01,-0.0013504007365554571,0.003880982054397464,0.0005113090985663408,0.0013384778502428102,65536,29708,NUTS_SL_01m_2024.shp,SI033,2019,September,9
2019-11-01,2019-12-01,-0.001295131747610867,0.004945619497448206,0.0005733674056153447,0.0013802956016902295,65536,37032,NUTS_SL_01m_2024.shp,SI033,2019,November,11
2019-12-01,2020-01-01,0.00038155604852363467,0.00038155604852363467,0.00038155604852363467,0.0,65536,65496,NUTS_SL_01m_2024.shp,SI033,2019,December,12
2020-02-01,2020-03-01,-0.0005767694092355669,0.0018323148833587766,0.0007394847324527692,0.00078099187696175,65536,51830,NUTS_SL_01m_2024.shp,SI033,2020,February,2
2020-03-01,2020-04-01,-0.0005464944988489151,0.0007388708763755858,0.00010711669121262632,0.00034557377268689,65536,39013,NUTS_SL_01m_2024.shp,SI033,2020,March,3
2020-04-01,2020-05-01,-0.0011853151954710484,0.0019543522503226995,0.00039037413869761456,0.001012374733201271,65536,54706,NUTS_SL_01m_2024.shp,SI033,2020,April,4
2020-06-01,2020-07-01,-0.0005625077174045146,0.0008908737800084054,0.00014654039400257554,0.00032987705859519403,65536,36491,NUTS_SL_01m_2024.shp,SI033,2020,June,6
2020-07-01,2020-08-01,-0.0005564602906815708,0.0004391373659018427,-2.161018442333154e-05,0.00024281859209495076,65536,33088,NUTS_SL_01m_2024.shp,SI033,2020,July,7
2020-09-01,2020-10-01,-0.0014523513382300735,0.002166421851143241,9.072262877910913e-05,0.0007126838165103863,65536,40152,NUTS_SL_01m_2024.shp,SI033,2020,September,9
2020-10-01,2020-11-01,-0.0014566151658073068,0.0055195544846355915,0.0009665181697343897,0.0019366466239238104,65536,42660,NUTS_SL_01m_2024.shp,SI033,2020,October,10
2021-02-01,2021-03-01,-0.0012205555103719234,0.005444991402328014,0.0016100614591346644,0.0019072164771994013,65536,47625,NUTS_SL_01m_2024.shp,SI033,2021,February,2
2021-03-01,2021-04-01,-0.0012571988627314568,0.002028273418545723,0.00021027777324720615,0.000813433400154618,65536,26829,NUTS_SL_01m_2024.shp,SI033,2021,March,3
2021-04-01,2021-05-01,-0.0004643565625883639,0.0004956573247909546,1.2395945702899245e-08,0.0002762196142130578,65536,49499,NUTS_SL_01m_2024.shp,SI033,2021,April,4
2021-05-01,2021-06-01,-1.6758893252699636e-05,-1.6758893252699636e-05,-1.6758893252699636e-05,0.0,65536,65531,NUTS_SL_01m_2024.shp,SI033,2021,May,5
2021-06-01,2021-07-01,-0.0008486755541525781,0.0008023292175494134,-1.9613916173273758e-05,0.0003713496340272302,65536,36295,NUTS_SL_01m_2024.shp,SI033,2021,June,6
2021-07-01,2021-08-01,-0.0010189097374677658,0.0012339766835793853,-0.00014504019909720395,0.0004915915570485594,65536,26791,NUTS_SL_01m_2024.shp,SI033,2021,July,7
2021-08-01,2021-09-01,-0.001133088255301118,0.0005496055819094181,-7.318047851087256e-05,0.00033671798717284775,65536,33542,NUTS_SL_01m_2024.shp,SI033,2021,August,8
2021-10-01,2021-11-01,-0.0013045944506302476,0.0021892942022532225,0.00039334607360184704,0.0010293361685163676,65536,31415,NUTS_SL_01m_2024.shp,SI033,2021,October,10
2022-02-01,2022-03-01,-5.110889469506219e-05,-5.110889469506219e-05,-5.110889469506219e-05,0.0,65536,65218,NUTS_SL_01m_2024.shp,SI033,2022,February,2
2022-04-01,2022-05-01,-0.0013482057256624103,0.0016288136830553412,-5.055418465702806e-05,0.0006219067041941729,65536,26791,NUTS_SL_01m_2024.shp,SI033,2022,April,4
2022-05-01,2022-06-01,-0.0011903528356924653,0.0011573366355150938,-9.594201773555494e-05,0.0004308911737522148,65536,33888,NUTS_SL_01m_2024.shp,SI033,2022,May,5
2022-06-01,2022-07-01,-0.0004964270046912134,0.0004961672821082175,-5.386922752592011e-05,0.00017894036183063356,65536,41478,NUTS_SL_01m_2024.shp,SI033,2022,June,6
2022-07-01,2022-08-01,-0.0002943544532172382,0.0006296478677541018,0.0002960129951938894,0.00036857191875901114,65536,60952,NUTS_SL_01m_2024.shp,SI033,2022,July,7
2022-10-01,2022-11-01,-0.0014283832861110568,0.006954988930374384,0.0019402526465556545,0.0019615329869135294,65536,38094,NUTS_SL_01m_2024.shp,SI033,2022,October,10
2022-12-01,2023-01-01,-0.001083684153854847,0.009489414282143116,0.0025825664554698763,0.0029130980671544598,65536,44716,NUTS_SL_01m_2024.shp,SI033,2022,December,12
2023-01-01,2023-02-01,-0.0014611991355195642,0.003267346415668726,0.0003258170277232137,0.0009626693338800293,65536,34783,NUTS_SL_01m_2024.shp,SI033,2023,January,1
2023-04-01,2023-05-01,-0.0004655070079024881,0.0003156511520501226,3.0618912962292954e-05,0.00016321623923103235,65536,51907,NUTS_SL_01m_2024.shp,SI033,2023,April,4
2023-06-01,2023-07-01,-0.001225578598678112,0.0010020526824519038,-6.537399623992007e-05,0.0004383472345481519,65536,26791,NUTS_SL_01m_2024.shp,SI033,2023,June,6
2023-07-01,2023-08-01,-0.001354559906758368,0.0017947399755939841,-2.396798565722406e-06,0.000559593903575273,65536,27438,NUTS_SL_01m_2024.shp,SI033,2023,July,7
2023-08-01,2023-09-01,-0.0008253732812590897,0.0006711542955599725,-2.2606562074797326e-05,0.00038927775964288965,65536,41798,NUTS_SL_01m_2024.shp,SI033,2023,August,8
2023-10-01,2023-11-01,-0.0014559910632669926,0.001560531323775649,-7.018987934602904e-06,0.0013384842253168522,65536,63784,NUTS_SL_01m_2024.shp,SI033,2023,October,10
2024-03-01,2024-04-01,0.0016895103035494685,0.0016895103035494685,0.0016895103035494685,0.0,65536,64943,NUTS_SL_01m_2024.shp,SI033,2024,March,3
2024-04-01,2024-05-01,-0.0013305579777806997,0.001679412554949522,0.00013805978758039085,0.0007458445748087658,65536,26791,NUTS_SL_01m_2024.shp,SI033,2024,April,4
2024-05-01,2024-06-01,-0.00015240453649312258,0.0003391129139345139,0.00011093196746965234,0.00017631750096512426,65536,60350,NUTS_SL_01m_2024.shp,SI033,2024,May,5
2024-06-01,2024-07-01,-0.000354982417775318,0.0007093627937138081,0.00014925504691856774,0.000254500598325673,65536,44833,NUTS_SL_01m_2024.shp,SI033,2024,June,6
2024-07-01,2024-08-01,-0.00146850838791579,0.0010231053456664085,-0.00038045652600931574,0.0006156236920692504,65536,27010,NUTS_SL_01m_2024.shp,SI033,2024,July,7
2024-08-01,2024-09-01,-0.0008534402004443109,0.0021294697653502226,0.0004886094732764035,0.0007557980496630578,65536,26791,NUTS_SL_01m_2024.shp,SI033,2024,August,8
2024-09-01,2024-10-01,-0.001457486767321825,0.003059165086597204,0.00034819870050124574,0.0009565191314599295,65536,33375,NUTS_SL_01m_2024.shp,SI033,2024,September,9
2024-10-01,2024-11-01,-0.001078144763596356,0.0044035580940544605,0.0007270150423461879,0.0013237295886581058,65536,39039,NUTS_SL_01m_2024.shp,SI033,2024,October,10
2018-04-01,2018-05-01,-0.0007300392026081681,0.0010847675148397684,0.00011198493313876595,0.00027147735917747065,65536,44106,NUTS_SL_01m_2024.shp,SI034,2018,April,4
2018-05-01,2018-06-01,-0.0006238460773602128,0.0008576486143283546,2.000698885674298e-05,0.0002625475677549972,65536,38486,NUTS_SL_01m_2024.shp,SI034,2018,May,5
2018-06-01,2018-07-01,-0.0008310617413371801,0.0007649867329746485,-4.483761854116852e-05,0.00029595374776696445,65536,51379,NUTS_SL_01m_2024.shp,SI034,2018,June,6
2018-07-01,2018-08-01,-0.0006119059980846941,0.0005604135221801698,5.462720533415555e-05,0.0002527201702772771,65536,36180,NUTS_SL_01m_2024.shp,SI034,2018,July,7
2018-09-01,2018-10-01,-0.0014649067306891084,0.002210634760558605,0.00047729518304674495,0.0008576878731527672,65536,35388,NUTS_SL_01m_2024.shp,SI034,2018,September,9
2018-10-01,2018-11-01,-0.0014650231460109353,0.002371968235820532,0.00015631544873854808,0.0007026110478149606,65536,38210,NUTS_SL_01m_2024.shp,SI034,2018,October,10
2018-12-01,2019-01-01,-0.0013279678532853723,0.008740253746509552,0.0015419026349568013,0.0023575084629362955,65536,53699,NUTS_SL_01m_2024.shp,SI034,2018,December,12
2019-02-01,2019-03-01,-0.0010815729619935155,0.003041754476726055,0.0006690105676291744,0.0009121621509218563,65536,36628,NUTS_SL_01m_2024.shp,SI034,2019,February,2
2019-03-01,2019-04-01,-0.0013067336985841393,0.0022516867611557245,0.00020070951803303886,0.0007087457724131157,65536,35542,NUTS_SL_01m_2024.shp,SI034,2019,March,3
2019-06-01,2019-07-01,-0.0014656480634585023,0.0012599455658346415,-0.00013049258303321053,0.0005685322835420099,65536,35680,NUTS_SL_01m_2024.shp,SI034,2019,June,6
2019-07-01,2019-08-01,-0.0005475215148180723,0.001158794853836298,0.00012985919639425952,0.0004147168954230503,65536,53320,NUTS_SL_01m_2024.shp,SI034,2019,July,7
2019-08-01,2019-09-01,-0.0008748584659770131,0.0008595245890319347,-1.9134860209548463e-05,0.00027292092072485585,65536,37473,NUTS_SL_01m_2024.shp,SI034,2019,August,8
2019-09-01,2019-10-01,-0.0014582896837964654,0.005760342814028263,0.0006357656313320726,0.0015756734569963772,65536,36753,NUTS_SL_01m_2024.shp,SI034,2019,September,9
2019-11-01,2019-12-01,-0.001487567089498043,0.005888913292437792,0.0011022690368966055,0.0017968082649724162,65536,50352,NUTS_SL_01m_2024.shp,SI034,2019,November,11
2019-12-01,2020-01-01,-0.0014321178896352649,0.010543927550315857,0.003724344581774788,0.003498645342525931,65536,64439,NUTS_SL_01m_2024.shp,SI034,2019,December,12
2020-02-01,2020-03-01,-0.0009783671703189611,0.0018496491247788072,0.0003467472048857975,0.0009583488489295047,65536,63908,NUTS_SL_01m_2024.shp,SI034,2020,February,2
2020-03-01,2020-04-01,-0.000714947294909507,0.0007948888232931495,0.0001281715964139828,0.00038483808189255104,65536,49662,NUTS_SL_01m_2024.shp,SI034,2020,March,3
2020-04-01,2020-05-01,-0.0009594877483323216,0.002254775958135724,0.00024243050694907478,0.0008556204328229231,65536,58429,NUTS_SL_01m_2024.shp,SI034,2020,April,4
2020-06-01,2020-07-01,-0.0009152211714535952,0.0014698294689878821,0.00012775605047483202,0.0004115284531547024,65536,50487,NUTS_SL_01m_2024.shp,SI034,2020,June,6
2020-07-01,2020-08-01,-0.000573235796764493,0.0005655997083522379,-0.00014433024788707157,0.00026615307590151195,65536,59122,NUTS_SL_01m_2024.shp,SI034,2020,July,7
2020-09-01,2020-10-01,-0.0014293653657659888,0.0015966553473845124,0.00013154037321618463,0.0006585324685169771,65536,41726,NUTS_SL_01m_2024.shp,SI034,2020,September,9
2020-10-01,2020-11-01,-0.001408647163771093,0.008506551384925842,0.001271441831133817,0.001613234173459358,65536,44738,NUTS_SL_01m_2024.shp,SI034,2020,October,10
2020-12-01,2021-01-01,-0.0014443608233705163,0.003395319916307926,0.0008275474798608426,0.0014502713636945469,65536,60161,NUTS_SL_01m_2024.shp,SI034,2020,December,12
2021-02-01,2021-03-01,-0.0014756536111235619,0.004806445445865393,0.0014461996722315842,0.0018625341437327864,65536,51866,NUTS_SL_01m_2024.shp,SI034,2021,February,2
2021-03-01,2021-04-01,-0.0012571988627314568,0.002281349850818515,0.00030031091118341754,0.0007881390622664821,65536,36356,NUTS_SL_01m_2024.shp,SI034,2021,March,3
2021-04-01,2021-05-01,-0.0007224820437841117,0.00046976757585071027,7.37461861326269e-05,0.0002710387594688995,65536,56559,NUTS_SL_01m_2024.shp,SI034,2021,April,4
2021-05-01,2021-06-01,-0.00018983161135111004,0.0004566910502035171,-0.00013672209176298,0.0001141346440416951,65536,63264,NUTS_SL_01m_2024.shp,SI034,2021,May,5
2021-06-01,2021-07-01,-0.0012686121044680476,0.0008039828389883041,3.5755450419799296e-06,0.0003672316323919414,65536,38636,NUTS_SL_01m_2024.shp,SI034,2021,June,6
2021-07-01,2021-08-01,-0.0013328877976164222,0.0014596679247915745,-0.00012298063179171006,0.00047185588072601423,65536,35500,NUTS_SL_01m_2024.shp,SI034,2021,July,7
2021-08-01,2021-09-01,-0.0012943670153617859,0.001467779977247119,-7.43805461600751e-05,0.0005378804157770905,65536,37795,NUTS_SL_01m_2024.shp,SI034,2021,August,8
2021-10-01,2021-11-01,-0.0014628155622631311,0.003821199992671609,0.0002112700695062222,0.0010993236273027884,65536,36099,NUTS_SL_01m_2024.shp,SI034,2021,October,10
2021-11-01,2021-12-01,0.0020531455520540476,0.00546178687363863,0.005415093156904596,0.00039620932489728205,65536,65390,NUTS_SL_01m_2024.shp,SI034,2021,November,11
2021-12-01,2022-01-01,-0.0014227560022845864,0.011879823170602322,0.0022589446640140913,0.003981254894942688,65536,57243,NUTS_SL_01m_2024.shp,SI034,2021,December,12
2022-02-01,2022-03-01,-0.0011500134132802486,0.001722476677969098,4.2809480658062224e-05,0.0006190584010823022,65536,59778,NUTS_SL_01m_2024.shp,SI034,2022,February,2
2022-04-01,2022-05-01,-0.00135739182587713,0.00133887876290828,-0.00012528075065267106,0.0004708725732580702,65536,35309,NUTS_SL_01m_2024.shp,SI034,2022,April,4
2022-05-01,2022-06-01,-0.0011205455521121621,0.000785391079261899,-2.442004627257835e-05,0.00036514673750786674,65536,39210,NUTS_SL_01m_2024.shp,SI034,2022,May,5
2022-06-01,2022-07-01,-0.0006868433556519449,0.0005291600828059018,-5.431735801484669e-06,0.00021487989494176383,65536,49399,NUTS_SL_01m_2024.shp,SI034,2022,June,6
2022-07-01,2022-08-01,-0.0006355813820846379,0.0007984543335624039,0.0002025160026829954,0.000408042401741129,65536,56210,NUTS_SL_01m_2024.shp,SI034,2022,July,7
2022-08-01,2022-09-01,-0.0011715004220604897,0.00037627213168889284,-7.065602029461376e-05,0.00047976969298459517,65536,65149,NUTS_SL_01m_2024.shp,SI034,2022,August,8
2022-09-01,2022-10-01,-0.001286389771848917,0.002247313968837261,-7.927212961374256e-06,0.0007554352239544557,65536,52504,NUTS_SL_01m_2024.shp,SI034,2022,September,9
2022-10-01,2022-11-01,-0.0013716111425310373,0.005394195206463337,0.0014344765664006112,0.0015219164110437094,65536,41140,NUTS_SL_01m_2024.shp,SI034,2022,October,10
2022-12-01,2023-01-01,-0.001443729386664927,0.01199560146778822,0.0029782555539597864,0.0029575628288184943,65536,46735,NUTS_SL_01m_2024.shp,SI034,2022,December,12
2023-01-01,2023-02-01,-0.001429681433364749,0.0031115394085645676,0.0003745930493519065,0.00101572964217963,65536,41297,NUTS_SL_01m_2024.shp,SI034,2023,January,1
2023-04-01,2023-05-01,-0.0002508091274648905,0.0004728303465526551,9.777243870363424e-05,0.00020088271018661591,65536,59796,NUTS_SL_01m_2024.shp,SI034,2023,April,4
2023-05-01,2023-06-01,-0.0004091041919309646,0.0005840911762788892,-2.706487893789771e-05,0.00029268811719031603,65536,60524,NUTS_SL_01m_2024.shp,SI034,2023,May,5
2023-06-01,2023-07-01,-0.001113167847506702,0.0013033663854002953,-0.00013377864700613398,0.0004599891776209387,65536,35309,NUTS_SL_01m_2024.shp,SI034,2023,June,6
2023-07-01,2023-08-01,-0.0006744566489942372,0.0017947399755939841,0.00031055474406200385,0.00041070261617682526,65536,55178,NUTS_SL_01m_2024.shp,SI034,2023,July,7
2023-08-01,2023-09-01,-0.0008174013928510249,0.000869522918947041,-1.495909308261392e-05,0.00041447636874016145,65536,48073,NUTS_SL_01m_2024.shp,SI034,2023,August,8
2023-09-01,2023-10-01,-0.0014202744932845235,0.0017405088292434812,-0.00022217487589624248,0.0011143186433984415,65536,63675,NUTS_SL_01m_2024.shp,SI034,2023,September,9
2023-10-01,2023-11-01,-0.0014927053125575185,0.005153514910489321,0.0004252929219509866,0.0013631807196951172,65536,53389,NUTS_SL_01m_2024.shp,SI034,2023,October,10
2024-02-01,2024-03-01,-0.0012632579309865832,0.006022730376571417,0.0013053432721438103,0.0018968613849725386,65536,62436,NUTS_SL_01m_2024.shp,SI034,2024,February,2
2024-04-01,2024-05-01,-0.0010187416337430477,0.002057003788650036,0.00031236300001313377,0.0006901800880537293,65536,35581,NUTS_SL_01m_2024.shp,SI034,2024,April,4
2024-05-01,2024-06-01,-0.0009571847622282803,0.0006002540467306972,1.3119293441926805e-05,0.00020502407282283174,65536,57721,NUTS_SL_01m_2024.shp,SI034,2024,May,5
2024-06-01,2024-07-01,-0.0012166170636191964,0.001070221303962171,0.00010944168686879226,0.0003608470948519681,65536,44684,NUTS_SL_01m_2024.shp,SI034,2024,June,6
2024-07-01,2024-08-01,-0.0012763290433213115,0.0016666592564433813,-1.2960791819632865e-05,0.0006814152260728825,65536,36006,NUTS_SL_01m_2024.shp,SI034,2024,July,7
2024-08-01,2024-09-01,-0.0013424522476270795,0.0021365198772400618,0.00023441434947590005,0.0007694169463459376,65536,36874,NUTS_SL_01m_2024.shp,SI034,2024,August,8
2024-09-01,2024-10-01,-0.0012911496451124549,0.003680405905470252,0.0007755620146537499,0.0011513120231647048,65536,38125,NUTS_SL_01m_2024.shp,SI034,2024,September,9
2024-10-01,2024-11-01,-0.001443672925233841,0.003954730927944183,0.0008715669493409576,0.0013811989019230783,65536,43305,NUTS_SL_01m_2024.shp,SI034,2024,October,10
2018-04-01,2018-05-01,-0.0007300392026081681,0.0010847675148397684,0.00012713522083461346,0.0004292959569941445,65536,37264,NUTS_SL_01m_2024.shp,SI035,2018,April,4
2018-05-01,2018-06-01,-0.0006238460773602128,0.0006673391908407211,2.241354372079496e-05,0.00034593312494405937,65536,33086,NUTS_SL_01m_2024.shp,SI035,2018,May,5
2018-06-01,2018-07-01,-0.0008310617413371801,0.00048346121911890805,0.00011385053810338455,0.0003146296057160866,65536,58533,NUTS_SL_01m_2024.shp,SI035,2018,June,6
2018-07-01,2018-08-01,-0.00022128720593173057,0.00032227946212515235,-3.914088445120052e-05,0.0001357198446798462,65536,33086,NUTS_SL_01m_2024.shp,SI035,2018,July,7
2018-09-01,2018-10-01,-0.0011026974534615874,0.0018664896488189697,0.0005468635274781046,0.0006002290427234867,65536,33086,NUTS_SL_01m_2024.shp,SI035,2018,September,9
2018-10-01,2018-11-01,-0.0013102387310937047,0.001741301966831088,0.0003571194031267441,0.0007371201380253678,65536,35224,NUTS_SL_01m_2024.shp,SI035,2018,October,10
2018-12-01,2019-01-01,-0.0014615884283557534,0.005787704139947891,0.0009614728066937458,0.002509142360497136,65536,44099,NUTS_SL_01m_2024.shp,SI035,2018,December,12
2019-02-01,2019-03-01,-0.0012228400446474552,0.003041754476726055,0.0007971408090557204,0.001217721954657115,65536,35295,NUTS_SL_01m_2024.shp,SI035,2019,February,2
2019-03-01,2019-04-01,-0.0011902612168341875,0.001516782445833087,0.0003135143840030994,0.0007277575589705074,65536,33086,NUTS_SL_01m_2024.shp,SI035,2019,March,3
2019-06-01,2019-07-01,-0.0013619932578876615,0.0009799423860386014,-3.1101674181789645e-05,0.0005703100090422785,65536,33198,NUTS_SL_01m_2024.shp,SI035,2019,June,6
2019-07-01,2019-08-01,-0.0008877586806192994,0.0010757498675957322,4.24164178586736e-05,0.00020222748508629692,65536,43739,NUTS_SL_01m_2024.shp,SI035,2019,July,7
2019-08-01,2019-09-01,-0.0005164972972124815,0.00039871898479759693,-5.8778886646990954e-05,0.0001863471432774598,65536,33086,NUTS_SL_01m_2024.shp,SI035,2019,August,8
2019-09-01,2019-10-01,-0.0014641523594036698,0.00326248980127275,0.00014380117561584133,0.0010960295652944392,65536,33086,NUTS_SL_01m_2024.shp,SI035,2019,September,9
2019-11-01,2019-12-01,-0.0007790325907990336,0.004181889351457357,0.0008000842844194258,0.001747759132682611,65536,60786,NUTS_SL_01m_2024.shp,SI035,2019,November,11
2019-12-01,2020-01-01,0.010009239427745342,0.010009239427745342,0.010009239427745342,0.0,65536,65422,NUTS_SL_01m_2024.shp,SI035,2019,December,12
2020-02-01,2020-03-01,-0.0012855393579229712,0.0013923440128564835,-0.0003220934233489422,0.0007187747693830706,65536,56650,NUTS_SL_01m_2024.shp,SI035,2020,February,2
2020-03-01,2020-04-01,-0.0008546822937205434,0.0009979179594665766,-0.00012037965222725455,0.0004957965128340109,65536,43089,NUTS_SL_01m_2024.shp,SI035,2020,March,3
2020-04-01,2020-05-01,-0.0009594877483323216,0.0011036120122298598,9.604243279922346e-05,0.0006299210741146785,65536,38453,NUTS_SL_01m_2024.shp,SI035,2020,April,4
2020-06-01,2020-07-01,-0.0004624961002264172,0.0008379431674256921,2.7712585614651158e-05,0.00026436568591867865,65536,34019,NUTS_SL_01m_2024.shp,SI035,2020,June,6
2020-09-01,2020-10-01,-0.0009027887717820704,0.001500729937106371,0.0002844132877650856,0.0005526310250644136,65536,36463,NUTS_SL_01m_2024.shp,SI035,2020,September,9
2020-10-01,2020-11-01,-0.0014184655155986547,0.008506551384925842,0.0010244285871678458,0.0017178821989652722,65536,37699,NUTS_SL_01m_2024.shp,SI035,2020,October,10
2021-02-01,2021-03-01,-0.0007130143931135535,0.005237121134996414,0.002633245192434748,0.002053957289379857,65536,38083,NUTS_SL_01m_2024.shp,SI035,2021,February,2
2021-03-01,2021-04-01,-0.0008249868405982852,0.002125655533745885,0.0005551698016532042,0.0007397091917698765,65536,33508,NUTS_SL_01m_2024.shp,SI035,2021,March,3
2021-04-01,2021-05-01,-0.00010305815521860495,0.001470280229113996,0.000989795440778426,0.0006886290285148664,65536,63282,NUTS_SL_01m_2024.shp,SI035,2021,April,4
2021-05-01,2021-06-01,-0.00017671191017143428,0.00032932651811279356,0.00012575297117031425,0.00019966340771239977,65536,59565,NUTS_SL_01m_2024.shp,SI035,2021,May,5
2021-06-01,2021-07-01,-0.0008690212271176279,0.001064196927472949,-9.944523125625675e-05,0.0004937567562897483,65536,33086,NUTS_SL_01m_2024.shp,SI035,2021,June,6
2021-07-01,2021-08-01,-0.0007504679961130023,0.000838776002638042,-2.05756123047273e-06,0.000356190335883737,65536,33086,NUTS_SL_01m_2024.shp,SI035,2021,July,7
2021-08-01,2021-09-01,-0.0012943670153617859,0.0011854732874780893,-4.268005648519376e-05,0.0005866882517400322,65536,33086,NUTS_SL_01m_2024.shp,SI035,2021,August,8
2021-09-01,2021-10-01,-0.00027788488660007715,0.0003648991114459932,2.6519249617454434e-05,0.00032094272005036054,65536,62736,NUTS_SL_01m_2024.shp,SI035,2021,September,9
2021-10-01,2021-11-01,-0.0014353918377310038,0.0033220143523067236,9.725725533659075e-05,0.0007586544008590588,65536,36315,NUTS_SL_01m_2024.shp,SI035,2021,October,10
2021-12-01,2022-01-01,-0.0013290148926898837,0.010547008365392685,0.002974274513666893,0.0035144976085966896,65536,52638,NUTS_SL_01m_2024.shp,SI035,2021,December,12
2022-02-01,2022-03-01,-0.00011352956789778545,0.0009141740738414228,0.00030515729400307755,0.000384276788479075,65536,52318,NUTS_SL_01m_2024.shp,SI035,2022,February,2
2022-04-01,2022-05-01,-0.0009902497986331582,0.0007048842962831259,-5.593682600571384e-05,0.0004808385572788227,65536,34756,NUTS_SL_01m_2024.shp,SI035,2022,April,4
2022-05-01,2022-06-01,-0.0006976143922656775,0.0010729219065979123,-3.5605532830510844e-06,0.0003304199577199368,65536,36920,NUTS_SL_01m_2024.shp,SI035,2022,May,5
2022-06-01,2022-07-01,-0.0006492841057479382,0.00033816229552030563,1.5148912219484091e-05,0.00024996135750505924,65536,37015,NUTS_SL_01m_2024.shp,SI035,2022,June,6
2022-07-01,2022-08-01,-0.00035258347634226084,0.00016963802045211196,2.9811143181219352e-05,0.00022247861659023774,65536,60209,NUTS_SL_01m_2024.shp,SI035,2022,July,7
2022-09-01,2022-10-01,-0.000635281961876899,5.499071630765684e-05,-0.00021958801363769384,0.00026910658351909537,65536,61833,NUTS_SL_01m_2024.shp,SI035,2022,September,9
2022-10-01,2022-11-01,-0.0014123466098681092,0.004714339505881071,0.0013039956238249492,0.001679704446913115,65536,36223,NUTS_SL_01m_2024.shp,SI035,2022,October,10
2022-12-01,2023-01-01,-0.001310083200223744,0.006481345277279615,0.002444784108851594,0.0022933470603752324,65536,44389,NUTS_SL_01m_2024.shp,SI035,2022,December,12
2023-01-01,2023-02-01,-0.0014754743315279484,0.003209004644304514,0.0006027298106302656,0.0012203503439248246,65536,38364,NUTS_SL_01m_2024.shp,SI035,2023,January,1
2023-04-01,2023-05-01,-1.1339787306496873e-05,0.00019586822600103915,0.00010716133959653462,7.777025868211869e-05,65536,59282,NUTS_SL_01m_2024.shp,SI035,2023,April,4
2023-06-01,2023-07-01,-0.0010761974845081568,0.0013033663854002953,-0.00014495265530420093,0.000527817712373737,65536,33086,NUTS_SL_01m_2024.shp,SI035,2023,June,6
2023-07-01,2023-08-01,-0.0002945189771708101,0.00127835210878402,0.0003887725849723287,0.00046687548047850416,65536,57850,NUTS_SL_01m_2024.shp,SI035,2023,July,7
2023-08-01,2023-09-01,-0.000593360629864037,0.000409456726629287,-4.222851404608221e-05,0.0002655541118120213,65536,41540,NUTS_SL_01m_2024.shp,SI035,2023,August,8
2023-09-01,2023-10-01,-0.001424427144229412,0.0019114506430923939,0.00035083222256606164,0.001518120571028095,65536,57746,NUTS_SL_01m_2024.shp,SI035,2023,September,9
2023-10-01,2023-11-01,-0.0014454813208431005,0.0030498767737299204,6.027840928796924e-05,0.0011826371338688863,65536,44498,NUTS_SL_01m_2024.shp,SI035,2023,October,10
2024-04-01,2024-05-01,-0.0009416741086170077,0.0016535379691049457,0.0002569936536507635,0.0007087046128143866,65536,34781,NUTS_SL_01m_2024.shp,SI035,2024,April,4
2024-05-01,2024-06-01,-0.000676419644150883,0.0007105160620994866,-3.861796112645192e-05,0.00033440499389973227,65536,40357,NUTS_SL_01m_2024.shp,SI035,2024,May,5
2024-06-01,2024-07-01,-0.00024274628958664834,0.000561393448151648,0.00018238656290590205,0.0002177856846092615,65536,50706,NUTS_SL_01m_2024.shp,SI035,2024,June,6
2024-07-01,2024-08-01,-0.0011277416488155723,0.0009852650109678507,-9.100950452562107e-05,0.0005764261428409295,65536,33086,NUTS_SL_01m_2024.shp,SI035,2024,July,7
2024-08-01,2024-09-01,-0.0011647073552012444,0.001827027415856719,0.0003306371428378101,0.0009095890072045198,65536,33086,NUTS_SL_01m_2024.shp,SI035,2024,August,8
2024-09-01,2024-10-01,-0.0009270721930079162,0.003680405905470252,0.0006951542247157237,0.001098539400257554,65536,35417,NUTS_SL_01m_2024.shp,SI035,2024,September,9
2024-10-01,2024-11-01,-0.0011845026165246964,0.004208201076835394,0.000663476995196491,0.0016481546726634848,65536,38513,NUTS_SL_01m_2024.shp,SI035,2024,October,10
2018-04-01,2018-05-01,-0.00044570094905793667,0.0009618583717383444,0.00010537528652845804,0.00029344282700074164,65536,47482,NUTS_SL_01m_2024.shp,SI036,2018,April,4
2018-05-01,2018-06-01,-0.0005768530536442995,0.0005725709488615394,5.458953905170931e-06,0.00028858309012291106,65536,38523,NUTS_SL_01m_2024.shp,SI036,2018,May,5
2018-06-01,2018-07-01,-0.00047803265624679625,0.0007775972480885684,-6.412167808221149e-05,0.00036915663294528244,65536,58625,NUTS_SL_01m_2024.shp,SI036,2018,June,6
2018-07-01,2018-08-01,-0.00044421260827220976,0.0004917951882816851,7.331350968186226e-05,0.00024939588492296544,65536,27908,NUTS_SL_01m_2024.shp,SI036,2018,July,7
2018-08-01,2018-09-01,-0.0014842983800917864,0.0011987182078883052,0.00038305591334869375,0.00033518565546345293,65536,62781,NUTS_SL_01m_2024.shp,SI036,2018,August,8
2018-09-01,2018-10-01,-0.0009813322685658932,0.0021495248656719923,0.000311096802864496,0.0006615217018408726,65536,27908,NUTS_SL_01m_2024.shp,SI036,2018,September,9
2018-10-01,2018-11-01,-0.0010905397357419133,0.0020053787156939507,0.00011268739217913258,0.0008889609939562316,65536,35814,NUTS_SL_01m_2024.shp,SI036,2018,October,10
2018-12-01,2019-01-01,-0.001355424989014864,0.006504283752292395,0.0015952620375852902,0.0019836532058631943,65536,32277,NUTS_SL_01m_2024.shp,SI036,2018,December,12
2019-02-01,2019-03-01,-0.0012490551453083754,0.0021153443958610296,0.0007577187380259479,0.0008577677548507368,65536,28062,NUTS_SL_01m_2024.shp,SI036,2019,February,2
2019-03-01,2019-04-01,-0.0013814526610076427,0.0022401807364076376,0.00040044069794065965,0.0009259591347623141,65536,27908,NUTS_SL_01m_2024.shp,SI036,2019,March,3
2019-06-01,2019-07-01,-0.001200918690301478,0.0009484711918048561,-0.00020662928526981225,0.0005622073993318948,65536,29636,NUTS_SL_01m_2024.shp,SI036,2019,June,6
2019-07-01,2019-08-01,-0.0004468696715775877,0.0009511534008197486,0.00022069258952394307,0.000386813373083669,65536,36649,NUTS_SL_01m_2024.shp,SI036,2019,July,7
2019-08-01,2019-09-01,-0.0010394242126494646,0.0008447574218735099,2.193766740356904e-05,0.0003665680680228152,65536,27908,NUTS_SL_01m_2024.shp,SI036,2019,August,8
2019-09-01,2019-10-01,-0.001370884827338159,0.0033685648813843727,0.0006993357243201859,0.0010911411483895256,65536,35437,NUTS_SL_01m_2024.shp,SI036,2019,September,9
2019-11-01,2019-12-01,-0.0005452245241031051,0.0012981945183128119,0.0005357332389889513,0.0009078482466482096,65536,65154,NUTS_SL_01m_2024.shp,SI036,2019,November,11
2019-12-01,2020-01-01,0.003547107568010688,0.0080116530880332,0.0057908278806373895,0.0022322434071192564,65536,65146,NUTS_SL_01m_2024.shp,SI036,2019,December,12
2020-02-01,2020-03-01,-0.0009783671703189611,0.0013923440128564835,0.0004464184561864801,0.0011609225369883986,65536,64531,NUTS_SL_01m_2024.shp,SI036,2020,February,2
2020-03-01,2020-04-01,-0.0010736844269558787,0.0008860733360052109,-7.389304419631533e-05,0.0005090045014859869,65536,37733,NUTS_SL_01m_2024.shp,SI036,2020,March,3
2020-04-01,2020-05-01,-0.0009594877483323216,0.0017778034089133143,0.0004388508860232757,0.0009438055771570604,65536,56572,NUTS_SL_01m_2024.shp,SI036,2020,April,4
2020-06-01,2020-07-01,-0.00107694196049124,0.0013462667120620608,0.00022563798152894945,0.0004848623148954355,65536,28763,NUTS_SL_01m_2024.shp,SI036,2020,June,6
2020-07-01,2020-08-01,-0.0007985339034348726,0.00039679979090578854,-4.757136436737351e-06,0.0002737554018265918,65536,37764,NUTS_SL_01m_2024.shp,SI036,2020,July,7
2020-09-01,2020-10-01,-0.0012202573707327247,0.0015854545636102557,0.00024708387753638063,0.0006619493695732591,65536,30120,NUTS_SL_01m_2024.shp,SI036,2020,September,9
2020-10-01,2020-11-01,-0.0013801408931612968,0.004428138490766287,0.0010428482585917616,0.0014100755603188705,65536,33778,NUTS_SL_01m_2024.shp,SI036,2020,October,10
2020-12-01,2021-01-01,-0.0014568575425073504,0.0034791314974427223,0.0007731866765443844,0.0016899970357129334,65536,55567,NUTS_SL_01m_2024.shp,SI036,2020,December,12
2021-02-01,2021-03-01,-0.0013660660479217768,0.005237121134996414,0.0014561216982743909,0.0019603913817296034,65536,55604,NUTS_SL_01m_2024.shp,SI036,2021,February,2
2021-03-01,2021-04-01,-0.001179083134047687,0.0022431351244449615,0.00030505450111060274,0.000674385229055733,65536,27908,NUTS_SL_01m_2024.shp,SI036,2021,March,3
2021-04-01,2021-05-01,-0.0006427798653021455,0.0004749370564240962,5.9341990921957885e-05,0.0003120235510787302,65536,49657,NUTS_SL_01m_2024.shp,SI036,2021,April,4
2021-05-01,2021-06-01,-0.0001414578582625836,0.0004566910502035171,0.0001447198073958857,0.00017236542781975847,65536,57719,NUTS_SL_01m_2024.shp,SI036,2021,May,5
2021-06-01,2021-07-01,-0.0011835758341476321,0.0009464027243666351,-1.0786529688764374e-05,0.00032450667931315376,65536,27908,NUTS_SL_01m_2024.shp,SI036,2021,June,6
2021-07-01,2021-08-01,-0.0010473985457792878,0.0007667220779694617,-5.6853157100700924e-05,0.0004127104849016524,65536,29211,NUTS_SL_01m_2024.shp,SI036,2021,July,7
2021-08-01,2021-09-01,-0.0012943670153617859,0.0009496049024164677,9.09958366075477e-06,0.0004192806879511527,65536,27908,NUTS_SL_01m_2024.shp,SI036,2021,August,8
2021-10-01,2021-11-01,-0.0014353918377310038,0.003020345466211438,0.0002935689106355595,0.0009566965567472428,65536,32463,NUTS_SL_01m_2024.shp,SI036,2021,October,10
2021-11-01,2021-12-01,0.0016731680370867252,0.00546178687363863,0.0027072295930980306,0.0015329419206886025,65536,63317,NUTS_SL_01m_2024.shp,SI036,2021,November,11
2021-12-01,2022-01-01,-0.000917467288672924,0.010547008365392685,0.0019013499491222492,0.002979345703568805,65536,50322,NUTS_SL_01m_2024.shp,SI036,2021,December,12
2022-02-01,2022-03-01,-0.0011500134132802486,0.0014026259304955602,0.00017924032739209252,0.0007015193577559836,65536,39443,NUTS_SL_01m_2024.shp,SI036,2022,February,2
2022-04-01,2022-05-01,-0.0010036075254902244,0.0008191513479687274,-0.0001147671320431256,0.0004434693818549701,65536,27908,NUTS_SL_01m_2024.shp,SI036,2022,April,4
2022-05-01,2022-06-01,-0.0009825365850701928,0.00046348298201337457,-1.117233337153149e-05,0.0002260584641711491,65536,50713,NUTS_SL_01m_2024.shp,SI036,2022,May,5
2022-06-01,2022-07-01,-0.00038867039256729186,0.0006186472019180655,2.5642106053025868e-05,0.00021846804295343918,65536,29071,NUTS_SL_01m_2024.shp,SI036,2022,June,6
2022-07-01,2022-08-01,-0.0005008922889828682,0.0006965236971154809,7.09346681315935e-05,0.0003464240893525625,65536,32505,NUTS_SL_01m_2024.shp,SI036,2022,July,7
2022-08-01,2022-09-01,0.00010787440987769514,0.00035881076473742723,0.0002974494710114744,0.00010048242853902641,65536,63118,NUTS_SL_01m_2024.shp,SI036,2022,August,8
2022-09-01,2022-10-01,-0.001286389771848917,0.002247313968837261,8.769514245336636e-05,0.0008744989199115781,65536,47680,NUTS_SL_01m_2024.shp,SI036,2022,September,9
2022-10-01,2022-11-01,-0.0014802252408117056,0.005138586275279522,0.001326228193391141,0.0020622012005839046,65536,35416,NUTS_SL_01m_2024.shp,SI036,2022,October,10
2022-12-01,2023-01-01,-0.0013587329303845763,0.011321604251861572,0.0037334960853704397,0.003250902608370027,65536,40702,NUTS_SL_01m_2024.shp,SI036,2022,December,12
2023-01-01,2023-02-01,-0.0014377889456227422,0.0033833824563771486,0.00044506067579872834,0.0013585026668555629,65536,32490,NUTS_SL_01m_2024.shp,SI036,2023,January,1
2023-04-01,2023-05-01,-0.0002024111308855936,0.0007192858611233532,0.00016424850333576267,0.00022466745971895467,65536,50247,NUTS_SL_01m_2024.shp,SI036,2023,April,4
2023-06-01,2023-07-01,-0.0009008246124722064,0.000913289375603199,-0.0001096816284952149,0.0004339273562798012,65536,27908,NUTS_SL_01m_2024.shp,SI036,2023,June,6
2023-07-01,2023-08-01,-0.0008057975210249424,0.0012289645383134484,7.933746131256268e-05,0.000478519303037722,65536,52424,NUTS_SL_01m_2024.shp,SI036,2023,July,7
2023-08-01,2023-09-01,-0.0007593244081363082,0.0009815334342420101,0.00010738274251261052,0.00040832372846459793,65536,28757,NUTS_SL_01m_2024.shp,SI036,2023,August,8
2023-09-01,2023-10-01,-0.0007006950327195227,0.0013402113690972328,0.00027334361844392287,0.0006726343036885531,65536,58352,NUTS_SL_01m_2024.shp,SI036,2023,September,9
2023-10-01,2023-11-01,-0.0011874971678480506,0.00418578227981925,0.00037432456136504114,0.001093488252920549,65536,37516,NUTS_SL_01m_2024.shp,SI036,2023,October,10
2024-02-01,2024-03-01,-0.0012632579309865832,0.006022730376571417,0.00194978756889215,0.002016911155066968,65536,52116,NUTS_SL_01m_2024.shp,SI036,2024,February,2
2024-04-01,2024-05-01,-0.0011472419137135148,0.0015585371293127537,0.000302054276138163,0.0005479126784695346,65536,27908,NUTS_SL_01m_2024.shp,SI036,2024,April,4
2024-05-01,2024-06-01,-0.0010735798859968781,0.0005505394656211138,-6.336190300758947e-05,0.0003707325130983377,65536,33140,NUTS_SL_01m_2024.shp,SI036,2024,May,5
2024-06-01,2024-07-01,-0.0012166170636191964,0.000994051806628704,-5.061554799040948e-05,0.00051018047199652,65536,27908,NUTS_SL_01m_2024.shp,SI036,2024,June,6
2024-07-01,2024-08-01,-0.0013891542330384254,0.0016124796820804477,9.931584104233478e-05,0.0006670645637055167,65536,28098,NUTS_SL_01m_2024.shp,SI036,2024,July,7
2024-08-01,2024-09-01,-0.0008188897045329213,0.0022195600904524326,0.0005346356636940666,0.00085716120736311,65536,30828,NUTS_SL_01m_2024.shp,SI036,2024,August,8
2024-09-01,2024-10-01,-0.0011818306520581245,0.0033930251374840736,0.0006878253249683528,0.0009078608328116026,65536,29839,NUTS_SL_01m_2024.shp,SI036,2024,September,9
2024-10-01,2024-11-01,-0.0012141125043854117,0.0054438114166259766,0.0007521896157465261,0.0015568429014095368,65536,35022,NUTS_SL_01m_2024.shp,SI036,2024,October,10
2018-04-01,2018-05-01,-0.0006029022624716163,0.0020231103990226984,0.00013906924724729254,0.0004221080211082726,65536,33156,NUTS_SL_01m_2024.shp,SI037,2018,April,4
2018-05-01,2018-06-01,-0.0005655338754877448,0.0006673391908407211,-2.074841881297505e-05,0.000270120653411444,65536,48864,NUTS_SL_01m_2024.shp,SI037,2018,May,5
2018-06-01,2018-07-01,-0.0009367582388222218,0.0008444854174740613,4.8756738042597223e-05,0.000355800391207124,65536,39767,NUTS_SL_01m_2024.shp,SI037,2018,June,6
2018-07-01,2018-08-01,-0.0005969541380181909,0.0008081700070761144,0.0001237147890965807,0.0002774219727923514,65536,25929,NUTS_SL_01m_2024.shp,SI037,2018,July,7
2018-08-01,2018-09-01,-0.0014842983800917864,0.0020331447012722492,0.00027791390632218545,0.0014094645107119725,65536,63846,NUTS_SL_01m_2024.shp,SI037,2018,August,8
2018-09-01,2018-10-01,-0.0014379974454641342,0.003102598013356328,0.0005075743787976814,0.0009013350304746592,65536,26310,NUTS_SL_01m_2024.shp,SI037,2018,September,9
2018-10-01,2018-11-01,-0.001499432255513966,0.0018471111543476582,0.00012961915723279526,0.0007155996243691725,65536,30660,NUTS_SL_01m_2024.shp,SI037,2018,October,10
2018-12-01,2019-01-01,-0.0014476912328973413,0.01170414686203003,0.0020300082561683667,0.0024040187794570644,65536,35109,NUTS_SL_01m_2024.shp,SI037,2018,December,12
2019-02-01,2019-03-01,-0.0013539873762056231,0.003032512031495571,0.0006404455358815533,0.0009049036602506542,65536,25929,NUTS_SL_01m_2024.shp,SI037,2019,February,2
2019-03-01,2019-04-01,-0.0013814526610076427,0.0026137360837310553,0.00032826803449739826,0.000825114545609914,65536,26738,NUTS_SL_01m_2024.shp,SI037,2019,March,3
2019-05-01,2019-06-01,-0.00045155896805226803,1.3318872333911713e-05,-0.00032074067840371333,0.00011650406161771621,65536,62383,NUTS_SL_01m_2024.shp,SI037,2019,May,5
2019-06-01,2019-07-01,-0.0014394071185961366,0.001518819946795702,-0.0001681274587888571,0.0005366935356821357,65536,26135,NUTS_SL_01m_2024.shp,SI037,2019,June,6
2019-07-01,2019-08-01,-0.0010280624264851213,0.0012666269904002547,0.0002995854451622086,0.00047292987149925717,65536,53928,NUTS_SL_01m_2024.shp,SI037,2019,July,7
2019-08-01,2019-09-01,-0.0009517684229649603,0.0007872406276874244,7.779880847394918e-05,0.00033072484399601773,65536,27068,NUTS_SL_01m_2024.shp,SI037,2019,August,8
2019-09-01,2019-10-01,-0.001370884827338159,0.002556710736826062,-6.512007729897348e-05,0.0011664076974359555,65536,57740,NUTS_SL_01m_2024.shp,SI037,2019,September,9
2019-11-01,2019-12-01,-0.0014420392690226436,0.0038624077569693327,0.0007136322734704286,0.0015867283758335044,65536,51010,NUTS_SL_01m_2024.shp,SI037,2019,November,11
2019-12-01,2020-01-01,0.0001754025142872706,0.0070030903443694115,0.0038936993514653248,0.0025286232670690256,65536,63771,NUTS_SL_01m_2024.shp,SI037,2019,December,12
2020-02-01,2020-03-01,-0.0010776529088616371,0.0017138852272182703,0.000312679126489881,0.00084786630322701,65536,62549,NUTS_SL_01m_2024.shp,SI037,2020,February,2
2020-03-01,2020-04-01,-0.0009604933438822627,0.001190613373182714,0.00018551143695067483,0.0004714832429904471,65536,46554,NUTS_SL_01m_2024.shp,SI037,2020,March,3
2020-04-01,2020-05-01,-0.0011414466425776482,0.0020698385778814554,0.0003685235533191019,0.0010353778420910485,65536,57202,NUTS_SL_01m_2024.shp,SI037,2020,April,4
2020-05-01,2020-06-01,-0.00016160031373146921,0.0006178178591653705,0.00016585309629875362,0.00021694303029170237,65536,60710,NUTS_SL_01m_2024.shp,SI037,2020,May,5
2020-06-01,2020-07-01,-0.0012921754969283938,0.0013047527754679322,0.0001534925002528717,0.0005098563710355497,65536,26752,NUTS_SL_01m_2024.shp,SI037,2020,June,6
2020-07-01,2020-08-01,-0.0008532752399332821,0.0006238127825781703,-1.4389306016709686e-05,0.00029858808975052637,65536,45842,NUTS_SL_01m_2024.shp,SI037,2020,July,7
2020-09-01,2020-10-01,-0.0013620250392705202,0.0017670707311481237,0.0002509166171415282,0.0006299539088399242,65536,28812,NUTS_SL_01m_2024.shp,SI037,2020,September,9
2020-10-01,2020-11-01,-0.0013930684654042125,0.004893636796623468,0.0008069942234243003,0.0014984063101898804,65536,33942,NUTS_SL_01m_2024.shp,SI037,2020,October,10
2021-02-01,2021-03-01,-0.001390176359564066,0.0068730553612113,0.0013144942642739385,0.0020242304318510945,65536,31170,NUTS_SL_01m_2024.shp,SI037,2021,February,2
2021-03-01,2021-04-01,-0.0013940687058493495,0.0024364672135561705,0.00042869816338280114,0.0008464119186893505,65536,25929,NUTS_SL_01m_2024.shp,SI037,2021,March,3
2021-04-01,2021-05-01,-0.0014242929173633456,0.0009097026195377111,-0.0001283005983856837,0.00040695889658700875,65536,48712,NUTS_SL_01m_2024.shp,SI037,2021,April,4
2021-05-01,2021-06-01,-0.0002218252921011299,0.0003568013780750334,5.776791700403056e-05,0.0001560491607505715,65536,50741,NUTS_SL_01m_2024.shp,SI037,2021,May,5
2021-06-01,2021-07-01,-0.0011947520542889833,0.0012509769294410944,-8.283795330478275e-05,0.0004527341410897932,65536,26599,NUTS_SL_01m_2024.shp,SI037,2021,June,6
2021-07-01,2021-08-01,-0.0012715049088001251,0.0012988508678972721,-9.685212324019324e-05,0.000433219830009196,65536,28014,NUTS_SL_01m_2024.shp,SI037,2021,July,7
2021-08-01,2021-09-01,-0.0012397743994370103,0.0010281255235895514,-8.018166012729093e-05,0.0004280644710485536,65536,37032,NUTS_SL_01m_2024.shp,SI037,2021,August,8
2021-10-01,2021-11-01,-0.0014353918377310038,0.0032011016737669706,0.0003244980758939723,0.0009138774811637993,65536,29412,NUTS_SL_01m_2024.shp,SI037,2021,October,10
2021-11-01,2021-12-01,-0.0014813727466389537,0.008867154829204082,0.0017491868556102886,0.0024191518140706946,65536,53121,NUTS_SL_01m_2024.shp,SI037,2021,November,11
2021-12-01,2022-01-01,-0.0012495227856561542,0.011123484000563622,0.002410365885613052,0.0026300510505180264,65536,43770,NUTS_SL_01m_2024.shp,SI037,2021,December,12
2022-02-01,2022-03-01,-0.0011249023955315351,0.001236035954207182,-0.0001412240987909753,0.0004959376673091127,65536,49910,NUTS_SL_01m_2024.shp,SI037,2022,February,2
2022-04-01,2022-05-01,-0.0012919099535793066,0.0016394368140026927,-6.374960089387157e-05,0.0005113002791945791,65536,26673,NUTS_SL_01m_2024.shp,SI037,2022,April,4
2022-05-01,2022-06-01,-0.0005398846114985645,0.0007221554988063872,1.14227744645427e-05,0.000251467187960644,65536,41995,NUTS_SL_01m_2024.shp,SI037,2022,May,5
2022-06-01,2022-07-01,-0.0005224583437666297,0.0003605235833674669,-1.1867808600990453e-05,0.00020533377645200624,65536,42323,NUTS_SL_01m_2024.shp,SI037,2022,June,6
2022-07-01,2022-08-01,-0.0010223782155662775,0.0009913246612995863,6.693294584639733e-05,0.00045709076142788906,65536,33792,NUTS_SL_01m_2024.shp,SI037,2022,July,7
2022-08-01,2022-09-01,-0.0014312448911368847,0.001345720374956727,0.0003721864277635263,0.0007803305875723212,65536,62876,NUTS_SL_01m_2024.shp,SI037,2022,August,8
2022-09-01,2022-10-01,-0.0013811044627800584,0.0020087880548089743,0.00014479421304730455,0.000785464023852787,65536,60403,NUTS_SL_01m_2024.shp,SI037,2022,September,9
2022-10-01,2022-11-01,-0.0014477126533165574,0.004513294901698828,0.0007186564541092013,0.001344821635667472,65536,31725,NUTS_SL_01m_2024.shp,SI037,2022,October,10
2022-12-01,2023-01-01,-0.0014394356403499842,0.010226483456790447,0.0024621034440606222,0.0028558992697457356,65536,38593,NUTS_SL_01m_2024.shp,SI037,2022,December,12
2023-01-01,2023-02-01,-0.0014916303334757686,0.0041993227787315845,0.00034214662877513703,0.0010401203604359507,65536,33117,NUTS_SL_01m_2024.shp,SI037,2023,January,1
2023-04-01,2023-05-01,-0.0004250992205925286,0.00037240737583488226,-1.2867751827511028e-05,0.00018019042463732017,65536,54084,NUTS_SL_01m_2024.shp,SI037,2023,April,4
2023-06-01,2023-07-01,-0.0013319792924448848,0.00133585836738348,-3.997759746632869e-05,0.00047334917167098057,65536,25929,NUTS_SL_01m_2024.shp,SI037,2023,June,6
2023-07-01,2023-08-01,-0.001224153209477663,0.0014276286819949746,0.00012856787257235723,0.0004205467452190653,65536,38774,NUTS_SL_01m_2024.shp,SI037,2023,July,7
2023-08-01,2023-09-01,-0.0011085821315646172,0.0008801519870758057,-5.220708264912015e-05,0.0003403904143175196,65536,26698,NUTS_SL_01m_2024.shp,SI037,2023,August,8
2023-09-01,2023-10-01,-0.001380298868753016,0.006268225610256195,0.0021567797904444206,0.003072140456352657,65536,59862,NUTS_SL_01m_2024.shp,SI037,2023,September,9
2023-10-01,2023-11-01,-0.0014454813208431005,0.0019375967094674706,8.771459932923906e-05,0.0007462506738697071,65536,33404,NUTS_SL_01m_2024.shp,SI037,2023,October,10
2024-02-01,2024-03-01,-0.001001020078547299,0.007911873050034046,0.0018896348129199454,0.002572791085432708,65536,62884,NUTS_SL_01m_2024.shp,SI037,2024,February,2
2024-03-01,2024-04-01,-0.000934113166294992,9.966397192329168e-05,-0.0006086078932657315,0.00040082513055972465,65536,62941,NUTS_SL_01m_2024.shp,SI037,2024,March,3
2024-04-01,2024-05-01,-0.0013347254134714603,0.0025010386016219854,0.00019618669419796744,0.0006655554238920473,65536,26372,NUTS_SL_01m_2024.shp,SI037,2024,April,4
2024-05-01,2024-06-01,-0.001135756727308035,0.0013753927778452635,1.1295541045845519e-05,0.0004046317643940594,65536,43049,NUTS_SL_01m_2024.shp,SI037,2024,May,5
2024-06-01,2024-07-01,-0.0011953992070630193,0.0014193422393873334,2.873244727493777e-05,0.0004988595876298041,65536,25929,NUTS_SL_01m_2024.shp,SI037,2024,June,6
2024-07-01,2024-08-01,-0.0011703463969752192,0.001308475504629314,-0.00017620321631401913,0.000556445936977764,65536,26810,NUTS_SL_01m_2024.shp,SI037,2024,July,7
2024-08-01,2024-09-01,-0.0014588858466595411,0.002552448073402047,1.062378440496433e-05,0.0008020480728579259,65536,27138,NUTS_SL_01m_2024.shp,SI037,2024,August,8
2024-09-01,2024-10-01,-0.0013351979432627559,0.002674657851457596,0.0005931034746875552,0.0008947919208044874,65536,30599,NUTS_SL_01m_2024.shp,SI037,2024,September,9
2024-10-01,2024-11-01,-0.0014807742554694414,0.0054438114166259766,0.0005742960362247941,0.0014663499634738277,65536,32691,NUTS_SL_01m_2024.shp,SI037,2024,October,10
2018-04-01,2018-05-01,-0.00028172743623144925,0.0009159398614428937,0.00015200287946302125,0.00029632775090165844,65536,36002,NUTS_SL_01m_2024.shp,SI038,2018,April,4
2018-05-01,2018-06-01,-0.0004793399421032518,0.0006087790243327618,5.0131853405808184e-05,0.00030630461067376744,65536,60597,NUTS_SL_01m_2024.shp,SI038,2018,May,5
2018-06-01,2018-07-01,-0.000857831328175962,0.000886788300704211,0.00022945313477531755,0.00037346163562216976,65536,16372,NUTS_SL_01m_2024.shp,SI038,2018,June,6
2018-07-01,2018-08-01,-0.0008631405071355402,0.0011710218386724591,-2.226411862656692e-06,0.00044950511355978473,65536,16372,NUTS_SL_01m_2024.shp,SI038,2018,July,7
2018-09-01,2018-10-01,-0.0011964337900280952,0.0028693503700196743,0.00042929815350387085,0.0008982944940280366,65536,16372,NUTS_SL_01m_2024.shp,SI038,2018,September,9
2018-10-01,2018-11-01,-0.0010782283497974277,0.0015005882596597075,0.0001240216719889736,0.000494094263078928,65536,31039,NUTS_SL_01m_2024.shp,SI038,2018,October,10
2018-12-01,2019-01-01,-0.0014942933339625597,0.00835017953068018,0.0016234497187510924,0.002233650447242561,65536,31168,NUTS_SL_01m_2024.shp,SI038,2018,December,12
2019-01-01,2019-02-01,0.0011140243150293827,0.0011140243150293827,0.0011140243150293827,0.0,65536,65466,NUTS_SL_01m_2024.shp,SI038,2019,January,1
2019-02-01,2019-03-01,-0.001245032879523933,0.0024645491503179073,0.0002538868066673451,0.0007713181207846564,65536,18394,NUTS_SL_01m_2024.shp,SI038,2019,February,2
2019-03-01,2019-04-01,-0.0012018636334687471,0.002791138831526041,0.00045701560177193563,0.0009306335355536829,65536,17254,NUTS_SL_01m_2024.shp,SI038,2019,March,3
2019-05-01,2019-06-01,-3.5632481740321964e-05,0.0003048703947570175,5.156184683518925e-05,0.00011019765552078386,65536,62803,NUTS_SL_01m_2024.shp,SI038,2019,May,5
2019-06-01,2019-07-01,-0.0014098974643275142,0.0009461136651225388,-0.00021269202259999767,0.0005484985403090053,65536,16372,NUTS_SL_01m_2024.shp,SI038,2019,June,6
2019-07-01,2019-08-01,-0.00020538964599836618,0.0008237536530941725,0.0005557779549499636,0.00019695600315963914,65536,62999,NUTS_SL_01m_2024.shp,SI038,2019,July,7
2019-08-01,2019-09-01,-0.0007330699590966105,0.0007576668867841363,3.7842994441649758e-06,0.0002792073423842985,65536,23964,NUTS_SL_01m_2024.shp,SI038,2019,August,8
2019-10-01,2019-11-01,-0.0013667377643287182,0.0023447303101420403,-9.27410332506445e-05,0.0007413313077900642,65536,58140,NUTS_SL_01m_2024.shp,SI038,2019,October,10
2019-11-01,2019-12-01,-0.0014841898810118437,0.0037167256232351065,0.0004631832404871016,0.0010632884924053013,65536,36062,NUTS_SL_01m_2024.shp,SI038,2019,November,11
2019-12-01,2020-01-01,-0.0014407058479264379,0.009065797552466393,0.002848908331372455,0.0034928570074031174,65536,29878,NUTS_SL_01m_2024.shp,SI038,2019,December,12
2020-02-01,2020-03-01,-0.0014049840392544866,0.0015117581933736801,-0.0001614543900907574,0.0005216696485375589,65536,34356,NUTS_SL_01m_2024.shp,SI038,2020,February,2
2020-03-01,2020-04-01,-0.0011969764018431306,0.001862665289081633,7.527314549714106e-05,0.0005350217251206093,65536,24725,NUTS_SL_01m_2024.shp,SI038,2020,March,3
2020-04-01,2020-05-01,-0.0011923057027161121,0.005821602884680033,0.0012038831702275612,0.00217869783642198,65536,59202,NUTS_SL_01m_2024.shp,SI038,2020,April,4
2020-05-01,2020-06-01,-0.00031916791340336204,0.0006485689664259553,8.374977449223647e-05,0.0002555711310921555,65536,41355,NUTS_SL_01m_2024.shp,SI038,2020,May,5
2020-06-01,2020-07-01,-0.0011100406991317868,0.0011075378861278296,0.00012359886234562315,0.00039991551694656654,65536,33525,NUTS_SL_01m_2024.shp,SI038,2020,June,6
2020-07-01,2020-08-01,-0.0006453802925534546,0.0006867685588076711,-7.683935002326222e-05,0.0005141511924808038,65536,55708,NUTS_SL_01m_2024.shp,SI038,2020,July,7
2020-09-01,2020-10-01,-0.0011252568801864982,0.0019814311526715755,0.00039460396739531933,0.0006772539115880581,65536,16372,NUTS_SL_01m_2024.shp,SI038,2020,September,9
2020-10-01,2020-11-01,-0.0013236778322607279,0.0051435851491987705,0.000645343430592834,0.001418183413782318,65536,28963,NUTS_SL_01m_2024.shp,SI038,2020,October,10
2020-11-01,2020-12-01,-0.0013564818073064089,0.004387113265693188,0.0017084846814766654,0.0017582756319115436,65536,35525,NUTS_SL_01m_2024.shp,SI038,2020,November,11
2020-12-01,2021-01-01,-0.0010313618695363402,0.004628205206245184,0.00020254916088298966,0.0014206334965958013,65536,57214,NUTS_SL_01m_2024.shp,SI038,2020,December,12
2021-02-01,2021-03-01,-0.0011569332564249635,0.005613843910396099,0.001164552698085647,0.0017698415254362608,65536,26418,NUTS_SL_01m_2024.shp,SI038,2021,February,2
2021-03-01,2021-04-01,-0.0013731626095250249,0.002631325740367174,0.00022989886213280728,0.000747815237819804,65536,16820,NUTS_SL_01m_2024.shp,SI038,2021,March,3
2021-04-01,2021-05-01,-0.00043071561958640814,0.0001021563948597759,-0.00011528701554430043,0.0002420599652787048,65536,63137,NUTS_SL_01m_2024.shp,SI038,2021,April,4
2021-05-01,2021-06-01,-0.0007880161865614355,0.00041416994645260274,3.0402405547467724e-05,0.00023312789079604207,65536,39135,NUTS_SL_01m_2024.shp,SI038,2021,May,5
2021-06-01,2021-07-01,-0.0008834576001390815,0.0011666405480355024,-4.7600159246741646e-05,0.00042990775130573045,65536,16419,NUTS_SL_01m_2024.shp,SI038,2021,June,6
2021-07-01,2021-08-01,-0.0009197768522426486,0.000782359391450882,-1.0858228836352699e-05,0.0004003135536071867,65536,23848,NUTS_SL_01m_2024.shp,SI038,2021,July,7
2021-08-01,2021-09-01,-0.0007914514280855656,0.0006684102700091898,-8.414255910925632e-05,0.00037614174820992064,65536,50299,NUTS_SL_01m_2024.shp,SI038,2021,August,8
2021-09-01,2021-10-01,-0.0006245856638997793,0.0007163831032812595,3.669209715630367e-05,0.00038078616849252417,65536,37310,NUTS_SL_01m_2024.shp,SI038,2021,September,9
2021-11-01,2021-12-01,-0.0014308536192402244,0.0071854740381240845,0.0021866461897707312,0.0020408399329476593,65536,56495,NUTS_SL_01m_2024.shp,SI038,2021,November,11
2021-12-01,2022-01-01,-0.0014336251188069582,0.005021750461310148,0.0008444804460092218,0.0018556340563526885,65536,36015,NUTS_SL_01m_2024.shp,SI038,2021,December,12
2022-02-01,2022-03-01,-0.0014874214539304376,0.002690143184736371,0.00028393364820689717,0.0008970287949153333,65536,17999,NUTS_SL_01m_2024.shp,SI038,2022,February,2
2022-04-01,2022-05-01,-0.001192970317788422,0.0011268457164987922,-8.192633130902157e-05,0.0005694073730934427,65536,17299,NUTS_SL_01m_2024.shp,SI038,2022,April,4
2022-05-01,2022-06-01,-0.00019145698752254248,0.00027054373640567064,-1.787294456373295e-05,8.455159896365185e-05,65536,58112,NUTS_SL_01m_2024.shp,SI038,2022,May,5
2022-06-01,2022-07-01,-0.0003484785556793213,0.000270096177700907,3.350698539261311e-05,0.00018073532096098035,65536,42451,NUTS_SL_01m_2024.shp,SI038,2022,June,6
2022-07-01,2022-08-01,2.5617833671276458e-05,0.0007743171299807727,0.0004672436350435236,0.0003047951565517162,65536,64149,NUTS_SL_01m_2024.shp,SI038,2022,July,7
2022-10-01,2022-11-01,-0.0014198248973116279,0.004369800910353661,0.0004917114145719469,0.001244604787018052,65536,24378,NUTS_SL_01m_2024.shp,SI038,2022,October,10
2022-12-01,2023-01-01,-0.0014107670867815614,0.009897581301629543,0.0018852833665917782,0.0031345995764879863,65536,52597,NUTS_SL_01m_2024.shp,SI038,2022,December,12
2023-01-01,2023-02-01,-0.0014161538565531373,0.003049786202609539,0.0002989503741090723,0.001145874377320502,65536,27919,NUTS_SL_01m_2024.shp,SI038,2023,January,1
2023-04-01,2023-05-01,-0.0003494065022096038,0.0003299394447822124,-1.3168530649403726e-05,0.00017472340044371825,65536,43362,NUTS_SL_01m_2024.shp,SI038,2023,April,4
2023-06-01,2023-07-01,-0.0011513200588524342,0.0009795796358957887,-0.00013623677212255646,0.0004110460167145039,65536,16789,NUTS_SL_01m_2024.shp,SI038,2023,June,6
2023-07-01,2023-08-01,-0.0009874871466308832,0.0010842775227501988,-5.33659922001482e-06,0.00034024690671240703,65536,35912,NUTS_SL_01m_2024.shp,SI038,2023,July,7
2023-08-01,2023-09-01,-0.00015637367323506624,0.0005382801755331457,7.196928579148992e-05,0.0002385644528752286,65536,63734,NUTS_SL_01m_2024.shp,SI038,2023,August,8
2023-09-01,2023-10-01,-0.001199510763399303,0.0035986367147415876,0.0005530819027014825,0.0012306031324200804,65536,38785,NUTS_SL_01m_2024.shp,SI038,2023,September,9
2023-10-01,2023-11-01,-0.0013858749298378825,0.0009698650101199746,0.0004886972110138232,0.00047116990790001603,65536,61480,NUTS_SL_01m_2024.shp,SI038,2023,October,10
2024-03-01,2024-04-01,-0.0009074421832337976,-0.00018072973762173206,-0.0004439997766192904,0.0003033366227434505,65536,61279,NUTS_SL_01m_2024.shp,SI038,2024,March,3
2024-04-01,2024-05-01,-0.0012796472292393446,0.0014876098139211535,0.0002982752336572905,0.0006231147744201477,65536,16372,NUTS_SL_01m_2024.shp,SI038,2024,April,4
2024-06-01,2024-07-01,-0.000637300661765039,0.0009343459969386458,7.153941562725316e-05,0.0003509660422446862,65536,42856,NUTS_SL_01m_2024.shp,SI038,2024,June,6
2024-07-01,2024-08-01,-0.0012756009818986058,0.0007723424350842834,-1.2476396002493203e-05,0.0005116217353069831,65536,18091,NUTS_SL_01m_2024.shp,SI038,2024,July,7
2024-08-01,2024-09-01,-0.001315513625741005,0.001615472137928009,9.265475345909526e-05,0.0006258957431878429,65536,16636,NUTS_SL_01m_2024.shp,SI038,2024,August,8
2024-09-01,2024-10-01,-0.0014045900898054242,0.003670845180749893,0.0004373941752017303,0.00100079006229239,65536,18643,NUTS_SL_01m_2024.shp,SI038,2024,September,9
2024-10-01,2024-11-01,-0.0014488480519503355,0.003462760476395488,0.0005197157808461027,0.0011762196170544514,65536,23608,NUTS_SL_01m_2024.shp,SI038,2024,October,10
2018-04-01,2018-05-01,-0.0010527933482080698,0.003575257956981659,0.0015580451620645682,0.001182755279613657,65536,61400,NUTS_SL_01m_2024.shp,SI04,2018,April,4
2018-05-01,2018-06-01,-0.0007668152102269232,0.0007813128759153187,3.554743288706357e-05,0.0002723147271371846,65536,43289,NUTS_SL_01m_2024.shp,SI04,2018,May,5
2018-06-01,2018-07-01,-0.000857831328175962,0.0010889900149777532,0.0001111823917948736,0.0003868259644438754,65536,48459,NUTS_SL_01m_2024.shp,SI04,2018,June,6
2018-07-01,2018-08-01,-0.0009306580177508295,0.0006349856266751885,3.904279565951006e-05,0.00027088509053093036,65536,30933,NUTS_SL_01m_2024.shp,SI04,2018,July,7
2018-09-01,2018-10-01,-0.0014888199511915445,0.0029034835752099752,0.0004677189990327576,0.0009007433943920124,65536,30491,NUTS_SL_01m_2024.shp,SI04,2018,September,9
2018-10-01,2018-11-01,-0.001479676808230579,0.0023003516253083944,3.5571892887452095e-05,0.0005727260182745482,65536,43194,NUTS_SL_01m_2024.shp,SI04,2018,October,10
2018-12-01,2019-01-01,-0.0014942933339625597,0.015240353532135487,0.0020605861684758384,0.0026855565871896276,65536,46491,NUTS_SL_01m_2024.shp,SI04,2018,December,12
2019-01-01,2019-02-01,-0.001370235695503652,0.0031401319429278374,0.00026739965595261864,0.0009885013450774479,65536,59991,NUTS_SL_01m_2024.shp,SI04,2019,January,1
2019-02-01,2019-03-01,-0.0014946939190849662,0.010512449778616428,0.001281028998153591,0.003037279969302033,65536,61749,NUTS_SL_01m_2024.shp,SI04,2019,February,2
2019-03-01,2019-04-01,-0.0012712503084912896,0.0025007794611155987,0.0002662636142071745,0.0007508657602538872,65536,30981,NUTS_SL_01m_2024.shp,SI04,2019,March,3
2019-05-01,2019-06-01,-0.0005067416350357234,0.0005397595232352614,-1.236680336795011e-05,0.00019603212043472397,65536,53902,NUTS_SL_01m_2024.shp,SI04,2019,May,5
2019-06-01,2019-07-01,-0.0014098974643275142,0.001518819946795702,-0.0001955142917182461,0.000542488258937022,65536,30598,NUTS_SL_01m_2024.shp,SI04,2019,June,6
2019-07-01,2019-08-01,-0.0011410271981731057,0.0013229143805801868,5.957650172549759e-05,0.0004151908943148021,65536,42769,NUTS_SL_01m_2024.shp,SI04,2019,July,7
2019-08-01,2019-09-01,-0.0009291005553677678,0.0013091658474877477,2.755028752348889e-05,0.0003139762138452924,65536,37548,NUTS_SL_01m_2024.shp,SI04,2019,August,8
2019-09-01,2019-10-01,-0.0014641523594036698,0.0031587528064846992,0.0003602864304686543,0.0010969122075762552,65536,51215,NUTS_SL_01m_2024.shp,SI04,2019,September,9
2019-10-01,2019-11-01,-0.0014294437132775784,0.0033878711983561516,0.0002517602759029299,0.0009136462552980703,65536,57618,NUTS_SL_01m_2024.shp,SI04,2019,October,10
2019-11-01,2019-12-01,-0.0014578020200133324,0.004457542207092047,0.00033088766576902675,0.0012453406513390974,65536,57015,NUTS_SL_01m_2024.shp,SI04,2019,November,11
2019-12-01,2020-01-01,-0.0014769885456189513,0.01159573346376419,0.003437493407298738,0.003142262551673911,65536,48326,NUTS_SL_01m_2024.shp,SI04,2019,December,12
2020-01-01,2020-02-01,0.0005078972899354994,0.00468220142647624,0.0031461015093963633,0.0011056131410115237,65536,65191,NUTS_SL_01m_2024.shp,SI04,2020,January,1
2020-02-01,2020-03-01,-0.0014049840392544866,0.0024215502198785543,0.00016129846048185833,0.000769447151938459,65536,39157,NUTS_SL_01m_2024.shp,SI04,2020,February,2
2020-03-01,2020-04-01,-0.0011969764018431306,0.002095852978527546,9.400788752469004e-05,0.0005730377859149118,65536,42716,NUTS_SL_01m_2024.shp,SI04,2020,March,3
2020-04-01,2020-05-01,-0.0013903295621275902,0.00788026861846447,0.0009132629093785634,0.0017241633188384985,65536,56388,NUTS_SL_01m_2024.shp,SI04,2020,April,4
2020-05-01,2020-06-01,-0.0006849769852124155,0.0009196084574796259,0.00018578947042315974,0.00029432032580703265,65536,60537,NUTS_SL_01m_2024.shp,SI04,2020,May,5
2020-06-01,2020-07-01,-0.0009596109157428145,0.001404070993885398,8.469708728374685e-05,0.00039983738943186956,65536,45283,NUTS_SL_01m_2024.shp,SI04,2020,June,6
2020-07-01,2020-08-01,-0.0011433332692831755,0.0008557079127058387,5.181535023296748e-05,0.0003044297153347953,65536,50348,NUTS_SL_01m_2024.shp,SI04,2020,July,7
2020-09-01,2020-10-01,-0.0014276461442932487,0.0026830409187823534,0.00030995871197612404,0.0006986890308410393,65536,30406,NUTS_SL_01m_2024.shp,SI04,2020,September,9
2020-10-01,2020-11-01,-0.0014997321413829923,0.008506551384925842,0.000941685157118214,0.001608669774027536,65536,37148,NUTS_SL_01m_2024.shp,SI04,2020,October,10
2020-11-01,2020-12-01,-0.0013564818073064089,0.011504286900162697,0.0022558376761930158,0.0024913393333817705,65536,55459,NUTS_SL_01m_2024.shp,SI04,2020,November,11
2021-02-01,2021-03-01,-0.0014756536111235619,0.01173956785351038,0.0013547270528890241,0.002126451801966208,65536,36482,NUTS_SL_01m_2024.shp,SI04,2021,February,2
2021-03-01,2021-04-01,-0.0013354450929909945,0.002885283902287483,0.00023968864033774458,0.0007552915588923628,65536,30974,NUTS_SL_01m_2024.shp,SI04,2021,March,3
2021-04-01,2021-05-01,-0.0010732882656157017,0.001470280229113996,-2.4147291086347762e-05,0.0003408290707936026,65536,58293,NUTS_SL_01m_2024.shp,SI04,2021,April,4
2021-05-01,2021-06-01,-0.0014910363825038075,0.0010137568460777402,8.419642470580234e-06,0.00026126865302203894,65536,42449,NUTS_SL_01m_2024.shp,SI04,2021,May,5
2021-06-01,2021-07-01,-0.0013662230921909213,0.00126276642549783,-7.158017491787489e-05,0.00045204303245994994,65536,31089,NUTS_SL_01m_2024.shp,SI04,2021,June,6
2021-07-01,2021-08-01,-0.001405417686328292,0.0012988508678972721,-6.804489482898252e-05,0.00042835626716683815,65536,37572,NUTS_SL_01m_2024.shp,SI04,2021,July,7
2021-08-01,2021-09-01,-0.001380575937218964,0.0010525321122258902,-4.8772268723683354e-05,0.0004157982212880543,65536,46528,NUTS_SL_01m_2024.shp,SI04,2021,August,8
2021-09-01,2021-10-01,-0.0009786346927285194,0.0013106889091432095,-5.163108001087658e-05,0.00046300786841202624,65536,45423,NUTS_SL_01m_2024.shp,SI04,2021,September,9
2021-10-01,2021-11-01,-0.0010881411144509912,0.015794532373547554,0.0021819821916726698,0.003493395196754193,65536,61571,NUTS_SL_01m_2024.shp,SI04,2021,October,10
2021-11-01,2021-12-01,-0.0014894804917275906,0.008977685123682022,0.0018150958255713492,0.0024322253871164796,65536,56698,NUTS_SL_01m_2024.shp,SI04,2021,November,11
2021-12-01,2022-01-01,-0.0014988851035013795,0.00833988469094038,0.001854647355467771,0.0023640373050062787,65536,52123,NUTS_SL_01m_2024.shp,SI04,2021,December,12
2022-02-01,2022-03-01,-0.0014670435339212418,0.003853989765048027,0.00017914315672021202,0.0009392176000827656,65536,35784,NUTS_SL_01m_2024.shp,SI04,2022,February,2
2022-04-01,2022-05-01,-0.0013956116745248437,0.0016394368140026927,2.3649829510099722e-05,0.0005172436528119231,65536,31756,NUTS_SL_01m_2024.shp,SI04,2022,April,4
2022-05-01,2022-06-01,-0.0011743957875296474,0.0010729219065979123,-2.6978128163253646e-05,0.0003468408306586379,65536,45053,NUTS_SL_01m_2024.shp,SI04,2022,May,5
2022-06-01,2022-07-01,-0.0006864051683805883,0.0011524735018610954,7.86643365449128e-05,0.00029336102126360363,65536,39471,NUTS_SL_01m_2024.shp,SI04,2022,June,6
2022-07-01,2022-08-01,-0.0010223782155662775,0.0010942032095044851,2.219262453133415e-05,0.00038263726066704135,65536,61730,NUTS_SL_01m_2024.shp,SI04,2022,July,7
2022-08-01,2022-09-01,-0.0012076927814632654,0.0017801239155232906,0.0003236605901207719,0.0007919202018361783,65536,61438,NUTS_SL_01m_2024.shp,SI04,2022,August,8
2022-10-01,2022-11-01,-0.001484809210523963,0.00578025309368968,0.0007102609673538709,0.0012454113415753115,65536,35563,NUTS_SL_01m_2024.shp,SI04,2022,October,10
2022-12-01,2023-01-01,-0.0014931777259334922,0.012327361851930618,0.002360606067622497,0.0025734564478811306,65536,53314,NUTS_SL_01m_2024.shp,SI04,2022,December,12
2023-01-01,2023-02-01,-0.0014754743315279484,0.006084340158849955,0.00046260993206658434,0.0012921724760388818,65536,38503,NUTS_SL_01m_2024.shp,SI04,2023,January,1
2023-04-01,2023-05-01,-0.0005830592126585543,0.0008600106230005622,6.32245234865669e-05,0.00023417701313697048,65536,56096,NUTS_SL_01m_2024.shp,SI04,2023,April,4
2023-05-01,2023-06-01,-0.00020050980674568564,0.0006368531612679362,0.00037347751030701094,0.0003622373589366903,65536,65189,NUTS_SL_01m_2024.shp,SI04,2023,May,5
2023-06-01,2023-07-01,-0.0012188906548544765,0.001298186951316893,-1.5997718471747116e-05,0.0004013668219421158,65536,34558,NUTS_SL_01m_2024.shp,SI04,2023,June,6
2023-07-01,2023-08-01,-0.001224153209477663,0.00127835210878402,6.827785289443258e-05,0.0003143259551409794,65536,46135,NUTS_SL_01m_2024.shp,SI04,2023,July,7
2023-08-01,2023-09-01,-0.0011390597792342305,0.0013269605115056038,7.885501685044364e-05,0.00036646853227131736,65536,56279,NUTS_SL_01m_2024.shp,SI04,2023,August,8
2023-09-01,2023-10-01,-0.0014932441990822554,0.005233342293649912,0.00040931110750120465,0.0012383077432194607,65536,42444,NUTS_SL_01m_2024.shp,SI04,2023,September,9
2023-10-01,2023-11-01,-0.0013948832638561726,0.0017780414782464504,0.00013680648456813836,0.0006554388837915461,65536,59548,NUTS_SL_01m_2024.shp,SI04,2023,October,10
2024-02-01,2024-03-01,-0.0005977239343337715,2.238826527900528e-05,-0.00031166748353213426,0.00023525411956250522,65536,65187,NUTS_SL_01m_2024.shp,SI04,2024,February,2
2024-03-01,2024-04-01,-0.0006498346920125186,9.966397192329168e-05,-0.0004246796051916486,0.00021501246554463276,65536,65215,NUTS_SL_01m_2024.shp,SI04,2024,March,3
2024-04-01,2024-05-01,-0.0013994353357702494,0.00586507236585021,0.0002379490112143208,0.0008225346374393906,65536,31022,NUTS_SL_01m_2024.shp,SI04,2024,April,4
2024-05-01,2024-06-01,-0.0014972951030358672,0.0007344752666540444,-4.3914989813366144e-05,0.0005341215097018058,65536,61869,NUTS_SL_01m_2024.shp,SI04,2024,May,5
2024-06-01,2024-07-01,-0.0010153237963095307,0.0014193422393873334,2.4802196472687038e-05,0.00040883271559460953,65536,50460,NUTS_SL_01m_2024.shp,SI04,2024,June,6
2024-07-01,2024-08-01,-0.0012892232043668628,0.0011508294846862555,-7.131425667952292e-06,0.0005378334256927902,65536,30118,NUTS_SL_01m_2024.shp,SI04,2024,July,7
2024-08-01,2024-09-01,-0.0014833365567028522,0.002658566227182746,6.399346671699788e-05,0.0007127372093136064,65536,35723,NUTS_SL_01m_2024.shp,SI04,2024,August,8
2024-09-01,2024-10-01,-0.0014988260809332132,0.004328795708715916,0.0004306000234862331,0.0010291650923767227,65536,33590,NUTS_SL_01m_2024.shp,SI04,2024,September,9
2024-10-01,2024-11-01,-0.0014745289226993918,0.004340484272688627,0.0006597429379979114,0.0012984600779791266,65536,36434,NUTS_SL_01m_2024.shp,SI04,2024,October,10
2018-04-01,2018-05-01,-0.0006029022624716163,0.0010038278996944427,0.0001672265590117073,0.000324847656990602,65536,36714,NUTS_SL_01m_2024.shp,SI041,2018,April,4
2018-05-01,2018-06-01,-0.000690230168402195,0.0007090074359439313,2.88687072557166e-05,0.00029931570898222105,65536,37539,NUTS_SL_01m_2024.shp,SI041,2018,May,5
2018-06-01,2018-07-01,-0.0008555626263841987,0.0007569033186882734,-4.954534162012529e-06,0.00032813089925482267,65536,53089,NUTS_SL_01m_2024.shp,SI041,2018,June,6
2018-07-01,2018-08-01,-0.0006698024808429182,0.0006349856266751885,7.512150102483893e-05,0.0002877091358202632,65536,32125,NUTS_SL_01m_2024.shp,SI041,2018,July,7
2018-09-01,2018-10-01,-0.0014621603768318892,0.002210634760558605,0.00026904539374106746,0.0008504956119155747,65536,32707,NUTS_SL_01m_2024.shp,SI041,2018,September,9
2018-10-01,2018-11-01,-0.0014437217032536864,0.0023003516253083944,0.00011105941669712981,0.0006852033456582373,65536,37394,NUTS_SL_01m_2024.shp,SI041,2018,October,10
2018-12-01,2019-01-01,-0.0014615884283557534,0.015240353532135487,0.0022020977148458102,0.003342760752719369,65536,48903,NUTS_SL_01m_2024.shp,SI041,2018,December,12
2019-02-01,2019-03-01,-0.0014888253062963486,0.003041754476726055,0.00034485638752767645,0.0008726894151734208,65536,33213,NUTS_SL_01m_2024.shp,SI041,2019,February,2
2019-03-01,2019-04-01,-0.0011902612168341875,0.0025007794611155987,0.00036598318490325065,0.0008012132352181414,65536,32938,NUTS_SL_01m_2024.shp,SI041,2019,March,3
2019-05-01,2019-06-01,-6.772857886971906e-05,0.0002659014717210084,0.0001075501122331333,0.00011318278379083009,65536,59418,NUTS_SL_01m_2024.shp,SI041,2019,May,5
2019-06-01,2019-07-01,-0.0013619932578876615,0.001518819946795702,-0.00016161163235192945,0.0005826270325763143,65536,32995,NUTS_SL_01m_2024.shp,SI041,2019,June,6
2019-07-01,2019-08-01,-0.0011410271981731057,0.00117583351675421,9.612079918603756e-05,0.0004922368537175304,65536,43312,NUTS_SL_01m_2024.shp,SI041,2019,July,7
2019-08-01,2019-09-01,-0.0009291005553677678,0.0009242214728146791,-2.501302837448869e-05,0.00032080745862203444,65536,32998,NUTS_SL_01m_2024.shp,SI041,2019,August,8
2019-09-01,2019-10-01,-0.0014641523594036698,0.0024730160366743803,0.0002682803730571587,0.0010206416479848692,65536,49671,NUTS_SL_01m_2024.shp,SI041,2019,September,9
2019-10-01,2019-11-01,-9.138922177953646e-05,0.00045499723637476563,0.00018537380778802648,0.00024115942233564466,65536,64050,NUTS_SL_01m_2024.shp,SI041,2019,October,10
2019-11-01,2019-12-01,-0.0014026426943019032,0.0034045192878693342,0.0003131736008875724,0.0011124579125954851,65536,61204,NUTS_SL_01m_2024.shp,SI041,2019,November,11
2019-12-01,2020-01-01,-0.0014321178896352649,0.01159573346376419,0.003948441433402689,0.003682263009638606,65536,52546,NUTS_SL_01m_2024.shp,SI041,2019,December,12
2020-02-01,2020-03-01,-0.001393923070281744,0.0024215502198785543,0.00015552260538816655,0.0008237889821341748,65536,42939,NUTS_SL_01m_2024.shp,SI041,2020,February,2
2020-03-01,2020-04-01,-0.0010118468198925257,0.0018905899487435818,4.9116852014421115e-05,0.0005508612025429813,65536,37839,NUTS_SL_01m_2024.shp,SI041,2020,March,3
2020-04-01,2020-05-01,-0.0013903295621275902,0.0059881568886339664,0.0006270444284190164,0.001391838957793061,65536,48920,NUTS_SL_01m_2024.shp,SI041,2020,April,4
2020-05-01,2020-06-01,-0.0002965329331345856,0.0006178178591653705,0.00016860242521873534,0.00024350890088479295,65536,57710,NUTS_SL_01m_2024.shp,SI041,2020,May,5
2020-06-01,2020-07-01,-0.0007784790359437466,0.001404070993885398,0.00012756792071245534,0.000449030866685689,65536,41468,NUTS_SL_01m_2024.shp,SI041,2020,June,6
2020-07-01,2020-08-01,-0.0006785151199437678,0.0005731525598093867,3.9395675041744634e-05,0.0002644147409484799,65536,44304,NUTS_SL_01m_2024.shp,SI041,2020,July,7
2020-09-01,2020-10-01,-0.001330229570157826,0.0019814311526715755,0.00025608778320708903,0.0006453650738224912,65536,32223,NUTS_SL_01m_2024.shp,SI041,2020,September,9
2020-10-01,2020-11-01,-0.0014997321413829923,0.008506551384925842,0.0008246498806214369,0.0016149806402791828,65536,41612,NUTS_SL_01m_2024.shp,SI041,2020,October,10
2020-11-01,2020-12-01,-0.0001734303659759462,0.007913683541119099,0.001886887013373326,0.0022249846908409554,65536,62394,NUTS_SL_01m_2024.shp,SI041,2020,November,11
2020-12-01,2021-01-01,-0.0010313618695363402,0.004628205206245184,0.0016845278034309347,0.002020035282124801,65536,64722,NUTS_SL_01m_2024.shp,SI041,2020,December,12
2021-02-01,2021-03-01,-0.0014694930287078023,0.005107069853693247,0.0010007114154330326,0.0014698009230527944,65536,38607,NUTS_SL_01m_2024.shp,SI041,2021,February,2
2021-03-01,2021-04-01,-0.0012259033974260092,0.002631325740367174,0.0002534983600317224,0.000739777164687429,65536,32372,NUTS_SL_01m_2024.shp,SI041,2021,March,3
2021-04-01,2021-05-01,-0.0007839194731786847,0.001470280229113996,-0.0001672038755841322,0.00038340120975742704,65536,62328,NUTS_SL_01m_2024.shp,SI041,2021,April,4
2021-05-01,2021-06-01,-0.0008043270790949464,0.0004849661490879953,3.0121165959776132e-05,0.00024028672229900848,65536,46452,NUTS_SL_01m_2024.shp,SI041,2021,May,5
2021-06-01,2021-07-01,-0.0013662230921909213,0.0006924090557731688,-0.00015556629463447504,0.0004250884159960314,65536,32125,NUTS_SL_01m_2024.shp,SI041,2021,June,6
2021-07-01,2021-08-01,-0.0013470168923959136,0.0008855129708535969,-0.00013027375920715467,0.00043376670029189206,65536,33405,NUTS_SL_01m_2024.shp,SI041,2021,July,7
2021-08-01,2021-09-01,-0.001380575937218964,0.0010525321122258902,-9.338499982536063e-05,0.0004711383088652536,65536,38338,NUTS_SL_01m_2024.shp,SI041,2021,August,8
2021-09-01,2021-10-01,-0.0009786346927285194,0.00076527229975909,-3.4086896338769644e-05,0.0004955261492660088,65536,48829,NUTS_SL_01m_2024.shp,SI041,2021,September,9
2021-10-01,2021-11-01,-0.0014945436269044876,0.0033220143523067236,0.0001112513669815935,0.0009813611852246787,65536,33341,NUTS_SL_01m_2024.shp,SI041,2021,October,10
2021-11-01,2021-12-01,-0.0008023675181902945,0.004888813477009535,0.0007774679747405619,0.0021019861105730222,65536,64400,NUTS_SL_01m_2024.shp,SI041,2021,November,11
2021-12-01,2022-01-01,-0.0014604447642341256,0.00833988469094038,0.002388719511368012,0.0026547089310438683,65536,53104,NUTS_SL_01m_2024.shp,SI041,2021,December,12
2022-02-01,2022-03-01,-0.0011420969385653734,0.002971598645672202,0.00035095779781266787,0.0009401382399970471,65536,43128,NUTS_SL_01m_2024.shp,SI041,2022,February,2
2022-04-01,2022-05-01,-0.0012919099535793066,0.0016394368140026927,-3.4621250443858366e-05,0.0005365498368038193,65536,32125,NUTS_SL_01m_2024.shp,SI041,2022,April,4
2022-05-01,2022-06-01,-0.0010305906180292368,0.0010729219065979123,-6.352924830083162e-05,0.00038600591192914946,65536,36845,NUTS_SL_01m_2024.shp,SI041,2022,May,5
2022-06-01,2022-07-01,-0.000615982455201447,0.0006345252622850239,8.010198570509823e-05,0.00024973965755168,65536,34666,NUTS_SL_01m_2024.shp,SI041,2022,June,6
2022-07-01,2022-08-01,-0.0010223782155662775,0.00034783684532158077,2.7119739388581376e-05,0.0004353801407780874,65536,65096,NUTS_SL_01m_2024.shp,SI041,2022,July,7
2022-10-01,2022-11-01,-0.0014818357303738594,0.004714339505881071,0.0007774998864111907,0.0014001598494596387,65536,36438,NUTS_SL_01m_2024.shp,SI041,2022,October,10
2022-12-01,2023-01-01,-0.001424270449206233,0.011681108735501766,0.0028350332920109517,0.002504952267322522,65536,46099,NUTS_SL_01m_2024.shp,SI041,2022,December,12
2023-01-01,2023-02-01,-0.0014754743315279484,0.0038110222667455673,0.0002860890901787248,0.0012249669853215555,65536,38117,NUTS_SL_01m_2024.shp,SI041,2023,January,1
2023-04-01,2023-05-01,-0.0005830592126585543,0.00046405362081713974,9.453086291058899e-05,0.0002445856111743313,65536,54692,NUTS_SL_01m_2024.shp,SI041,2023,April,4
2023-06-01,2023-07-01,-0.0012188906548544765,0.0012394426157698035,-3.6325623764122814e-05,0.00045006481084359026,65536,32125,NUTS_SL_01m_2024.shp,SI041,2023,June,6
2023-07-01,2023-08-01,-0.001224153209477663,0.00127835210878402,0.00012119684420440245,0.0003734447432318955,65536,42858,NUTS_SL_01m_2024.shp,SI041,2023,July,7
2023-08-01,2023-09-01,-0.0007675043307244778,0.0006508758524432778,4.93361855391527e-05,0.0002752454633428542,65536,53078,NUTS_SL_01m_2024.shp,SI041,2023,August,8
2023-09-01,2023-10-01,-0.0014932441990822554,0.003191171446815133,0.0004415145054541683,0.0013444034346176297,65536,45530,NUTS_SL_01m_2024.shp,SI041,2023,September,9
2023-10-01,2023-11-01,-0.0013858749298378825,0.0017780414782464504,0.00014070240523672903,0.0006624666177728217,65536,51050,NUTS_SL_01m_2024.shp,SI041,2023,October,10
2024-03-01,2024-04-01,-0.0006498346920125186,9.966397192329168e-05,-0.00043226028118954426,0.00021195299306988764,65536,64563,NUTS_SL_01m_2024.shp,SI041,2024,March,3
2024-04-01,2024-05-01,-0.0013225376605987549,0.0025010386016219854,0.00021700556967019905,0.0007701051624828566,65536,32202,NUTS_SL_01m_2024.shp,SI041,2024,April,4
2024-05-01,2024-06-01,-0.0014972951030358672,0.0007344752666540444,-6.900695600158194e-05,0.0005441419741608936,65536,58709,NUTS_SL_01m_2024.shp,SI041,2024,May,5
2024-06-01,2024-07-01,-0.0010153237963095307,0.0014193422393873334,9.911398632072075e-06,0.00047680023386587663,65536,40159,NUTS_SL_01m_2024.shp,SI041,2024,June,6
2024-07-01,2024-08-01,-0.0012892232043668628,0.0011508294846862555,-3.470242003614968e-05,0.0005236014990347594,65536,32125,NUTS_SL_01m_2024.shp,SI041,2024,July,7
2024-08-01,2024-09-01,-0.0014588858466595411,0.001827027415856719,5.645574431230645e-05,0.0007547876797431584,65536,32750,NUTS_SL_01m_2024.shp,SI041,2024,August,8
2024-09-01,2024-10-01,-0.001454535056836903,0.004328795708715916,0.0005541252358827471,0.0011213291779865236,65536,33602,NUTS_SL_01m_2024.shp,SI041,2024,September,9
2024-10-01,2024-11-01,-0.0014132793294265866,0.003953920211642981,0.0008769364625971979,0.0011742780553924122,65536,39067,NUTS_SL_01m_2024.shp,SI041,2024,October,10
2018-04-01,2018-05-01,0.0015461037401109934,0.002933565294370055,0.0025298609171211864,0.0006292641921971626,65536,65049,NUTS_SL_01m_2024.shp,SI042,2018,April,4
2018-05-01,2018-06-01,-0.000690230168402195,0.0006047023343853652,5.628375268621107e-05,0.0001651651374236891,65536,46485,NUTS_SL_01m_2024.shp,SI042,2018,May,5
2018-06-01,2018-07-01,-0.00016874147695489228,0.0003393862280063331,3.501642980965432e-05,0.00015436847791897054,65536,59829,NUTS_SL_01m_2024.shp,SI042,2018,June,6
2018-07-01,2018-08-01,-0.00045192980905994773,0.0006073619006201625,5.1885255215635994e-05,0.00026028345702677747,65536,31718,NUTS_SL_01m_2024.shp,SI042,2018,July,7
2018-09-01,2018-10-01,-0.0012131233233958483,0.0027434497606009245,0.0006017318134690223,0.0008530487687874258,65536,29563,NUTS_SL_01m_2024.shp,SI042,2018,September,9
2018-10-01,2018-11-01,-0.001479676808230579,0.0011696722358465195,6.978372020553988e-05,0.0004770580369944745,65536,39681,NUTS_SL_01m_2024.shp,SI042,2018,October,10
2018-12-01,2019-01-01,-0.0008572372607886791,0.009379962459206581,0.002724594206580953,0.002884280129328587,65536,52821,NUTS_SL_01m_2024.shp,SI042,2018,December,12
2019-01-01,2019-02-01,-0.0012270845472812653,0.0007340591982938349,-0.0002507110636725714,0.0008885972850318253,65536,64550,NUTS_SL_01m_2024.shp,SI042,2019,January,1
2019-02-01,2019-03-01,0.003927828278392553,0.003927828278392553,0.003927828278392553,0.0,65536,65505,NUTS_SL_01m_2024.shp,SI042,2019,February,2
2019-03-01,2019-04-01,-0.0012712503084912896,0.0024771939497441053,0.0002873858752546767,0.000748585969349289,65536,31060,NUTS_SL_01m_2024.shp,SI042,2019,March,3
2019-05-01,2019-06-01,-0.00033691644784994423,0.00010599514644127339,1.5650019524452036e-05,9.870682397900943e-05,65536,63355,NUTS_SL_01m_2024.shp,SI042,2019,May,5
2019-06-01,2019-07-01,-0.0013698391849175096,0.0013383824843913317,-0.00014879447283848953,0.0005843711669496718,65536,29563,NUTS_SL_01m_2024.shp,SI042,2019,June,6
2019-07-01,2019-08-01,-0.0011410271981731057,0.00117583351675421,2.927880322637161e-05,0.0003935183191575492,65536,42024,NUTS_SL_01m_2024.shp,SI042,2019,July,7
2019-08-01,2019-09-01,-0.0007528617279604077,0.0007304286118596792,4.02345669549233e-05,0.00024538468894282284,65536,39293,NUTS_SL_01m_2024.shp,SI042,2019,August,8
2019-09-01,2019-10-01,-0.0013740593567490578,0.0025006141513586044,0.0004807571014684575,0.001129936081375824,65536,35659,NUTS_SL_01m_2024.shp,SI042,2019,September,9
2019-10-01,2019-11-01,-0.00012464045721571892,-0.00012464045721571892,-0.00012464045721571892,0.0,65536,65506,NUTS_SL_01m_2024.shp,SI042,2019,October,10
2019-11-01,2019-12-01,-0.0013927186373621225,0.0018904015887528658,0.0007741241704618681,0.0009658114364993263,65536,64914,NUTS_SL_01m_2024.shp,SI042,2019,November,11
2019-12-01,2020-01-01,-0.001302347402088344,0.010814312845468521,0.004547313871700014,0.0026400936107491605,65536,51730,NUTS_SL_01m_2024.shp,SI042,2019,December,12
2020-02-01,2020-03-01,-0.001356375403702259,0.0020662671886384487,0.000279288910101694,0.000833002392818395,65536,40050,NUTS_SL_01m_2024.shp,SI042,2020,February,2
2020-03-01,2020-04-01,-0.001165232271887362,0.0018905899487435818,0.00020766968360467423,0.000567042023169618,65536,54843,NUTS_SL_01m_2024.shp,SI042,2020,March,3
2020-04-01,2020-05-01,-0.00118299073074013,0.0030542248860001564,0.0003662407100737851,0.0016613082051659847,65536,62760,NUTS_SL_01m_2024.shp,SI042,2020,April,4
2020-06-01,2020-07-01,-0.0005362268420867622,0.0009057579445652664,-1.8009733872013018e-05,0.0003439924116915138,65536,54265,NUTS_SL_01m_2024.shp,SI042,2020,June,6
2020-07-01,2020-08-01,-0.00034090757253579795,0.00048600073205307126,8.825857036456517e-07,0.0002110892285038812,65536,52311,NUTS_SL_01m_2024.shp,SI042,2020,July,7
2020-09-01,2020-10-01,-0.0010280200513079762,0.0026830409187823534,0.0003067921987362463,0.0006317042617292857,65536,30372,NUTS_SL_01m_2024.shp,SI042,2020,September,9
2020-10-01,2020-11-01,-0.0012944273184984922,0.006860786583274603,0.001415099480299534,0.0018027176553381953,65536,35541,NUTS_SL_01m_2024.shp,SI042,2020,October,10
2020-11-01,2020-12-01,-0.001058344729244709,0.007913683541119099,0.004876772485352034,0.003994874905086959,65536,64629,NUTS_SL_01m_2024.shp,SI042,2020,November,11
2021-02-01,2021-03-01,-0.0014756536111235619,0.01173956785351038,0.0020350970753441875,0.0029464100435947407,65536,34224,NUTS_SL_01m_2024.shp,SI042,2021,February,2
2021-03-01,2021-04-01,-0.0012159069301560521,0.002139944350346923,0.0001890159535084263,0.0007455947194236805,65536,30200,NUTS_SL_01m_2024.shp,SI042,2021,March,3
2021-04-01,2021-05-01,-0.0007839194731786847,0.00038087432039901614,7.448820098366748e-05,0.00023358803638210115,65536,62395,NUTS_SL_01m_2024.shp,SI042,2021,April,4
2021-05-01,2021-06-01,-0.0014910363825038075,0.00039098228444345295,-4.387195098189987e-05,0.0002783547592631088,65536,40828,NUTS_SL_01m_2024.shp,SI042,2021,May,5
2021-06-01,2021-07-01,-0.001115248422138393,0.00126276642549783,-4.623088517191871e-05,0.0004339953529484489,65536,32600,NUTS_SL_01m_2024.shp,SI042,2021,June,6
2021-07-01,2021-08-01,-0.001405417686328292,0.0011298953322693706,-6.718387452444652e-05,0.0005106102979935689,65536,35365,NUTS_SL_01m_2024.shp,SI042,2021,July,7
2021-08-01,2021-09-01,-0.0008014256018213928,0.0010525321122258902,3.556842274452544e-05,0.000422943507107219,65536,48555,NUTS_SL_01m_2024.shp,SI042,2021,August,8
2021-09-01,2021-10-01,-0.0009786346927285194,0.0005787957925349474,4.539907268973331e-05,0.0004319005911882619,65536,56963,NUTS_SL_01m_2024.shp,SI042,2021,September,9
2021-10-01,2021-11-01,-0.00040908961091190577,0.005227360874414444,0.0018196748459787947,0.0019532744352078707,65536,60029,NUTS_SL_01m_2024.shp,SI042,2021,October,10
2021-11-01,2021-12-01,-0.0014894804917275906,0.008844246156513691,0.0018790099054670092,0.0027231766783848755,65536,58902,NUTS_SL_01m_2024.shp,SI042,2021,November,11
2021-12-01,2022-01-01,-0.0014988851035013795,0.006539664696902037,0.0014568982741292337,0.0023042226371165395,65536,59580,NUTS_SL_01m_2024.shp,SI042,2021,December,12
2022-02-01,2022-03-01,-0.0014670435339212418,0.0036232632119208574,0.0001608074113746531,0.0009527308403887427,65536,32904,NUTS_SL_01m_2024.shp,SI042,2022,February,2
2022-04-01,2022-05-01,-0.0013956116745248437,0.0012716661440208554,4.8622917114244055e-05,0.0004891829927670874,65536,32614,NUTS_SL_01m_2024.shp,SI042,2022,April,4
2022-05-01,2022-06-01,-0.0011743957875296474,0.0010364293120801449,-2.4418839021398953e-05,0.00033611179031127426,65536,46193,NUTS_SL_01m_2024.shp,SI042,2022,May,5
2022-06-01,2022-07-01,-0.00037551004788838327,0.0006345252622850239,4.8833901105320405e-05,0.00022065282403586653,65536,42169,NUTS_SL_01m_2024.shp,SI042,2022,June,6
2022-10-01,2022-11-01,-0.0014818357303738594,0.004510409664362669,0.0006632114336111961,0.0011705323116171426,65536,34612,NUTS_SL_01m_2024.shp,SI042,2022,October,10
2022-12-01,2023-01-01,-0.0014931777259334922,0.012327361851930618,0.0019292217999487236,0.0026739405999224295,65536,45246,NUTS_SL_01m_2024.shp,SI042,2022,December,12
2023-01-01,2023-02-01,-0.001340081449598074,0.0035294494591653347,0.00012525929163672395,0.0009870020497631646,65536,39781,NUTS_SL_01m_2024.shp,SI042,2023,January,1
2023-04-01,2023-05-01,-0.0002818437642417848,0.0003100858593825251,3.139343950256142e-05,0.00018157905275798214,65536,58649,NUTS_SL_01m_2024.shp,SI042,2023,April,4
2023-06-01,2023-07-01,-0.0010424278443679214,0.0010909762931987643,6.347158973957881e-06,0.0003762830481490563,65536,33336,NUTS_SL_01m_2024.shp,SI042,2023,June,6
2023-07-01,2023-08-01,-0.0002911093470174819,0.0005393842584453523,6.106047628925032e-05,0.00016310395683751834,65536,51460,NUTS_SL_01m_2024.shp,SI042,2023,July,7
2023-08-01,2023-09-01,-0.00022790292860008776,0.0006508758524432778,0.0001708214801044467,0.0002756017859738672,65536,62546,NUTS_SL_01m_2024.shp,SI042,2023,August,8
2023-09-01,2023-10-01,-0.0013459892943501472,0.0024929249193519354,0.0002378457913498106,0.000949711683043418,65536,47463,NUTS_SL_01m_2024.shp,SI042,2023,September,9
2023-10-01,2023-11-01,-4.213678403175436e-05,0.001058740308508277,0.0002165795460282323,0.00032032967184515585,65536,64055,NUTS_SL_01m_2024.shp,SI042,2023,October,10
2024-04-01,2024-05-01,-0.0013079701457172632,0.002904109423980117,0.0003580773542407872,0.0008006983825954571,65536,31449,NUTS_SL_01m_2024.shp,SI042,2024,April,4
2024-05-01,2024-06-01,-0.0014734367141500115,0.0006365401786752045,-5.237629137581415e-05,0.0005704935771742696,65536,60963,NUTS_SL_01m_2024.shp,SI042,2024,May,5
2024-06-01,2024-07-01,-0.0006862703012302518,0.0007169939344748855,3.0937982702834965e-05,0.000339580077704078,65536,56711,NUTS_SL_01m_2024.shp,SI042,2024,June,6
2024-07-01,2024-08-01,-0.0012892232043668628,0.0011508294846862555,-5.9626975900703335e-05,0.0005581790320828465,65536,29563,NUTS_SL_01m_2024.shp,SI042,2024,July,7
2024-08-01,2024-09-01,-0.0014833365567028522,0.002658566227182746,0.00016524685381347817,0.0008290305334631798,65536,39361,NUTS_SL_01m_2024.shp,SI042,2024,August,8
2024-09-01,2024-10-01,-0.0014391642762348056,0.0033796573989093304,0.00035726746105345424,0.0009802074389741746,65536,33251,NUTS_SL_01m_2024.shp,SI042,2024,September,9
2024-10-01,2024-11-01,-0.001374546904116869,0.004340484272688627,0.0007693306632508796,0.0014646852804070126,65536,35106,NUTS_SL_01m_2024.shp,SI042,2024,October,10
2018-04-01,2018-05-01,-0.0010527933482080698,0.003275377908721566,0.001503394080826604,0.0011732418902595215,65536,56418,NUTS_SL_01m_2024.shp,SI043,2018,April,4
2018-05-01,2018-06-01,-0.0007668152102269232,0.0007813128759153187,4.131968568947045e-05,0.00027126369653011835,65536,40888,NUTS_SL_01m_2024.shp,SI043,2018,May,5
2018-06-01,2018-07-01,-0.000857831328175962,0.0010809191735461354,0.00017548146982464328,0.00039580721118325564,65536,43256,NUTS_SL_01m_2024.shp,SI043,2018,June,6
2018-07-01,2018-08-01,-0.00047644172445870936,0.0004952080198563635,3.2888034924441676e-05,0.00021315663627972765,65536,31841,NUTS_SL_01m_2024.shp,SI043,2018,July,7
2018-09-01,2018-10-01,-0.0014888199511915445,0.0029034835752099752,0.0006323183038583359,0.0009684768024992579,65536,31358,NUTS_SL_01m_2024.shp,SI043,2018,September,9
2018-10-01,2018-11-01,-0.001479676808230579,0.001054938416928053,-8.549680431777597e-05,0.00044138972003212825,65536,52128,NUTS_SL_01m_2024.shp,SI043,2018,October,10
2018-12-01,2019-01-01,-0.0012541977921500802,0.007950308732688427,0.00217653061145563,0.00235283406458449,65536,44505,NUTS_SL_01m_2024.shp,SI043,2018,December,12
2019-01-01,2019-02-01,-0.001370235695503652,0.0031401319429278374,9.694886200754284e-05,0.0009983879501361094,65536,58271,NUTS_SL_01m_2024.shp,SI043,2019,January,1
2019-02-01,2019-03-01,-0.0011487578740343451,0.010512449778616428,0.0014298695124885968,0.0031515102761912796,65536,55090,NUTS_SL_01m_2024.shp,SI043,2019,February,2
2019-03-01,2019-04-01,-0.0012712503084912896,0.0019323541782796383,0.00015470409905453958,0.0006848578454408319,65536,31760,NUTS_SL_01m_2024.shp,SI043,2019,March,3
2019-05-01,2019-06-01,-0.0005067416350357234,0.000522469577845186,-3.9426628191214574e-05,0.00019859687688965133,65536,42531,NUTS_SL_01m_2024.shp,SI043,2019,May,5
2019-06-01,2019-07-01,-0.0014098974643275142,0.0008561247959733009,-0.00018854850349543726,0.00047279145281331936,65536,30979,NUTS_SL_01m_2024.shp,SI043,2019,June,6
2019-07-01,2019-08-01,-0.0008912330376915634,0.001004817895591259,8.311536585933163e-06,0.0003243771387650376,65536,41797,NUTS_SL_01m_2024.shp,SI043,2019,July,7
2019-08-01,2019-09-01,-0.0007603729609400034,0.0013091658474877477,7.715095865958334e-05,0.00037341859352299717,65536,41235,NUTS_SL_01m_2024.shp,SI043,2019,August,8
2019-09-01,2019-10-01,-0.00141195731703192,0.002276470884680748,-0.0003485764060496478,0.0006622753060447189,65536,63231,NUTS_SL_01m_2024.shp,SI043,2019,September,9
2019-10-01,2019-11-01,-0.0014294437132775784,0.0033878711983561516,0.0002105257994741671,0.0009075015405822851,65536,48164,NUTS_SL_01m_2024.shp,SI043,2019,October,10
2019-11-01,2019-12-01,-0.0013809121446684003,0.004457542207092047,0.00046565981132731316,0.0013100957480023825,65536,54072,NUTS_SL_01m_2024.shp,SI043,2019,November,11
2019-12-01,2020-01-01,-0.001302347402088344,0.008944028057157993,0.002908774455901807,0.002990395833431541,65536,42572,NUTS_SL_01m_2024.shp,SI043,2019,December,12
2020-01-01,2020-02-01,0.0005078972899354994,0.00468220142647624,0.0031864278287664465,0.0010892588814556624,65536,64473,NUTS_SL_01m_2024.shp,SI043,2020,January,1
2020-02-01,2020-03-01,-0.0013429863611236215,0.001983619760721922,0.0001337114537954761,0.0007612506933456086,65536,39598,NUTS_SL_01m_2024.shp,SI043,2020,February,2
2020-03-01,2020-04-01,-0.001165232271887362,0.0018593973945826292,0.00010621503937709026,0.0004888364856293691,65536,44224,NUTS_SL_01m_2024.shp,SI043,2020,March,3
2020-04-01,2020-05-01,-0.000895810080692172,0.005046962294727564,0.0008602933424886328,0.0011499313274326713,65536,62288,NUTS_SL_01m_2024.shp,SI043,2020,April,4
2020-05-01,2020-06-01,-0.00029897529748268425,0.0006134025752544403,0.00010767036624516425,0.00028399862455016065,65536,64047,NUTS_SL_01m_2024.shp,SI043,2020,May,5
2020-06-01,2020-07-01,-0.0009596109157428145,0.0010153546463698149,8.142663570928699e-05,0.00036927556674212785,65536,46722,NUTS_SL_01m_2024.shp,SI043,2020,June,6
2020-07-01,2020-08-01,-0.0007008633110672235,0.0007519180071540177,3.5947733549882044e-05,0.0002695451577215084,65536,57018,NUTS_SL_01m_2024.shp,SI043,2020,July,7
2020-09-01,2020-10-01,-0.0011936132796108723,0.0026830409187823534,0.0003619029177437353,0.0007560809777912066,65536,31137,NUTS_SL_01m_2024.shp,SI043,2020,September,9
2020-10-01,2020-11-01,-0.0014639440923929214,0.004000421613454819,0.0005971709904879507,0.0013668807895240948,65536,35784,NUTS_SL_01m_2024.shp,SI043,2020,October,10
2020-11-01,2020-12-01,-0.0013564818073064089,0.011504286900162697,0.001971921615466688,0.0024593582990896875,65536,46836,NUTS_SL_01m_2024.shp,SI043,2020,November,11
2021-02-01,2021-03-01,-0.0014093980425968766,0.005123998504132032,0.0012322087954416425,0.0016857461270431665,65536,37059,NUTS_SL_01m_2024.shp,SI043,2021,February,2
2021-03-01,2021-04-01,-0.0013354450929909945,0.002885283902287483,0.0003017834003279262,0.0007725191008372193,65536,32722,NUTS_SL_01m_2024.shp,SI043,2021,March,3
2021-04-01,2021-05-01,-0.0010732882656157017,0.0006418229313567281,2.813364970587617e-05,0.0003844922855274141,65536,57590,NUTS_SL_01m_2024.shp,SI043,2021,April,4
2021-05-01,2021-06-01,-0.00029070122400298715,0.00042026303708553314,2.6392251555141617e-05,0.00018313686508104817,65536,45165,NUTS_SL_01m_2024.shp,SI043,2021,May,5
2021-06-01,2021-07-01,-0.001236960873939097,0.0011202204041182995,-5.677186892568484e-05,0.00045602591885968266,65536,31496,NUTS_SL_01m_2024.shp,SI043,2021,June,6
2021-07-01,2021-08-01,-0.000776945031248033,0.0008134442614391446,-5.146693089634387e-06,0.0002871999131026862,65536,44269,NUTS_SL_01m_2024.shp,SI043,2021,July,7
2021-08-01,2021-09-01,-0.0008772533037699759,0.0007910619024187326,-1.7853070060474424e-05,0.0003397874198985156,65536,55706,NUTS_SL_01m_2024.shp,SI043,2021,August,8
2021-09-01,2021-10-01,-0.0009301035315729678,0.0007340348674915731,-7.137624221163801e-05,0.0004117900719061914,65536,39445,NUTS_SL_01m_2024.shp,SI043,2021,September,9
2021-10-01,2021-11-01,-0.0010881411144509912,0.015794532373547554,0.002356510527249389,0.004153048742887006,65536,57587,NUTS_SL_01m_2024.shp,SI043,2021,October,10
2021-11-01,2021-12-01,-0.0014894804917275906,0.008977685123682022,0.0016883043925499737,0.0023699696237409885,65536,48301,NUTS_SL_01m_2024.shp,SI043,2021,November,11
2021-12-01,2022-01-01,-0.001387947821058333,0.006596473976969719,0.0019666598477322134,0.0021242354678625125,65536,49302,NUTS_SL_01m_2024.shp,SI043,2021,December,12
2022-02-01,2022-03-01,-0.001418248051777482,0.003853989765048027,0.00017928499317445713,0.0009827233116934725,65536,33702,NUTS_SL_01m_2024.shp,SI043,2022,February,2
2022-04-01,2022-05-01,-0.001271359622478485,0.0016361402813345194,3.2421278130551806e-05,0.0004920340199895649,65536,33765,NUTS_SL_01m_2024.shp,SI043,2022,April,4
2022-05-01,2022-06-01,-0.0008252873085439205,0.0006665191613137722,-2.1427642033141166e-05,0.0002786276603234795,65536,54485,NUTS_SL_01m_2024.shp,SI043,2022,May,5
2022-06-01,2022-07-01,-0.0004590305034071207,0.0011507663875818253,4.6624173503290626e-05,0.0003075787185361562,65536,43839,NUTS_SL_01m_2024.shp,SI043,2022,June,6
2022-07-01,2022-08-01,-0.0009142071940004826,0.0006082375766709447,-0.00022484258936764459,0.0005047905039283006,65536,64853,NUTS_SL_01m_2024.shp,SI043,2022,July,7
2022-08-01,2022-09-01,-0.000685535604134202,0.0007924918900243938,5.6461503894929e-05,0.00048187879761860065,65536,61292,NUTS_SL_01m_2024.shp,SI043,2022,August,8
2022-10-01,2022-11-01,-0.00146339216735214,0.003813747316598892,0.0007072470027815211,0.001102524918421161,65536,37746,NUTS_SL_01m_2024.shp,SI043,2022,October,10
2022-12-01,2023-01-01,-0.0007890545530244708,0.003975156228989363,0.001519642382235112,0.0011489473529631743,65536,63221,NUTS_SL_01m_2024.shp,SI043,2022,December,12
2023-01-01,2023-02-01,-0.001399864675477147,0.006084340158849955,0.0006600029641835968,0.0013020865706136746,65536,40561,NUTS_SL_01m_2024.shp,SI043,2023,January,1
2023-04-01,2023-05-01,-0.00048052179045043886,0.0005075301742181182,4.910672303688049e-05,0.00023377624417034407,65536,51774,NUTS_SL_01m_2024.shp,SI043,2023,April,4
2023-06-01,2023-07-01,-0.0010306616313755512,0.0009795796358957887,-4.5082698347026446e-05,0.0003649780808892079,65536,41786,NUTS_SL_01m_2024.shp,SI043,2023,June,6
2023-07-01,2023-08-01,-0.0005842074751853943,0.000685242295730859,6.973249177285337e-06,0.0002502363262991129,65536,47229,NUTS_SL_01m_2024.shp,SI043,2023,July,7
2023-08-01,2023-09-01,-0.0011390597792342305,0.00086884421762079,6.05389291658333e-05,0.000402140935134242,65536,54700,NUTS_SL_01m_2024.shp,SI043,2023,August,8
2023-09-01,2023-10-01,-0.0014778344193473458,0.003285258077085018,0.00022655539327909983,0.0009960917719898568,65536,37081,NUTS_SL_01m_2024.shp,SI043,2023,September,9
2023-10-01,2023-11-01,0.0001971617602976039,0.001058740308508277,0.0009924650355689938,0.00022958428003266412,65536,65211,NUTS_SL_01m_2024.shp,SI043,2023,October,10
2024-02-01,2024-03-01,-0.0005977239343337715,-0.0002727871178649366,-0.0003941567983246402,0.00015718421755865064,65536,65030,NUTS_SL_01m_2024.shp,SI043,2024,February,2
2024-04-01,2024-05-01,-0.0013994353357702494,0.002904109423980117,0.00013717576009476294,0.0008896780658040821,65536,32083,NUTS_SL_01m_2024.shp,SI043,2024,April,4
2024-06-01,2024-07-01,-0.0009596636518836021,0.0008121667196974158,7.826291382739561e-05,0.00033320527605126506,65536,57350,NUTS_SL_01m_2024.shp,SI043,2024,June,6
2024-07-01,2024-08-01,-0.001216965727508068,0.0011100851697847247,3.814954705726206e-05,0.0005480995663163723,65536,30979,NUTS_SL_01m_2024.shp,SI043,2024,July,7
2024-08-01,2024-09-01,-0.001307807513512671,0.0016797379357740283,3.556911468565183e-05,0.000537708241406607,65536,40269,NUTS_SL_01m_2024.shp,SI043,2024,August,8
2024-09-01,2024-10-01,-0.0014988260809332132,0.002682715654373169,0.0004989131871690379,0.0010409909331808545,65536,37269,NUTS_SL_01m_2024.shp,SI043,2024,September,9
2024-10-01,2024-11-01,-0.0014745289226993918,0.003970098681747913,0.00043762847627429595,0.0013126915010652355,65536,38583,NUTS_SL_01m_2024.shp,SI043,2024,October,10
2018-04-01,2018-05-01,-0.0007695934036746621,0.003575257956981659,0.0016532671365144336,0.0011853205562488143,65536,57374,NUTS_SL_01m_2024.shp,SI044,2018,April,4
2018-05-01,2018-06-01,-0.0007668152102269232,0.0005313435103744268,-5.5986765005072374e-05,0.0004255600013887037,65536,59294,NUTS_SL_01m_2024.shp,SI044,2018,May,5
2018-06-01,2018-07-01,-0.0006292758625932038,0.0010889900149777532,0.00014618021050086821,0.00043994021579631023,65536,32691,NUTS_SL_01m_2024.shp,SI044,2018,June,6
2018-07-01,2018-08-01,-0.0009306580177508295,0.0005468316958285868,-5.484563166428643e-05,0.00032400107280674607,65536,32691,NUTS_SL_01m_2024.shp,SI044,2018,July,7
2018-09-01,2018-10-01,-0.001263409503735602,0.0029034835752099752,0.0002779945092421411,0.0008271907620782105,65536,33162,NUTS_SL_01m_2024.shp,SI044,2018,September,9
2018-10-01,2018-11-01,-0.0010782283497974277,0.0015449060592800379,-0.000122520388934008,0.0005012027011741891,65536,48679,NUTS_SL_01m_2024.shp,SI044,2018,October,10
2018-12-01,2019-01-01,-0.0014942933339625597,0.004282849375158548,0.0011295404516933464,0.001555324053413642,65536,37835,NUTS_SL_01m_2024.shp,SI044,2018,December,12
2019-01-01,2019-02-01,-0.001293105073273182,0.002219413872808218,0.0004231754293188616,0.000951206900281942,65536,44462,NUTS_SL_01m_2024.shp,SI044,2019,January,1
2019-02-01,2019-03-01,-0.0014946939190849662,0.003963007126003504,0.0004940754669057218,0.002357663539666642,65536,61711,NUTS_SL_01m_2024.shp,SI044,2019,February,2
2019-03-01,2019-04-01,-0.0011087229941040277,0.0019385236082598567,0.0002521938274267308,0.0007360455614474411,65536,32691,NUTS_SL_01m_2024.shp,SI044,2019,March,3
2019-05-01,2019-06-01,-0.00034028920345008373,0.0005397595232352614,-3.7181387872916974e-05,0.0002143687131717294,65536,50961,NUTS_SL_01m_2024.shp,SI044,2019,May,5
2019-06-01,2019-07-01,-0.0011996258981525898,0.00036890109186060727,-0.00039487893252458715,0.00044906615402543046,65536,34079,NUTS_SL_01m_2024.shp,SI044,2019,June,6
2019-07-01,2019-08-01,-0.0006052037933841348,0.0013229143805801868,0.00019354539533599456,0.00044454215795107445,65536,49647,NUTS_SL_01m_2024.shp,SI044,2019,July,7
2019-08-01,2019-09-01,-0.0007603729609400034,0.0007471576100215316,4.908072860927202e-05,0.00025582075496062096,65536,42590,NUTS_SL_01m_2024.shp,SI044,2019,August,8
2019-09-01,2019-10-01,-0.001453457516618073,0.0031587528064846992,0.0004022645247684611,0.0012244231425126962,65536,61392,NUTS_SL_01m_2024.shp,SI044,2019,September,9
2019-10-01,2019-11-01,-0.0013172761537134647,0.003338773734867573,0.00035433453691427247,0.0010050557892763692,65536,50823,NUTS_SL_01m_2024.shp,SI044,2019,October,10
2019-11-01,2019-12-01,-0.0014578020200133324,0.0037119565531611443,0.00017830613528991933,0.0012301152724668687,65536,42337,NUTS_SL_01m_2024.shp,SI044,2019,November,11
2019-12-01,2020-01-01,-0.0014769885456189513,0.008045367896556854,0.0024464956736580654,0.0025775405426606422,65536,48288,NUTS_SL_01m_2024.shp,SI044,2019,December,12
2020-01-01,2020-02-01,0.0026613546069711447,0.0026613546069711447,0.0026613546069711447,0.0,65536,65502,NUTS_SL_01m_2024.shp,SI044,2020,January,1
2020-02-01,2020-03-01,-0.0014049840392544866,0.0016932477010414004,5.383730001706711e-05,0.0005380635666668957,65536,34265,NUTS_SL_01m_2024.shp,SI044,2020,February,2
2020-03-01,2020-04-01,-0.0011969764018431306,0.002095852978527546,8.988545860113403e-05,0.000698575285976062,65536,32691,NUTS_SL_01m_2024.shp,SI044,2020,March,3
2020-04-01,2020-05-01,-0.0013566241832450032,0.00788026861846447,0.0017729841758484073,0.002266985869395004,65536,50111,NUTS_SL_01m_2024.shp,SI044,2020,April,4
2020-05-01,2020-06-01,-0.0006849769852124155,0.0009196084574796259,0.0002235535014031221,0.00034520182939693183,65536,51764,NUTS_SL_01m_2024.shp,SI044,2020,May,5
2020-06-01,2020-07-01,-0.000938039505854249,0.001058233785443008,8.989465999733474e-05,0.00036753697118860915,65536,38578,NUTS_SL_01m_2024.shp,SI044,2020,June,6
2020-07-01,2020-08-01,-0.0011433332692831755,0.0008557079127058387,0.00019077368860325115,0.0004765904122676372,65536,49626,NUTS_SL_01m_2024.shp,SI044,2020,July,7
2020-09-01,2020-10-01,-0.0014276461442932487,0.002251171972602606,0.0003300134724610173,0.0007926649008908166,65536,32739,NUTS_SL_01m_2024.shp,SI044,2020,September,9
2020-10-01,2020-11-01,-0.0014075279468670487,0.004362642299383879,0.0009636401909159235,0.0013898680622667083,65536,39581,NUTS_SL_01m_2024.shp,SI044,2020,October,10
2020-11-01,2020-12-01,-0.0011847943533211946,0.007569999434053898,0.002678471727324785,0.0023094879679925896,65536,43609,NUTS_SL_01m_2024.shp,SI044,2020,November,11
2021-02-01,2021-03-01,-0.0012425730237737298,0.008844724856317043,0.0008777161537933503,0.0016058160995951166,65536,41030,NUTS_SL_01m_2024.shp,SI044,2021,February,2
2021-03-01,2021-04-01,-0.0011742262868210673,0.001944769057445228,0.00017594470806880442,0.0007583980517969555,65536,33224,NUTS_SL_01m_2024.shp,SI044,2021,March,3
2021-04-01,2021-05-01,-0.001005941885523498,0.0007449833792634308,-5.066000103235168e-05,0.00029013425246076323,65536,44700,NUTS_SL_01m_2024.shp,SI044,2021,April,4
2021-05-01,2021-06-01,-0.0007880161865614355,0.0010137568460777402,2.915665478267824e-05,0.0003358154924159001,65536,36087,NUTS_SL_01m_2024.shp,SI044,2021,May,5
2021-06-01,2021-07-01,-0.0011085973819717765,0.0009109813254326582,3.305345082648756e-05,0.0005009633092846886,65536,32691,NUTS_SL_01m_2024.shp,SI044,2021,June,6
2021-07-01,2021-08-01,-0.0008996978867799044,0.0006748366868123412,-3.833005904866461e-06,0.0003936278800979611,65536,42842,NUTS_SL_01m_2024.shp,SI044,2021,July,7
2021-08-01,2021-09-01,-0.0006565413787029684,0.0003439061401877552,-7.97421094067513e-05,0.00022899587195143633,65536,45641,NUTS_SL_01m_2024.shp,SI044,2021,August,8
2021-09-01,2021-10-01,-0.0008311804267577827,0.0013106889091432095,-8.375356715883523e-05,0.0005185455494507361,65536,33845,NUTS_SL_01m_2024.shp,SI044,2021,September,9
2021-10-01,2021-11-01,0.0024814954958856106,0.0024814954958856106,0.0024814954958856106,0.0,65536,65226,NUTS_SL_01m_2024.shp,SI044,2021,October,10
2021-11-01,2021-12-01,-0.0014176178956404328,0.006557146552950144,0.0023940436438940438,0.0022013626775265085,65536,55246,NUTS_SL_01m_2024.shp,SI044,2021,November,11
2021-12-01,2022-01-01,-0.0014336251188069582,0.008076849393546581,0.0011641374135917908,0.0021387021417916463,65536,44938,NUTS_SL_01m_2024.shp,SI044,2021,December,12
2022-02-01,2022-03-01,-0.0013269794872030616,0.0011632678797468543,-9.205391352695759e-05,0.0007128505004251989,65536,35876,NUTS_SL_01m_2024.shp,SI044,2022,February,2
2022-04-01,2022-05-01,-0.001271359622478485,0.0016361402813345194,8.57024228318384e-05,0.0005690161603684465,65536,32691,NUTS_SL_01m_2024.shp,SI044,2022,April,4
2022-05-01,2022-06-01,-0.0007855728617869318,0.0006665191613137722,8.370476948454448e-05,0.0002811856551834272,65536,45580,NUTS_SL_01m_2024.shp,SI044,2022,May,5
2022-06-01,2022-07-01,-0.0006864051683805883,0.0011524735018610954,0.00019464070864036277,0.000436218053377787,65536,41645,NUTS_SL_01m_2024.shp,SI044,2022,June,6
2022-07-01,2022-08-01,-0.0007793761324137449,0.0010942032095044851,3.819817767666053e-05,0.0003596245710653097,65536,42332,NUTS_SL_01m_2024.shp,SI044,2022,July,7
2022-08-01,2022-09-01,-0.0012076927814632654,0.0017801239155232906,0.00045010853578492614,0.0008702368188255006,65536,46436,NUTS_SL_01m_2024.shp,SI044,2022,August,8
2022-10-01,2022-11-01,-0.001484809210523963,0.00578025309368968,0.0006709632509508761,0.0012957125119304725,65536,37095,NUTS_SL_01m_2024.shp,SI044,2022,October,10
2023-01-01,2023-02-01,-0.001309439423494041,0.006084340158849955,0.0010629419675675688,0.0016041365740986629,65536,38659,NUTS_SL_01m_2024.shp,SI044,2023,January,1
2023-04-01,2023-05-01,0.00016440039325971156,0.0008600106230005622,0.0005739371518950173,0.00034228292695972405,65536,65305,NUTS_SL_01m_2024.shp,SI044,2023,April,4
2023-05-01,2023-06-01,-0.00020050980674568564,0.0006368531612679362,0.0003891027010627818,0.0003557175571681963,65536,63215,NUTS_SL_01m_2024.shp,SI044,2023,May,5
2023-06-01,2023-07-01,-0.0010787596693262458,0.001298186951316893,1.8514603666108518e-05,0.0003753641784185434,65536,33372,NUTS_SL_01m_2024.shp,SI044,2023,June,6
2023-07-01,2023-08-01,-0.0007364079938270152,0.0011607770575210452,6.455341372234865e-05,0.0003736943918808892,65536,45604,NUTS_SL_01m_2024.shp,SI044,2023,July,7
2023-08-01,2023-09-01,-0.0007907612016424537,0.0013269605115056038,0.00016938370050685963,0.000503267295404041,65536,57202,NUTS_SL_01m_2024.shp,SI044,2023,August,8
2023-09-01,2023-10-01,-0.0013928776606917381,0.005233342293649912,0.0010506295618192254,0.0016578533897469469,65536,42533,NUTS_SL_01m_2024.shp,SI044,2023,September,9
2023-10-01,2023-11-01,-0.0013948832638561726,0.0014803108060732484,-2.0785108720603207e-05,0.0006750451028202196,65536,59477,NUTS_SL_01m_2024.shp,SI044,2023,October,10
2024-02-01,2024-03-01,-0.0004994538030587137,2.238826527900528e-05,-0.00023814621920960444,0.0002609207478356061,65536,64186,NUTS_SL_01m_2024.shp,SI044,2024,February,2
2024-04-01,2024-05-01,-0.0011694558197632432,0.00586507236585021,0.0002610965018844859,0.0007717332882829327,65536,32856,NUTS_SL_01m_2024.shp,SI044,2024,April,4
2024-05-01,2024-06-01,-9.613406291464344e-05,0.0003918530128430575,0.00012978545228709007,0.000198154440454588,65536,63561,NUTS_SL_01m_2024.shp,SI044,2024,May,5
2024-06-01,2024-07-01,-0.0009596636518836021,0.0008121667196974158,1.6555813408969873e-05,0.0002581606578548337,65536,50056,NUTS_SL_01m_2024.shp,SI044,2024,June,6
2024-07-01,2024-08-01,-0.0012093937257304788,0.0008781049982644618,7.02104001296482e-05,0.0004886227652126005,65536,32691,NUTS_SL_01m_2024.shp,SI044,2024,July,7
2024-08-01,2024-09-01,-0.0014611110091209412,0.0012052287347614765,-8.10427861849909e-06,0.0006570593289884131,65536,32691,NUTS_SL_01m_2024.shp,SI044,2024,August,8
2024-09-01,2024-10-01,-0.001421661116182804,0.0028590282890945673,0.00018673132987319187,0.000809189969017588,65536,33636,NUTS_SL_01m_2024.shp,SI044,2024,September,9
2024-10-01,2024-11-01,-0.001455618068575859,0.0024043265730142593,0.00047435883851088434,0.001039157466089767,65536,34965,NUTS_SL_01m_2024.shp,SI044,2024,October,10
